n,B_gw,B_od,tw_width,n_drivers,filter_mode,seed,runtime_seconds,peak_frontier_size,total_states_generated,total_states_surviving,survival_ratio,n_complete_bundles_found,theoretical_sequence_cap,k_values,status,n_drivers_done
10,2,2,30,5,off,0,0.147,215,1183,639,0.540152,109,7.0,1|2,completed,5
10,2,2,30,5,off,1,0.0,233,1318,624,0.473445,103,7.0,1|2,completed,5
10,2,2,30,5,off,2,0.0176,268,1547,673,0.435036,92,7.0,1|2,completed,5
10,2,2,30,5,off,3,0.0004,381,2018,838,0.415263,112,7.0,1|2,completed,5
10,2,2,30,5,off,4,0.0157,275,1589,734,0.461926,109,7.0,1|2,completed,5
10,2,2,30,5,off,5,0.016,260,1433,681,0.475227,111,7.0,1|2,completed,5
10,2,2,30,5,off,6,0.0,241,1294,644,0.497682,108,7.0,1|2,completed,5
10,2,2,30,5,off,7,0.0158,330,1868,800,0.428266,102,7.0,1|2,completed,5
10,2,2,30,5,off,8,0.0161,304,1739,781,0.449109,105,7.0,1|2,completed,5
10,2,2,30,5,off,9,0.0077,301,1639,739,0.450885,111,7.0,1|2,completed,5
10,2,2,30,5,on,0,0.008,240,1368,683,0.499269,112,7.0,1|2,completed,5
10,2,2,30,5,on,1,0.007,291,1621,731,0.450956,106,7.0,1|2,completed,5
10,2,2,30,5,on,2,0.0,353,1977,823,0.416287,115,7.0,1|2,completed,5
10,2,2,30,5,on,3,0.0228,388,2201,911,0.413903,112,7.0,1|2,completed,5
10,2,2,30,5,on,4,0.0123,223,1211,576,0.47564,94,7.0,1|2,completed,5
10,2,2,30,5,on,5,0.008,272,1501,721,0.480346,108,7.0,1|2,completed,5
10,2,2,30,5,on,6,0.0086,319,1801,775,0.430316,109,7.0,1|2,completed,5
10,2,2,30,5,on,7,0.008,254,1414,652,0.461103,102,7.0,1|2,completed,5
10,2,2,30,5,on,8,0.0068,291,1607,717,0.446173,108,7.0,1|2,completed,5
10,2,2,30,5,on,9,0.0125,252,1452,685,0.471763,102,7.0,1|2,completed,5
10,2,2,30,10,off,0,0.0147,272,3134,1536,0.490108,272,7.0,1|2,completed,10
10,2,2,30,10,off,1,0.008,286,3321,1549,0.466426,271,7.0,1|2,completed,10
10,2,2,30,10,off,2,0.0131,369,4020,1820,0.452736,287,7.0,1|2,completed,10
10,2,2,30,10,off,3,0.0091,207,2296,1303,0.567509,259,7.0,1|2,completed,10
10,2,2,30,10,off,4,0.0149,275,2935,1468,0.50017,266,7.0,1|2,completed,10
10,2,2,30,10,off,5,0.0127,281,3167,1576,0.497632,273,7.0,1|2,completed,10
10,2,2,30,10,off,6,0.012,282,3059,1585,0.518143,280,7.0,1|2,completed,10
10,2,2,30,10,off,7,0.0119,271,2962,1488,0.502363,274,7.0,1|2,completed,10
10,2,2,30,10,off,8,0.0122,256,2782,1429,0.513659,255,7.0,1|2,completed,10
10,2,2,30,10,off,9,0.016,308,3291,1544,0.469158,276,7.0,1|2,completed,10
10,2,2,30,10,on,0,0.0093,348,3868,1757,0.45424,249,7.0,1|2,completed,10
10,2,2,30,10,on,1,0.013,236,2488,1218,0.48955,229,7.0,1|2,completed,10
10,2,2,30,10,on,2,0.0363,296,3288,1549,0.471107,262,7.0,1|2,completed,10
10,2,2,30,10,on,3,0.0145,281,3033,1561,0.514672,280,7.0,1|2,completed,10
10,2,2,30,10,on,4,0.0194,349,3955,1856,0.469279,282,7.0,1|2,completed,10
10,2,2,30,10,on,5,0.0171,304,3076,1447,0.470416,260,7.0,1|2,completed,10
10,2,2,30,10,on,6,0.0125,190,2134,1274,0.597001,269,7.0,1|2,completed,10
10,2,2,30,10,on,7,0.0116,269,3021,1505,0.498179,271,7.0,1|2,completed,10
10,2,2,30,10,on,8,0.0196,249,2862,1288,0.450035,220,7.0,1|2,completed,10
10,2,2,30,10,on,9,0.0187,223,2464,1322,0.536526,271,7.0,1|2,completed,10
10,2,2,60,5,off,0,0.0132,378,2185,974,0.445767,115,7.0,1|2,completed,5
10,2,2,60,5,off,1,0.011,326,1877,883,0.470432,111,7.0,1|2,completed,5
10,2,2,60,5,off,2,0.009,340,1939,897,0.46261,111,7.0,1|2,completed,5
10,2,2,60,5,off,3,0.0129,368,2125,943,0.443765,113,7.0,1|2,completed,5
10,2,2,60,5,off,4,0.0115,304,1676,813,0.485084,113,7.0,1|2,completed,5
10,2,2,60,5,off,5,0.007,258,1438,736,0.511822,112,7.0,1|2,completed,5
10,2,2,60,5,off,6,0.0094,376,2189,981,0.44815,119,7.0,1|2,completed,5
10,2,2,60,5,off,7,0.009,341,1956,886,0.452965,112,7.0,1|2,completed,5
10,2,2,60,5,off,8,0.0088,404,2240,993,0.443304,115,7.0,1|2,completed,5
10,2,2,60,5,off,9,0.0076,328,1894,886,0.467793,116,7.0,1|2,completed,5
10,2,2,60,5,on,0,0.0,360,2082,943,0.45293,114,7.0,1|2,completed,5
10,2,2,60,5,on,1,0.0183,366,2003,892,0.445332,112,7.0,1|2,completed,5
10,2,2,60,5,on,2,0.0128,426,2501,1071,0.428229,119,7.0,1|2,completed,5
10,2,2,60,5,on,3,0.0071,284,1607,795,0.494711,111,7.0,1|2,completed,5
10,2,2,60,5,on,4,0.0079,310,1698,810,0.477032,111,7.0,1|2,completed,5
10,2,2,60,5,on,5,0.0103,326,1887,881,0.466879,112,7.0,1|2,completed,5
10,2,2,60,5,on,6,0.0124,334,1883,883,0.468933,113,7.0,1|2,completed,5
10,2,2,60,5,on,7,0.0083,370,2168,972,0.448339,111,7.0,1|2,completed,5
10,2,2,60,5,on,8,0.0075,331,1894,886,0.467793,114,7.0,1|2,completed,5
10,2,2,60,5,on,9,0.01,230,1298,696,0.53621,111,7.0,1|2,completed,5
10,2,2,60,10,off,0,0.0163,318,3537,1770,0.500424,277,7.0,1|2,completed,10
10,2,2,60,10,off,1,0.0199,375,4055,1955,0.482121,279,7.0,1|2,completed,10
10,2,2,60,10,off,2,0.0192,380,4374,2046,0.467764,283,7.0,1|2,completed,10
10,2,2,60,10,off,3,0.0175,338,3785,1852,0.4893,280,7.0,1|2,completed,10
10,2,2,60,10,off,4,0.0171,320,3605,1772,0.49154,275,7.0,1|2,completed,10
10,2,2,60,10,off,5,0.0161,267,3001,1606,0.535155,279,7.0,1|2,completed,10
10,2,2,60,10,off,6,0.0187,331,3780,1847,0.488624,277,7.0,1|2,completed,10
10,2,2,60,10,off,7,0.0209,438,4997,2263,0.452872,277,7.0,1|2,completed,10
10,2,2,60,10,off,8,0.0181,358,3874,1862,0.48064,278,7.0,1|2,completed,10
10,2,2,60,10,off,9,0.0497,328,3603,1776,0.492923,283,7.0,1|2,completed,10
10,2,2,60,10,on,0,0.0241,342,3830,1863,0.486423,286,7.0,1|2,completed,10
10,2,2,60,10,on,1,0.021,409,4526,2058,0.454706,280,7.0,1|2,completed,10
10,2,2,60,10,on,2,0.0178,334,3845,1874,0.487386,278,7.0,1|2,completed,10
10,2,2,60,10,on,3,0.0168,296,3341,1712,0.512421,281,7.0,1|2,completed,10
10,2,2,60,10,on,4,0.0192,328,3781,1847,0.488495,282,7.0,1|2,completed,10
10,2,2,60,10,on,5,0.0175,384,4402,2056,0.46706,277,7.0,1|2,completed,10
10,2,2,60,10,on,6,0.0256,430,4994,2223,0.445134,278,7.0,1|2,completed,10
10,2,2,60,10,on,7,0.0248,508,5755,2467,0.428671,279,7.0,1|2,completed,10
10,2,2,60,10,on,8,0.018,377,4336,2025,0.46702,278,7.0,1|2,completed,10
10,2,2,60,10,on,9,0.028,444,5019,2252,0.448695,289,7.0,1|2,completed,10
10,2,2,120,5,off,0,0.0129,408,2281,1022,0.448049,117,7.0,1|2,completed,5
10,2,2,120,5,off,1,0.0081,320,1803,855,0.47421,113,7.0,1|2,completed,5
10,2,2,120,5,off,2,0.0096,387,2198,979,0.445405,115,7.0,1|2,completed,5
10,2,2,120,5,off,3,0.0099,370,2071,929,0.448576,114,7.0,1|2,completed,5
10,2,2,120,5,off,4,0.0094,341,1915,881,0.460052,112,7.0,1|2,completed,5
10,2,2,120,5,off,5,0.0095,323,1811,839,0.46328,112,7.0,1|2,completed,5
10,2,2,120,5,off,6,0.0131,506,2915,1212,0.41578,113,7.0,1|2,completed,5
10,2,2,120,5,off,7,0.009,318,1810,835,0.461326,111,7.0,1|2,completed,5
10,2,2,120,5,off,8,0.01,367,2054,940,0.457644,114,7.0,1|2,completed,5
10,2,2,120,5,off,9,0.01,424,2490,1065,0.427711,116,7.0,1|2,completed,5
10,2,2,120,5,on,0,0.0137,399,2235,987,0.441611,110,7.0,1|2,completed,5
10,2,2,120,5,on,1,0.0137,388,2228,996,0.447038,110,7.0,1|2,completed,5
10,2,2,120,5,on,2,0.0165,492,2715,1127,0.415101,114,7.0,1|2,completed,5
10,2,2,120,5,on,3,0.0136,328,1849,846,0.457545,112,7.0,1|2,completed,5
10,2,2,120,5,on,4,0.0126,347,1956,905,0.462679,112,7.0,1|2,completed,5
10,2,2,120,5,on,5,0.0131,394,2252,1014,0.450266,114,7.0,1|2,completed,5
10,2,2,120,5,on,6,0.0123,368,2008,913,0.454681,110,7.0,1|2,completed,5
10,2,2,120,5,on,7,0.0128,330,1816,837,0.460903,110,7.0,1|2,completed,5
10,2,2,120,5,on,8,0.0102,422,2480,1067,0.430242,113,7.0,1|2,completed,5
10,2,2,120,5,on,9,0.0136,395,2212,952,0.43038,111,7.0,1|2,completed,5
10,2,2,120,10,off,0,0.0202,442,5079,2295,0.451861,280,7.0,1|2,completed,10
10,2,2,120,10,off,1,0.0184,358,4072,1935,0.475196,278,7.0,1|2,completed,10
10,2,2,120,10,off,2,0.0179,398,4582,2072,0.452204,289,7.0,1|2,completed,10
10,2,2,120,10,off,3,0.015,328,3879,1848,0.476411,280,7.0,1|2,completed,10
10,2,2,120,10,off,4,0.0181,420,4809,2111,0.438969,279,7.0,1|2,completed,10
10,2,2,120,10,off,5,0.0169,424,5011,2255,0.45001,283,7.0,1|2,completed,10
10,2,2,120,10,off,6,0.0164,391,4574,2087,0.456275,279,7.0,1|2,completed,10
10,2,2,120,10,off,7,0.02,500,5790,2505,0.432642,277,7.0,1|2,completed,10
10,2,2,120,10,off,8,0.0156,364,4127,1953,0.473225,281,7.0,1|2,completed,10
10,2,2,120,10,off,9,0.0151,320,3565,1794,0.503226,279,7.0,1|2,completed,10
10,2,2,120,10,on,0,0.0216,356,3914,1929,0.492846,280,7.0,1|2,completed,10
10,2,2,120,10,on,1,0.019,416,4620,2095,0.453463,283,7.0,1|2,completed,10
10,2,2,120,10,on,2,0.0191,336,3835,1870,0.487614,280,7.0,1|2,completed,10
10,2,2,120,10,on,3,0.018,389,4311,2004,0.464857,282,7.0,1|2,completed,10
10,2,2,120,10,on,4,0.0149,338,3715,1829,0.492328,277,7.0,1|2,completed,10
10,2,2,120,10,on,5,0.0152,354,3897,1875,0.481139,279,7.0,1|2,completed,10
10,2,2,120,10,on,6,0.0181,453,5110,2236,0.437573,279,7.0,1|2,completed,10
10,2,2,120,10,on,7,0.0184,329,3692,1818,0.492416,278,7.0,1|2,completed,10
10,2,2,120,10,on,8,0.0184,371,4175,1936,0.463713,281,7.0,1|2,completed,10
10,2,2,120,10,on,9,0.0171,392,4434,2064,0.465494,285,7.0,1|2,completed,10
10,2,2,240,5,off,0,0.0096,499,2725,1158,0.424954,114,7.0,1|2,completed,5
10,2,2,240,5,off,1,0.0079,440,2481,1055,0.425232,116,7.0,1|2,completed,5
10,2,2,240,5,off,2,0.0096,435,2367,992,0.419096,111,7.0,1|2,completed,5
10,2,2,240,5,off,3,0.0084,494,2879,1199,0.416464,117,7.0,1|2,completed,5
10,2,2,240,5,off,4,0.0106,476,2693,1119,0.415522,115,7.0,1|2,completed,5
10,2,2,240,5,off,5,0.0091,404,2332,1003,0.430103,112,7.0,1|2,completed,5
10,2,2,240,5,off,6,0.0158,448,2547,1079,0.423636,111,7.0,1|2,completed,5
10,2,2,240,5,off,7,0.0169,507,2808,1186,0.422365,111,7.0,1|2,completed,5
10,2,2,240,5,off,8,0.01,501,2780,1178,0.423741,112,7.0,1|2,completed,5
10,2,2,240,5,off,9,0.0105,508,2907,1189,0.409013,113,7.0,1|2,completed,5
10,2,2,240,5,on,0,0.0101,478,2636,1106,0.419575,113,7.0,1|2,completed,5
10,2,2,240,5,on,1,0.0076,448,2445,1025,0.419223,110,7.0,1|2,completed,5
10,2,2,240,5,on,2,0.0126,421,2363,1006,0.42573,111,7.0,1|2,completed,5
10,2,2,240,5,on,3,0.0098,518,2931,1233,0.420676,119,7.0,1|2,completed,5
10,2,2,240,5,on,4,0.0097,490,2711,1136,0.419034,111,7.0,1|2,completed,5
10,2,2,240,5,on,5,0.0123,416,2334,990,0.424165,114,7.0,1|2,completed,5
10,2,2,240,5,on,6,0.0138,469,2667,1095,0.410574,116,7.0,1|2,completed,5
10,2,2,240,5,on,7,0.0132,502,2917,1203,0.41241,112,7.0,1|2,completed,5
10,2,2,240,5,on,8,0.0116,436,2400,1010,0.420833,111,7.0,1|2,completed,5
10,2,2,240,5,on,9,0.0104,434,2469,1036,0.419603,113,7.0,1|2,completed,5
10,2,2,240,10,off,0,0.0204,485,5325,2353,0.441878,283,7.0,1|2,completed,10
10,2,2,240,10,off,1,0.016,440,4888,2186,0.447218,278,7.0,1|2,completed,10
10,2,2,240,10,off,2,0.0207,495,5434,2427,0.446632,282,7.0,1|2,completed,10
10,2,2,240,10,off,3,0.0185,489,5526,2471,0.447159,281,7.0,1|2,completed,10
10,2,2,240,10,off,4,0.0213,452,5022,2258,0.449622,285,7.0,1|2,completed,10
10,2,2,240,10,off,5,0.0178,465,5086,2320,0.456154,281,7.0,1|2,completed,10
10,2,2,240,10,off,6,0.0205,466,5298,2324,0.438656,282,7.0,1|2,completed,10
10,2,2,240,10,off,7,0.0254,508,5635,2522,0.44756,276,7.0,1|2,completed,10
10,2,2,240,10,off,8,0.0222,492,5685,2454,0.431662,281,7.0,1|2,completed,10
10,2,2,240,10,off,9,0.019,478,5268,2363,0.448557,275,7.0,1|2,completed,10
10,2,2,240,10,on,0,0.019,459,5030,2229,0.443141,278,7.0,1|2,completed,10
10,2,2,240,10,on,1,0.0232,502,5704,2457,0.43075,280,7.0,1|2,completed,10
10,2,2,240,10,on,2,0.0189,454,5053,2271,0.449436,276,7.0,1|2,completed,10
10,2,2,240,10,on,3,0.0214,565,5919,2578,0.435547,278,7.0,1|2,completed,10
10,2,2,240,10,on,4,0.02,482,5422,2395,0.441719,279,7.0,1|2,completed,10
10,2,2,240,10,on,5,0.029,519,5687,2558,0.449798,277,7.0,1|2,completed,10
10,2,2,240,10,on,6,0.0255,432,4899,2160,0.440906,279,7.0,1|2,completed,10
10,2,2,240,10,on,7,0.0222,463,5056,2323,0.459454,276,7.0,1|2,completed,10
10,2,2,240,10,on,8,0.0194,422,4853,2141,0.44117,278,7.0,1|2,completed,10
10,2,2,240,10,on,9,0.0215,408,4547,2028,0.446008,279,7.0,1|2,completed,10
10,3,2,30,5,off,0,0.0349,1509,5850,2000,0.34188,292,97.0,1|2|3,completed,5
10,3,2,30,5,off,1,0.0205,986,3529,1455,0.412298,229,97.0,1|2|3,completed,5
10,3,2,30,5,off,2,0.02,1090,4215,1843,0.437248,322,97.0,1|2|3,completed,5
10,3,2,30,5,off,3,0.031,1467,5799,2121,0.365753,337,97.0,1|2|3,completed,5
10,3,2,30,5,off,4,0.0193,967,3740,1829,0.489037,335,97.0,1|2|3,completed,5
10,3,2,30,5,off,5,0.022,1403,5260,1738,0.330418,263,97.0,1|2|3,completed,5
10,3,2,30,5,off,6,0.0103,1289,4981,1649,0.331058,255,97.0,1|2|3,completed,5
10,3,2,30,5,off,7,0.0383,2642,9727,2753,0.283027,307,97.0,1|2|3,completed,5
10,3,2,30,5,off,8,0.0214,1193,3972,1713,0.431269,284,97.0,1|2|3,completed,5
10,3,2,30,5,off,9,0.0249,931,3815,1443,0.378244,206,97.0,1|2|3,completed,5
10,3,2,30,5,on,0,0.0162,389,1850,778,0.420541,126,97.0,1|2|3,completed,5
10,3,2,30,5,on,1,0.0226,826,3270,1454,0.444648,255,97.0,1|2|3,completed,5
10,3,2,30,5,on,2,0.0227,871,3561,1251,0.351306,195,97.0,1|2|3,completed,5
10,3,2,30,5,on,3,0.0288,1115,4719,1675,0.354948,247,97.0,1|2|3,completed,5
10,3,2,30,5,on,4,0.0553,1174,4417,1635,0.370161,274,97.0,1|2|3,completed,5
10,3,2,30,5,on,5,0.0233,903,3296,1637,0.496663,285,97.0,1|2|3,completed,5
10,3,2,30,5,on,6,0.0174,702,2928,1339,0.457309,240,97.0,1|2|3,completed,5
10,3,2,30,5,on,7,0.0175,836,3684,1576,0.427796,270,97.0,1|2|3,completed,5
10,3,2,30,5,on,8,0.0215,1300,4735,1868,0.394509,332,97.0,1|2|3,completed,5
10,3,2,30,5,on,9,0.0201,1113,4075,1893,0.46454,348,97.0,1|2|3,completed,5
10,3,2,30,10,off,0,0.04,1102,9449,3610,0.382051,646,97.0,1|2|3,completed,10
10,3,2,30,10,off,1,0.051,1251,11329,4430,0.391032,799,97.0,1|2|3,completed,10
10,3,2,30,10,off,2,0.048,1261,9729,4099,0.421318,763,97.0,1|2|3,completed,10
10,3,2,30,10,off,3,0.0357,838,7707,3538,0.459063,640,97.0,1|2|3,completed,10
10,3,2,30,10,off,4,0.0379,1275,10307,4224,0.409819,760,97.0,1|2|3,completed,10
10,3,2,30,10,off,5,0.0601,1690,15004,5228,0.34844,851,97.0,1|2|3,completed,10
10,3,2,30,10,off,6,0.0359,987,8402,4062,0.483456,804,97.0,1|2|3,completed,10
10,3,2,30,10,off,7,0.0356,1027,9215,3514,0.381335,613,97.0,1|2|3,completed,10
10,3,2,30,10,off,8,0.0434,1087,9096,3832,0.421284,703,97.0,1|2|3,completed,10
10,3,2,30,10,off,9,0.0539,1244,11543,3702,0.320714,531,97.0,1|2|3,completed,10
10,3,2,30,10,on,0,0.0387,903,7305,3397,0.465024,640,97.0,1|2|3,completed,10
10,3,2,30,10,on,1,0.0636,1388,11119,3652,0.328447,558,97.0,1|2|3,completed,10
10,3,2,30,10,on,2,0.0479,1123,11031,4172,0.378207,707,97.0,1|2|3,completed,10
10,3,2,30,10,on,3,0.0444,949,8562,3582,0.41836,677,97.0,1|2|3,completed,10
10,3,2,30,10,on,4,0.0324,807,7095,2535,0.357294,421,97.0,1|2|3,completed,10
10,3,2,30,10,on,5,0.0425,1231,9359,4114,0.439577,772,97.0,1|2|3,completed,10
10,3,2,30,10,on,6,0.0465,1254,10134,4631,0.456977,863,97.0,1|2|3,completed,10
10,3,2,30,10,on,7,0.0773,2008,14844,4913,0.330975,764,97.0,1|2|3,completed,10
10,3,2,30,10,on,8,0.0345,813,7409,3318,0.447834,597,97.0,1|2|3,completed,10
10,3,2,30,10,on,9,0.0447,999,8767,3392,0.386905,591,97.0,1|2|3,completed,10
10,3,2,60,5,off,0,0.0221,1334,5249,2157,0.410935,350,97.0,1|2|3,completed,5
10,3,2,60,5,off,1,0.04,2339,8979,2873,0.319969,352,97.0,1|2|3,completed,5
10,3,2,60,5,off,2,0.0317,1314,5185,2147,0.414079,353,97.0,1|2|3,completed,5
10,3,2,60,5,off,3,0.0662,4224,16157,4294,0.265767,351,97.0,1|2|3,completed,5
10,3,2,60,5,off,4,0.0338,2380,9430,2954,0.313256,355,97.0,1|2|3,completed,5
10,3,2,60,5,off,5,0.0467,2888,11678,3345,0.286436,357,97.0,1|2|3,completed,5
10,3,2,60,5,off,6,0.0377,2015,8075,2718,0.336594,354,97.0,1|2|3,completed,5
10,3,2,60,5,off,7,0.051,3310,12157,3494,0.287406,353,97.0,1|2|3,completed,5
10,3,2,60,5,off,8,0.0419,2597,10678,3114,0.291628,352,97.0,1|2|3,completed,5
10,3,2,60,5,off,9,0.0867,6302,22624,5666,0.250442,354,97.0,1|2|3,completed,5
10,3,2,60,5,on,0,0.0581,3127,12554,3508,0.279433,352,97.0,1|2|3,completed,5
10,3,2,60,5,on,1,0.0729,2763,11747,3385,0.288159,357,97.0,1|2|3,completed,5
10,3,2,60,5,on,2,0.1249,3514,14884,3943,0.264915,355,97.0,1|2|3,completed,5
10,3,2,60,5,on,3,0.0528,2703,10031,3044,0.303459,351,97.0,1|2|3,completed,5
10,3,2,60,5,on,4,0.0487,2642,10733,3200,0.298146,354,97.0,1|2|3,completed,5
10,3,2,60,5,on,5,0.0563,3690,14719,3820,0.259529,354,97.0,1|2|3,completed,5
10,3,2,60,5,on,6,0.0652,4147,15564,4217,0.270946,350,97.0,1|2|3,completed,5
10,3,2,60,5,on,7,0.0537,2345,9625,2938,0.305247,359,97.0,1|2|3,completed,5
10,3,2,60,5,on,8,0.0534,2912,12563,3557,0.283133,355,97.0,1|2|3,completed,5
10,3,2,60,5,on,9,0.0329,2716,10322,3160,0.306142,351,97.0,1|2|3,completed,5
10,3,2,60,10,off,0,0.065,2482,22772,7185,0.315519,882,97.0,1|2|3,completed,10
10,3,2,60,10,off,1,0.0928,2816,26111,7783,0.298074,881,97.0,1|2|3,completed,10
10,3,2,60,10,off,2,0.1481,4302,41381,10879,0.262898,881,97.0,1|2|3,completed,10
10,3,2,60,10,off,3,0.072,2480,22670,6976,0.307719,878,97.0,1|2|3,completed,10
10,3,2,60,10,off,4,0.0984,2756,26956,7676,0.28476,878,97.0,1|2|3,completed,10
10,3,2,60,10,off,5,0.0996,3634,33161,9283,0.279937,880,97.0,1|2|3,completed,10
10,3,2,60,10,off,6,0.0707,2801,27033,7738,0.286243,878,97.0,1|2|3,completed,10
10,3,2,60,10,off,7,0.0394,1266,11070,4954,0.447516,875,97.0,1|2|3,completed,10
10,3,2,60,10,off,8,0.0672,2138,20899,6669,0.319106,883,97.0,1|2|3,completed,10
10,3,2,60,10,off,9,0.0759,3481,30552,8603,0.281585,878,97.0,1|2|3,completed,10
10,3,2,60,10,on,0,0.0986,3194,29655,8315,0.280391,879,97.0,1|2|3,completed,10
10,3,2,60,10,on,1,0.055,1803,16935,5931,0.350221,878,97.0,1|2|3,completed,10
10,3,2,60,10,on,2,0.0774,2070,19835,6382,0.321754,882,97.0,1|2|3,completed,10
10,3,2,60,10,on,3,0.0762,2054,17804,5922,0.332622,882,97.0,1|2|3,completed,10
10,3,2,60,10,on,4,0.1053,3995,33328,9057,0.271753,880,97.0,1|2|3,completed,10
10,3,2,60,10,on,5,0.0858,2469,22528,6898,0.306197,881,97.0,1|2|3,completed,10
10,3,2,60,10,on,6,0.1155,3276,29017,8247,0.284213,881,97.0,1|2|3,completed,10
10,3,2,60,10,on,7,0.0764,1767,16251,5747,0.35364,880,97.0,1|2|3,completed,10
10,3,2,60,10,on,8,0.0533,1724,14763,5852,0.396396,877,97.0,1|2|3,completed,10
10,3,2,60,10,on,9,0.2189,4243,38606,9973,0.258328,886,97.0,1|2|3,completed,10
10,3,2,120,5,off,0,0.0462,3065,13361,3497,0.261732,357,97.0,1|2|3,completed,5
10,3,2,120,5,off,1,0.0374,2694,10897,3174,0.291273,357,97.0,1|2|3,completed,5
10,3,2,120,5,off,2,0.0809,4653,18047,4859,0.269241,358,97.0,1|2|3,completed,5
10,3,2,120,5,off,3,0.0593,3683,14795,4077,0.275566,353,97.0,1|2|3,completed,5
10,3,2,120,5,off,4,0.0552,2980,13237,3637,0.27476,354,97.0,1|2|3,completed,5
10,3,2,120,5,off,5,0.0553,3294,14076,3886,0.276073,360,97.0,1|2|3,completed,5
10,3,2,120,5,off,6,0.037,2819,10979,3241,0.2952,357,97.0,1|2|3,completed,5
10,3,2,120,5,off,7,0.0311,2009,7511,2716,0.361603,355,97.0,1|2|3,completed,5
10,3,2,120,5,off,8,0.0592,4474,15927,4624,0.290325,351,97.0,1|2|3,completed,5
10,3,2,120,5,off,9,0.1048,5883,23512,5778,0.245747,356,97.0,1|2|3,completed,5
10,3,2,120,5,on,0,0.045,2697,10862,3272,0.301234,357,97.0,1|2|3,completed,5
10,3,2,120,5,on,1,0.0509,3070,13015,3583,0.275298,352,97.0,1|2|3,completed,5
10,3,2,120,5,on,2,0.0745,3183,13860,3803,0.274387,358,97.0,1|2|3,completed,5
10,3,2,120,5,on,3,0.0926,4386,17918,4791,0.267385,355,97.0,1|2|3,completed,5
10,3,2,120,5,on,4,0.0595,3065,11372,3248,0.285614,357,97.0,1|2|3,completed,5
10,3,2,120,5,on,5,0.0524,2890,11417,3412,0.298853,353,97.0,1|2|3,completed,5
10,3,2,120,5,on,6,0.0665,4612,17827,4772,0.267684,355,97.0,1|2|3,completed,5
10,3,2,120,5,on,7,0.0919,4276,16431,4421,0.269065,351,97.0,1|2|3,completed,5
10,3,2,120,5,on,8,0.0958,4204,17992,4601,0.255725,352,97.0,1|2|3,completed,5
10,3,2,120,5,on,9,0.0629,3343,12351,3620,0.293094,354,97.0,1|2|3,completed,5
10,3,2,120,10,off,0,0.1173,3432,32412,8726,0.269221,879,97.0,1|2|3,completed,10
10,3,2,120,10,off,1,0.14,4127,38999,10173,0.260853,886,97.0,1|2|3,completed,10
10,3,2,120,10,off,2,0.0867,2960,27327,7861,0.287664,877,97.0,1|2|3,completed,10
10,3,2,120,10,off,3,0.1513,4817,46373,11774,0.253898,878,97.0,1|2|3,completed,10
10,3,2,120,10,off,4,0.1739,4497,42646,10946,0.256671,888,97.0,1|2|3,completed,10
10,3,2,120,10,off,5,0.0776,2846,27102,8049,0.296989,879,97.0,1|2|3,completed,10
10,3,2,120,10,off,6,0.0994,3021,26512,7924,0.298884,883,97.0,1|2|3,completed,10
10,3,2,120,10,off,7,0.0738,2278,18919,6910,0.365241,877,97.0,1|2|3,completed,10
10,3,2,120,10,off,8,0.0867,2548,23537,7114,0.302248,883,97.0,1|2|3,completed,10
10,3,2,120,10,off,9,0.1344,3729,34769,9040,0.260002,876,97.0,1|2|3,completed,10
10,3,2,120,10,on,0,0.109,2890,25767,7698,0.298754,875,97.0,1|2|3,completed,10
10,3,2,120,10,on,1,0.1359,3185,30082,8490,0.282229,882,97.0,1|2|3,completed,10
10,3,2,120,10,on,2,0.0747,2065,19773,6624,0.335002,877,97.0,1|2|3,completed,10
10,3,2,120,10,on,3,0.0789,2086,17896,6588,0.368127,876,97.0,1|2|3,completed,10
10,3,2,120,10,on,4,0.2078,5610,50629,12510,0.247092,886,97.0,1|2|3,completed,10
10,3,2,120,10,on,5,0.0967,2501,22698,7262,0.31994,880,97.0,1|2|3,completed,10
10,3,2,120,10,on,6,0.0889,2179,19891,6670,0.335328,881,97.0,1|2|3,completed,10
10,3,2,120,10,on,7,0.111,2561,25164,7441,0.2957,877,97.0,1|2|3,completed,10
10,3,2,120,10,on,8,0.1012,2906,26114,7903,0.302635,878,97.0,1|2|3,completed,10
10,3,2,120,10,on,9,0.1872,6000,55917,13602,0.243253,879,97.0,1|2|3,completed,10
10,3,2,240,5,off,0,0.0838,5476,19348,5481,0.283285,353,97.0,1|2|3,completed,5
10,3,2,240,5,off,1,0.0953,5257,19851,4818,0.242708,351,97.0,1|2|3,completed,5
10,3,2,240,5,off,2,0.0947,6084,23842,6085,0.255222,351,97.0,1|2|3,completed,5
10,3,2,240,5,off,3,0.0826,4440,16657,4474,0.268596,352,97.0,1|2|3,completed,5
10,3,2,240,5,off,4,0.0532,3996,14651,4063,0.277319,354,97.0,1|2|3,completed,5
10,3,2,240,5,off,5,0.0559,4131,16025,4401,0.274633,351,97.0,1|2|3,completed,5
10,3,2,240,5,off,6,0.0488,3155,12190,3510,0.287941,353,97.0,1|2|3,completed,5
10,3,2,240,5,off,7,0.1054,7193,24980,6619,0.264972,352,97.0,1|2|3,completed,5
10,3,2,240,5,off,8,0.0819,5322,20728,5432,0.262061,359,97.0,1|2|3,completed,5
10,3,2,240,5,off,9,0.0613,4591,16705,4311,0.258066,350,97.0,1|2|3,completed,5
10,3,2,240,5,on,0,0.1153,5619,20302,5477,0.269776,352,97.0,1|2|3,completed,5
10,3,2,240,5,on,1,0.1089,5219,19009,4995,0.26277,351,97.0,1|2|3,completed,5
10,3,2,240,5,on,2,0.0988,5595,20788,5281,0.254041,355,97.0,1|2|3,completed,5
10,3,2,240,5,on,3,0.0831,3898,17147,4222,0.246224,356,97.0,1|2|3,completed,5
10,3,2,240,5,on,4,0.1181,6214,23508,6041,0.256976,356,97.0,1|2|3,completed,5
10,3,2,240,5,on,5,0.104,5608,20456,5427,0.265301,351,97.0,1|2|3,completed,5
10,3,2,240,5,on,6,0.0879,4045,14462,3939,0.272369,353,97.0,1|2|3,completed,5
10,3,2,240,5,on,7,0.0738,4686,18615,4652,0.249906,356,97.0,1|2|3,completed,5
10,3,2,240,5,on,8,0.0863,5275,18896,5173,0.273762,355,97.0,1|2|3,completed,5
10,3,2,240,5,on,9,0.069,4241,17703,4338,0.245043,355,97.0,1|2|3,completed,5
10,3,2,240,10,off,0,0.1345,5314,42618,10562,0.24783,880,97.0,1|2|3,completed,10
10,3,2,240,10,off,1,0.1164,3920,37366,9403,0.251646,884,97.0,1|2|3,completed,10
10,3,2,240,10,off,2,0.1536,4845,41498,11372,0.274037,878,97.0,1|2|3,completed,10
10,3,2,240,10,off,3,0.1452,4322,37916,10252,0.270387,882,97.0,1|2|3,completed,10
10,3,2,240,10,off,4,0.2167,6269,55298,14838,0.268328,881,97.0,1|2|3,completed,10
10,3,2,240,10,off,5,0.1545,5307,48725,12316,0.252766,883,97.0,1|2|3,completed,10
10,3,2,240,10,off,6,0.1745,6516,60015,14819,0.246922,878,97.0,1|2|3,completed,10
10,3,2,240,10,off,7,0.1223,4137,36011,9548,0.265141,879,97.0,1|2|3,completed,10
10,3,2,240,10,off,8,0.1825,6239,56082,14614,0.260583,877,97.0,1|2|3,completed,10
10,3,2,240,10,off,9,0.1509,6131,53749,13888,0.258386,879,97.0,1|2|3,completed,10
10,3,2,240,10,on,0,0.1424,4857,39994,10970,0.274291,875,97.0,1|2|3,completed,10
10,3,2,240,10,on,1,0.1683,5365,47618,12704,0.26679,878,97.0,1|2|3,completed,10
10,3,2,240,10,on,2,0.1532,4520,40215,10412,0.258908,889,97.0,1|2|3,completed,10
10,3,2,240,10,on,3,0.1612,4691,44372,11179,0.251938,893,97.0,1|2|3,completed,10
10,3,2,240,10,on,4,0.1354,4670,42147,10915,0.258975,879,97.0,1|2|3,completed,10
10,3,2,240,10,on,5,0.1883,6330,55171,14456,0.262022,881,97.0,1|2|3,completed,10
10,3,2,240,10,on,6,0.1591,4049,33931,9303,0.274174,879,97.0,1|2|3,completed,10
10,3,2,240,10,on,7,0.1183,4240,35902,9218,0.256754,881,97.0,1|2|3,completed,10
10,3,2,240,10,on,8,0.2505,5493,49580,12417,0.250444,879,97.0,1|2|3,completed,10
10,3,2,240,10,on,9,0.1214,4429,36295,10684,0.294366,876,97.0,1|2|3,completed,10
10,4,2,30,5,off,0,0.0539,2069,10159,3656,0.359878,396,2617.0,1|2|3|4,completed,5
10,4,2,30,5,off,1,0.0642,2347,13043,3363,0.257839,415,2617.0,1|2|3|4,completed,5
10,4,2,30,5,off,2,0.0779,3683,15821,5104,0.322609,604,2617.0,1|2|3|4,completed,5
10,4,2,30,5,off,3,0.0434,3327,11040,5380,0.487319,683,2617.0,1|2|3|4,completed,5
10,4,2,30,5,off,4,0.0858,2637,10414,3998,0.383906,463,2617.0,1|2|3|4,completed,5
10,4,2,30,5,off,5,0.0733,3269,13127,4943,0.376552,614,2617.0,1|2|3|4,completed,5
10,4,2,30,5,off,6,0.033,1260,6407,2347,0.366318,304,2617.0,1|2|3|4,completed,5
10,4,2,30,5,off,7,0.0636,3305,12704,5063,0.398536,689,2617.0,1|2|3|4,completed,5
10,4,2,30,5,off,8,0.0554,2034,9153,3840,0.419535,475,2617.0,1|2|3|4,completed,5
10,4,2,30,5,off,9,0.0518,2273,8499,3710,0.436522,458,2617.0,1|2|3|4,completed,5
10,4,2,30,5,on,0,0.1337,2825,12097,4767,0.394065,584,2617.0,1|2|3|4,completed,5
10,4,2,30,5,on,1,0.0292,1052,4271,2296,0.537579,339,2617.0,1|2|3|4,completed,5
10,4,2,30,5,on,2,0.0436,2000,6199,3449,0.55638,465,2617.0,1|2|3|4,completed,5
10,4,2,30,5,on,3,0.0337,617,4541,1672,0.368201,197,2617.0,1|2|3|4,completed,5
10,4,2,30,5,on,4,0.0924,1851,7590,2854,0.376021,356,2617.0,1|2|3|4,completed,5
10,4,2,30,5,on,5,0.0646,1690,6101,3132,0.513358,446,2617.0,1|2|3|4,completed,5
10,4,2,30,5,on,6,0.0551,1744,6469,3421,0.52883,484,2617.0,1|2|3|4,completed,5
10,4,2,30,5,on,7,0.0696,1554,9806,2073,0.211401,234,2617.0,1|2|3|4,completed,5
10,4,2,30,5,on,8,0.0642,1208,8686,2492,0.286898,266,2617.0,1|2|3|4,completed,5
10,4,2,30,5,on,9,0.1203,4324,13594,4048,0.297778,497,2617.0,1|2|3|4,completed,5
10,4,2,30,10,off,0,0.1275,3072,26688,11153,0.417903,1429,2617.0,1|2|3|4,completed,10
10,4,2,30,10,off,1,0.1419,3226,30488,11824,0.387825,1506,2617.0,1|2|3|4,completed,10
10,4,2,30,10,off,2,0.0901,2289,21331,8230,0.385823,986,2617.0,1|2|3|4,completed,10
10,4,2,30,10,off,3,0.1292,2580,25805,9456,0.366441,1125,2617.0,1|2|3|4,completed,10
10,4,2,30,10,off,4,0.2283,4232,44874,11787,0.262669,1356,2617.0,1|2|3|4,completed,10
10,4,2,30,10,off,5,0.0964,3004,24473,11834,0.483553,1460,2617.0,1|2|3|4,completed,10
10,4,2,30,10,off,6,0.1189,3354,25606,13690,0.53464,1902,2617.0,1|2|3|4,completed,10
10,4,2,30,10,off,7,0.135,4105,32405,14164,0.437093,1696,2617.0,1|2|3|4,completed,10
10,4,2,30,10,off,8,0.0717,1233,15735,5818,0.369749,787,2617.0,1|2|3|4,completed,10
10,4,2,30,10,off,9,0.0752,2074,17721,8161,0.460527,1067,2617.0,1|2|3|4,completed,10
10,4,2,30,10,on,0,0.1791,3276,33230,10530,0.316882,1268,2617.0,1|2|3|4,completed,10
10,4,2,30,10,on,1,0.1826,2954,25402,11609,0.457011,1502,2617.0,1|2|3|4,completed,10
10,4,2,30,10,on,2,0.1951,2558,28250,7829,0.277133,936,2617.0,1|2|3|4,completed,10
10,4,2,30,10,on,3,0.1509,2143,24292,8828,0.363412,1077,2617.0,1|2|3|4,completed,10
10,4,2,30,10,on,4,0.063,596,6433,2039,0.316959,291,97.0,1|2|3,completed,10
10,4,2,30,10,on,5,0.1365,2998,23952,10514,0.438961,1282,2617.0,1|2|3|4,completed,10
10,4,2,30,10,on,6,0.1535,2616,26833,10559,0.393508,1287,2617.0,1|2|3|4,completed,10
10,4,2,30,10,on,7,0.1572,1933,24484,8588,0.35076,996,2617.0,1|2|3|4,completed,10
10,4,2,30,10,on,8,0.1277,1891,19923,7626,0.382774,851,2617.0,1|2|3|4,completed,10
10,4,2,30,10,on,9,0.1252,2063,18035,5275,0.292487,647,2617.0,1|2|3|4,completed,10
10,4,2,60,5,off,0,0.3268,13645,73868,11892,0.16099,773,2617.0,1|2|3|4,completed,5
10,4,2,60,5,off,1,0.2681,10550,49881,8862,0.177663,774,2617.0,1|2|3|4,completed,5
10,4,2,60,5,off,2,0.1571,6600,29613,8076,0.272718,775,2617.0,1|2|3|4,completed,5
10,4,2,60,5,off,3,0.2374,8427,44563,8331,0.186949,774,2617.0,1|2|3|4,completed,5
10,4,2,60,5,off,4,0.1557,7076,36884,8174,0.221614,772,2617.0,1|2|3|4,completed,5
10,4,2,60,5,off,5,0.2046,8579,48505,9130,0.188228,776,2617.0,1|2|3|4,completed,5
10,4,2,60,5,off,6,0.1483,6615,34271,7472,0.218027,771,2617.0,1|2|3|4,completed,5
10,4,2,60,5,off,7,0.0977,6312,24779,7835,0.316195,771,2617.0,1|2|3|4,completed,5
10,4,2,60,5,off,8,0.3016,14777,73731,11841,0.160597,771,2617.0,1|2|3|4,completed,5
10,4,2,60,5,off,9,0.085,4324,16675,6150,0.368816,772,2617.0,1|2|3|4,completed,5
10,4,2,60,5,on,0,0.6132,23885,96783,13363,0.138072,776,2617.0,1|2|3|4,completed,5
10,4,2,60,5,on,1,0.1942,7874,40724,8039,0.197402,776,2617.0,1|2|3|4,completed,5
10,4,2,60,5,on,2,0.1235,4654,22375,6834,0.30543,771,2617.0,1|2|3|4,completed,5
10,4,2,60,5,on,3,0.1256,4942,22580,6745,0.298716,772,2617.0,1|2|3|4,completed,5
10,4,2,60,5,on,4,0.2025,7820,41976,7951,0.189418,776,2617.0,1|2|3|4,completed,5
10,4,2,60,5,on,5,0.2611,9749,52065,9220,0.177086,774,2617.0,1|2|3|4,completed,5
10,4,2,60,5,on,6,0.1958,7199,36904,7700,0.208649,770,2617.0,1|2|3|4,completed,5
10,4,2,60,5,on,7,0.1212,4622,21995,6475,0.294385,773,2617.0,1|2|3|4,completed,5
10,4,2,60,5,on,8,0.4972,18270,74018,11057,0.149383,775,2617.0,1|2|3|4,completed,5
10,4,2,60,5,on,9,0.3377,11282,50440,10086,0.19996,774,2617.0,1|2|3|4,completed,5
10,4,2,60,10,off,0,1.1636,26176,296047,41047,0.13865,1929,2617.0,1|2|3|4,completed,10
10,4,2,60,10,off,1,0.4422,10226,120767,22364,0.185183,1932,2617.0,1|2|3|4,completed,10
10,4,2,60,10,off,2,0.8947,21326,233060,34386,0.147541,1930,2617.0,1|2|3|4,completed,10
10,4,2,60,10,off,3,0.2477,6287,69624,17944,0.257727,1931,2617.0,1|2|3|4,completed,10
10,4,2,60,10,off,4,0.3219,6930,76759,18528,0.241379,1928,2617.0,1|2|3|4,completed,10
10,4,2,60,10,off,5,0.2173,5287,59822,16132,0.269667,1925,2617.0,1|2|3|4,completed,10
10,4,2,60,10,off,6,0.5988,12664,162934,26857,0.164834,1929,2617.0,1|2|3|4,completed,10
10,4,2,60,10,off,7,0.4114,9241,113309,20750,0.183128,1930,2617.0,1|2|3|4,completed,10
10,4,2,60,10,off,8,0.4854,11023,124438,22317,0.179342,1931,2617.0,1|2|3|4,completed,10
10,4,2,60,10,off,9,0.3096,6361,78857,18361,0.232839,1937,2617.0,1|2|3|4,completed,10
10,4,2,60,10,on,0,0.6269,12712,130819,23186,0.177237,1924,2617.0,1|2|3|4,completed,10
10,4,2,60,10,on,1,0.3449,5602,69898,16939,0.242339,1926,2617.0,1|2|3|4,completed,10
10,4,2,60,10,on,2,0.5916,11295,131701,22818,0.173256,1928,2617.0,1|2|3|4,completed,10
10,4,2,60,10,on,3,0.6448,10855,134358,23255,0.173082,1929,2617.0,1|2|3|4,completed,10
10,4,2,60,10,on,4,0.4727,7554,97448,19941,0.204632,1937,2617.0,1|2|3|4,completed,10
10,4,2,60,10,on,5,0.3389,6371,76174,17184,0.225589,1927,2617.0,1|2|3|4,completed,10
10,4,2,60,10,on,6,0.4969,8994,112767,20218,0.17929,1936,2617.0,1|2|3|4,completed,10
10,4,2,60,10,on,7,0.323,6064,65395,17840,0.272804,1928,2617.0,1|2|3|4,completed,10
10,4,2,60,10,on,8,0.6913,14267,159700,26316,0.164784,1929,2617.0,1|2|3|4,completed,10
10,4,2,60,10,on,9,0.4282,7044,93356,19572,0.209649,1929,2617.0,1|2|3|4,completed,10
10,4,2,120,5,off,0,0.4859,18891,105117,14922,0.141956,773,2617.0,1|2|3|4,completed,5
10,4,2,120,5,off,1,0.2069,8983,43680,8872,0.203114,775,2617.0,1|2|3|4,completed,5
10,4,2,120,5,off,2,0.519,18011,111806,15536,0.138955,781,2617.0,1|2|3|4,completed,5
10,4,2,120,5,off,3,0.7459,27787,167424,21537,0.128637,778,2617.0,1|2|3|4,completed,5
10,4,2,120,5,off,4,0.4125,17093,99359,15512,0.156121,774,2617.0,1|2|3|4,completed,5
10,4,2,120,5,off,5,0.5374,19795,118018,16220,0.137437,772,2617.0,1|2|3|4,completed,5
10,4,2,120,5,off,6,0.6677,24038,132106,17909,0.135565,775,2617.0,1|2|3|4,completed,5
10,4,2,120,5,off,7,0.2319,8857,53919,9501,0.176209,777,2617.0,1|2|3|4,completed,5
10,4,2,120,5,off,8,0.221,10556,57750,9731,0.168502,773,2617.0,1|2|3|4,completed,5
10,4,2,120,5,off,9,0.474,21910,103813,15672,0.150964,774,2617.0,1|2|3|4,completed,5
10,4,2,120,5,on,0,0.4221,14698,82010,12777,0.155798,775,2617.0,1|2|3|4,completed,5
10,4,2,120,5,on,1,0.4645,16005,94118,13932,0.148027,778,2617.0,1|2|3|4,completed,5
10,4,2,120,5,on,2,0.2602,10918,52045,10175,0.195504,773,2617.0,1|2|3|4,completed,5
10,4,2,120,5,on,3,0.3651,14157,61445,13223,0.215201,771,2617.0,1|2|3|4,completed,5
10,4,2,120,5,on,4,0.6177,21629,130358,16912,0.129735,773,2617.0,1|2|3|4,completed,5
10,4,2,120,5,on,5,0.3532,14100,74356,12285,0.165219,773,2617.0,1|2|3|4,completed,5
10,4,2,120,5,on,6,0.3047,11579,63194,10170,0.160933,773,2617.0,1|2|3|4,completed,5
10,4,2,120,5,on,7,0.4526,17709,99616,14302,0.143571,774,2617.0,1|2|3|4,completed,5
10,4,2,120,5,on,8,0.2357,8640,46538,9133,0.196248,771,2617.0,1|2|3|4,completed,5
10,4,2,120,5,on,9,0.1558,7135,30366,8044,0.264902,773,2617.0,1|2|3|4,completed,5
10,4,2,120,10,off,0,0.6984,14128,206122,30480,0.147874,1935,2617.0,1|2|3|4,completed,10
10,4,2,120,10,off,1,0.6367,12936,170971,30870,0.180557,1926,2617.0,1|2|3|4,completed,10
10,4,2,120,10,off,2,0.6591,13442,203548,31069,0.152637,1932,2617.0,1|2|3|4,completed,10
10,4,2,120,10,off,3,0.6845,12861,192142,29292,0.15245,1932,2617.0,1|2|3|4,completed,10
10,4,2,120,10,off,4,0.2881,8373,72543,22136,0.305143,1925,2617.0,1|2|3|4,completed,10
10,4,2,120,10,off,5,0.5339,11256,149373,27463,0.183855,1925,2617.0,1|2|3|4,completed,10
10,4,2,120,10,off,6,0.7304,16942,217466,32468,0.149302,1933,2617.0,1|2|3|4,completed,10
10,4,2,120,10,off,7,0.6601,15145,179530,31802,0.17714,1928,2617.0,1|2|3|4,completed,10
10,4,2,120,10,off,8,0.585,13459,175573,28749,0.163744,1933,2617.0,1|2|3|4,completed,10
10,4,2,120,10,off,9,0.5658,13238,142910,26555,0.185816,1931,2617.0,1|2|3|4,completed,10
10,4,2,120,10,on,0,0.4277,8168,100655,22141,0.219969,1929,2617.0,1|2|3|4,completed,10
10,4,2,120,10,on,1,0.763,15383,191557,28180,0.14711,1928,2617.0,1|2|3|4,completed,10
10,4,2,120,10,on,2,1.1781,20593,299660,41490,0.138457,1929,2617.0,1|2|3|4,completed,10
10,4,2,120,10,on,3,0.6016,11363,153413,26382,0.171967,1929,2617.0,1|2|3|4,completed,10
10,4,2,120,10,on,4,0.4752,8714,101192,21752,0.214958,1930,2617.0,1|2|3|4,completed,10
10,4,2,120,10,on,5,0.9621,18338,225171,31874,0.141555,1934,2617.0,1|2|3|4,completed,10
10,4,2,120,10,on,6,0.7781,15507,186441,31348,0.168139,1930,2617.0,1|2|3|4,completed,10
10,4,2,120,10,on,7,1.5087,26229,354340,47522,0.134114,1929,2617.0,1|2|3|4,completed,10
10,4,2,120,10,on,8,0.9413,16077,231583,34871,0.150577,1928,2617.0,1|2|3|4,completed,10
10,4,2,120,10,on,9,0.4699,8763,105762,20661,0.195354,1932,2617.0,1|2|3|4,completed,10
10,4,2,240,5,off,0,0.6585,25021,134322,17434,0.129793,774,2617.0,1|2|3|4,completed,5
10,4,2,240,5,off,1,0.5113,24971,106102,15461,0.145718,770,2617.0,1|2|3|4,completed,5
10,4,2,240,5,off,2,0.8471,31310,169353,23016,0.135905,773,2617.0,1|2|3|4,completed,5
10,4,2,240,5,off,3,0.5346,22378,115305,16557,0.143593,774,2617.0,1|2|3|4,completed,5
10,4,2,240,5,off,4,0.7703,35870,156416,23356,0.14932,772,2617.0,1|2|3|4,completed,5
10,4,2,240,5,off,5,0.9744,36632,182576,26130,0.143118,770,2617.0,1|2|3|4,completed,5
10,4,2,240,5,off,6,0.6966,28457,142886,18684,0.130762,773,2617.0,1|2|3|4,completed,5
10,4,2,240,5,off,7,1.6429,57471,287077,40337,0.140509,771,2617.0,1|2|3|4,completed,5
10,4,2,240,5,off,8,0.7695,34093,155107,22156,0.142843,775,2617.0,1|2|3|4,completed,5
10,4,2,240,5,off,9,0.8186,29408,170268,21935,0.128826,772,2617.0,1|2|3|4,completed,5
10,4,2,240,5,on,0,1.2378,43159,228495,31745,0.138931,772,2617.0,1|2|3|4,completed,5
10,4,2,240,5,on,1,1.007,35780,182461,27098,0.148514,779,2617.0,1|2|3|4,completed,5
10,4,2,240,5,on,2,0.97,35277,168816,23833,0.141177,773,2617.0,1|2|3|4,completed,5
10,4,2,240,5,on,3,0.9936,36640,182310,25250,0.1385,782,2617.0,1|2|3|4,completed,5
10,4,2,240,5,on,4,1.0614,37952,200182,27355,0.136651,773,2617.0,1|2|3|4,completed,5
10,4,2,240,5,on,5,0.903,34237,175915,23970,0.136259,775,2617.0,1|2|3|4,completed,5
10,4,2,240,5,on,6,0.9013,31731,154301,22073,0.143052,776,2617.0,1|2|3|4,completed,5
10,4,2,240,5,on,7,1.0382,37918,185488,25221,0.135971,770,2617.0,1|2|3|4,completed,5
10,4,2,240,5,on,8,0.6144,24268,135814,17966,0.132284,778,2617.0,1|2|3|4,completed,5
10,4,2,240,5,on,9,1.1296,41955,219910,28312,0.128744,780,2617.0,1|2|3|4,completed,5
10,4,2,240,10,off,0,3.0814,54371,662589,91859,0.138636,1927,2617.0,1|2|3|4,completed,10
10,4,2,240,10,off,1,1.6528,34754,406998,59826,0.146993,1926,2617.0,1|2|3|4,completed,10
10,4,2,240,10,off,2,1.393,29015,349159,46320,0.132662,1934,2617.0,1|2|3|4,completed,10
10,4,2,240,10,off,3,1.88,40288,486645,65832,0.135277,1929,2617.0,1|2|3|4,completed,10
10,4,2,240,10,off,4,1.7229,32717,440012,58243,0.132367,1927,2617.0,1|2|3|4,completed,10
10,4,2,240,10,off,5,0.949,20857,260400,36190,0.138978,1933,2617.0,1|2|3|4,completed,10
10,4,2,240,10,off,6,1.9129,39899,474138,66512,0.14028,1933,2617.0,1|2|3|4,completed,10
10,4,2,240,10,off,7,1.5037,32209,377108,52482,0.13917,1931,2617.0,1|2|3|4,completed,10
10,4,2,240,10,off,8,1.5761,33126,367821,52208,0.141939,1930,2617.0,1|2|3|4,completed,10
10,4,2,240,10,off,9,1.6257,34570,364859,55380,0.151785,1927,2617.0,1|2|3|4,completed,10
10,4,2,240,10,on,0,1.6399,32446,361221,51366,0.142201,1928,2617.0,1|2|3|4,completed,10
10,4,2,240,10,on,1,2.5148,45741,554142,75320,0.135922,1926,2617.0,1|2|3|4,completed,10
10,4,2,240,10,on,2,1.763,32368,362604,50031,0.137977,1927,2617.0,1|2|3|4,completed,10
10,4,2,240,10,on,3,1.5045,30216,371717,47470,0.127705,1932,2617.0,1|2|3|4,completed,10
10,4,2,240,10,on,4,2.4941,44824,535463,75976,0.141888,1935,2617.0,1|2|3|4,completed,10
10,4,2,240,10,on,5,1.5336,29384,347823,48694,0.139996,1928,2617.0,1|2|3|4,completed,10
10,4,2,240,10,on,6,2.7917,49089,575734,81652,0.141822,1931,2617.0,1|2|3|4,completed,10
10,4,2,240,10,on,7,1.1899,26236,268748,42247,0.157199,1932,2617.0,1|2|3|4,completed,10
10,4,2,240,10,on,8,2.0141,36619,430614,61281,0.142311,1929,2617.0,1|2|3|4,completed,10
10,4,2,240,10,on,9,1.2349,23923,291664,41329,0.141701,1930,2617.0,1|2|3|4,completed,10
10,5,2,30,5,off,0,0.1436,2852,12556,6438,0.512743,572,116017.0,1|2|3|4|5,completed,5
10,5,2,30,5,off,1,0.1319,6512,24115,10945,0.453867,856,116017.0,1|2|3|4|5,completed,5
10,5,2,30,5,off,2,0.1579,7727,28494,12200,0.42816,1002,116017.0,1|2|3|4|5,completed,5
10,5,2,30,5,off,3,0.0551,955,6976,2446,0.350631,251,2617.0,1|2|3|4,completed,5
10,5,2,30,5,off,4,0.1394,6209,22691,9454,0.416641,739,116017.0,1|2|3|4|5,completed,5
10,5,2,30,5,off,5,0.1189,4595,17151,7967,0.464521,727,116017.0,1|2|3|4|5,completed,5
10,5,2,30,5,off,6,0.1292,4510,16990,8052,0.473926,670,116017.0,1|2|3|4|5,completed,5
10,5,2,30,5,off,7,0.0807,2284,12887,5291,0.410569,467,116017.0,1|2|3|4|5,completed,5
10,5,2,30,5,off,8,0.1547,7544,23768,11158,0.469455,963,116017.0,1|2|3|4|5,completed,5
10,5,2,30,5,off,9,0.0702,1636,10920,4278,0.391758,392,116017.0,1|2|3|4|5,completed,5
10,5,2,30,5,on,0,0.1867,3149,16849,6492,0.385305,513,116017.0,1|2|3|4|5,completed,5
10,5,2,30,5,on,1,0.2655,6029,29058,10560,0.363411,931,116017.0,1|2|3|4|5,completed,5
10,5,2,30,5,on,2,0.0918,1350,6694,2958,0.441888,305,116017.0,1|2|3|4|5,completed,5
10,5,2,30,5,on,3,0.1824,3376,16400,6957,0.424207,594,116017.0,1|2|3|4|5,completed,5
10,5,2,30,5,on,4,0.0898,1154,7855,3334,0.424443,286,116017.0,1|2|3|4|5,completed,5
10,5,2,30,5,on,5,0.2355,5375,27011,9932,0.367702,856,116017.0,1|2|3|4|5,completed,5
10,5,2,30,5,on,6,0.1578,2602,14186,4907,0.345904,430,116017.0,1|2|3|4|5,completed,5
10,5,2,30,5,on,7,0.2185,8064,26208,14183,0.541171,1275,116017.0,1|2|3|4|5,completed,5
10,5,2,30,5,on,8,0.1066,1725,11076,3851,0.347689,375,116017.0,1|2|3|4|5,completed,5
10,5,2,30,5,on,9,0.2124,5042,24177,10120,0.41858,773,116017.0,1|2|3|4|5,completed,5
10,5,2,30,10,off,0,0.3156,6170,60821,25336,0.416567,2243,116017.0,1|2|3|4|5,completed,10
10,5,2,30,10,off,1,0.19,2682,30192,14375,0.47612,1235,116017.0,1|2|3|4|5,completed,10
10,5,2,30,10,off,2,0.3253,6353,69020,22807,0.33044,1238,116017.0,1|2|3|4|5,completed,10
10,5,2,30,10,off,3,0.1915,3001,39079,14727,0.376852,1247,116017.0,1|2|3|4|5,completed,10
10,5,2,30,10,off,4,0.1281,1554,20515,6589,0.32118,643,116017.0,1|2|3|4|5,completed,10
10,5,2,30,10,off,5,0.1239,2062,22775,11076,0.486323,1090,116017.0,1|2|3|4|5,completed,10
10,5,2,30,10,off,6,0.3224,6754,65593,23396,0.356684,2026,116017.0,1|2|3|4|5,completed,10
10,5,2,30,10,off,7,0.2115,4526,43786,16980,0.387795,1192,116017.0,1|2|3|4|5,completed,10
10,5,2,30,10,off,8,0.3353,5282,68152,17584,0.258012,1382,116017.0,1|2|3|4|5,completed,10
10,5,2,30,10,off,9,0.2218,3927,44153,15839,0.35873,1326,116017.0,1|2|3|4|5,completed,10
10,5,2,30,10,on,0,0.3627,5110,51521,22486,0.436443,2034,116017.0,1|2|3|4|5,completed,10
10,5,2,30,10,on,1,0.5386,6330,73645,26016,0.353262,1742,116017.0,1|2|3|4|5,completed,10
10,5,2,30,10,on,2,0.3333,3640,39472,17185,0.435372,1507,116017.0,1|2|3|4|5,completed,10
10,5,2,30,10,on,3,0.1159,1151,11149,2900,0.260113,353,97.0,1|2|3,completed,10
10,5,2,30,10,on,4,0.1917,2132,22742,12015,0.528318,1242,116017.0,1|2|3|4|5,completed,10
10,5,2,30,10,on,5,0.3317,4402,39824,19765,0.496309,1671,116017.0,1|2|3|4|5,completed,10
10,5,2,30,10,on,6,0.5023,6352,65903,29647,0.449858,2391,116017.0,1|2|3|4|5,completed,10
10,5,2,30,10,on,7,0.4958,8190,68116,28543,0.419035,2308,116017.0,1|2|3|4|5,completed,10
10,5,2,30,10,on,8,0.6292,9215,79233,34961,0.441243,3028,116017.0,1|2|3|4|5,completed,10
10,5,2,30,10,on,9,0.2807,2226,33880,12984,0.383235,1082,116017.0,1|2|3|4|5,completed,10
10,5,2,60,5,off,0,0.6008,16709,102958,15293,0.148536,1248,116017.0,1|2|3|4|5,completed,5
10,5,2,60,5,off,1,0.3505,13580,57455,17418,0.303159,1277,116017.0,1|2|3|4|5,completed,5
10,5,2,60,5,off,2,0.6519,19798,128886,19018,0.147557,1278,116017.0,1|2|3|4|5,completed,5
10,5,2,60,5,off,3,1.6631,42908,212523,16897,0.079507,1162,116017.0,1|2|3|4|5,completed,5
10,5,2,60,5,off,4,1.3055,31390,202921,20571,0.101374,1274,116017.0,1|2|3|4|5,completed,5
10,5,2,60,5,off,5,0.3946,11043,73065,16096,0.220297,1276,116017.0,1|2|3|4|5,completed,5
10,5,2,60,5,off,6,1.2576,34584,210211,21210,0.100899,1277,116017.0,1|2|3|4|5,completed,5
10,5,2,60,5,off,7,0.463,13407,97903,17548,0.179239,1280,116017.0,1|2|3|4|5,completed,5
10,5,2,60,5,off,8,0.5696,13889,117333,18463,0.157356,1276,116017.0,1|2|3|4|5,completed,5
10,5,2,60,5,off,9,0.3691,12156,65710,17919,0.272698,1276,116017.0,1|2|3|4|5,completed,5
10,5,2,60,5,on,0,0.6211,14334,86301,16784,0.194482,1275,116017.0,1|2|3|4|5,completed,5
10,5,2,60,5,on,1,1.6048,31193,221092,21777,0.098497,1282,116017.0,1|2|3|4|5,completed,5
10,5,2,60,5,on,2,0.4601,10618,64240,15122,0.235399,1271,116017.0,1|2|3|4|5,completed,5
10,5,2,60,5,on,3,1.2518,24827,192497,22979,0.119373,1277,116017.0,1|2|3|4|5,completed,5
10,5,2,60,5,on,4,2.0901,46909,280546,26004,0.092691,1276,116017.0,1|2|3|4|5,completed,5
10,5,2,60,5,on,5,5.99,67446,449586,41424,0.092138,1279,116017.0,1|2|3|4|5,completed,5
10,5,2,60,5,on,6,1.5987,21443,119986,21635,0.180313,1279,116017.0,1|2|3|4|5,completed,5
10,5,2,60,5,on,7,1.2067,13066,91288,16808,0.184121,1274,116017.0,1|2|3|4|5,completed,5
10,5,2,60,5,on,8,0.6535,9879,47712,15318,0.321051,1275,116017.0,1|2|3|4|5,completed,5
10,5,2,60,5,on,9,1.339,13834,104110,17237,0.165565,1274,116017.0,1|2|3|4|5,completed,5
10,5,2,60,10,off,0,7.1175,33521,618565,60941,0.09852,3123,116017.0,1|2|3|4|5,completed,10
10,5,2,60,10,off,1,5.5515,33180,479698,49110,0.102377,3145,116017.0,1|2|3|4|5,completed,10
10,5,2,60,10,off,2,10.4559,67525,787297,64904,0.082439,3116,116017.0,1|2|3|4|5,completed,10
10,5,2,60,10,off,3,2.5424,16055,253847,42693,0.168184,3190,116017.0,1|2|3|4|5,completed,10
10,5,2,60,10,off,4,1.738,13035,167105,44084,0.26381,3187,116017.0,1|2|3|4|5,completed,10
10,5,2,60,10,off,5,1.4601,9520,141552,37998,0.268438,3181,116017.0,1|2|3|4|5,completed,10
10,5,2,60,10,off,6,2.3566,14378,266542,43856,0.164537,3186,116017.0,1|2|3|4|5,completed,10
10,5,2,60,10,off,7,2.7719,18161,311681,47449,0.152236,3191,116017.0,1|2|3|4|5,completed,10
10,5,2,60,10,off,8,2.9179,20558,295289,37229,0.126076,2819,116017.0,1|2|3|4|5,completed,10
10,5,2,60,10,off,9,1.7561,12072,184637,39030,0.211388,3193,116017.0,1|2|3|4|5,completed,10
10,5,2,60,10,on,0,2.0842,11592,172060,40628,0.236127,3193,116017.0,1|2|3|4|5,completed,10
10,5,2,60,10,on,1,3.3346,19863,251893,59126,0.234727,3190,116017.0,1|2|3|4|5,completed,10
10,5,2,60,10,on,2,4.2533,23770,346480,45703,0.131907,3162,116017.0,1|2|3|4|5,completed,10
10,5,2,60,10,on,3,2.2548,12754,175924,41412,0.235397,3191,116017.0,1|2|3|4|5,completed,10
10,5,2,60,10,on,4,9.7043,47406,721184,65220,0.090435,3166,116017.0,1|2|3|4|5,completed,10
10,5,2,60,10,on,5,4.6823,21969,394981,49833,0.126166,3195,116017.0,1|2|3|4|5,completed,10
10,5,2,60,10,on,6,2.3764,10434,185612,38524,0.207551,3184,116017.0,1|2|3|4|5,completed,10
10,5,2,60,10,on,7,2.718,12776,231673,41071,0.17728,3187,116017.0,1|2|3|4|5,completed,10
10,5,2,60,10,on,8,2.1374,10989,175665,40520,0.230666,3192,116017.0,1|2|3|4|5,completed,10
10,5,2,60,10,on,9,6.8604,29429,568478,60588,0.106579,3192,116017.0,1|2|3|4|5,completed,10
10,5,2,120,5,off,0,6.7626,89454,581882,48930,0.084089,1281,116017.0,1|2|3|4|5,completed,5
10,5,2,120,5,off,1,6.4201,74648,635698,55686,0.087598,1284,116017.0,1|2|3|4|5,completed,5
10,5,2,120,5,off,2,2.6235,31767,275382,28130,0.102149,1280,116017.0,1|2|3|4|5,completed,5
10,5,2,120,5,off,3,1.0911,18310,121109,21074,0.174009,1274,116017.0,1|2|3|4|5,completed,5
10,5,2,120,5,off,4,1.8316,25336,197900,24811,0.125371,1276,116017.0,1|2|3|4|5,completed,5
10,5,2,120,5,off,5,6.3124,67914,632610,56967,0.090051,1279,116017.0,1|2|3|4|5,completed,5
10,5,2,120,5,off,6,4.7513,48916,478459,43558,0.091038,1275,116017.0,1|2|3|4|5,completed,5
10,5,2,120,5,off,7,1.2635,20122,146876,22283,0.151713,1278,116017.0,1|2|3|4|5,completed,5
10,5,2,120,5,off,8,2.2501,35279,232133,32216,0.138783,1277,116017.0,1|2|3|4|5,completed,5
10,5,2,120,5,off,9,1.2434,23504,128905,22038,0.170963,1277,116017.0,1|2|3|4|5,completed,5
10,5,2,120,5,on,0,2.9332,35838,265103,29768,0.112288,1275,116017.0,1|2|3|4|5,completed,5
10,5,2,120,5,on,1,17.1263,200911,1360610,119612,0.087911,1278,116017.0,1|2|3|4|5,completed,5
10,5,2,120,5,on,2,2.2901,26217,216016,24076,0.111455,1280,116017.0,1|2|3|4|5,completed,5
10,5,2,120,5,on,3,1.6643,22271,132367,23495,0.177499,1278,116017.0,1|2|3|4|5,completed,5
10,5,2,120,5,on,4,1.2722,18940,111161,22184,0.199566,1277,116017.0,1|2|3|4|5,completed,5
10,5,2,120,5,on,5,6.7541,72141,602064,52077,0.086497,1281,116017.0,1|2|3|4|5,completed,5
10,5,2,120,5,on,6,1.6426,25077,129238,25725,0.199051,1277,116017.0,1|2|3|4|5,completed,5
10,5,2,120,5,on,7,1.8917,22937,175492,25267,0.143978,1277,116017.0,1|2|3|4|5,completed,5
10,5,2,120,5,on,8,4.0775,43860,335977,37062,0.110311,1276,116017.0,1|2|3|4|5,completed,5
10,5,2,120,5,on,9,2.5463,28752,230399,25754,0.11178,1276,116017.0,1|2|3|4|5,completed,5
10,5,2,120,10,off,0,13.1501,63123,1264481,116869,0.092424,3188,116017.0,1|2|3|4|5,completed,10
10,5,2,120,10,off,1,12.0628,62706,1117596,101984,0.091253,3194,116017.0,1|2|3|4|5,completed,10
10,5,2,120,10,off,2,13.0919,66931,1203533,106226,0.088262,3190,116017.0,1|2|3|4|5,completed,10
10,5,2,120,10,off,3,7.4157,37208,796358,83620,0.105003,3185,116017.0,1|2|3|4|5,completed,10
10,5,2,120,10,off,4,3.5271,21546,415186,61248,0.147519,3189,116017.0,1|2|3|4|5,completed,10
10,5,2,120,10,off,5,8.9668,54941,796940,82807,0.103906,3188,116017.0,1|2|3|4|5,completed,10
10,5,2,120,10,off,6,20.4928,102160,1902656,147590,0.077571,3186,116017.0,1|2|3|4|5,completed,10
10,5,2,120,10,off,7,6.7531,34791,762121,79905,0.104846,3192,116017.0,1|2|3|4|5,completed,10
10,5,2,120,10,off,8,8.0229,37835,850993,90720,0.106605,3196,116017.0,1|2|3|4|5,completed,10
10,5,2,120,10,off,9,3.8784,25299,431566,63462,0.147051,3187,116017.0,1|2|3|4|5,completed,10
10,5,2,120,10,on,0,15.4658,68226,1373719,123690,0.09004,3193,116017.0,1|2|3|4|5,completed,10
10,5,2,120,10,on,1,6.6142,28250,642510,71705,0.111601,3193,116017.0,1|2|3|4|5,completed,10
10,5,2,120,10,on,2,15.2848,62415,1324376,120426,0.09093,3196,116017.0,1|2|3|4|5,completed,10
10,5,2,120,10,on,3,15.8191,65004,1414349,127182,0.089923,3190,116017.0,1|2|3|4|5,completed,10
10,5,2,120,10,on,4,14.1708,64575,1168673,112907,0.096611,3189,116017.0,1|2|3|4|5,completed,10
10,5,2,120,10,on,5,8.4071,35324,772274,80095,0.103713,3190,116017.0,1|2|3|4|5,completed,10
10,5,2,120,10,on,6,4.6016,21079,408720,53392,0.130632,3186,116017.0,1|2|3|4|5,completed,10
10,5,2,120,10,on,7,6.4003,32648,556776,64894,0.116553,3189,116017.0,1|2|3|4|5,completed,10
10,5,2,120,10,on,8,12.4173,53283,1044264,108097,0.103515,3189,116017.0,1|2|3|4|5,completed,10
10,5,2,120,10,on,9,6.7057,31999,617506,72361,0.117183,3191,116017.0,1|2|3|4|5,completed,10
10,5,2,240,5,off,0,7.934,99687,751046,60921,0.081115,1277,116017.0,1|2|3|4|5,completed,5
10,5,2,240,5,off,1,18.5894,223011,1609223,162155,0.100766,1280,116017.0,1|2|3|4|5,completed,5
10,5,2,240,5,off,2,18.651,223753,1684717,146154,0.086753,1280,116017.0,1|2|3|4|5,completed,5
10,5,2,240,5,off,3,8.7126,113983,757426,60648,0.080071,1276,116017.0,1|2|3|4|5,completed,5
10,5,2,240,5,off,4,10.1184,123726,916689,80017,0.087289,1278,116017.0,1|2|3|4|5,completed,5
10,5,2,240,5,off,5,5.2999,84853,467948,49746,0.106307,1278,116017.0,1|2|3|4|5,completed,5
10,5,2,240,5,off,6,8.3778,111714,729393,56922,0.07804,1278,116017.0,1|2|3|4|5,completed,5
10,5,2,240,5,off,7,16.9167,214145,1548798,134588,0.086898,1279,116017.0,1|2|3|4|5,completed,5
10,5,2,240,5,off,8,7.4658,113361,636138,52973,0.083273,1274,116017.0,1|2|3|4|5,completed,5
10,5,2,240,5,off,9,7.2933,103160,623701,60096,0.096354,1274,116017.0,1|2|3|4|5,completed,5
10,5,2,240,5,on,0,7.5209,81379,634337,50726,0.079967,1279,116017.0,1|2|3|4|5,completed,5
10,5,2,240,5,on,1,5.6607,66603,450551,43644,0.096868,1279,116017.0,1|2|3|4|5,completed,5
10,5,2,240,5,on,2,7.2395,86830,561952,41323,0.073535,1275,116017.0,1|2|3|4|5,completed,5
10,5,2,240,5,on,3,6.646,90558,488309,48580,0.099486,1278,116017.0,1|2|3|4|5,completed,5
10,5,2,240,5,on,4,10.6489,130067,844497,73200,0.086679,1277,116017.0,1|2|3|4|5,completed,5
10,5,2,240,5,on,5,10.0728,118817,821710,68573,0.083452,1279,116017.0,1|2|3|4|5,completed,5
10,5,2,240,5,on,6,7.2744,80391,606157,50649,0.083558,1278,116017.0,1|2|3|4|5,completed,5
10,5,2,240,5,on,7,25.4324,304190,1974299,175361,0.088822,1277,116017.0,1|2|3|4|5,completed,5
10,5,2,240,5,on,8,6.3407,73897,500305,38875,0.077703,1278,116017.0,1|2|3|4|5,completed,5
10,5,2,240,5,on,9,11.1367,131069,845734,69954,0.082714,1274,116017.0,1|2|3|4|5,completed,5
10,5,2,240,10,off,0,17.407,98521,1473741,110633,0.07507,3188,116017.0,1|2|3|4|5,completed,10
10,5,2,240,10,off,1,21.734,113253,1845308,144211,0.07815,3193,116017.0,1|2|3|4|5,completed,10
10,5,2,240,10,off,2,26.2132,142570,2362065,198685,0.084115,3186,116017.0,1|2|3|4|5,completed,10
10,5,2,240,10,off,3,15.7356,97271,1336417,122522,0.091679,3190,116017.0,1|2|3|4|5,completed,10
10,5,2,240,10,off,4,27.566,130853,2448228,199028,0.081295,3191,116017.0,1|2|3|4|5,completed,10
10,5,2,240,10,off,5,25.8655,131134,2334407,188472,0.080737,3191,116017.0,1|2|3|4|5,completed,10
10,5,2,240,10,off,6,56.454,317188,5008419,442731,0.088397,3191,116017.0,1|2|3|4|5,completed,10
10,5,2,240,10,off,7,18.3761,93220,1692023,137049,0.080997,3195,116017.0,1|2|3|4|5,completed,10
10,5,2,240,10,off,8,24.3437,115200,2196648,186289,0.084806,3194,116017.0,1|2|3|4|5,completed,10
10,5,2,240,10,off,9,29.112,139973,2754917,227031,0.082409,3187,116017.0,1|2|3|4|5,completed,10
10,5,2,240,10,on,0,22.5675,112627,1705465,148904,0.08731,3187,116017.0,1|2|3|4|5,completed,10
10,5,2,240,10,on,1,31.8121,144133,2729742,224689,0.082311,3197,116017.0,1|2|3|4|5,completed,10
10,5,2,240,10,on,2,15.5117,81907,1144540,109037,0.095267,3192,116017.0,1|2|3|4|5,completed,10
10,5,2,240,10,on,3,25.9723,120366,1964663,173133,0.088124,3189,116017.0,1|2|3|4|5,completed,10
10,5,2,240,10,on,4,17.0513,82382,1321197,113884,0.086198,3196,116017.0,1|2|3|4|5,completed,10
10,5,2,240,10,on,5,23.3044,114372,1755558,142568,0.08121,3185,116017.0,1|2|3|4|5,completed,10
10,5,2,240,10,on,6,24.605,115121,1867181,156971,0.084068,3193,116017.0,1|2|3|4|5,completed,10
10,5,2,240,10,on,7,29.3225,124186,2388248,186437,0.078064,3195,116017.0,1|2|3|4|5,completed,10
10,5,2,240,10,on,8,30.1096,132121,2412438,204420,0.084736,3193,116017.0,1|2|3|4|5,completed,10
10,5,2,240,10,on,9,32.9858,174870,2857089,230578,0.080704,3188,116017.0,1|2|3|4|5,completed,10
20,2,2,30,5,off,0,0.0411,996,5415,2738,0.505633,432,7.0,1|2,completed,5
20,2,2,30,5,off,1,0.0403,1381,7364,3164,0.429658,421,7.0,1|2,completed,5
20,2,2,30,5,off,2,0.0436,1257,6666,3014,0.452145,421,7.0,1|2,completed,5
20,2,2,30,5,off,3,0.0462,1304,6886,3041,0.441621,426,7.0,1|2,completed,5
20,2,2,30,5,off,4,0.0409,996,5485,2691,0.490611,420,7.0,1|2,completed,5
20,2,2,30,5,off,5,0.0452,1085,5924,2914,0.491897,424,7.0,1|2,completed,5
20,2,2,30,5,off,6,0.0496,1212,6636,3044,0.45871,424,7.0,1|2,completed,5
20,2,2,30,5,off,7,0.0447,1134,6295,2933,0.465925,418,7.0,1|2,completed,5
20,2,2,30,5,off,8,0.0477,1414,7504,3213,0.428172,415,7.0,1|2,completed,5
20,2,2,30,5,off,9,0.0557,1147,6246,2939,0.470541,421,7.0,1|2,completed,5
20,2,2,30,5,on,0,0.0457,1120,5902,2524,0.427652,342,7.0,1|2,completed,5
20,2,2,30,5,on,1,0.0507,1027,5438,2591,0.476462,406,7.0,1|2,completed,5
20,2,2,30,5,on,2,0.0431,985,5337,2653,0.497096,420,7.0,1|2,completed,5
20,2,2,30,5,on,3,0.0541,1028,5444,2403,0.441403,347,7.0,1|2,completed,5
20,2,2,30,5,on,4,0.0487,1373,7352,3138,0.426823,421,7.0,1|2,completed,5
20,2,2,30,5,on,5,0.043,1156,6171,2892,0.468644,420,7.0,1|2,completed,5
20,2,2,30,5,on,6,0.0564,1180,6420,2934,0.457009,412,7.0,1|2,completed,5
20,2,2,30,5,on,7,0.0577,1273,7298,3184,0.436284,421,7.0,1|2,completed,5
20,2,2,30,5,on,8,0.043,1099,5766,2770,0.480402,419,7.0,1|2,completed,5
20,2,2,30,5,on,9,0.0989,1095,5781,2734,0.472929,397,7.0,1|2,completed,5
20,2,2,30,10,off,0,0.1018,1451,15173,6975,0.459698,1061,7.0,1|2,completed,10
20,2,2,30,10,off,1,0.0967,1235,13328,6223,0.466912,1013,7.0,1|2,completed,10
20,2,2,30,10,off,2,0.1007,1306,14197,6499,0.457773,1043,7.0,1|2,completed,10
20,2,2,30,10,off,3,0.099,1320,14118,6284,0.445106,1024,7.0,1|2,completed,10
20,2,2,30,10,off,4,0.1088,1450,15320,6976,0.455352,1041,7.0,1|2,completed,10
20,2,2,30,10,off,5,0.0971,1328,14306,6483,0.453167,1028,7.0,1|2,completed,10
20,2,2,30,10,off,6,0.0996,1162,12211,6116,0.50086,1046,7.0,1|2,completed,10
20,2,2,30,10,off,7,0.0866,1111,11862,5623,0.474035,991,7.0,1|2,completed,10
20,2,2,30,10,off,8,0.094,1284,13774,6063,0.440177,942,7.0,1|2,completed,10
20,2,2,30,10,off,9,0.1167,1531,16981,7468,0.439786,1041,7.0,1|2,completed,10
20,2,2,30,10,on,0,0.1076,1163,12667,6073,0.479435,1023,7.0,1|2,completed,10
20,2,2,30,10,on,1,0.0926,1126,11964,5958,0.497994,1051,7.0,1|2,completed,10
20,2,2,30,10,on,2,0.112,1263,13696,6225,0.454512,1006,7.0,1|2,completed,10
20,2,2,30,10,on,3,0.0921,1105,11657,5566,0.477481,953,7.0,1|2,completed,10
20,2,2,30,10,on,4,0.1031,1318,14275,6657,0.46634,1054,7.0,1|2,completed,10
20,2,2,30,10,on,5,0.1,1085,11437,5700,0.498382,1006,7.0,1|2,completed,10
20,2,2,30,10,on,6,0.1012,1157,12286,6048,0.492268,1030,7.0,1|2,completed,10
20,2,2,30,10,on,7,0.084,1060,11406,5513,0.483342,957,7.0,1|2,completed,10
20,2,2,30,10,on,8,0.1197,1255,13787,6363,0.461522,1023,7.0,1|2,completed,10
20,2,2,30,10,on,9,0.0845,1108,11779,5878,0.499024,1041,7.0,1|2,completed,10
20,2,2,60,5,off,0,0.0791,1774,9922,4196,0.422899,426,7.0,1|2,completed,5
20,2,2,60,5,off,1,0.065,1877,10294,4216,0.409559,423,7.0,1|2,completed,5
20,2,2,60,5,off,2,0.0612,1627,9218,3968,0.430462,433,7.0,1|2,completed,5
20,2,2,60,5,off,3,0.0552,1389,7578,3511,0.463315,425,7.0,1|2,completed,5
20,2,2,60,5,off,4,0.1317,1655,9204,3975,0.431877,430,7.0,1|2,completed,5
20,2,2,60,5,off,5,0.0511,1595,8960,3895,0.43471,423,7.0,1|2,completed,5
20,2,2,60,5,off,6,0.0455,1428,7823,3515,0.449316,433,7.0,1|2,completed,5
20,2,2,60,5,off,7,0.0741,1471,8166,3676,0.450159,424,7.0,1|2,completed,5
20,2,2,60,5,off,8,0.0517,1436,7951,3641,0.45793,433,7.0,1|2,completed,5
20,2,2,60,5,off,9,0.0594,1375,7625,3512,0.46059,423,7.0,1|2,completed,5
20,2,2,60,5,on,0,0.0565,1403,7866,3589,0.456267,433,7.0,1|2,completed,5
20,2,2,60,5,on,1,0.0674,1620,9124,3975,0.435664,428,7.0,1|2,completed,5
20,2,2,60,5,on,2,0.0555,1518,8510,3790,0.445358,429,7.0,1|2,completed,5
20,2,2,60,5,on,3,0.0645,1682,9666,4129,0.427167,430,7.0,1|2,completed,5
20,2,2,60,5,on,4,0.0561,1390,7871,3592,0.456359,424,7.0,1|2,completed,5
20,2,2,60,5,on,5,0.0688,1746,9878,4167,0.421847,427,7.0,1|2,completed,5
20,2,2,60,5,on,6,0.0734,1501,8585,3751,0.436925,424,7.0,1|2,completed,5
20,2,2,60,5,on,7,0.0761,1853,10398,4407,0.423832,432,7.0,1|2,completed,5
20,2,2,60,5,on,8,0.0631,1708,9588,4040,0.42136,426,7.0,1|2,completed,5
20,2,2,60,5,on,9,0.0676,1452,8117,3652,0.44992,426,7.0,1|2,completed,5
20,2,2,60,10,off,0,0.1414,1698,18792,8516,0.453172,1068,7.0,1|2,completed,10
20,2,2,60,10,off,1,0.1336,1688,18604,8397,0.451355,1059,7.0,1|2,completed,10
20,2,2,60,10,off,2,0.1396,1527,17218,7954,0.461958,1057,7.0,1|2,completed,10
20,2,2,60,10,off,3,0.1316,1674,18759,8416,0.448638,1054,7.0,1|2,completed,10
20,2,2,60,10,off,4,0.1341,1593,17794,8146,0.457795,1067,7.0,1|2,completed,10
20,2,2,60,10,off,5,0.1062,1440,16105,7616,0.472897,1070,7.0,1|2,completed,10
20,2,2,60,10,off,6,0.1264,1539,17274,7955,0.460519,1057,7.0,1|2,completed,10
20,2,2,60,10,off,7,0.1084,1437,16018,7552,0.47147,1058,7.0,1|2,completed,10
20,2,2,60,10,off,8,0.1265,1514,16908,7910,0.467826,1061,7.0,1|2,completed,10
20,2,2,60,10,off,9,0.1095,1413,15651,7500,0.479203,1075,7.0,1|2,completed,10
20,2,2,60,10,on,0,0.145,1597,18134,8304,0.457924,1055,7.0,1|2,completed,10
20,2,2,60,10,on,1,0.1211,1442,16148,7581,0.46947,1058,7.0,1|2,completed,10
20,2,2,60,10,on,2,0.2085,1908,22079,9503,0.430409,1064,7.0,1|2,completed,10
20,2,2,60,10,on,3,0.1047,1180,12868,6590,0.512123,1056,7.0,1|2,completed,10
20,2,2,60,10,on,4,0.1236,1408,15158,7267,0.479417,1058,7.0,1|2,completed,10
20,2,2,60,10,on,5,0.1077,1333,14415,7105,0.492889,1054,7.0,1|2,completed,10
20,2,2,60,10,on,6,0.1427,1509,17145,7916,0.461709,1057,7.0,1|2,completed,10
20,2,2,60,10,on,7,0.1148,1420,15849,7537,0.475551,1055,7.0,1|2,completed,10
20,2,2,60,10,on,8,0.1174,1400,15724,7508,0.477487,1056,7.0,1|2,completed,10
20,2,2,60,10,on,9,0.1369,1637,18151,8282,0.456283,1054,7.0,1|2,completed,10
20,2,2,120,5,off,0,0.0592,1665,9201,4000,0.434735,432,7.0,1|2,completed,5
20,2,2,120,5,off,1,0.0642,1680,9136,3919,0.428962,429,7.0,1|2,completed,5
20,2,2,120,5,off,2,0.061,1808,10024,4231,0.422087,423,7.0,1|2,completed,5
20,2,2,120,5,off,3,0.061,1545,8498,3767,0.443281,427,7.0,1|2,completed,5
20,2,2,120,5,off,4,0.0595,1819,10140,4269,0.421006,430,7.0,1|2,completed,5
20,2,2,120,5,off,5,0.0553,1590,8802,3847,0.43706,430,7.0,1|2,completed,5
20,2,2,120,5,off,6,0.0614,1587,8706,3765,0.43246,424,7.0,1|2,completed,5
20,2,2,120,5,off,7,0.0716,1845,10447,4410,0.422131,429,7.0,1|2,completed,5
20,2,2,120,5,off,8,0.0663,1785,9975,4189,0.41995,429,7.0,1|2,completed,5
20,2,2,120,5,off,9,0.0593,1675,9202,3980,0.432515,423,7.0,1|2,completed,5
20,2,2,120,5,on,0,0.0667,1763,9882,4235,0.428557,427,7.0,1|2,completed,5
20,2,2,120,5,on,1,0.0802,1820,9968,4118,0.413122,431,7.0,1|2,completed,5
20,2,2,120,5,on,2,0.0581,1359,7398,3433,0.464044,424,7.0,1|2,completed,5
20,2,2,120,5,on,3,0.0629,1686,9324,4024,0.431574,425,7.0,1|2,completed,5
20,2,2,120,5,on,4,0.0631,1551,8740,3850,0.440503,429,7.0,1|2,completed,5
20,2,2,120,5,on,5,0.0676,1683,9246,4011,0.433809,432,7.0,1|2,completed,5
20,2,2,120,5,on,6,0.0656,1655,9074,3893,0.429028,428,7.0,1|2,completed,5
20,2,2,120,5,on,7,0.0546,1429,7838,3501,0.44667,422,7.0,1|2,completed,5
20,2,2,120,5,on,8,0.0634,1788,9694,4110,0.423974,429,7.0,1|2,completed,5
20,2,2,120,5,on,9,0.0692,1678,9265,4059,0.4381,426,7.0,1|2,completed,5
20,2,2,120,10,off,0,0.1252,1548,17071,7980,0.467459,1067,7.0,1|2,completed,10
20,2,2,120,10,off,1,0.1777,1769,19862,8822,0.444165,1058,7.0,1|2,completed,10
20,2,2,120,10,off,2,0.1362,1719,18899,8536,0.451664,1073,7.0,1|2,completed,10
20,2,2,120,10,off,3,0.1172,1644,18761,8423,0.448963,1060,7.0,1|2,completed,10
20,2,2,120,10,off,4,0.1416,1719,18985,8531,0.449355,1055,7.0,1|2,completed,10
20,2,2,120,10,off,5,0.1295,1617,17921,8177,0.45628,1052,7.0,1|2,completed,10
20,2,2,120,10,off,6,0.0972,1392,15219,7399,0.486169,1052,7.0,1|2,completed,10
20,2,2,120,10,off,7,0.1026,1385,15187,7356,0.484362,1061,7.0,1|2,completed,10
20,2,2,120,10,off,8,0.1261,1594,17899,8101,0.452595,1055,7.0,1|2,completed,10
20,2,2,120,10,off,9,0.107,1601,17500,8107,0.463257,1055,7.0,1|2,completed,10
20,2,2,120,10,on,0,0.1302,1728,19348,8667,0.447953,1064,7.0,1|2,completed,10
20,2,2,120,10,on,1,0.1422,1774,19968,8838,0.442608,1066,7.0,1|2,completed,10
20,2,2,120,10,on,2,0.1179,1454,15403,7396,0.480166,1053,7.0,1|2,completed,10
20,2,2,120,10,on,3,0.1191,1502,16353,7614,0.465603,1058,7.0,1|2,completed,10
20,2,2,120,10,on,4,0.1471,1611,18280,8387,0.458807,1068,7.0,1|2,completed,10
20,2,2,120,10,on,5,0.1324,1660,18024,8393,0.465657,1060,7.0,1|2,completed,10
20,2,2,120,10,on,6,0.1515,1804,19725,8805,0.446388,1053,7.0,1|2,completed,10
20,2,2,120,10,on,7,0.1355,1728,19509,8727,0.447332,1061,7.0,1|2,completed,10
20,2,2,120,10,on,8,0.1368,1766,19872,8938,0.449779,1061,7.0,1|2,completed,10
20,2,2,120,10,on,9,0.1284,1705,18754,8441,0.450091,1066,7.0,1|2,completed,10
20,2,2,240,5,off,0,0.077,2016,11119,4607,0.414336,428,7.0,1|2,completed,5
20,2,2,240,5,off,1,0.0789,1997,11219,4611,0.410999,429,7.0,1|2,completed,5
20,2,2,240,5,off,2,0.0788,1990,10894,4505,0.41353,424,7.0,1|2,completed,5
20,2,2,240,5,off,3,0.0965,2002,11242,4605,0.409625,426,7.0,1|2,completed,5
20,2,2,240,5,off,4,0.0731,1928,10469,4291,0.409877,427,7.0,1|2,completed,5
20,2,2,240,5,off,5,0.0791,2150,11752,4813,0.409547,425,7.0,1|2,completed,5
20,2,2,240,5,off,6,0.1242,2071,11552,4627,0.400537,427,7.0,1|2,completed,5
20,2,2,240,5,off,7,0.0798,1996,11600,4705,0.405603,428,7.0,1|2,completed,5
20,2,2,240,5,off,8,0.067,1824,10216,4212,0.412294,426,7.0,1|2,completed,5
20,2,2,240,5,off,9,0.0653,1783,9894,4119,0.416313,427,7.0,1|2,completed,5
20,2,2,240,5,on,0,0.0935,2206,12286,5001,0.407049,425,7.0,1|2,completed,5
20,2,2,240,5,on,1,0.0877,1867,10332,4254,0.411731,426,7.0,1|2,completed,5
20,2,2,240,5,on,2,0.0699,2005,11155,4582,0.410758,427,7.0,1|2,completed,5
20,2,2,240,5,on,3,0.0769,1915,10651,4317,0.405314,422,7.0,1|2,completed,5
20,2,2,240,5,on,4,0.0704,1831,10016,4201,0.419429,423,7.0,1|2,completed,5
20,2,2,240,5,on,5,0.0895,1967,10933,4515,0.41297,424,7.0,1|2,completed,5
20,2,2,240,5,on,6,0.0799,1927,10743,4422,0.411617,430,7.0,1|2,completed,5
20,2,2,240,5,on,7,0.0737,2009,11081,4570,0.412418,427,7.0,1|2,completed,5
20,2,2,240,5,on,8,0.0814,1946,10675,4445,0.416393,428,7.0,1|2,completed,5
20,2,2,240,5,on,9,0.082,2002,11087,4557,0.411022,433,7.0,1|2,completed,5
20,2,2,240,10,off,0,0.1345,1738,19531,8618,0.441247,1058,7.0,1|2,completed,10
20,2,2,240,10,off,1,0.1455,1896,21067,9188,0.436132,1061,7.0,1|2,completed,10
20,2,2,240,10,off,2,0.1576,1991,21883,9585,0.438011,1054,7.0,1|2,completed,10
20,2,2,240,10,off,3,0.1502,2000,22083,9683,0.438482,1060,7.0,1|2,completed,10
20,2,2,240,10,off,4,0.1525,2021,22790,9801,0.430057,1060,7.0,1|2,completed,10
20,2,2,240,10,off,5,0.174,1817,20064,8793,0.438248,1066,7.0,1|2,completed,10
20,2,2,240,10,off,6,0.1378,1904,21386,9234,0.431778,1070,7.0,1|2,completed,10
20,2,2,240,10,off,7,0.1744,1968,21749,9541,0.438687,1063,7.0,1|2,completed,10
20,2,2,240,10,off,8,0.1603,2079,22415,9798,0.437118,1062,7.0,1|2,completed,10
20,2,2,240,10,off,9,0.1963,1931,21627,9449,0.436908,1057,7.0,1|2,completed,10
20,2,2,240,10,on,0,0.1348,1827,19850,8739,0.440252,1060,7.0,1|2,completed,10
20,2,2,240,10,on,1,0.1488,1964,21239,9414,0.443241,1052,7.0,1|2,completed,10
20,2,2,240,10,on,2,0.1753,1935,21782,9367,0.430034,1061,7.0,1|2,completed,10
20,2,2,240,10,on,3,0.1532,2011,22497,9792,0.435258,1061,7.0,1|2,completed,10
20,2,2,240,10,on,4,0.1586,2019,22132,9815,0.443476,1058,7.0,1|2,completed,10
20,2,2,240,10,on,5,0.1553,1980,21599,9461,0.43803,1053,7.0,1|2,completed,10
20,2,2,240,10,on,6,0.184,2124,24149,10378,0.429749,1055,7.0,1|2,completed,10
20,2,2,240,10,on,7,0.1643,1762,19682,8613,0.437608,1060,7.0,1|2,completed,10
20,2,2,240,10,on,8,0.1552,1913,20960,9168,0.437405,1057,7.0,1|2,completed,10
20,2,2,240,10,on,9,0.1469,1953,21974,9507,0.432648,1064,7.0,1|2,completed,10
20,3,2,30,5,off,0,0.2492,8900,23299,12342,0.529722,2247,97.0,1|2|3,completed,5
20,3,2,30,5,off,1,0.2855,10313,29585,13323,0.45033,2424,97.0,1|2|3,completed,5
20,3,2,30,5,off,2,0.369,13590,41501,13391,0.322667,2127,97.0,1|2|3,completed,5
20,3,2,30,5,off,3,0.3923,14054,43859,15398,0.35108,2491,97.0,1|2|3,completed,5
20,3,2,30,5,off,4,0.3472,11428,35129,13886,0.395286,2324,97.0,1|2|3,completed,5
20,3,2,30,5,off,5,0.3036,11193,35258,13013,0.369079,2148,97.0,1|2|3,completed,5
20,3,2,30,5,off,6,0.3449,12993,41249,12682,0.30745,1818,97.0,1|2|3,completed,5
20,3,2,30,5,off,7,0.2706,7365,22599,8945,0.395814,1424,97.0,1|2|3,completed,5
20,3,2,30,5,off,8,0.2623,9640,27487,12899,0.469276,2347,97.0,1|2|3,completed,5
20,3,2,30,5,off,9,0.2655,9651,29250,13371,0.457128,2364,97.0,1|2|3,completed,5
20,3,2,30,5,on,0,0.2561,8293,24309,11718,0.482044,2115,97.0,1|2|3,completed,5
20,3,2,30,5,on,1,0.3357,10657,30546,12474,0.408368,2234,97.0,1|2|3,completed,5
20,3,2,30,5,on,2,0.2383,6814,21700,9474,0.43659,1658,97.0,1|2|3,completed,5
20,3,2,30,5,on,3,0.4119,12972,40161,14992,0.373297,2536,97.0,1|2|3,completed,5
20,3,2,30,5,on,4,0.3705,11393,34546,13995,0.405112,2455,97.0,1|2|3,completed,5
20,3,2,30,5,on,5,0.3458,10371,32560,11542,0.354484,1910,97.0,1|2|3,completed,5
20,3,2,30,5,on,6,0.3916,12523,38518,14679,0.381095,2496,97.0,1|2|3,completed,5
20,3,2,30,5,on,7,0.7568,23051,75551,21301,0.281942,2697,97.0,1|2|3,completed,5
20,3,2,30,5,on,8,0.3471,9512,30079,11497,0.382227,1951,97.0,1|2|3,completed,5
20,3,2,30,5,on,9,0.2738,7842,25695,10569,0.411325,1827,97.0,1|2|3,completed,5
20,3,2,30,10,off,0,0.9765,13901,102639,36095,0.351669,6117,97.0,1|2|3,completed,10
20,3,2,30,10,off,1,0.7556,11849,82473,29958,0.363246,5118,97.0,1|2|3,completed,10
20,3,2,30,10,off,2,0.8787,13385,98666,31981,0.324134,5116,97.0,1|2|3,completed,10
20,3,2,30,10,off,3,0.6803,12110,74017,25907,0.350014,4684,97.0,1|2|3,completed,10
20,3,2,30,10,off,4,0.7152,10605,78273,30173,0.385484,5299,97.0,1|2|3,completed,10
20,3,2,30,10,off,5,0.6941,11444,77462,31475,0.406328,5699,97.0,1|2|3,completed,10
20,3,2,30,10,off,6,0.9112,13502,101338,35558,0.350885,5630,97.0,1|2|3,completed,10
20,3,2,30,10,off,7,0.8022,11875,87365,33751,0.386322,5993,97.0,1|2|3,completed,10
20,3,2,30,10,off,8,0.8234,12867,92813,37069,0.399394,6671,97.0,1|2|3,completed,10
20,3,2,30,10,off,9,0.7818,11422,81044,34959,0.431358,6488,97.0,1|2|3,completed,10
20,3,2,30,10,on,0,0.8738,10928,82335,30385,0.369041,5144,97.0,1|2|3,completed,10
20,3,2,30,10,on,1,0.7786,10516,69484,26056,0.374993,4648,97.0,1|2|3,completed,10
20,3,2,30,10,on,2,0.8583,11276,79493,29989,0.377253,5313,97.0,1|2|3,completed,10
20,3,2,30,10,on,3,0.9054,10837,82313,28598,0.34743,4869,97.0,1|2|3,completed,10
20,3,2,30,10,on,4,0.5352,7163,47196,18787,0.398063,3258,97.0,1|2|3,completed,10
20,3,2,30,10,on,5,0.725,9412,65943,29491,0.44722,5571,97.0,1|2|3,completed,10
20,3,2,30,10,on,6,0.7937,9505,71584,29535,0.412592,5418,97.0,1|2|3,completed,10
20,3,2,30,10,on,7,0.8594,10341,75637,31064,0.410698,5813,97.0,1|2|3,completed,10
20,3,2,30,10,on,8,0.8238,11283,72720,24194,0.332701,4068,97.0,1|2|3,completed,10
20,3,2,30,10,on,9,0.6334,6710,53066,19256,0.362869,3141,97.0,1|2|3,completed,10
20,3,2,60,5,off,0,0.8249,27587,101000,26831,0.265653,2705,97.0,1|2|3,completed,5
20,3,2,60,5,off,1,0.6111,19706,71697,21953,0.306191,2701,97.0,1|2|3,completed,5
20,3,2,60,5,off,2,0.6644,20213,75526,22258,0.294706,2713,97.0,1|2|3,completed,5
20,3,2,60,5,off,3,0.8847,27669,105629,26943,0.255072,2705,97.0,1|2|3,completed,5
20,3,2,60,5,off,4,0.8965,26714,101197,26819,0.265018,2705,97.0,1|2|3,completed,5
20,3,2,60,5,off,5,0.8407,26412,95070,26055,0.274061,2705,97.0,1|2|3,completed,5
20,3,2,60,5,off,6,0.8419,29040,100400,26858,0.26751,2702,97.0,1|2|3,completed,5
20,3,2,60,5,off,7,1.1365,36408,130641,33077,0.25319,2707,97.0,1|2|3,completed,5
20,3,2,60,5,off,8,0.8194,24846,92435,25198,0.272602,2711,97.0,1|2|3,completed,5
20,3,2,60,5,off,9,0.9585,31404,113649,29504,0.259606,2714,97.0,1|2|3,completed,5
20,3,2,60,5,on,0,0.5521,17357,59291,19941,0.336324,2703,97.0,1|2|3,completed,5
20,3,2,60,5,on,1,0.6555,19393,69760,21265,0.304831,2709,97.0,1|2|3,completed,5
20,3,2,60,5,on,2,1.068,30403,113707,30372,0.267108,2711,97.0,1|2|3,completed,5
20,3,2,60,5,on,3,0.8841,24078,88159,24812,0.281446,2704,97.0,1|2|3,completed,5
20,3,2,60,5,on,4,0.9198,27590,99261,27464,0.276685,2705,97.0,1|2|3,completed,5
20,3,2,60,5,on,5,0.8237,24539,86453,24186,0.279759,2705,97.0,1|2|3,completed,5
20,3,2,60,5,on,6,0.8762,26183,89501,24340,0.271952,2703,97.0,1|2|3,completed,5
20,3,2,60,5,on,7,0.798,24323,83244,23962,0.287853,2709,97.0,1|2|3,completed,5
20,3,2,60,5,on,8,1.1073,30388,112696,29525,0.261988,2701,97.0,1|2|3,completed,5
20,3,2,60,5,on,9,0.7755,24146,82978,23957,0.288715,2702,97.0,1|2|3,completed,5
20,3,2,60,10,off,0,2.3947,29649,264919,68999,0.260453,6762,97.0,1|2|3,completed,10
20,3,2,60,10,off,1,1.91,24820,220527,61295,0.277948,6760,97.0,1|2|3,completed,10
20,3,2,60,10,off,2,1.9571,27347,224368,61202,0.272775,6762,97.0,1|2|3,completed,10
20,3,2,60,10,off,3,1.7659,23937,206821,58402,0.282379,6764,97.0,1|2|3,completed,10
20,3,2,60,10,off,4,1.8616,25079,208095,58694,0.282054,6766,97.0,1|2|3,completed,10
20,3,2,60,10,off,5,1.8841,25964,228393,63323,0.277255,6756,97.0,1|2|3,completed,10
20,3,2,60,10,off,6,2.3081,30357,271561,71133,0.261941,6761,97.0,1|2|3,completed,10
20,3,2,60,10,off,7,2.0904,29030,242219,63233,0.261057,6759,97.0,1|2|3,completed,10
20,3,2,60,10,off,8,1.7996,24315,214020,60866,0.284394,6760,97.0,1|2|3,completed,10
20,3,2,60,10,off,9,1.7397,24687,210808,60252,0.285815,6756,97.0,1|2|3,completed,10
20,3,2,60,10,on,0,2.7844,34923,292728,75549,0.258086,6761,97.0,1|2|3,completed,10
20,3,2,60,10,on,1,2.7963,37626,302415,76926,0.254372,6761,97.0,1|2|3,completed,10
20,3,2,60,10,on,2,1.5381,19840,158777,49886,0.314189,6759,97.0,1|2|3,completed,10
20,3,2,60,10,on,3,2.0642,25413,208649,58897,0.282278,6758,97.0,1|2|3,completed,10
20,3,2,60,10,on,4,1.5844,19467,161966,50987,0.314801,6757,97.0,1|2|3,completed,10
20,3,2,60,10,on,5,1.98,25313,202537,57137,0.282106,6758,97.0,1|2|3,completed,10
20,3,2,60,10,on,6,1.3462,16854,141711,47208,0.333129,6758,97.0,1|2|3,completed,10
20,3,2,60,10,on,7,2.9306,36705,299328,75034,0.250675,6758,97.0,1|2|3,completed,10
20,3,2,60,10,on,8,3.1499,37008,316350,79247,0.250504,6753,97.0,1|2|3,completed,10
20,3,2,60,10,on,9,1.8017,23361,188782,55671,0.294896,6759,97.0,1|2|3,completed,10
20,3,2,120,5,off,0,1.4012,42002,163143,38235,0.234365,2706,97.0,1|2|3,completed,5
20,3,2,120,5,off,1,1.4194,44071,154522,38275,0.247699,2711,97.0,1|2|3,completed,5
20,3,2,120,5,off,2,0.6743,24095,77860,24086,0.30935,2711,97.0,1|2|3,completed,5
20,3,2,120,5,off,3,1.6131,47780,179687,41825,0.232766,2715,97.0,1|2|3,completed,5
20,3,2,120,5,off,4,0.7546,24251,83744,25607,0.305777,2704,97.0,1|2|3,completed,5
20,3,2,120,5,off,5,0.915,29939,112134,28701,0.255953,2705,97.0,1|2|3,completed,5
20,3,2,120,5,off,6,0.9124,30058,106338,29368,0.276176,2708,97.0,1|2|3,completed,5
20,3,2,120,5,off,7,0.985,30156,110089,28728,0.260953,2704,97.0,1|2|3,completed,5
20,3,2,120,5,off,8,1.1204,37979,136375,34304,0.251542,2712,97.0,1|2|3,completed,5
20,3,2,120,5,off,9,1.2164,37159,141442,35004,0.24748,2709,97.0,1|2|3,completed,5
20,3,2,120,5,on,0,0.9752,28806,103465,28428,0.27476,2706,97.0,1|2|3,completed,5
20,3,2,120,5,on,1,1.2977,37421,140700,34658,0.246326,2706,97.0,1|2|3,completed,5
20,3,2,120,5,on,2,0.6659,19963,65888,22223,0.337284,2704,97.0,1|2|3,completed,5
20,3,2,120,5,on,3,0.8974,26681,98225,26253,0.267274,2708,97.0,1|2|3,completed,5
20,3,2,120,5,on,4,1.2295,33996,125382,32817,0.261736,2710,97.0,1|2|3,completed,5
20,3,2,120,5,on,5,1.5166,43045,163819,38430,0.234588,2720,97.0,1|2|3,completed,5
20,3,2,120,5,on,6,1.4376,38820,149721,35438,0.236694,2710,97.0,1|2|3,completed,5
20,3,2,120,5,on,7,0.7815,24559,83734,25879,0.309062,2703,97.0,1|2|3,completed,5
20,3,2,120,5,on,8,0.8419,26610,90597,25491,0.281367,2704,97.0,1|2|3,completed,5
20,3,2,120,5,on,9,1.4641,40276,154747,36336,0.234809,2716,97.0,1|2|3,completed,5
20,3,2,120,10,off,0,2.9041,39057,318667,81277,0.255053,6754,97.0,1|2|3,completed,10
20,3,2,120,10,off,1,2.2522,31241,261204,69181,0.264854,6765,97.0,1|2|3,completed,10
20,3,2,120,10,off,2,3.7087,45676,399614,98354,0.246123,6758,97.0,1|2|3,completed,10
20,3,2,120,10,off,3,3.0064,38755,344048,83928,0.243943,6760,97.0,1|2|3,completed,10
20,3,2,120,10,off,4,4.0094,49893,436939,104252,0.238596,6754,97.0,1|2|3,completed,10
20,3,2,120,10,off,5,2.1859,30947,252968,70633,0.279217,6759,97.0,1|2|3,completed,10
20,3,2,120,10,off,6,2.6407,34428,301164,77207,0.256362,6767,97.0,1|2|3,completed,10
20,3,2,120,10,off,7,3.1566,41420,357202,85588,0.239607,6763,97.0,1|2|3,completed,10
20,3,2,120,10,off,8,2.0475,28023,254730,67481,0.264912,6770,97.0,1|2|3,completed,10
20,3,2,120,10,off,9,2.5355,32411,282943,76489,0.270334,6757,97.0,1|2|3,completed,10
20,3,2,120,10,on,0,2.9547,36526,318485,79931,0.250973,6756,97.0,1|2|3,completed,10
20,3,2,120,10,on,1,3.2279,38293,341304,83232,0.243865,6759,97.0,1|2|3,completed,10
20,3,2,120,10,on,2,3.3699,38861,355772,86978,0.244477,6757,97.0,1|2|3,completed,10
20,3,2,120,10,on,3,2.381,29037,246511,65689,0.266475,6760,97.0,1|2|3,completed,10
20,3,2,120,10,on,4,2.494,30560,267627,70033,0.261681,6759,97.0,1|2|3,completed,10
20,3,2,120,10,on,5,3.1268,38652,336992,82806,0.245721,6766,97.0,1|2|3,completed,10
20,3,2,120,10,on,6,3.2507,37794,321393,81358,0.253142,6751,97.0,1|2|3,completed,10
20,3,2,120,10,on,7,2.4807,30544,262826,71629,0.272534,6760,97.0,1|2|3,completed,10
20,3,2,120,10,on,8,2.3811,29451,249494,69138,0.277113,6758,97.0,1|2|3,completed,10
20,3,2,120,10,on,9,2.7747,32386,299821,74703,0.249159,6760,97.0,1|2|3,completed,10
20,3,2,240,5,off,0,1.2852,42949,143105,37050,0.258901,2707,97.0,1|2|3,completed,5
20,3,2,240,5,off,1,1.5608,46324,173882,40975,0.235648,2720,97.0,1|2|3,completed,5
20,3,2,240,5,off,2,1.7843,54439,194543,45772,0.23528,2709,97.0,1|2|3,completed,5
20,3,2,240,5,off,3,1.3112,42019,146848,35601,0.242434,2705,97.0,1|2|3,completed,5
20,3,2,240,5,off,4,1.4011,44046,159753,38164,0.238894,2710,97.0,1|2|3,completed,5
20,3,2,240,5,off,5,1.5164,43869,155359,38884,0.250285,2700,97.0,1|2|3,completed,5
20,3,2,240,5,off,6,1.4952,48792,161925,41940,0.259009,2704,97.0,1|2|3,completed,5
20,3,2,240,5,off,7,1.8717,57339,189888,50322,0.265009,2704,97.0,1|2|3,completed,5
20,3,2,240,5,off,8,1.87,55711,196039,48535,0.247578,2711,97.0,1|2|3,completed,5
20,3,2,240,5,off,9,1.8177,48315,182079,42915,0.235694,2708,97.0,1|2|3,completed,5
20,3,2,240,5,on,0,1.7905,49159,170904,42727,0.250006,2707,97.0,1|2|3,completed,5
20,3,2,240,5,on,1,1.2943,39136,132676,35340,0.266363,2706,97.0,1|2|3,completed,5
20,3,2,240,5,on,2,1.6923,45840,173654,40370,0.232474,2707,97.0,1|2|3,completed,5
20,3,2,240,5,on,3,1.4524,41897,146337,35658,0.24367,2704,97.0,1|2|3,completed,5
20,3,2,240,5,on,4,1.3572,40783,133840,33970,0.253811,2703,97.0,1|2|3,completed,5
20,3,2,240,5,on,5,1.472,42980,151376,37635,0.248619,2705,97.0,1|2|3,completed,5
20,3,2,240,5,on,6,1.9788,56882,197558,47021,0.238011,2709,97.0,1|2|3,completed,5
20,3,2,240,5,on,7,1.961,53027,185167,45760,0.247128,2705,97.0,1|2|3,completed,5
20,3,2,240,5,on,8,1.7241,47817,164091,41386,0.252214,2704,97.0,1|2|3,completed,5
20,3,2,240,5,on,9,2.013,55915,191105,48033,0.251344,2704,97.0,1|2|3,completed,5
20,3,2,240,10,off,0,3.9945,51311,411057,105021,0.25549,6759,97.0,1|2|3,completed,10
20,3,2,240,10,off,1,3.8572,48156,412709,99655,0.241466,6765,97.0,1|2|3,completed,10
20,3,2,240,10,off,2,4.7051,55323,491245,120315,0.244919,6763,97.0,1|2|3,completed,10
20,3,2,240,10,off,3,4.821,59978,498736,127617,0.255881,6755,97.0,1|2|3,completed,10
20,3,2,240,10,off,4,3.2412,42476,353873,90035,0.254427,6759,97.0,1|2|3,completed,10
20,3,2,240,10,off,5,4.2875,54701,446184,115991,0.259962,6761,97.0,1|2|3,completed,10
20,3,2,240,10,off,6,3.0069,39501,312188,81895,0.262326,6763,97.0,1|2|3,completed,10
20,3,2,240,10,off,7,3.2933,42979,374242,87662,0.234239,6761,97.0,1|2|3,completed,10
20,3,2,240,10,off,8,3.6535,47603,400796,96604,0.24103,6763,97.0,1|2|3,completed,10
20,3,2,240,10,off,9,4.305,54868,456538,108318,0.23726,6765,97.0,1|2|3,completed,10
20,3,2,240,10,on,0,4.6251,53142,457236,111214,0.243231,6760,97.0,1|2|3,completed,10
20,3,2,240,10,on,1,3.5895,43283,353546,90346,0.255542,6756,97.0,1|2|3,completed,10
20,3,2,240,10,on,2,4.4456,55809,450008,113549,0.252327,6758,97.0,1|2|3,completed,10
20,3,2,240,10,on,3,4.482,51856,421615,105227,0.249581,6757,97.0,1|2|3,completed,10
20,3,2,240,10,on,4,4.0045,48599,408273,101369,0.248287,6760,97.0,1|2|3,completed,10
20,3,2,240,10,on,5,4.1186,49802,422479,101060,0.239207,6755,97.0,1|2|3,completed,10
20,3,2,240,10,on,6,3.2631,39159,334839,83175,0.248403,6753,97.0,1|2|3,completed,10
20,3,2,240,10,on,7,4.053,48695,418818,98441,0.235045,6756,97.0,1|2|3,completed,10
20,3,2,240,10,on,8,4.0999,50720,399819,104531,0.261446,6754,97.0,1|2|3,completed,10
20,3,2,240,10,on,9,4.949,53658,479066,114770,0.23957,6761,97.0,1|2|3,completed,10
20,4,2,30,5,off,0,1.6417,47540,128745,58013,0.450604,6274,2617.0,1|2|3|4,completed,5
20,4,2,30,5,off,1,2.8807,70934,215234,72295,0.33589,8206,2617.0,1|2|3|4,completed,5
20,4,2,30,5,off,2,3.5733,89365,276663,83586,0.302122,8912,2617.0,1|2|3|4,completed,5
20,4,2,30,5,off,3,2.6407,68596,200145,76073,0.380089,8442,2617.0,1|2|3|4,completed,5
20,4,2,30,5,off,4,2.1137,54252,172732,63924,0.370076,7028,2617.0,1|2|3|4,completed,5
20,4,2,30,5,off,5,2.8471,79785,220219,94120,0.427393,10007,2617.0,1|2|3|4,completed,5
20,4,2,30,5,off,6,2.3672,64522,191458,74529,0.389271,7522,2617.0,1|2|3|4,completed,5
20,4,2,30,5,off,7,1.6901,46881,134156,55893,0.416627,5620,2617.0,1|2|3|4,completed,5
20,4,2,30,5,off,8,2.1359,62899,174168,62323,0.357833,6896,2617.0,1|2|3|4,completed,5
20,4,2,30,5,off,9,2.3516,61512,183912,75631,0.411235,7879,2617.0,1|2|3|4,completed,5
20,4,2,30,5,on,0,1.6907,37513,98230,41968,0.427242,4498,2617.0,1|2|3|4,completed,5
20,4,2,30,5,on,1,3.2241,57057,187033,59904,0.320286,6205,2617.0,1|2|3|4,completed,5
20,4,2,30,5,on,2,3.4211,59888,207245,66585,0.321286,6644,2617.0,1|2|3|4,completed,5
20,4,2,30,5,on,3,2.94,57611,175433,62561,0.356609,6027,2617.0,1|2|3|4,completed,5
20,4,2,30,5,on,4,1.6881,29847,92654,37642,0.406264,3938,2617.0,1|2|3|4,completed,5
20,4,2,30,5,on,5,2.5012,50077,137230,47459,0.345835,4633,2617.0,1|2|3|4,completed,5
20,4,2,30,5,on,6,4.5684,79293,277103,81869,0.295446,8401,2617.0,1|2|3|4,completed,5
20,4,2,30,5,on,7,3.48,69705,215226,84298,0.391672,9654,2617.0,1|2|3|4,completed,5
20,4,2,30,5,on,8,2.3374,52848,140004,58704,0.419302,6216,2617.0,1|2|3|4,completed,5
20,4,2,30,5,on,9,2.3751,56405,144507,64559,0.446753,6915,2617.0,1|2|3|4,completed,5
20,4,2,30,10,off,0,4.9306,59563,398170,157254,0.394942,16024,2617.0,1|2|3|4,completed,10
20,4,2,30,10,off,1,6.2605,79411,495092,184327,0.372309,18109,2617.0,1|2|3|4,completed,10
20,4,2,30,10,off,2,2.8703,38243,229090,99589,0.434716,10021,2617.0,1|2|3|4,completed,10
20,4,2,30,10,off,3,3.0332,33255,228664,87746,0.383733,8496,2617.0,1|2|3|4,completed,10
20,4,2,30,10,off,4,6.0815,63976,473787,154776,0.326678,14400,2617.0,1|2|3|4,completed,10
20,4,2,30,10,off,5,6.4987,70805,508813,202391,0.397771,22583,2617.0,1|2|3|4,completed,10
20,4,2,30,10,off,6,4.1877,46017,333104,127587,0.383025,12881,2617.0,1|2|3|4,completed,10
20,4,2,30,10,off,7,4.2606,45127,322370,126205,0.391491,11718,2617.0,1|2|3|4,completed,10
20,4,2,30,10,off,8,3.7875,38003,312266,116807,0.374062,11124,2617.0,1|2|3|4,completed,10
20,4,2,30,10,off,9,6.4446,66376,496178,163793,0.330109,17676,2617.0,1|2|3|4,completed,10
20,4,2,30,10,on,0,6.5575,61837,393985,175217,0.44473,19794,2617.0,1|2|3|4,completed,10
20,4,2,30,10,on,1,5.5237,35774,322144,91486,0.283991,8378,2617.0,1|2|3|4,completed,10
20,4,2,30,10,on,2,7.4904,68208,464836,192881,0.414944,21003,2617.0,1|2|3|4,completed,10
20,4,2,30,10,on,3,7.6472,64748,459148,182712,0.397937,19447,2617.0,1|2|3|4,completed,10
20,4,2,30,10,on,4,5.7723,45876,324406,118431,0.36507,10746,2617.0,1|2|3|4,completed,10
20,4,2,30,10,on,5,10.1223,81232,570422,148148,0.259716,16397,2617.0,1|2|3|4,completed,10
20,4,2,30,10,on,6,5.5974,44341,319823,114237,0.357188,11571,2617.0,1|2|3|4,completed,10
20,4,2,30,10,on,7,8.431,75370,506236,219638,0.433865,24308,2617.0,1|2|3|4,completed,10
20,4,2,30,10,on,8,7.3268,50089,409962,132699,0.323686,12285,2617.0,1|2|3|4,completed,10
20,4,2,30,10,on,9,8.1844,76364,477452,197220,0.413068,21015,2617.0,1|2|3|4,completed,10
20,4,2,60,5,off,0,7.0152,152386,575784,132471,0.230071,12396,2617.0,1|2|3|4,completed,5
20,4,2,60,5,off,1,17.6805,309011,1450671,207481,0.143024,12397,2617.0,1|2|3|4,completed,5
20,4,2,60,5,off,2,19.3253,351238,1594444,219138,0.137439,12393,2617.0,1|2|3|4,completed,5
20,4,2,60,5,off,3,20.0872,392444,1693137,234839,0.138701,12396,2617.0,1|2|3|4,completed,5
20,4,2,60,5,off,4,10.9953,204819,870964,154772,0.177702,12399,2617.0,1|2|3|4,completed,5
20,4,2,60,5,off,5,19.3651,348234,1511688,203979,0.134935,12364,2617.0,1|2|3|4,completed,5
20,4,2,60,5,off,6,10.7953,203893,914311,162152,0.177349,12400,2617.0,1|2|3|4,completed,5
20,4,2,60,5,off,7,12.0012,216828,1038800,167563,0.161304,12400,2617.0,1|2|3|4,completed,5
20,4,2,60,5,off,8,20.1945,369531,1692513,235138,0.138928,12399,2617.0,1|2|3|4,completed,5
20,4,2,60,5,off,9,10.0941,192359,817503,148048,0.181098,12394,2617.0,1|2|3|4,completed,5
20,4,2,60,5,on,0,16.0173,268430,1199689,182254,0.151918,12395,2617.0,1|2|3|4,completed,5
20,4,2,60,5,on,1,12.4699,217557,900031,156227,0.17358,12394,2617.0,1|2|3|4,completed,5
20,4,2,60,5,on,2,25.4095,459711,1888539,243141,0.128746,12397,2617.0,1|2|3|4,completed,5
20,4,2,60,5,on,3,16.3609,274988,1156397,171189,0.148037,12406,2617.0,1|2|3|4,completed,5
20,4,2,60,5,on,4,20.9879,337660,1495068,204685,0.136907,12393,2617.0,1|2|3|4,completed,5
20,4,2,60,5,on,5,9.4755,164139,670472,134695,0.200896,12390,2617.0,1|2|3|4,completed,5
20,4,2,60,5,on,6,15.9105,270860,1146029,171620,0.149752,12402,2617.0,1|2|3|4,completed,5
20,4,2,60,5,on,7,13.3623,207866,950005,155700,0.163894,12381,2617.0,1|2|3|4,completed,5
20,4,2,60,5,on,8,17.4247,275100,1244521,183451,0.147407,12391,2617.0,1|2|3|4,completed,5
20,4,2,60,5,on,9,17.6626,271411,1257642,188176,0.149626,12399,2617.0,1|2|3|4,completed,5
20,4,2,60,10,off,0,34.6827,281996,2907987,448800,0.154334,30984,2617.0,1|2|3|4,completed,10
20,4,2,60,10,off,1,17.5173,149883,1443678,336190,0.23287,30980,2617.0,1|2|3|4,completed,10
20,4,2,60,10,off,2,30.3342,249173,2547371,413412,0.16229,30961,2617.0,1|2|3|4,completed,10
20,4,2,60,10,off,3,22.9619,199224,1786876,332580,0.186124,30587,2617.0,1|2|3|4,completed,10
20,4,2,60,10,off,4,24.5527,208174,1909313,325238,0.170343,30868,2617.0,1|2|3|4,completed,10
20,4,2,60,10,off,5,19.4372,158570,1545979,318943,0.206305,30978,2617.0,1|2|3|4,completed,10
20,4,2,60,10,off,6,32.2947,250807,2544973,379994,0.149312,30445,2617.0,1|2|3|4,completed,10
20,4,2,60,10,off,7,21.453,176673,1726063,338532,0.19613,30860,2617.0,1|2|3|4,completed,10
20,4,2,60,10,off,8,18.1921,151955,1484349,316329,0.21311,30970,2617.0,1|2|3|4,completed,10
20,4,2,60,10,off,9,27.8617,224408,2285473,400926,0.175424,30981,2617.0,1|2|3|4,completed,10
20,4,2,60,10,on,0,47.2788,341505,3275652,465714,0.142174,30977,2617.0,1|2|3|4,completed,10
20,4,2,60,10,on,1,24.2077,175792,1708796,350428,0.205073,30976,2617.0,1|2|3|4,completed,10
20,4,2,60,10,on,2,28.9035,202016,1979251,353349,0.178527,30881,2617.0,1|2|3|4,completed,10
20,4,2,60,10,on,3,75.4943,575539,5454236,688909,0.126307,30982,2617.0,1|2|3|4,completed,10
20,4,2,60,10,on,4,45.8392,312232,3230848,466800,0.144482,30996,2617.0,1|2|3|4,completed,10
20,4,2,60,10,on,5,83.3156,605551,6121916,763004,0.124635,30992,2617.0,1|2|3|4,completed,10
20,4,2,60,10,on,6,37.5475,241758,2655838,419916,0.158111,30985,2617.0,1|2|3|4,completed,10
20,4,2,60,10,on,7,58.4016,407772,4031139,536371,0.133057,30962,2617.0,1|2|3|4,completed,10
20,4,2,60,10,on,8,22.2257,168771,1585259,345777,0.21812,30981,2617.0,1|2|3|4,completed,10
20,4,2,60,10,on,9,21.9704,164093,1476709,324310,0.219617,30924,2617.0,1|2|3|4,completed,10
20,4,2,120,5,off,0,20.2468,392769,1918372,276179,0.143965,12392,2617.0,1|2|3|4,completed,5
20,4,2,120,5,off,1,17.6702,329273,1587722,228078,0.143651,12394,2617.0,1|2|3|4,completed,5
20,4,2,120,5,off,2,21.2415,383220,1944679,260454,0.133932,12396,2617.0,1|2|3|4,completed,5
20,4,2,120,5,off,3,23.0305,423848,2085063,301063,0.14439,12399,2617.0,1|2|3|4,completed,5
20,4,2,120,5,off,4,11.506,233014,1031644,178602,0.173124,12395,2617.0,1|2|3|4,completed,5
20,4,2,120,5,off,5,13.8864,263533,1197893,197044,0.164492,12397,2617.0,1|2|3|4,completed,5
20,4,2,120,5,off,6,23.2995,416122,2148298,284851,0.132594,12394,2617.0,1|2|3|4,completed,5
20,4,2,120,5,off,7,19.3773,363198,1741531,247398,0.142058,12395,2617.0,1|2|3|4,completed,5
20,4,2,120,5,off,8,25.2402,457228,2278367,309763,0.135958,12397,2617.0,1|2|3|4,completed,5
20,4,2,120,5,off,9,28.7016,566503,2648911,349925,0.132101,12398,2617.0,1|2|3|4,completed,5
20,4,2,120,5,on,0,14.2645,237672,1151718,194675,0.16903,12398,2617.0,1|2|3|4,completed,5
20,4,2,120,5,on,1,25.9532,444924,2086794,288064,0.138041,12397,2617.0,1|2|3|4,completed,5
20,4,2,120,5,on,2,33.4336,561359,2692999,358917,0.133278,12393,2617.0,1|2|3|4,completed,5
20,4,2,120,5,on,3,22.8924,403738,2016394,278529,0.138132,12394,2617.0,1|2|3|4,completed,5
20,4,2,120,5,on,4,29.0116,445966,2509185,321347,0.128068,12404,2617.0,1|2|3|4,completed,5
20,4,2,120,5,on,5,21.3995,350757,1818420,254158,0.139769,12403,2617.0,1|2|3|4,completed,5
20,4,2,120,5,on,6,21.8229,356164,1835182,259532,0.14142,12398,2617.0,1|2|3|4,completed,5
20,4,2,120,5,on,7,13.1508,240910,977326,179892,0.184066,12393,2617.0,1|2|3|4,completed,5
20,4,2,120,5,on,8,15.4777,258120,1251999,202258,0.161548,12398,2617.0,1|2|3|4,completed,5
20,4,2,120,5,on,9,32.2672,552730,2701842,348642,0.129039,12394,2617.0,1|2|3|4,completed,5
20,4,2,120,10,off,0,50.5676,390494,4496558,653951,0.145434,30981,2617.0,1|2|3|4,completed,10
20,4,2,120,10,off,1,64.0432,475787,5824748,772020,0.132541,30987,2617.0,1|2|3|4,completed,10
20,4,2,120,10,off,2,52.1442,383343,4728226,667514,0.141176,30982,2617.0,1|2|3|4,completed,10
20,4,2,120,10,off,3,43.2228,315852,3856260,610046,0.158196,30981,2617.0,1|2|3|4,completed,10
20,4,2,120,10,off,4,75.7064,577723,6934609,916226,0.132124,30981,2617.0,1|2|3|4,completed,10
20,4,2,120,10,off,5,69.7789,548457,6554781,826967,0.126162,30995,2617.0,1|2|3|4,completed,10
20,4,2,120,10,off,6,38.4106,293974,3218540,529136,0.164402,30982,2617.0,1|2|3|4,completed,10
20,4,2,120,10,off,7,45.957,337726,4025093,595684,0.147993,30981,2617.0,1|2|3|4,completed,10
20,4,2,120,10,off,8,31.3085,262636,2709201,496298,0.18319,30982,2617.0,1|2|3|4,completed,10
20,4,2,120,10,off,9,59.0089,434041,5494336,783766,0.14265,30985,2617.0,1|2|3|4,completed,10
20,4,2,120,10,on,0,46.7448,310462,3802594,555638,0.146121,30987,2617.0,1|2|3|4,completed,10
20,4,2,120,10,on,1,40.3475,237945,2364997,453180,0.19162,30994,2617.0,1|2|3|4,completed,10
20,4,2,120,10,on,2,48.9584,318370,3814107,567393,0.148762,30984,2617.0,1|2|3|4,completed,10
20,4,2,120,10,on,3,66.3771,394146,4556244,621063,0.13631,30993,2617.0,1|2|3|4,completed,10
20,4,2,120,10,on,4,107.4182,609255,6929318,905186,0.130631,30984,2617.0,1|2|3|4,completed,10
20,4,2,120,10,on,5,115.8031,670726,8216282,997326,0.121384,31004,2617.0,1|2|3|4,completed,10
20,4,2,120,10,on,6,82.5817,433653,5484976,732902,0.13362,30989,2617.0,1|2|3|4,completed,10
20,4,2,120,10,on,7,67.7724,365454,4426885,612622,0.138387,30986,2617.0,1|2|3|4,completed,10
20,4,2,120,10,on,8,52.8194,287865,3346971,514581,0.153745,30984,2617.0,1|2|3|4,completed,10
20,4,2,120,10,on,9,50.3539,271613,3216126,509578,0.158445,30981,2617.0,1|2|3|4,completed,10
20,4,2,240,5,off,0,40.1896,631905,2743487,366288,0.133512,12395,2617.0,1|2|3|4,completed,5
20,4,2,240,5,off,1,39.9179,605388,2699783,376136,0.139321,12400,2617.0,1|2|3|4,completed,5
20,4,2,240,5,off,2,71.1903,1040114,5312455,660135,0.124262,12393,2617.0,1|2|3|4,completed,5
20,4,2,240,5,off,3,34.6706,504141,2657412,331137,0.124609,12396,2617.0,1|2|3|4,completed,5
20,4,2,240,5,off,4,49.3728,727439,3511780,442843,0.126102,12395,2617.0,1|2|3|4,completed,5
20,4,2,240,5,off,5,37.1747,574880,2648138,317624,0.119942,12396,2617.0,1|2|3|4,completed,5
20,4,2,240,5,off,6,51.1452,789411,3688171,483700,0.131149,12396,2617.0,1|2|3|4,completed,5
20,4,2,240,5,off,7,75.013,1094199,5356864,723318,0.135026,12395,2617.0,1|2|3|4,completed,5
20,4,2,240,5,off,8,63.5212,973076,4498639,601248,0.133651,12396,2617.0,1|2|3|4,completed,5
20,4,2,240,5,off,9,37.6976,602065,2583355,380383,0.147244,12391,2617.0,1|2|3|4,completed,5
20,4,2,240,5,on,0,46.0576,650099,2943226,382636,0.130006,12402,2617.0,1|2|3|4,completed,5
20,4,2,240,5,on,1,53.1451,728321,3451658,431536,0.125023,12399,2617.0,1|2|3|4,completed,5
20,4,2,240,5,on,2,50.3675,668139,3540962,445963,0.125944,12401,2617.0,1|2|3|4,completed,5
20,4,2,240,5,on,3,77.4478,1052494,5043192,658977,0.130667,12402,2617.0,1|2|3|4,completed,5
20,4,2,240,5,on,4,66.5286,930182,4522620,579477,0.128129,12397,2617.0,1|2|3|4,completed,5
20,4,2,240,5,on,5,44.4264,650365,2875506,377906,0.131422,12397,2617.0,1|2|3|4,completed,5
20,4,2,240,5,on,6,48.4578,634119,3169205,412813,0.130258,12394,2617.0,1|2|3|4,completed,5
20,4,2,240,5,on,7,63.9997,930532,4469357,559519,0.12519,12404,2617.0,1|2|3|4,completed,5
20,4,2,240,5,on,8,52.3877,714244,3423087,431693,0.126112,12398,2617.0,1|2|3|4,completed,5
20,4,2,240,5,on,9,53.9714,746685,3481701,456221,0.131034,12397,2617.0,1|2|3|4,completed,5
20,4,2,240,10,off,0,97.2283,588373,7077424,853379,0.120578,30981,2617.0,1|2|3|4,completed,10
20,4,2,240,10,off,1,161.5103,994463,11157881,1485191,0.133107,30981,2617.0,1|2|3|4,completed,10
20,4,2,240,10,off,2,138.7881,863049,9747375,1243641,0.127587,30983,2617.0,1|2|3|4,completed,10
20,4,2,240,10,off,3,100.4235,635403,7034795,888360,0.126281,30980,2617.0,1|2|3|4,completed,10
20,4,2,240,10,off,4,117.2817,742316,8514124,1023860,0.120254,30985,2617.0,1|2|3|4,completed,10
20,4,2,240,10,off,5,122.2014,758221,9183084,1109394,0.120808,30987,2617.0,1|2|3|4,completed,10
20,4,2,240,10,off,6,133.6446,797279,9417663,1222436,0.129802,30980,2617.0,1|2|3|4,completed,10
20,4,2,240,10,off,7,97.2559,636084,6477730,856646,0.132245,30984,2617.0,1|2|3|4,completed,10
20,4,2,240,10,off,8,149.4699,908909,10428288,1374822,0.131836,30983,2617.0,1|2|3|4,completed,10
20,4,2,240,10,off,9,124.1942,776755,8514036,1129495,0.132663,30981,2617.0,1|2|3|4,completed,10
20,4,2,240,10,on,0,136.2052,776906,9019122,1125112,0.124747,30987,2617.0,1|2|3|4,completed,10
20,4,2,240,10,on,1,103.4404,599468,6384879,900640,0.141058,30990,2617.0,1|2|3|4,completed,10
20,4,2,240,10,on,2,133.0055,721323,9290472,1114738,0.119987,30980,2617.0,1|2|3|4,completed,10
20,4,2,240,10,on,3,93.5985,561755,5762546,773820,0.134284,30983,2617.0,1|2|3|4,completed,10
20,4,2,240,10,on,4,103.9177,624832,6880023,839766,0.122059,30991,2617.0,1|2|3|4,completed,10
20,4,2,240,10,on,5,145.6315,861523,9753131,1244161,0.127565,30985,2617.0,1|2|3|4,completed,10
20,4,2,240,10,on,6,111.4972,760055,9231825,1201273,0.130123,30984,2617.0,1|2|3|4,completed,10
20,4,2,240,10,on,7,125.6354,925242,10768003,1336598,0.124127,30986,2617.0,1|2|3|4,completed,10
20,4,2,240,10,on,8,127.9888,897556,10738116,1344276,0.125187,30990,2617.0,1|2|3|4,completed,10
20,4,2,240,10,on,9,92.8047,690942,7276791,955725,0.131339,30987,2617.0,1|2|3|4,completed,10
20,5,2,30,5,off,0,14.6114,354757,855452,384220,0.449143,20967,116017.0,1|2|3|4|5,completed,5
20,5,2,30,5,off,1,6.6555,125602,376835,169451,0.449669,8471,116017.0,1|2|3|4|5,completed,5
20,5,2,30,5,off,2,13.5672,300227,790549,360521,0.456039,21180,116017.0,1|2|3|4|5,completed,5
20,5,2,30,5,off,3,19.9301,478433,1220620,549129,0.449877,33777,116017.0,1|2|3|4|5,completed,5
20,5,2,30,5,off,4,20.4958,431138,1292166,448098,0.346781,24429,116017.0,1|2|3|4|5,completed,5
20,5,2,30,5,off,5,15.0885,370916,912004,435623,0.477655,27160,116017.0,1|2|3|4|5,completed,5
20,5,2,30,5,off,6,14.931,330771,911507,370860,0.406865,20774,116017.0,1|2|3|4|5,completed,5
20,5,2,30,5,off,7,15.3509,273902,903547,298221,0.330056,15262,116017.0,1|2|3|4|5,completed,5
20,5,2,30,5,off,8,8.3352,171594,479710,229209,0.477807,12437,116017.0,1|2|3|4|5,completed,5
20,5,2,30,5,off,9,11.2859,271035,670747,303822,0.452961,16837,116017.0,1|2|3|4|5,completed,5
20,5,2,30,5,on,0,7.7788,89650,298344,123587,0.414243,6822,116017.0,1|2|3|4|5,completed,5
20,5,2,30,5,on,1,9.4422,61917,304712,97544,0.320119,5541,116017.0,1|2|3|4|5,completed,5
20,5,2,30,5,on,2,11.493,126384,403551,148243,0.367346,6514,116017.0,1|2|3|4|5,completed,5
20,5,2,30,5,on,3,9.0038,121540,340948,152132,0.446203,9042,116017.0,1|2|3|4|5,completed,5
20,5,2,30,5,on,4,21.4727,332183,899694,364096,0.404689,18919,116017.0,1|2|3|4|5,completed,5
20,5,2,30,5,on,5,7.8832,98049,303026,128638,0.424511,6366,116017.0,1|2|3|4|5,completed,5
20,5,2,30,5,on,6,9.088,102359,362928,134491,0.370572,6771,116017.0,1|2|3|4|5,completed,5
20,5,2,30,5,on,7,7.3324,89296,271768,110748,0.407509,6110,116017.0,1|2|3|4|5,completed,5
20,5,2,30,5,on,8,24.1019,410988,1056252,458849,0.434412,24902,116017.0,1|2|3|4|5,completed,5
20,5,2,30,5,on,9,21.8112,347324,971566,398854,0.410527,21123,116017.0,1|2|3|4|5,completed,5
20,5,2,30,10,off,0,25.6078,151382,1339610,347436,0.259356,16864,116017.0,1|2|3|4|5,completed,10
20,5,2,30,10,off,1,19.4706,185451,1144220,506550,0.442703,28522,116017.0,1|2|3|4|5,completed,10
20,5,2,30,10,off,2,21.0252,201810,1201580,504612,0.419957,25573,116017.0,1|2|3|4|5,completed,10
20,5,2,30,10,off,3,26.739,223451,1553449,692433,0.445739,34341,116017.0,1|2|3|4|5,completed,10
20,5,2,30,10,off,4,5.7423,24270,313425,110427,0.352324,6465,116017.0,1|2|3|4|5,completed,10
20,5,2,30,10,off,5,34.1795,284445,1992981,868065,0.435561,46612,116017.0,1|2|3|4|5,completed,10
20,5,2,30,10,off,6,25.9681,283939,1510475,706904,0.468001,40357,116017.0,1|2|3|4|5,completed,10
20,5,2,30,10,off,7,42.2233,412110,2540815,1107173,0.435755,63858,116017.0,1|2|3|4|5,completed,10
20,5,2,30,10,off,8,28.6433,234887,1662044,661982,0.398294,35042,116017.0,1|2|3|4|5,completed,10
20,5,2,30,10,off,9,13.4996,96738,746360,314122,0.420872,16187,116017.0,1|2|3|4|5,completed,10
20,5,2,30,10,on,0,20.0654,110286,737363,297034,0.402833,15661,116017.0,1|2|3|4|5,completed,10
20,5,2,30,10,on,1,41.4893,274824,1771269,729823,0.412034,45773,116017.0,1|2|3|4|5,completed,10
20,5,2,30,10,on,2,38.4748,233433,1527215,565848,0.37051,31731,116017.0,1|2|3|4|5,completed,10
20,5,2,30,10,on,3,22.0694,128147,883682,374977,0.424335,23656,116017.0,1|2|3|4|5,completed,10
20,5,2,30,10,on,4,29.0632,177379,1179563,519249,0.440205,31414,116017.0,1|2|3|4|5,completed,10
20,5,2,30,10,on,5,38.8445,273585,1597194,675468,0.422909,35273,116017.0,1|2|3|4|5,completed,10
20,5,2,30,10,on,6,24.7515,118821,911207,342642,0.376031,14502,116017.0,1|2|3|4|5,completed,10
20,5,2,30,10,on,7,45.0328,201469,1822008,547820,0.300668,29782,116017.0,1|2|3|4|5,completed,10
20,5,2,30,10,on,8,54.0033,329765,2213634,931654,0.420871,45253,116017.0,1|2|3|4|5,completed,10
20,5,2,30,10,on,9,31.532,196820,1326011,597645,0.450709,37115,116017.0,1|2|3|4|5,completed,10
20,5,2,60,5,off,0,41.9271,897881,2931434,809829,0.276257,43095,116017.0,1|2|3|4|5,completed,5
20,5,2,60,5,off,1,61.4975,1079992,4655093,779881,0.167533,43402,116017.0,1|2|3|4|5,completed,5
20,5,2,60,5,off,2,60.1009,977734,4393396,796178,0.181222,43194,116017.0,1|2|3|4|5,completed,5
20,5,2,60,5,off,3,51.2494,887461,3756399,649801,0.172985,41523,116017.0,1|2|3|4|5,completed,5
20,5,2,60,5,off,4,237.7566,3399295,16353111,1152764,0.070492,42624,116017.0,1|2|3|4|5,completed,5
20,5,2,60,5,off,5,39.8263,775189,3105868,669915,0.215693,39933,116017.0,1|2|3|4|5,completed,5
20,5,2,60,5,off,6,54.3839,965074,4083864,778643,0.190663,43409,116017.0,1|2|3|4|5,completed,5
20,5,2,60,5,off,7,65.5075,1062814,4806227,754171,0.156915,42957,116017.0,1|2|3|4|5,completed,5
20,5,2,60,5,off,8,65.4626,1065416,4667792,813179,0.174211,43082,116017.0,1|2|3|4|5,completed,5
20,5,2,60,5,off,9,49.9782,851278,3597979,687601,0.191108,41768,116017.0,1|2|3|4|5,completed,5
20,5,2,60,5,on,0,137.3004,1707003,8675205,901598,0.103928,43399,116017.0,1|2|3|4|5,completed,5
20,5,2,60,5,on,1,110.1022,1477042,6717330,762872,0.113568,42993,116017.0,1|2|3|4|5,completed,5
20,5,2,60,5,on,2,176.61,2253702,10458350,918113,0.087788,43064,116017.0,1|2|3|4|5,completed,5
20,5,2,60,5,on,3,74.2955,998873,4807030,799840,0.16639,43406,116017.0,1|2|3|4|5,completed,5
20,5,2,60,5,on,4,134.7006,1739474,8137135,878588,0.107973,43262,116017.0,1|2|3|4|5,completed,5
20,5,2,60,5,on,5,61.3415,806969,3402569,703585,0.206781,42814,116017.0,1|2|3|4|5,completed,5
20,5,2,60,5,on,6,144.5957,1653133,8913824,851639,0.095541,43244,116017.0,1|2|3|4|5,completed,5
20,5,2,60,5,on,7,82.2343,1074385,4754766,751760,0.158107,42501,116017.0,1|2|3|4|5,completed,5
20,5,2,60,5,on,8,166.1088,2043532,10287116,931040,0.090505,43350,116017.0,1|2|3|4|5,completed,5
20,5,2,60,5,on,9,207.9664,2540799,12800303,1045985,0.081716,43355,116017.0,1|2|3|4|5,completed,5
20,5,2,60,10,off,0,137.7564,972464,10502310,1963556,0.186964,108505,116017.0,1|2|3|4|5,completed,10
20,5,2,60,10,off,1,138.9884,881804,9822781,1640298,0.166989,102181,116017.0,1|2|3|4|5,completed,10
20,5,2,60,10,off,2,353.6684,2308727,26091901,2498502,0.095758,108188,116017.0,1|2|3|4|5,completed,10
20,5,2,60,10,off,3,183.4494,1237589,14057698,2044181,0.145414,108197,116017.0,1|2|3|4|5,completed,10
20,5,2,60,10,off,4,358.5566,2099016,25679322,2195895,0.085512,107065,116017.0,1|2|3|4|5,completed,10
20,5,2,60,10,off,5,157.1286,1022798,11619039,1813888,0.156113,108061,116017.0,1|2|3|4|5,completed,10
20,5,2,60,10,off,6,260.7102,1634425,18119442,1722720,0.095076,103474,116017.0,1|2|3|4|5,completed,10
20,5,2,60,10,off,7,308.9712,1924886,22133131,2103668,0.095046,107539,116017.0,1|2|3|4|5,completed,10
20,5,2,60,10,off,8,155.7656,1073469,11582131,1972572,0.170312,108471,116017.0,1|2|3|4|5,completed,10
20,5,2,60,10,off,9,204.0881,1307563,15342607,1981241,0.129133,108055,116017.0,1|2|3|4|5,completed,10
20,5,2,60,10,on,0,288.0938,1575154,16886534,1818162,0.107669,106731,116017.0,1|2|3|4|5,completed,10
20,5,2,60,10,on,1,196.378,1080951,11898376,2043261,0.171726,108502,116017.0,1|2|3|4|5,completed,10
20,5,2,60,10,on,2,321.7643,1712833,19750831,1983587,0.100431,106526,116017.0,1|2|3|4|5,completed,10
20,5,2,60,10,on,3,164.629,838281,9740535,1846617,0.189581,108502,116017.0,1|2|3|4|5,completed,10
20,5,2,60,10,on,4,227.6483,1253974,12904907,1885890,0.146137,104127,116017.0,1|2|3|4|5,completed,10
20,5,2,60,10,on,5,244.9543,1175513,14657829,1876047,0.127989,107315,116017.0,1|2|3|4|5,completed,10
20,5,2,60,10,on,6,162.9172,926582,9171762,1883512,0.20536,107905,116017.0,1|2|3|4|5,completed,10
20,5,2,60,10,on,7,281.8767,1437373,16278695,1778111,0.109229,104782,116017.0,1|2|3|4|5,completed,10
20,5,2,60,10,on,8,241.5099,1204398,15114206,1982561,0.131172,108238,116017.0,1|2|3|4|5,completed,10
20,5,2,60,10,on,9,166.1352,946836,9751755,1785589,0.183104,107928,116017.0,1|2|3|4|5,completed,10
20,5,2,120,5,off,0,308.2978,3980412,25206987,2207110,0.087559,43404,116017.0,1|2|3|4|5,completed,5
20,5,2,120,5,off,1,191.8953,2776159,16556539,1528188,0.092301,43409,116017.0,1|2|3|4|5,completed,5
20,5,2,120,5,off,2,99.6917,1556227,8310104,1099998,0.132369,43405,116017.0,1|2|3|4|5,completed,5
20,5,2,120,5,off,3,381.1075,4742390,31802993,2695336,0.084751,43401,116017.0,1|2|3|4|5,completed,5
20,5,2,120,5,off,4,419.521,5343113,32566327,3006528,0.09232,43403,116017.0,1|2|3|4|5,completed,5
20,5,2,120,5,off,5,493.111,6560241,42628185,3485654,0.081769,43407,116017.0,1|2|3|4|5,completed,5
20,5,2,120,5,off,6,269.439,3619321,25110271,2115465,0.084247,43407,116017.0,1|2|3|4|5,completed,5
20,5,2,120,5,off,7,143.4647,2173326,12670135,1282603,0.10123,43402,116017.0,1|2|3|4|5,completed,5
20,5,2,120,5,off,8,776.2057,8967467,60772528,5136973,0.084528,43398,116017.0,1|2|3|4|5,timeout,2
20,5,2,120,5,off,9,,,,,,,,,timeout_skipped,0
20,5,2,120,5,on,0,637.8069,6560479,49615263,3952118,0.079655,43398,116017.0,1|2|3|4|5,timeout,2
20,5,2,120,5,on,1,,,,,,,,,timeout_skipped,0
20,5,2,120,5,on,2,,,,,,,,,timeout_skipped,0
20,5,2,120,5,on,3,,,,,,,,,timeout_skipped,0
20,5,2,120,5,on,4,,,,,,,,,timeout_skipped,0
20,5,2,120,5,on,5,,,,,,,,,timeout_skipped,0
20,5,2,120,5,on,6,,,,,,,,,timeout_skipped,0
20,5,2,120,5,on,7,,,,,,,,,timeout_skipped,0
20,5,2,120,5,on,8,,,,,,,,,timeout_skipped,0
20,5,2,120,5,on,9,,,,,,,,,timeout_skipped,0
20,5,2,120,10,off,0,627.4989,3015954,43067391,3797813,0.088183,108495,116017.0,1|2|3|4|5,timeout,5
20,5,2,120,10,off,1,,,,,,,,,timeout_skipped,0
20,5,2,120,10,off,2,,,,,,,,,timeout_skipped,0
20,5,2,120,10,off,3,,,,,,,,,timeout_skipped,0
20,5,2,120,10,off,4,,,,,,,,,timeout_skipped,0
20,5,2,120,10,off,5,,,,,,,,,timeout_skipped,0
20,5,2,120,10,off,6,,,,,,,,,timeout_skipped,0
20,5,2,120,10,off,7,,,,,,,,,timeout_skipped,0
20,5,2,120,10,off,8,,,,,,,,,timeout_skipped,0
20,5,2,120,10,off,9,,,,,,,,,timeout_skipped,0
20,5,2,120,10,on,0,638.9893,2710049,36677937,3265303,0.089026,86796,116017.0,1|2|3|4|5,timeout,4
20,5,2,120,10,on,1,,,,,,,,,timeout_skipped,0
20,5,2,120,10,on,2,,,,,,,,,timeout_skipped,0
20,5,2,120,10,on,3,,,,,,,,,timeout_skipped,0
20,5,2,120,10,on,4,,,,,,,,,timeout_skipped,0
20,5,2,120,10,on,5,,,,,,,,,timeout_skipped,0
20,5,2,120,10,on,6,,,,,,,,,timeout_skipped,0
20,5,2,120,10,on,7,,,,,,,,,timeout_skipped,0
20,5,2,120,10,on,8,,,,,,,,,timeout_skipped,0
20,5,2,120,10,on,9,,,,,,,,,timeout_skipped,0
20,5,2,240,5,off,0,735.5153,7015647,44316456,3330339,0.075149,43398,116017.0,1|2|3|4|5,timeout,2
20,5,2,240,5,off,1,,,,,,,,,timeout_skipped,0
20,5,2,240,5,off,2,,,,,,,,,timeout_skipped,0
20,5,2,240,5,off,3,,,,,,,,,timeout_skipped,0
20,5,2,240,5,off,4,,,,,,,,,timeout_skipped,0
20,5,2,240,5,off,5,,,,,,,,,timeout_skipped,0
20,5,2,240,5,off,6,,,,,,,,,timeout_skipped,0
20,5,2,240,5,off,7,,,,,,,,,timeout_skipped,0
20,5,2,240,5,off,8,,,,,,,,,timeout_skipped,0
20,5,2,240,5,off,9,,,,,,,,,timeout_skipped,0
20,5,2,240,5,on,0,1043.6429,8696877,50951835,4017935,0.078858,43398,116017.0,1|2|3|4|5,timeout,2
20,5,2,240,5,on,1,,,,,,,,,timeout_skipped,0
20,5,2,240,5,on,2,,,,,,,,,timeout_skipped,0
20,5,2,240,5,on,3,,,,,,,,,timeout_skipped,0
20,5,2,240,5,on,4,,,,,,,,,timeout_skipped,0
20,5,2,240,5,on,5,,,,,,,,,timeout_skipped,0
20,5,2,240,5,on,6,,,,,,,,,timeout_skipped,0
20,5,2,240,5,on,7,,,,,,,,,timeout_skipped,0
20,5,2,240,5,on,8,,,,,,,,,timeout_skipped,0
20,5,2,240,5,on,9,,,,,,,,,timeout_skipped,0
20,5,2,240,10,off,0,821.1212,5794138,47134240,3369592,0.071489,65097,116017.0,1|2|3|4|5,timeout,3
20,5,2,240,10,off,1,,,,,,,,,timeout_skipped,0
20,5,2,240,10,off,2,,,,,,,,,timeout_skipped,0
20,5,2,240,10,off,3,,,,,,,,,timeout_skipped,0
20,5,2,240,10,off,4,,,,,,,,,timeout_skipped,0
20,5,2,240,10,off,5,,,,,,,,,timeout_skipped,0
20,5,2,240,10,off,6,,,,,,,,,timeout_skipped,0
20,5,2,240,10,off,7,,,,,,,,,timeout_skipped,0
20,5,2,240,10,off,8,,,,,,,,,timeout_skipped,0
20,5,2,240,10,off,9,,,,,,,,,timeout_skipped,0
20,5,2,240,10,on,0,620.2389,9976705,30777539,2448233,0.079546,21699,116017.0,1|2|3|4|5,timeout,1
20,5,2,240,10,on,1,,,,,,,,,timeout_skipped,0
20,5,2,240,10,on,2,,,,,,,,,timeout_skipped,0
20,5,2,240,10,on,3,,,,,,,,,timeout_skipped,0
20,5,2,240,10,on,4,,,,,,,,,timeout_skipped,0
20,5,2,240,10,on,5,,,,,,,,,timeout_skipped,0
20,5,2,240,10,on,6,,,,,,,,,timeout_skipped,0
20,5,2,240,10,on,7,,,,,,,,,timeout_skipped,0
20,5,2,240,10,on,8,,,,,,,,,timeout_skipped,0
20,5,2,240,10,on,9,,,,,,,,,timeout_skipped,0
30,2,2,30,5,off,0,0.1577,2667,14516,6457,0.44482,861,7.0,1|2,completed,5
30,2,2,30,5,off,1,0.1642,2670,14270,6065,0.425018,847,7.0,1|2,completed,5
30,2,2,30,5,off,2,0.1996,3093,17140,6992,0.407935,852,7.0,1|2,completed,5
30,2,2,30,5,off,3,0.1617,2860,14844,6583,0.443479,918,7.0,1|2,completed,5
30,2,2,30,5,off,4,0.1503,2823,14593,6410,0.439252,894,7.0,1|2,completed,5
30,2,2,30,5,off,5,0.1666,2713,14513,6586,0.4538,933,7.0,1|2,completed,5
30,2,2,30,5,off,6,0.1364,2612,14060,6498,0.462162,923,7.0,1|2,completed,5
30,2,2,30,5,off,7,0.1284,2303,12494,6020,0.481831,925,7.0,1|2,completed,5
30,2,2,30,5,off,8,0.1587,2650,14162,6537,0.461587,905,7.0,1|2,completed,5
30,2,2,30,5,off,9,0.1733,2499,13028,6215,0.477049,925,7.0,1|2,completed,5
30,2,2,30,5,on,0,0.1658,2598,13956,6586,0.471912,902,7.0,1|2,completed,5
30,2,2,30,5,on,1,0.16,2986,16176,7037,0.435027,904,7.0,1|2,completed,5
30,2,2,30,5,on,2,0.1464,2613,13987,6221,0.44477,881,7.0,1|2,completed,5
30,2,2,30,5,on,3,0.1776,2819,15315,6923,0.45204,914,7.0,1|2,completed,5
30,2,2,30,5,on,4,0.1559,2281,12246,5579,0.455577,789,7.0,1|2,completed,5
30,2,2,30,5,on,5,0.1684,2886,15583,6814,0.437271,899,7.0,1|2,completed,5
30,2,2,30,5,on,6,0.1546,2718,14900,6707,0.450134,926,7.0,1|2,completed,5
30,2,2,30,5,on,7,0.1523,2694,14357,6184,0.430731,822,7.0,1|2,completed,5
30,2,2,30,5,on,8,0.1787,2940,16220,7103,0.437916,924,7.0,1|2,completed,5
30,2,2,30,5,on,9,0.1355,1941,10010,5194,0.518881,844,7.0,1|2,completed,5
30,2,2,30,10,off,0,0.2862,2330,24509,12394,0.505692,2150,7.0,1|2,completed,10
30,2,2,30,10,off,1,0.2701,2424,25181,12479,0.495572,2203,7.0,1|2,completed,10
30,2,2,30,10,off,2,0.2729,2530,26070,12848,0.492827,2269,7.0,1|2,completed,10
30,2,2,30,10,off,3,0.2933,2584,27423,13289,0.484593,2277,7.0,1|2,completed,10
30,2,2,30,10,off,4,0.3186,2480,26345,13170,0.499905,2293,7.0,1|2,completed,10
30,2,2,30,10,off,5,0.3118,2539,27107,13245,0.488619,2295,7.0,1|2,completed,10
30,2,2,30,10,off,6,0.3726,3147,33328,14731,0.442001,2214,7.0,1|2,completed,10
30,2,2,30,10,off,7,0.2898,2607,26786,12673,0.47312,2197,7.0,1|2,completed,10
30,2,2,30,10,off,8,0.3211,2838,28952,13832,0.477756,2299,7.0,1|2,completed,10
30,2,2,30,10,off,9,0.3463,3130,33689,14810,0.439609,2275,7.0,1|2,completed,10
30,2,2,30,10,on,0,0.3003,2618,28210,13337,0.472776,2189,7.0,1|2,completed,10
30,2,2,30,10,on,1,0.3227,2700,29118,13496,0.463493,2146,7.0,1|2,completed,10
30,2,2,30,10,on,2,0.3045,2348,25118,12674,0.504578,2222,7.0,1|2,completed,10
30,2,2,30,10,on,3,0.3374,3000,31611,14239,0.450444,2137,7.0,1|2,completed,10
30,2,2,30,10,on,4,0.3031,2647,27564,13030,0.472718,2181,7.0,1|2,completed,10
30,2,2,30,10,on,5,0.3275,2730,28935,13802,0.477,2279,7.0,1|2,completed,10
30,2,2,30,10,on,6,0.3372,2675,28971,14284,0.493045,2329,7.0,1|2,completed,10
30,2,2,30,10,on,7,0.2869,2237,23511,11981,0.509591,2140,7.0,1|2,completed,10
30,2,2,30,10,on,8,0.3265,2472,26874,12648,0.470641,2087,7.0,1|2,completed,10
30,2,2,30,10,on,9,0.3153,2573,27138,12371,0.455855,1979,7.0,1|2,completed,10
30,2,2,60,5,off,0,0.1854,3314,18213,8091,0.444243,933,7.0,1|2,completed,5
30,2,2,60,5,off,1,0.155,2921,15696,7344,0.46789,933,7.0,1|2,completed,5
30,2,2,60,5,off,2,0.1674,3012,16372,7587,0.463413,935,7.0,1|2,completed,5
30,2,2,60,5,off,3,0.1889,3189,17329,7775,0.44867,937,7.0,1|2,completed,5
30,2,2,60,5,off,4,0.1855,3092,16807,7656,0.455524,946,7.0,1|2,completed,5
30,2,2,60,5,off,5,0.1921,3453,19249,8461,0.439555,942,7.0,1|2,completed,5
30,2,2,60,5,off,6,0.1972,3281,17787,8045,0.452297,939,7.0,1|2,completed,5
30,2,2,60,5,off,7,0.2345,3509,19393,8560,0.441396,940,7.0,1|2,completed,5
30,2,2,60,5,off,8,0.2476,4029,22731,9575,0.421231,953,7.0,1|2,completed,5
30,2,2,60,5,off,9,0.2027,3172,17270,7851,0.454603,940,7.0,1|2,completed,5
30,2,2,60,5,on,0,0.2184,3429,18954,8531,0.45009,946,7.0,1|2,completed,5
30,2,2,60,5,on,1,0.1888,3023,16413,7679,0.467861,936,7.0,1|2,completed,5
30,2,2,60,5,on,2,0.1959,3245,18119,8082,0.446051,936,7.0,1|2,completed,5
30,2,2,60,5,on,3,0.1936,3094,16466,7573,0.459917,936,7.0,1|2,completed,5
30,2,2,60,5,on,4,0.245,3624,19981,8717,0.436264,941,7.0,1|2,completed,5
30,2,2,60,5,on,5,0.2347,3688,20537,8865,0.43166,943,7.0,1|2,completed,5
30,2,2,60,5,on,6,0.2878,3926,21787,9362,0.429706,943,7.0,1|2,completed,5
30,2,2,60,5,on,7,0.1946,3405,18750,8233,0.439093,946,7.0,1|2,completed,5
30,2,2,60,5,on,8,0.2184,3648,20224,8824,0.436313,949,7.0,1|2,completed,5
30,2,2,60,5,on,9,0.2276,3446,19002,8491,0.446848,940,7.0,1|2,completed,5
30,2,2,60,10,off,0,0.3838,3087,33854,16323,0.482159,2332,7.0,1|2,completed,10
30,2,2,60,10,off,1,0.5156,4548,50377,21620,0.429164,2335,7.0,1|2,completed,10
30,2,2,60,10,off,2,0.3378,2775,30134,15046,0.499303,2334,7.0,1|2,completed,10
30,2,2,60,10,off,3,0.4189,3523,39431,18139,0.460019,2341,7.0,1|2,completed,10
30,2,2,60,10,off,4,0.4235,3658,41242,18765,0.454997,2337,7.0,1|2,completed,10
30,2,2,60,10,off,5,0.4024,3444,37794,17418,0.460867,2333,7.0,1|2,completed,10
30,2,2,60,10,off,6,0.4165,3370,37554,17549,0.4673,2338,7.0,1|2,completed,10
30,2,2,60,10,off,7,0.4238,3452,37898,17548,0.463032,2339,7.0,1|2,completed,10
30,2,2,60,10,off,8,0.3869,3454,38590,17772,0.460534,2344,7.0,1|2,completed,10
30,2,2,60,10,off,9,0.3417,2926,32142,15738,0.48964,2343,7.0,1|2,completed,10
30,2,2,60,10,on,0,0.5009,4298,48247,20976,0.434763,2342,7.0,1|2,completed,10
30,2,2,60,10,on,1,0.5215,4224,47947,20758,0.432936,2337,7.0,1|2,completed,10
30,2,2,60,10,on,2,0.4561,3390,37841,17541,0.463545,2337,7.0,1|2,completed,10
30,2,2,60,10,on,3,0.415,2847,30814,15370,0.498799,2338,7.0,1|2,completed,10
30,2,2,60,10,on,4,0.3918,3063,33427,16172,0.483801,2342,7.0,1|2,completed,10
30,2,2,60,10,on,5,0.4216,3475,37577,17382,0.46257,2341,7.0,1|2,completed,10
30,2,2,60,10,on,6,0.4286,3130,34862,16620,0.476737,2333,7.0,1|2,completed,10
30,2,2,60,10,on,7,0.4798,3676,41646,18803,0.451496,2338,7.0,1|2,completed,10
30,2,2,60,10,on,8,0.4257,3501,38839,17834,0.459178,2346,7.0,1|2,completed,10
30,2,2,60,10,on,9,0.3958,3099,33986,16319,0.480168,2351,7.0,1|2,completed,10
30,2,2,120,5,off,0,0.2216,3576,20287,8822,0.43486,935,7.0,1|2,completed,5
30,2,2,120,5,off,1,0.2463,3568,19575,8680,0.443423,934,7.0,1|2,completed,5
30,2,2,120,5,off,2,0.238,3441,18842,8270,0.438913,934,7.0,1|2,completed,5
30,2,2,120,5,off,3,0.2209,3509,19278,8530,0.442473,942,7.0,1|2,completed,5
30,2,2,120,5,off,4,0.2057,3714,20416,8670,0.424667,936,7.0,1|2,completed,5
30,2,2,120,5,off,5,0.2065,3489,18850,8429,0.447162,933,7.0,1|2,completed,5
30,2,2,120,5,off,6,0.205,3899,21706,9204,0.42403,944,7.0,1|2,completed,5
30,2,2,120,5,off,7,0.2423,4135,22807,9561,0.419213,937,7.0,1|2,completed,5
30,2,2,120,5,off,8,0.2368,4193,23341,9837,0.421447,941,7.0,1|2,completed,5
30,2,2,120,5,off,9,0.2463,4196,23231,9880,0.425294,954,7.0,1|2,completed,5
30,2,2,120,5,on,0,0.2355,3616,20053,8722,0.434947,938,7.0,1|2,completed,5
30,2,2,120,5,on,1,0.2028,3295,18060,8073,0.44701,935,7.0,1|2,completed,5
30,2,2,120,5,on,2,0.2222,3787,20758,8885,0.428028,940,7.0,1|2,completed,5
30,2,2,120,5,on,3,0.2292,3657,19905,8786,0.441397,943,7.0,1|2,completed,5
30,2,2,120,5,on,4,0.2051,3771,20676,9013,0.435916,940,7.0,1|2,completed,5
30,2,2,120,5,on,5,0.2374,3931,21608,9074,0.419937,935,7.0,1|2,completed,5
30,2,2,120,5,on,6,0.2472,3965,22232,9409,0.423219,935,7.0,1|2,completed,5
30,2,2,120,5,on,7,0.2334,3893,21421,9127,0.426077,939,7.0,1|2,completed,5
30,2,2,120,5,on,8,0.273,3523,18929,8426,0.445137,940,7.0,1|2,completed,5
30,2,2,120,5,on,9,0.2689,3682,20359,8779,0.43121,943,7.0,1|2,completed,5
30,2,2,120,10,off,0,0.7006,3917,43883,19771,0.450539,2335,7.0,1|2,completed,10
30,2,2,120,10,off,1,0.473,3849,42614,19069,0.447482,2334,7.0,1|2,completed,10
30,2,2,120,10,off,2,0.5773,4343,48174,20799,0.431747,2337,7.0,1|2,completed,10
30,2,2,120,10,off,3,0.4599,3468,37858,17758,0.469069,2331,7.0,1|2,completed,10
30,2,2,120,10,off,4,0.5196,3908,43296,19425,0.448656,2345,7.0,1|2,completed,10
30,2,2,120,10,off,5,0.4391,3364,36283,17012,0.46887,2333,7.0,1|2,completed,10
30,2,2,120,10,off,6,0.4565,3289,36508,17108,0.46861,2341,7.0,1|2,completed,10
30,2,2,120,10,off,7,0.4456,3631,39871,18293,0.458805,2335,7.0,1|2,completed,10
30,2,2,120,10,off,8,0.4532,3661,40265,18460,0.458463,2335,7.0,1|2,completed,10
30,2,2,120,10,off,9,0.5357,4024,44129,19791,0.448481,2339,7.0,1|2,completed,10
30,2,2,120,10,on,0,0.5351,3678,40773,18722,0.459176,2344,7.0,1|2,completed,10
30,2,2,120,10,on,1,0.4832,3650,40459,18556,0.458637,2337,7.0,1|2,completed,10
30,2,2,120,10,on,2,0.5111,3892,42658,19409,0.454991,2342,7.0,1|2,completed,10
30,2,2,120,10,on,3,0.4687,3758,41644,18824,0.452022,2343,7.0,1|2,completed,10
30,2,2,120,10,on,4,0.5085,3922,43827,19488,0.444657,2352,7.0,1|2,completed,10
30,2,2,120,10,on,5,0.5016,3954,44055,19807,0.449597,2339,7.0,1|2,completed,10
30,2,2,120,10,on,6,0.4613,3758,42125,19068,0.452653,2337,7.0,1|2,completed,10
30,2,2,120,10,on,7,0.4027,3059,33228,16177,0.486848,2337,7.0,1|2,completed,10
30,2,2,120,10,on,8,0.5441,3834,42525,19200,0.451499,2341,7.0,1|2,completed,10
30,2,2,120,10,on,9,0.4503,3383,36833,17334,0.470611,2340,7.0,1|2,completed,10
30,2,2,240,5,off,0,0.2517,4499,25123,10331,0.411217,961,7.0,1|2,completed,5
30,2,2,240,5,off,1,0.2963,4585,25149,10249,0.407531,934,7.0,1|2,completed,5
30,2,2,240,5,off,2,0.2631,4161,22759,9440,0.414781,945,7.0,1|2,completed,5
30,2,2,240,5,off,3,0.259,4424,24826,10099,0.406791,954,7.0,1|2,completed,5
30,2,2,240,5,off,4,0.233,4494,24275,10009,0.412317,944,7.0,1|2,completed,5
30,2,2,240,5,off,5,0.2694,4251,23570,9631,0.408613,940,7.0,1|2,completed,5
30,2,2,240,5,off,6,0.2512,4262,23772,9714,0.408632,938,7.0,1|2,completed,5
30,2,2,240,5,off,7,0.2492,4399,24406,9948,0.407605,944,7.0,1|2,completed,5
30,2,2,240,5,off,8,0.255,4432,24813,10144,0.408818,936,7.0,1|2,completed,5
30,2,2,240,5,off,9,0.2561,4715,25723,10590,0.411694,937,7.0,1|2,completed,5
30,2,2,240,5,on,0,0.2582,4345,23702,9685,0.408615,942,7.0,1|2,completed,5
30,2,2,240,5,on,1,0.2486,4371,23826,9842,0.413078,941,7.0,1|2,completed,5
30,2,2,240,5,on,2,0.2847,4518,24927,10226,0.410238,940,7.0,1|2,completed,5
30,2,2,240,5,on,3,0.2904,4721,25853,10550,0.408076,952,7.0,1|2,completed,5
30,2,2,240,5,on,4,0.2599,4618,25327,10348,0.408576,938,7.0,1|2,completed,5
30,2,2,240,5,on,5,0.2379,4185,23395,9544,0.40795,948,7.0,1|2,completed,5
30,2,2,240,5,on,6,0.2646,4528,25525,10375,0.406464,948,7.0,1|2,completed,5
30,2,2,240,5,on,7,0.2732,4460,24585,10118,0.411552,932,7.0,1|2,completed,5
30,2,2,240,5,on,8,0.2703,4691,25549,10442,0.408705,935,7.0,1|2,completed,5
30,2,2,240,5,on,9,0.2868,4647,25214,10347,0.410367,938,7.0,1|2,completed,5
30,2,2,240,10,off,0,0.5071,4436,49504,21313,0.430531,2331,7.0,1|2,completed,10
30,2,2,240,10,off,1,0.5151,4433,49118,21383,0.435339,2348,7.0,1|2,completed,10
30,2,2,240,10,off,2,0.4997,4200,45598,19822,0.434712,2337,7.0,1|2,completed,10
30,2,2,240,10,off,3,0.48,4425,49177,21259,0.432296,2337,7.0,1|2,completed,10
30,2,2,240,10,off,4,0.5664,4764,52611,22740,0.432229,2335,7.0,1|2,completed,10
30,2,2,240,10,off,5,0.5294,4473,50241,21668,0.431281,2334,7.0,1|2,completed,10
30,2,2,240,10,off,6,0.5466,4861,53241,22775,0.427772,2343,7.0,1|2,completed,10
30,2,2,240,10,off,7,0.5172,4408,47869,20866,0.435898,2341,7.0,1|2,completed,10
30,2,2,240,10,off,8,0.4549,4288,46302,20470,0.442098,2341,7.0,1|2,completed,10
30,2,2,240,10,off,9,0.5423,4716,52278,22279,0.426164,2337,7.0,1|2,completed,10
30,2,2,240,10,on,0,0.5028,4444,48967,21281,0.434599,2341,7.0,1|2,completed,10
30,2,2,240,10,on,1,0.5641,4664,50905,22225,0.436598,2336,7.0,1|2,completed,10
30,2,2,240,10,on,2,0.5142,4407,48147,20866,0.433381,2347,7.0,1|2,completed,10
30,2,2,240,10,on,3,0.5316,4646,51007,22021,0.431725,2337,7.0,1|2,completed,10
30,2,2,240,10,on,4,0.5118,4416,49397,21076,0.426666,2356,7.0,1|2,completed,10
30,2,2,240,10,on,5,0.5542,4770,53588,22814,0.42573,2346,7.0,1|2,completed,10
30,2,2,240,10,on,6,0.5163,4340,47777,20872,0.436863,2339,7.0,1|2,completed,10
30,2,2,240,10,on,7,0.5743,4543,49429,21378,0.432499,2343,7.0,1|2,completed,10
30,2,2,240,10,on,8,0.5056,4314,47147,20739,0.43988,2328,7.0,1|2,completed,10
30,2,2,240,10,on,9,0.5206,4395,47503,20792,0.437699,2343,7.0,1|2,completed,10
30,3,2,30,5,off,0,1.7646,40308,119902,44937,0.374781,7909,97.0,1|2|3,completed,5
30,3,2,30,5,off,1,1.6098,38014,108179,38320,0.354228,6578,97.0,1|2|3,completed,5
30,3,2,30,5,off,2,2.0682,49165,139683,38305,0.274228,5102,97.0,1|2|3,completed,5
30,3,2,30,5,off,3,2.2172,63402,160380,49036,0.305749,7586,97.0,1|2|3,completed,5
30,3,2,30,5,off,4,1.4462,35061,99794,37395,0.374722,6290,97.0,1|2|3,completed,5
30,3,2,30,5,off,5,2.1212,49720,146614,49143,0.335186,8271,97.0,1|2|3,completed,5
30,3,2,30,5,off,6,1.6082,39013,103681,35361,0.341056,5745,97.0,1|2|3,completed,5
30,3,2,30,5,off,7,1.719,42559,123597,41723,0.337573,7208,97.0,1|2|3,completed,5
30,3,2,30,5,off,8,1.9802,46800,128489,44635,0.347384,7860,97.0,1|2|3,completed,5
30,3,2,30,5,off,9,1.6641,40442,108092,44196,0.408874,8029,97.0,1|2|3,completed,5
30,3,2,30,5,on,0,1.8902,41758,114454,39212,0.342601,6512,97.0,1|2|3,completed,5
30,3,2,30,5,on,1,1.9011,39024,104582,41843,0.400098,7452,97.0,1|2|3,completed,5
30,3,2,30,5,on,2,1.758,34247,103437,38952,0.376577,6758,97.0,1|2|3,completed,5
30,3,2,30,5,on,3,1.8088,38616,110735,36304,0.327846,5939,97.0,1|2|3,completed,5
30,3,2,30,5,on,4,1.9,36565,105927,36215,0.341886,6389,97.0,1|2|3,completed,5
30,3,2,30,5,on,5,1.6123,34375,92400,40044,0.433377,7225,97.0,1|2|3,completed,5
30,3,2,30,5,on,6,1.6745,32704,100096,36770,0.367347,6317,97.0,1|2|3,completed,5
30,3,2,30,5,on,7,1.4355,29934,79208,31745,0.40078,5518,97.0,1|2|3,completed,5
30,3,2,30,5,on,8,1.6937,35627,97747,35700,0.365229,6199,97.0,1|2|3,completed,5
30,3,2,30,5,on,9,1.2915,26298,69981,33892,0.484303,6227,97.0,1|2|3,completed,5
30,3,2,30,10,off,0,3.7774,33950,231562,92960,0.401448,16625,97.0,1|2|3,completed,10
30,3,2,30,10,off,1,3.9586,38268,255890,109162,0.426597,19593,97.0,1|2|3,completed,10
30,3,2,30,10,off,2,2.9976,29568,186506,82520,0.442452,14873,97.0,1|2|3,completed,10
30,3,2,30,10,off,3,4.84,42797,278402,98956,0.355443,17709,97.0,1|2|3,completed,10
30,3,2,30,10,off,4,4.2333,40222,262435,92543,0.352632,15240,97.0,1|2|3,completed,10
30,3,2,30,10,off,5,4.7574,45039,299381,111893,0.373748,19769,97.0,1|2|3,completed,10
30,3,2,30,10,off,6,3.6652,33694,242992,89005,0.366288,14897,97.0,1|2|3,completed,10
30,3,2,30,10,off,7,3.0282,31727,200423,83874,0.418485,15354,97.0,1|2|3,completed,10
30,3,2,30,10,off,8,3.7004,34783,248356,95088,0.38287,16882,97.0,1|2|3,completed,10
30,3,2,30,10,off,9,4.1334,39185,266896,93838,0.35159,15968,97.0,1|2|3,completed,10
30,3,2,30,10,on,0,4.7755,40502,280986,108863,0.387432,19620,97.0,1|2|3,completed,10
30,3,2,30,10,on,1,6.5489,53059,380502,129054,0.339168,20858,97.0,1|2|3,completed,10
30,3,2,30,10,on,2,5.4087,46202,307596,103726,0.337215,17605,97.0,1|2|3,completed,10
30,3,2,30,10,on,3,4.8385,39680,280345,110308,0.393472,20362,97.0,1|2|3,completed,10
30,3,2,30,10,on,4,3.1452,26776,172752,73540,0.425697,13232,97.0,1|2|3,completed,10
30,3,2,30,10,on,5,4.2292,38574,243017,86741,0.356934,15459,97.0,1|2|3,completed,10
30,3,2,30,10,on,6,4.1301,41394,243149,87384,0.359385,15274,97.0,1|2|3,completed,10
30,3,2,30,10,on,7,4.3096,36561,253295,95457,0.376861,16895,97.0,1|2|3,completed,10
30,3,2,30,10,on,8,5.054,42763,281993,89038,0.315745,14225,97.0,1|2|3,completed,10
30,3,2,30,10,on,9,3.4422,28963,189602,72517,0.38247,12483,97.0,1|2|3,completed,10
30,3,2,60,5,off,0,4.6356,90471,318038,85586,0.269106,9058,97.0,1|2|3,completed,5
30,3,2,60,5,off,1,5.4237,104212,366018,95622,0.261249,9060,97.0,1|2|3,completed,5
30,3,2,60,5,off,2,3.8218,73332,248467,72420,0.291467,9044,97.0,1|2|3,completed,5
30,3,2,60,5,off,3,3.3184,64337,220574,69572,0.315413,9055,97.0,1|2|3,completed,5
30,3,2,60,5,off,4,5.6608,114358,401348,103617,0.258172,9058,97.0,1|2|3,completed,5
30,3,2,60,5,off,5,4.4858,86290,302275,83635,0.276685,9059,97.0,1|2|3,completed,5
30,3,2,60,5,off,6,4.6114,83843,298517,82385,0.275981,9055,97.0,1|2|3,completed,5
30,3,2,60,5,off,7,6.2056,116704,415836,106032,0.254985,9061,97.0,1|2|3,completed,5
30,3,2,60,5,off,8,5.4704,102930,356288,94944,0.266481,9063,97.0,1|2|3,completed,5
30,3,2,60,5,off,9,3.8292,71925,243543,74134,0.304398,9052,97.0,1|2|3,completed,5
30,3,2,60,5,on,0,6.3127,115638,403674,103106,0.255419,9069,97.0,1|2|3,completed,5
30,3,2,60,5,on,1,4.7592,86820,295182,82316,0.278865,9058,97.0,1|2|3,completed,5
30,3,2,60,5,on,2,4.5815,82689,270248,76535,0.283203,9055,97.0,1|2|3,completed,5
30,3,2,60,5,on,3,6.1181,103142,350532,92267,0.26322,9058,97.0,1|2|3,completed,5
30,3,2,60,5,on,4,3.4879,63166,219227,68369,0.311864,9057,97.0,1|2|3,completed,5
30,3,2,60,5,on,5,3.7993,68513,222202,69866,0.314426,9057,97.0,1|2|3,completed,5
30,3,2,60,5,on,6,4.4473,81051,289620,81513,0.281448,9060,97.0,1|2|3,completed,5
30,3,2,60,5,on,7,3.1031,58234,186221,63921,0.343253,9058,97.0,1|2|3,completed,5
30,3,2,60,5,on,8,3.3702,62998,215614,68486,0.317632,9058,97.0,1|2|3,completed,5
30,3,2,60,5,on,9,5.8373,110108,380696,97239,0.255424,9059,97.0,1|2|3,completed,5
30,3,2,60,10,off,0,13.4253,110708,893188,232786,0.260624,22642,97.0,1|2|3,completed,10
30,3,2,60,10,off,1,10.1431,78412,670930,191953,0.2861,22638,97.0,1|2|3,completed,10
30,3,2,60,10,off,2,12.0332,102195,813352,218076,0.26812,22646,97.0,1|2|3,completed,10
30,3,2,60,10,off,3,9.0043,73095,600060,179586,0.29928,22635,97.0,1|2|3,completed,10
30,3,2,60,10,off,4,14.1564,114343,941155,240171,0.255188,22631,97.0,1|2|3,completed,10
30,3,2,60,10,off,5,12.4758,100967,831666,222218,0.267196,22655,97.0,1|2|3,completed,10
30,3,2,60,10,off,6,12.0005,95215,810832,216069,0.266478,22647,97.0,1|2|3,completed,10
30,3,2,60,10,off,7,12.2725,105317,826181,219017,0.265096,22654,97.0,1|2|3,completed,10
30,3,2,60,10,off,8,8.7701,71275,583907,176943,0.303033,22643,97.0,1|2|3,completed,10
30,3,2,60,10,off,9,8.5496,72291,565391,173016,0.306011,22628,97.0,1|2|3,completed,10
30,3,2,60,10,on,0,8.8663,68675,553573,173032,0.312573,22630,97.0,1|2|3,completed,10
30,3,2,60,10,on,1,11.8801,87216,715921,201014,0.280777,22642,97.0,1|2|3,completed,10
30,3,2,60,10,on,2,12.7541,94616,761901,207187,0.271934,22642,97.0,1|2|3,completed,10
30,3,2,60,10,on,3,12.5006,89822,720547,202685,0.281293,22642,97.0,1|2|3,completed,10
30,3,2,60,10,on,4,10.5753,78724,650726,185436,0.284968,22636,97.0,1|2|3,completed,10
30,3,2,60,10,on,5,12.5623,93075,774916,209961,0.270947,22644,97.0,1|2|3,completed,10
30,3,2,60,10,on,6,12.9224,104024,818186,217971,0.266408,22643,97.0,1|2|3,completed,10
30,3,2,60,10,on,7,12.1099,87180,745902,207512,0.278203,22638,97.0,1|2|3,completed,10
30,3,2,60,10,on,8,16.0635,114140,970399,241913,0.249292,22656,97.0,1|2|3,completed,10
30,3,2,60,10,on,9,11.6333,84438,718259,196596,0.273712,22640,97.0,1|2|3,completed,10
30,3,2,120,5,off,0,6.3766,124228,448288,109288,0.24379,9062,97.0,1|2|3,completed,5
30,3,2,120,5,off,1,5.1406,101174,354155,95476,0.269588,9063,97.0,1|2|3,completed,5
30,3,2,120,5,off,2,8.1001,157994,589026,136894,0.232407,9063,97.0,1|2|3,completed,5
30,3,2,120,5,off,3,5.1585,98699,340863,94052,0.275923,9064,97.0,1|2|3,completed,5
30,3,2,120,5,off,4,6.3062,121105,435764,109835,0.252052,9065,97.0,1|2|3,completed,5
30,3,2,120,5,off,5,4.1968,86139,292375,83834,0.286735,9054,97.0,1|2|3,completed,5
30,3,2,120,5,off,6,5.788,116423,406846,104780,0.257542,9060,97.0,1|2|3,completed,5
30,3,2,120,5,off,7,5.3029,103506,356336,94663,0.265657,9058,97.0,1|2|3,completed,5
30,3,2,120,5,off,8,5.3976,100826,372414,95737,0.257071,9057,97.0,1|2|3,completed,5
30,3,2,120,5,off,9,6.6287,134500,465505,115244,0.247568,9060,97.0,1|2|3,completed,5
30,3,2,120,5,on,0,8.303,150680,543770,130355,0.239725,9062,97.0,1|2|3,completed,5
30,3,2,120,5,on,1,7.9503,149384,510894,125848,0.246329,9059,97.0,1|2|3,completed,5
30,3,2,120,5,on,2,5.9478,108559,390285,98921,0.253458,9060,97.0,1|2|3,completed,5
30,3,2,120,5,on,3,6.8233,122612,441013,107019,0.242666,9063,97.0,1|2|3,completed,5
30,3,2,120,5,on,4,7.1947,131569,448911,117192,0.261058,9060,97.0,1|2|3,completed,5
30,3,2,120,5,on,5,4.4559,82007,270329,81209,0.300408,9058,97.0,1|2|3,completed,5
30,3,2,120,5,on,6,4.9863,92649,313974,88972,0.283374,9060,97.0,1|2|3,completed,5
30,3,2,120,5,on,7,4.0351,78299,250777,77366,0.308505,9058,97.0,1|2|3,completed,5
30,3,2,120,5,on,8,6.986,127859,458214,114595,0.250091,9066,97.0,1|2|3,completed,5
30,3,2,120,5,on,9,5.5092,100478,366000,95915,0.262063,9058,97.0,1|2|3,completed,5
30,3,2,120,10,off,0,14.4069,122703,1025219,262926,0.256458,22639,97.0,1|2|3,completed,10
30,3,2,120,10,off,1,14.7286,115443,1047663,260286,0.248444,22649,97.0,1|2|3,completed,10
30,3,2,120,10,off,2,20.3827,170612,1456531,341529,0.234481,22660,97.0,1|2|3,completed,10
30,3,2,120,10,off,3,15.6317,128184,1049767,265972,0.253363,22644,97.0,1|2|3,completed,10
30,3,2,120,10,off,4,21.1322,176550,1474913,344050,0.233268,22645,97.0,1|2|3,completed,10
30,3,2,120,10,off,5,15.9598,137740,1103003,274476,0.248844,22648,97.0,1|2|3,completed,10
30,3,2,120,10,off,6,14.9963,122147,1079493,260672,0.241476,22645,97.0,1|2|3,completed,10
30,3,2,120,10,off,7,10.5983,94490,806688,218380,0.270712,22637,97.0,1|2|3,completed,10
30,3,2,120,10,off,8,11.7084,101486,818845,221812,0.270884,22638,97.0,1|2|3,completed,10
30,3,2,120,10,off,9,17.8157,151369,1346790,315702,0.234411,22638,97.0,1|2|3,completed,10
30,3,2,120,10,on,0,13.0496,103936,843919,232201,0.275146,22632,97.0,1|2|3,completed,10
30,3,2,120,10,on,1,11.3889,95407,757827,211200,0.278692,22646,97.0,1|2|3,completed,10
30,3,2,120,10,on,2,16.2029,135678,1099597,272568,0.24788,22639,97.0,1|2|3,completed,10
30,3,2,120,10,on,3,13.1074,99078,791654,227718,0.287648,22633,97.0,1|2|3,completed,10
30,3,2,120,10,on,4,16.087,124424,1060675,260930,0.246004,22641,97.0,1|2|3,completed,10
30,3,2,120,10,on,5,14.2967,109479,901842,244029,0.27059,22633,97.0,1|2|3,completed,10
30,3,2,120,10,on,6,15.6104,118164,992306,253450,0.255415,22641,97.0,1|2|3,completed,10
30,3,2,120,10,on,7,12.5919,99926,806858,219000,0.271423,22649,97.0,1|2|3,completed,10
30,3,2,120,10,on,8,18.5433,143920,1231866,301119,0.244441,22635,97.0,1|2|3,completed,10
30,3,2,120,10,on,9,23.367,181351,1506218,382180,0.253735,22664,97.0,1|2|3,completed,10
30,3,2,240,5,off,0,8.1617,172570,591248,139956,0.236713,9063,97.0,1|2|3,completed,5
30,3,2,240,5,off,1,7.8025,161879,534858,136901,0.255958,9054,97.0,1|2|3,completed,5
30,3,2,240,5,off,2,9.726,204930,680797,168954,0.248171,9055,97.0,1|2|3,completed,5
30,3,2,240,5,off,3,9.2327,192925,643121,159834,0.248529,9071,97.0,1|2|3,completed,5
30,3,2,240,5,off,4,8.8988,184456,613982,148894,0.242505,9060,97.0,1|2|3,completed,5
30,3,2,240,5,off,5,8.7203,178702,608795,149861,0.24616,9064,97.0,1|2|3,completed,5
30,3,2,240,5,off,6,7.0606,144335,508996,123126,0.2419,9056,97.0,1|2|3,completed,5
30,3,2,240,5,off,7,7.4663,153487,533544,134652,0.252373,9057,97.0,1|2|3,completed,5
30,3,2,240,5,off,8,8.6986,178460,591236,145739,0.246499,9058,97.0,1|2|3,completed,5
30,3,2,240,5,off,9,8.7154,186543,626745,153787,0.245374,9053,97.0,1|2|3,completed,5
30,3,2,240,5,on,0,10.5808,208730,706665,169610,0.240015,9070,97.0,1|2|3,completed,5
30,3,2,240,5,on,1,8.7366,171395,572772,141876,0.247701,9057,97.0,1|2|3,completed,5
30,3,2,240,5,on,2,10.106,200672,667989,159872,0.239333,9051,97.0,1|2|3,completed,5
30,3,2,240,5,on,3,9.0354,178642,604027,146002,0.241714,9058,97.0,1|2|3,completed,5
30,3,2,240,5,on,4,8.2699,162543,533562,132622,0.24856,9060,97.0,1|2|3,completed,5
30,3,2,240,5,on,5,8.9618,179127,594513,149211,0.25098,9062,97.0,1|2|3,completed,5
30,3,2,240,5,on,6,8.0868,162383,524868,133791,0.254904,9054,97.0,1|2|3,completed,5
30,3,2,240,5,on,7,8.134,162852,541093,136479,0.252228,9061,97.0,1|2|3,completed,5
30,3,2,240,5,on,8,8.3184,159697,562020,130886,0.232885,9062,97.0,1|2|3,completed,5
30,3,2,240,5,on,9,9.0329,185999,633042,153064,0.241791,9065,97.0,1|2|3,completed,5
30,3,2,240,10,off,0,16.9283,147442,1171537,296921,0.253446,22647,97.0,1|2|3,completed,10
30,3,2,240,10,off,1,20.9541,176343,1431979,352537,0.246189,22644,97.0,1|2|3,completed,10
30,3,2,240,10,off,2,25.2142,216419,1785551,441766,0.247412,22640,97.0,1|2|3,completed,10
30,3,2,240,10,off,3,19.6016,164834,1333644,332863,0.249589,22645,97.0,1|2|3,completed,10
30,3,2,240,10,off,4,19.5188,163384,1311172,324279,0.24732,22636,97.0,1|2|3,completed,10
30,3,2,240,10,off,5,25.7693,211895,1812947,430552,0.237487,22633,97.0,1|2|3,completed,10
30,3,2,240,10,off,6,24.4277,201833,1751082,412072,0.235324,22640,97.0,1|2|3,completed,10
30,3,2,240,10,off,7,21.6275,192085,1565378,379218,0.242253,22639,97.0,1|2|3,completed,10
30,3,2,240,10,off,8,20.2456,168747,1421089,336007,0.236443,22651,97.0,1|2|3,completed,10
30,3,2,240,10,off,9,20.0642,169984,1393894,342106,0.245432,22663,97.0,1|2|3,completed,10
30,3,2,240,10,on,0,24.1573,185278,1547514,376972,0.243598,22652,97.0,1|2|3,completed,10
30,3,2,240,10,on,1,24.2387,200665,1592900,392062,0.246131,22630,97.0,1|2|3,completed,10
30,3,2,240,10,on,2,19.7632,157548,1317011,315469,0.239534,22653,97.0,1|2|3,completed,10
30,3,2,240,10,on,3,22.0542,178697,1491060,359914,0.241381,22634,97.0,1|2|3,completed,10
30,3,2,240,10,on,4,18.5051,152932,1237063,307411,0.248501,22641,97.0,1|2|3,completed,10
30,3,2,240,10,on,5,23.0218,184588,1531954,377584,0.246472,22637,97.0,1|2|3,completed,10
30,3,2,240,10,on,6,22.6541,185659,1537836,368672,0.239734,22635,97.0,1|2|3,completed,10
30,3,2,240,10,on,7,23.9487,188508,1592212,380491,0.23897,22641,97.0,1|2|3,completed,10
30,3,2,240,10,on,8,23.3587,182476,1584537,374674,0.236456,22632,97.0,1|2|3,completed,10
30,3,2,240,10,on,9,24.7386,206167,1650692,402695,0.243955,22655,97.0,1|2|3,completed,10
30,4,2,30,5,off,0,12.6888,202103,629121,211472,0.336139,18553,2617.0,1|2|3|4,completed,5
30,4,2,30,5,off,1,14.7675,325846,768188,370942,0.482879,40670,2617.0,1|2|3|4,completed,5
30,4,2,30,5,off,2,15.576,358466,824226,350241,0.424933,36939,2617.0,1|2|3|4,completed,5
30,4,2,30,5,off,3,16.3638,334479,858277,376479,0.438645,37927,2617.0,1|2|3|4,completed,5
30,4,2,30,5,off,4,18.0181,381525,1024776,360090,0.351384,36657,2617.0,1|2|3|4,completed,5
30,4,2,30,5,off,5,18.2083,376180,991742,385082,0.388288,37885,2617.0,1|2|3|4,completed,5
30,4,2,30,5,off,6,16.877,383555,925178,371162,0.401179,37001,2617.0,1|2|3|4,completed,5
30,4,2,30,5,off,7,20.3423,374783,1125941,393798,0.34975,39677,2617.0,1|2|3|4,completed,5
30,4,2,30,5,off,8,16.5796,348488,886797,397392,0.448121,39198,2617.0,1|2|3|4,completed,5
30,4,2,30,5,off,9,14.7737,284716,765937,288832,0.377096,23894,2617.0,1|2|3|4,completed,5
30,4,2,30,5,on,0,26.653,439261,1151054,449714,0.390698,48996,2617.0,1|2|3|4,completed,5
30,4,2,30,5,on,1,21.8167,386545,944682,418932,0.443464,44101,2617.0,1|2|3|4,completed,5
30,4,2,30,5,on,2,12.5738,179808,501330,210306,0.419496,21952,2617.0,1|2|3|4,completed,5
30,4,2,30,5,on,3,24.4565,325175,961855,294783,0.306473,28304,2617.0,1|2|3|4,completed,5
30,4,2,30,5,on,4,12.908,170227,443220,147079,0.331842,11801,2617.0,1|2|3|4,completed,5
30,4,2,30,5,on,5,24.8233,441680,1077259,446058,0.414068,45820,2617.0,1|2|3|4,completed,5
30,4,2,30,5,on,6,25.0566,360251,1051133,386327,0.367534,39131,2617.0,1|2|3|4,completed,5
30,4,2,30,5,on,7,30.4223,455749,1295302,437952,0.338108,45812,2617.0,1|2|3|4,completed,5
30,4,2,30,5,on,8,23.6604,401408,1031540,401878,0.38959,39861,2617.0,1|2|3|4,completed,5
30,4,2,30,5,on,9,20.5592,341967,846580,370415,0.437543,37028,2617.0,1|2|3|4,completed,5
30,4,2,30,10,off,0,46.2875,344827,2463292,857193,0.347987,78621,2617.0,1|2|3|4,completed,10
30,4,2,30,10,off,1,38.4215,326678,2019669,778247,0.385334,77975,2617.0,1|2|3|4,completed,10
30,4,2,30,10,off,2,21.9181,159450,1044880,292301,0.279746,28481,2617.0,1|2|3|4,completed,10
30,4,2,30,10,off,3,36.4933,322762,1904696,860562,0.451811,84055,2617.0,1|2|3|4,completed,10
30,4,2,30,10,off,4,50.646,430700,2740648,989855,0.361176,96880,2617.0,1|2|3|4,completed,10
30,4,2,30,10,off,5,48.7554,386476,2681240,982293,0.366358,96332,2617.0,1|2|3|4,completed,10
30,4,2,30,10,off,6,23.9428,166756,1182688,424183,0.35866,36549,2617.0,1|2|3|4,completed,10
30,4,2,30,10,off,7,51.167,405841,2772698,962248,0.347044,104799,2617.0,1|2|3|4,completed,10
30,4,2,30,10,off,8,37.1729,335085,1925243,849746,0.441371,83913,2617.0,1|2|3|4,completed,10
30,4,2,30,10,off,9,50.4832,395953,2738486,1052689,0.384405,105433,2617.0,1|2|3|4,completed,10
30,4,2,30,10,on,0,51.4094,327189,2099618,817154,0.389192,85040,2617.0,1|2|3|4,completed,10
30,4,2,30,10,on,1,64.3482,379918,2700492,879185,0.325565,86848,2617.0,1|2|3|4,completed,10
30,4,2,30,10,on,2,53.9897,320290,2156225,820438,0.380497,80511,2617.0,1|2|3|4,completed,10
30,4,2,30,10,on,3,35.7771,214800,1343497,493841,0.367579,47729,2617.0,1|2|3|4,completed,10
30,4,2,30,10,on,4,35.7631,200133,1398813,506608,0.36217,49863,2617.0,1|2|3|4,completed,10
30,4,2,30,10,on,5,55.561,336637,2279204,892612,0.391633,84785,2617.0,1|2|3|4,completed,10
30,4,2,30,10,on,6,68.6502,382638,2756654,800691,0.290458,77041,2617.0,1|2|3|4,completed,10
30,4,2,30,10,on,7,45.0366,266530,1799109,671112,0.373025,68349,2617.0,1|2|3|4,completed,10
30,4,2,30,10,on,8,58.0524,375271,2421332,883436,0.364855,88517,2617.0,1|2|3|4,completed,10
30,4,2,30,10,on,9,45.5648,325262,1852748,828202,0.447013,82125,2617.0,1|2|3|4,completed,10
30,4,2,60,5,off,0,49.5435,841023,3021828,677378,0.224162,63765,2617.0,1|2|3|4,completed,5
30,4,2,60,5,off,1,54.7935,956036,3577741,734184,0.205209,63868,2617.0,1|2|3|4,completed,5
30,4,2,60,5,off,2,46.4586,831664,2943042,659235,0.223998,63848,2617.0,1|2|3|4,completed,5
30,4,2,60,5,off,3,97.3342,1575587,6378286,956672,0.149989,63866,2617.0,1|2|3|4,completed,5
30,4,2,60,5,off,4,137.2189,2039176,8971146,1227136,0.136787,63635,2617.0,1|2|3|4,completed,5
30,4,2,60,5,off,5,68.2838,1115171,4664560,816718,0.17509,63866,2617.0,1|2|3|4,completed,5
30,4,2,60,5,off,6,100.2028,1635321,6604656,1002755,0.151825,63871,2617.0,1|2|3|4,completed,5
30,4,2,60,5,off,7,76.893,1186250,5004306,820523,0.163963,63866,2617.0,1|2|3|4,completed,5
30,4,2,60,5,off,8,57.657,1012022,3731574,734726,0.196894,63871,2617.0,1|2|3|4,completed,5
30,4,2,60,5,off,9,70.3224,1155336,4580879,791907,0.172872,63749,2617.0,1|2|3|4,completed,5
30,4,2,60,5,on,0,51.3203,762218,2726181,695775,0.25522,63866,2617.0,1|2|3|4,completed,5
30,4,2,60,5,on,1,68.9194,930847,3895800,776645,0.199354,63864,2617.0,1|2|3|4,completed,5
30,4,2,60,5,on,2,241.1932,3247792,14903372,1903203,0.127703,63876,2617.0,1|2|3|4,completed,5
30,4,2,60,5,on,3,71.1173,1009617,4109925,758552,0.184566,63877,2617.0,1|2|3|4,completed,5
30,4,2,60,5,on,4,66.8158,921785,3752269,744176,0.198327,63861,2617.0,1|2|3|4,completed,5
30,4,2,60,5,on,5,64.404,880388,3556204,720529,0.202612,63866,2617.0,1|2|3|4,completed,5
30,4,2,60,5,on,6,90.3587,1301451,5129038,842190,0.1642,63866,2617.0,1|2|3|4,completed,5
30,4,2,60,5,on,7,120.808,1609747,7230269,1060101,0.14662,63879,2617.0,1|2|3|4,completed,5
30,4,2,60,5,on,8,99.1069,1407794,5755384,884083,0.15361,63863,2617.0,1|2|3|4,completed,5
30,4,2,60,5,on,9,98.8146,1388061,5443232,862985,0.158543,63818,2617.0,1|2|3|4,completed,5
30,4,2,60,10,off,0,136.7538,946730,8783418,1765008,0.200948,159616,2617.0,1|2|3|4,completed,10
30,4,2,60,10,off,1,268.4886,1670866,17280125,2419432,0.140012,159265,2617.0,1|2|3|4,completed,10
30,4,2,60,10,off,2,303.1508,1925757,18351811,2543736,0.13861,159625,2617.0,1|2|3|4,completed,10
30,4,2,60,10,off,3,120.9689,865366,7397811,1735814,0.234639,159658,2617.0,1|2|3|4,completed,10
30,4,2,60,10,off,4,219.532,1283139,13476050,2179380,0.161722,159662,2617.0,1|2|3|4,completed,10
30,4,2,60,10,off,5,180.1776,1121304,11067979,1978517,0.17876,159602,2617.0,1|2|3|4,completed,10
30,4,2,60,10,off,6,250.4463,1480407,15822788,2406576,0.152096,159656,2617.0,1|2|3|4,completed,10
30,4,2,60,10,off,7,171.3104,1067628,10550887,1907629,0.180803,159642,2617.0,1|2|3|4,completed,10
30,4,2,60,10,off,8,212.6704,1280078,13112814,2068911,0.157778,159573,2617.0,1|2|3|4,completed,10
30,4,2,60,10,off,9,219.7345,1368145,13537146,2045091,0.151073,158354,2617.0,1|2|3|4,completed,10
30,4,2,60,10,on,0,265.2919,1444472,14816477,2228956,0.150438,159589,2617.0,1|2|3|4,completed,10
30,4,2,60,10,on,1,195.5401,1086902,10982490,1967763,0.179173,159670,2617.0,1|2|3|4,completed,10
30,4,2,60,10,on,2,183.4502,1041171,10405029,1945474,0.186974,158836,2617.0,1|2|3|4,completed,10
30,4,2,60,10,on,3,312.6087,1778778,17188475,2447298,0.14238,158153,2617.0,1|2|3|4,completed,10
30,4,2,60,10,on,4,190.6665,1109818,10938038,2001951,0.183027,159658,2617.0,1|2|3|4,completed,10
30,4,2,60,10,on,5,209.5193,1191792,11957762,2086855,0.174519,159394,2617.0,1|2|3|4,completed,10
30,4,2,60,10,on,6,286.026,1481625,15393333,2364333,0.153595,159660,2617.0,1|2|3|4,completed,10
30,4,2,60,10,on,7,132.8873,797485,6925940,1685879,0.243415,159647,2617.0,1|2|3|4,completed,10
30,4,2,60,10,on,8,309.363,1698700,17119614,2446322,0.142896,159665,2617.0,1|2|3|4,completed,10
30,4,2,60,10,on,9,318.7912,1626084,16821117,2403748,0.142901,159669,2617.0,1|2|3|4,completed,10
30,4,2,120,5,off,0,127.9996,1847702,8900476,1258449,0.141391,63880,2617.0,1|2|3|4,completed,5
30,4,2,120,5,off,1,149.8547,2226765,10642796,1392696,0.130858,63873,2617.0,1|2|3|4,completed,5
30,4,2,120,5,off,2,159.2401,2414597,11123339,1537862,0.138255,63872,2617.0,1|2|3|4,completed,5
30,4,2,120,5,off,3,210.0674,2934406,14563828,1854313,0.127323,63864,2617.0,1|2|3|4,completed,5
30,4,2,120,5,off,4,183.6877,2459186,12978823,1667188,0.128454,63866,2617.0,1|2|3|4,completed,5
30,4,2,120,5,off,5,131.2446,1959882,9193664,1275373,0.138723,63866,2617.0,1|2|3|4,completed,5
30,4,2,120,5,off,6,124.4631,1833162,8706784,1247830,0.143317,63864,2617.0,1|2|3|4,completed,5
30,4,2,120,5,off,7,158.6833,2274057,11756516,1530321,0.130168,63865,2617.0,1|2|3|4,completed,5
30,4,2,120,5,off,8,140.5479,1974381,9989067,1360959,0.136245,63869,2617.0,1|2|3|4,completed,5
30,4,2,120,5,off,9,222.8861,3169015,15930468,2007055,0.125988,63869,2617.0,1|2|3|4,completed,5
30,4,2,120,5,on,0,151.3713,2128754,9291782,1413118,0.152083,63873,2617.0,1|2|3|4,completed,5
30,4,2,120,5,on,1,147.2098,1920444,10052846,1381239,0.137398,63864,2617.0,1|2|3|4,completed,5
30,4,2,120,5,on,2,116.5052,1610948,7063365,1081783,0.153154,63871,2617.0,1|2|3|4,completed,5
30,4,2,120,5,on,3,228.2519,2947389,14425665,1822554,0.126341,63878,2617.0,1|2|3|4,completed,5
30,4,2,120,5,on,4,120.154,1630513,7244481,1156886,0.159692,63862,2617.0,1|2|3|4,completed,5
30,4,2,120,5,on,5,205.1483,2663901,12696529,1660773,0.130805,63870,2617.0,1|2|3|4,completed,5
30,4,2,120,5,on,6,123.4915,1704653,7655256,1148414,0.150016,63875,2617.0,1|2|3|4,completed,5
30,4,2,120,5,on,7,153.9287,2004818,9715925,1382363,0.142278,63872,2617.0,1|2|3|4,completed,5
30,4,2,120,5,on,8,106.6701,1373910,6616203,1083028,0.163693,63881,2617.0,1|2|3|4,completed,5
30,4,2,120,5,on,9,121.7121,1537742,7282957,1113759,0.152927,63874,2617.0,1|2|3|4,completed,5
30,4,2,120,10,off,0,464.9535,2641017,33273578,4246725,0.127631,159668,2617.0,1|2|3|4,completed,10
30,4,2,120,10,off,1,330.5002,1979590,24206597,3405987,0.140705,159662,2617.0,1|2|3|4,completed,10
30,4,2,120,10,off,2,245.6711,1584615,16880556,2620790,0.155255,159657,2617.0,1|2|3|4,completed,10
30,4,2,120,10,off,3,390.2377,2439957,28400882,3738050,0.131617,159674,2617.0,1|2|3|4,completed,10
30,4,2,120,10,off,4,484.4689,2837373,34015115,4357361,0.128101,159667,2617.0,1|2|3|4,completed,10
30,4,2,120,10,off,5,331.6692,2115036,25654254,3440606,0.134114,159659,2617.0,1|2|3|4,completed,10
30,4,2,120,10,off,6,406.1789,2343713,27989825,3773179,0.134805,159661,2617.0,1|2|3|4,completed,10
30,4,2,120,10,off,7,492.8735,2866758,33983352,4497128,0.132333,159674,2617.0,1|2|3|4,completed,10
30,4,2,120,10,off,8,391.8334,2561747,31500093,4131929,0.131172,159659,2617.0,1|2|3|4,completed,10
30,4,2,120,10,off,9,262.2689,1595257,17891296,2775982,0.155158,159668,2617.0,1|2|3|4,completed,10
30,4,2,120,10,on,0,352.929,2062801,23540250,3283997,0.139506,159680,2617.0,1|2|3|4,completed,10
30,4,2,120,10,on,1,605.7737,3055081,38985308,4789197,0.122846,159650,2617.0,1|2|3|4,timeout,5
30,4,2,120,10,on,2,,,,,,,,,timeout_skipped,0
30,4,2,120,10,on,3,,,,,,,,,timeout_skipped,0
30,4,2,120,10,on,4,,,,,,,,,timeout_skipped,0
30,4,2,120,10,on,5,,,,,,,,,timeout_skipped,0
30,4,2,120,10,on,6,,,,,,,,,timeout_skipped,0
30,4,2,120,10,on,7,,,,,,,,,timeout_skipped,0
30,4,2,120,10,on,8,,,,,,,,,timeout_skipped,0
30,4,2,120,10,on,9,,,,,,,,,timeout_skipped,0
30,4,2,240,5,off,0,267.3032,3944537,17609907,2250195,0.12778,63863,2617.0,1|2|3|4,completed,5
30,4,2,240,5,off,1,390.9383,5468820,25901091,3183482,0.122909,63863,2617.0,1|2|3|4,completed,5
30,4,2,240,5,off,2,278.2511,3980943,18567484,2375900,0.12796,63866,2617.0,1|2|3|4,completed,5
30,4,2,240,5,off,3,239.2618,3736450,16342242,2175146,0.1331,63864,2617.0,1|2|3|4,completed,5
30,4,2,240,5,off,4,301.0518,4453286,20347164,2584638,0.127027,63864,2617.0,1|2|3|4,completed,5
30,4,2,240,5,off,5,348.3429,5040876,23317830,2988760,0.128175,63865,2617.0,1|2|3|4,completed,5
30,4,2,240,5,off,6,266.6758,3983670,17423161,2200962,0.126324,63863,2617.0,1|2|3|4,completed,5
30,4,2,240,5,off,7,264.8812,3615858,16332106,2070586,0.12678,63874,2617.0,1|2|3|4,completed,5
30,4,2,240,5,off,8,261.4755,3737724,17846633,2202537,0.123415,63876,2617.0,1|2|3|4,completed,5
30,4,2,240,5,off,9,248.7126,3673749,16619460,2094749,0.126042,63868,2617.0,1|2|3|4,completed,5
30,4,2,240,5,on,0,260.026,3691145,15623256,2005643,0.128375,63871,2617.0,1|2|3|4,completed,5
30,4,2,240,5,on,1,303.5387,4045496,18048768,2326669,0.12891,63872,2617.0,1|2|3|4,completed,5
30,4,2,240,5,on,2,254.1149,3660735,15607982,1944554,0.124587,63870,2617.0,1|2|3|4,completed,5
30,4,2,240,5,on,3,359.5825,4935941,22512133,2939180,0.13056,63868,2617.0,1|2|3|4,completed,5
30,4,2,240,5,on,4,373.4778,5052374,23771000,2865785,0.120558,63866,2617.0,1|2|3|4,completed,5
30,4,2,240,5,on,5,337.5698,4576025,21860085,2748878,0.125749,63866,2617.0,1|2|3|4,completed,5
30,4,2,240,5,on,6,332.9482,4383976,20618198,2609939,0.126584,63870,2617.0,1|2|3|4,completed,5
30,4,2,240,5,on,7,342.3592,4605767,21230637,2742555,0.129179,63868,2617.0,1|2|3|4,completed,5
30,4,2,240,5,on,8,305.5018,3973771,20627114,2431246,0.117867,63872,2617.0,1|2|3|4,completed,5
30,4,2,240,5,on,9,362.1032,5064767,22747368,2872685,0.126286,63864,2617.0,1|2|3|4,completed,5
30,4,2,240,10,off,0,713.2285,4252030,47495855,6065956,0.127715,159650,2617.0,1|2|3|4,timeout,5
30,4,2,240,10,off,1,,,,,,,,,timeout_skipped,0
30,4,2,240,10,off,2,,,,,,,,,timeout_skipped,0
30,4,2,240,10,off,3,,,,,,,,,timeout_skipped,0
30,4,2,240,10,off,4,,,,,,,,,timeout_skipped,0
30,4,2,240,10,off,5,,,,,,,,,timeout_skipped,0
30,4,2,240,10,off,6,,,,,,,,,timeout_skipped,0
30,4,2,240,10,off,7,,,,,,,,,timeout_skipped,0
30,4,2,240,10,off,8,,,,,,,,,timeout_skipped,0
30,4,2,240,10,off,9,,,,,,,,,timeout_skipped,0
30,4,2,240,10,on,0,605.1199,4080139,37403630,4613609,0.123347,127720,2617.0,1|2|3|4,timeout,4
30,4,2,240,10,on,1,,,,,,,,,timeout_skipped,0
30,4,2,240,10,on,2,,,,,,,,,timeout_skipped,0
30,4,2,240,10,on,3,,,,,,,,,timeout_skipped,0
30,4,2,240,10,on,4,,,,,,,,,timeout_skipped,0
30,4,2,240,10,on,5,,,,,,,,,timeout_skipped,0
30,4,2,240,10,on,6,,,,,,,,,timeout_skipped,0
30,4,2,240,10,on,7,,,,,,,,,timeout_skipped,0
30,4,2,240,10,on,8,,,,,,,,,timeout_skipped,0
30,4,2,240,10,on,9,,,,,,,,,timeout_skipped,0
50,2,2,30,5,off,0,0.5934,8626,47210,20114,0.426054,2530,7.0,1|2,completed,5
50,2,2,30,5,off,1,0.4628,7874,40635,18010,0.443214,2495,7.0,1|2,completed,5
50,2,2,30,5,off,2,0.5112,9286,48561,20643,0.425094,2540,7.0,1|2,completed,5
50,2,2,30,5,off,3,0.4205,7795,41814,18654,0.446119,2517,7.0,1|2,completed,5
50,2,2,30,5,off,4,0.4238,7617,40673,18616,0.457699,2566,7.0,1|2,completed,5
50,2,2,30,5,off,5,0.3987,7380,36947,16672,0.451241,2357,7.0,1|2,completed,5
50,2,2,30,5,off,6,0.4637,8199,44132,19739,0.447272,2575,7.0,1|2,completed,5
50,2,2,30,5,off,7,0.4313,7896,41336,18175,0.439689,2508,7.0,1|2,completed,5
50,2,2,30,5,off,8,0.4882,8696,46006,19523,0.424358,2478,7.0,1|2,completed,5
50,2,2,30,5,off,9,0.3785,6920,36678,16221,0.442254,2189,7.0,1|2,completed,5
50,2,2,30,5,on,0,0.4805,7500,39681,18604,0.468839,2562,7.0,1|2,completed,5
50,2,2,30,5,on,1,0.5964,7989,43174,19235,0.445523,2541,7.0,1|2,completed,5
50,2,2,30,5,on,2,0.4007,6346,33814,16200,0.479092,2348,7.0,1|2,completed,5
50,2,2,30,5,on,3,0.4189,6621,35309,16301,0.461667,2376,7.0,1|2,completed,5
50,2,2,30,5,on,4,0.4626,7585,40748,17446,0.428144,2346,7.0,1|2,completed,5
50,2,2,30,5,on,5,0.4987,8232,44626,20099,0.450388,2565,7.0,1|2,completed,5
50,2,2,30,5,on,6,0.4856,6372,33930,15986,0.471146,2270,7.0,1|2,completed,5
50,2,2,30,5,on,7,0.5154,8578,45774,19085,0.41694,2358,7.0,1|2,completed,5
50,2,2,30,5,on,8,0.4451,6852,36280,16960,0.467475,2314,7.0,1|2,completed,5
50,2,2,30,5,on,9,0.4556,7193,37586,17598,0.468206,2472,7.0,1|2,completed,5
50,2,2,30,10,off,0,0.9575,8075,87096,39366,0.451984,6267,7.0,1|2,completed,10
50,2,2,30,10,off,1,0.9613,8107,84795,39876,0.470264,6232,7.0,1|2,completed,10
50,2,2,30,10,off,2,0.8896,7260,78577,36888,0.46945,6081,7.0,1|2,completed,10
50,2,2,30,10,off,3,0.7397,6674,68304,33484,0.49022,5814,7.0,1|2,completed,10
50,2,2,30,10,off,4,0.815,7146,73580,35628,0.484208,6073,7.0,1|2,completed,10
50,2,2,30,10,off,5,0.9471,7802,82991,39056,0.470605,6246,7.0,1|2,completed,10
50,2,2,30,10,off,6,0.8647,7286,76687,37592,0.4902,6316,7.0,1|2,completed,10
50,2,2,30,10,off,7,0.8805,7106,73886,36492,0.493896,6126,7.0,1|2,completed,10
50,2,2,30,10,off,8,0.8716,7609,81374,37669,0.462912,5937,7.0,1|2,completed,10
50,2,2,30,10,off,9,0.8616,7601,77579,37148,0.478841,6078,7.0,1|2,completed,10
50,2,2,30,10,on,0,0.869,7169,75279,37013,0.491678,6233,7.0,1|2,completed,10
50,2,2,30,10,on,1,0.9655,7400,80437,38251,0.47554,6048,7.0,1|2,completed,10
50,2,2,30,10,on,2,0.917,7091,76935,36557,0.475167,5965,7.0,1|2,completed,10
50,2,2,30,10,on,3,0.8755,6750,71984,34053,0.473063,5770,7.0,1|2,completed,10
50,2,2,30,10,on,4,0.9487,7348,78063,37020,0.474232,6042,7.0,1|2,completed,10
50,2,2,30,10,on,5,0.839,6808,72073,34823,0.483163,5895,7.0,1|2,completed,10
50,2,2,30,10,on,6,0.8809,7013,73147,35481,0.485064,6105,7.0,1|2,completed,10
50,2,2,30,10,on,7,0.8906,6893,74234,33983,0.457782,5696,7.0,1|2,completed,10
50,2,2,30,10,on,8,0.8698,6908,71160,34487,0.48464,5842,7.0,1|2,completed,10
50,2,2,30,10,on,9,0.8548,6988,73631,35908,0.487675,6056,7.0,1|2,completed,10
50,2,2,60,5,off,0,0.5039,8294,44774,20919,0.467213,2561,7.0,1|2,completed,5
50,2,2,60,5,off,1,0.6547,10914,60751,25752,0.423894,2567,7.0,1|2,completed,5
50,2,2,60,5,off,2,0.5579,9690,54316,23858,0.439244,2575,7.0,1|2,completed,5
50,2,2,60,5,off,3,0.5621,9449,52344,23232,0.443833,2572,7.0,1|2,completed,5
50,2,2,60,5,off,4,0.5362,8943,48825,22037,0.451347,2566,7.0,1|2,completed,5
50,2,2,60,5,off,5,0.5554,9520,52756,23408,0.443703,2569,7.0,1|2,completed,5
50,2,2,60,5,off,6,0.5151,8763,48137,21974,0.456489,2559,7.0,1|2,completed,5
50,2,2,60,5,off,7,0.5555,9083,49290,22113,0.448631,2562,7.0,1|2,completed,5
50,2,2,60,5,off,8,0.5749,9522,51810,23087,0.445609,2570,7.0,1|2,completed,5
50,2,2,60,5,off,9,0.5017,8969,49552,22340,0.45084,2571,7.0,1|2,completed,5
50,2,2,60,5,on,0,0.5732,9008,48965,22158,0.452527,2558,7.0,1|2,completed,5
50,2,2,60,5,on,1,0.5735,9474,51365,22782,0.443532,2559,7.0,1|2,completed,5
50,2,2,60,5,on,2,0.6052,9651,52702,23253,0.441217,2562,7.0,1|2,completed,5
50,2,2,60,5,on,3,0.565,8735,47203,21750,0.460776,2559,7.0,1|2,completed,5
50,2,2,60,5,on,4,0.5946,9056,49690,22383,0.450453,2572,7.0,1|2,completed,5
50,2,2,60,5,on,5,0.6021,9471,51922,22953,0.442067,2576,7.0,1|2,completed,5
50,2,2,60,5,on,6,0.6627,10488,58464,24943,0.426639,2573,7.0,1|2,completed,5
50,2,2,60,5,on,7,0.5738,9371,52892,23313,0.440766,2565,7.0,1|2,completed,5
50,2,2,60,5,on,8,0.6328,9399,51482,23046,0.447652,2565,7.0,1|2,completed,5
50,2,2,60,5,on,9,0.5814,8851,48781,22164,0.454357,2571,7.0,1|2,completed,5
50,2,2,60,10,off,0,1.2022,9890,110989,50764,0.457379,6404,7.0,1|2,completed,10
50,2,2,60,10,off,1,1.258,10654,117523,52756,0.448899,6392,7.0,1|2,completed,10
50,2,2,60,10,off,2,1.035,8648,93952,45084,0.479862,6399,7.0,1|2,completed,10
50,2,2,60,10,off,3,1.257,10100,110985,50740,0.457179,6400,7.0,1|2,completed,10
50,2,2,60,10,off,4,1.1486,9612,106550,49312,0.462806,6394,7.0,1|2,completed,10
50,2,2,60,10,off,5,1.1057,9279,102032,47661,0.467118,6395,7.0,1|2,completed,10
50,2,2,60,10,off,6,1.211,9619,105467,49163,0.466146,6415,7.0,1|2,completed,10
50,2,2,60,10,off,7,0.9707,7970,86639,42806,0.494073,6394,7.0,1|2,completed,10
50,2,2,60,10,off,8,1.1589,9243,102813,48116,0.467995,6400,7.0,1|2,completed,10
50,2,2,60,10,off,9,1.3307,10601,118712,53223,0.448337,6388,7.0,1|2,completed,10
50,2,2,60,10,on,0,1.1697,9247,101792,47513,0.466766,6397,7.0,1|2,completed,10
50,2,2,60,10,on,1,1.2414,9601,106498,48925,0.459398,6391,7.0,1|2,completed,10
50,2,2,60,10,on,2,1.2833,10057,110338,50320,0.456053,6393,7.0,1|2,completed,10
50,2,2,60,10,on,3,1.3438,10507,114952,51954,0.451963,6406,7.0,1|2,completed,10
50,2,2,60,10,on,4,1.2405,9660,106499,49141,0.461422,6391,7.0,1|2,completed,10
50,2,2,60,10,on,5,1.2597,9750,107853,49290,0.457011,6398,7.0,1|2,completed,10
50,2,2,60,10,on,6,1.0749,8646,94218,45454,0.482434,6403,7.0,1|2,completed,10
50,2,2,60,10,on,7,1.2177,9442,104964,48502,0.462082,6406,7.0,1|2,completed,10
50,2,2,60,10,on,8,1.1592,9148,100779,46945,0.465821,6413,7.0,1|2,completed,10
50,2,2,60,10,on,9,1.2363,9467,103571,47854,0.462041,6405,7.0,1|2,completed,10
50,2,2,120,5,off,0,0.6644,11021,61178,25920,0.423682,2564,7.0,1|2,completed,5
50,2,2,120,5,off,1,0.6286,10247,57071,24583,0.430744,2565,7.0,1|2,completed,5
50,2,2,120,5,off,2,0.7208,11155,63094,26512,0.420198,2573,7.0,1|2,completed,5
50,2,2,120,5,off,3,0.6103,9622,52823,23205,0.439297,2572,7.0,1|2,completed,5
50,2,2,120,5,off,4,0.614,10497,57023,24952,0.437578,2572,7.0,1|2,completed,5
50,2,2,120,5,off,5,0.5791,9925,54843,23881,0.435443,2565,7.0,1|2,completed,5
50,2,2,120,5,off,6,0.6273,10696,59012,25339,0.429387,2565,7.0,1|2,completed,5
50,2,2,120,5,off,7,0.6911,11747,64983,26745,0.411569,2559,7.0,1|2,completed,5
50,2,2,120,5,off,8,0.6283,10457,57106,24915,0.436294,2560,7.0,1|2,completed,5
50,2,2,120,5,off,9,0.6026,10068,55274,23951,0.433314,2559,7.0,1|2,completed,5
50,2,2,120,5,on,0,0.6706,10541,58514,25064,0.428342,2564,7.0,1|2,completed,5
50,2,2,120,5,on,1,0.6952,11159,61962,26242,0.423518,2568,7.0,1|2,completed,5
50,2,2,120,5,on,2,0.7189,10836,60307,25414,0.42141,2567,7.0,1|2,completed,5
50,2,2,120,5,on,3,0.6844,11133,63213,26713,0.422587,2563,7.0,1|2,completed,5
50,2,2,120,5,on,4,0.6208,10020,55977,24242,0.433071,2567,7.0,1|2,completed,5
50,2,2,120,5,on,5,0.6567,10487,58148,25161,0.432706,2586,7.0,1|2,completed,5
50,2,2,120,5,on,6,0.6813,10980,60109,25545,0.424978,2566,7.0,1|2,completed,5
50,2,2,120,5,on,7,0.6485,10227,56028,24099,0.430124,2573,7.0,1|2,completed,5
50,2,2,120,5,on,8,0.6612,11459,62436,26265,0.420671,2565,7.0,1|2,completed,5
50,2,2,120,5,on,9,0.6547,10543,59225,25213,0.425715,2577,7.0,1|2,completed,5
50,2,2,120,10,off,0,1.1832,9551,104422,48616,0.465572,6393,7.0,1|2,completed,10
50,2,2,120,10,off,1,1.2253,10093,111102,50065,0.450622,6413,7.0,1|2,completed,10
50,2,2,120,10,off,2,1.1846,9922,108326,49727,0.45905,6420,7.0,1|2,completed,10
50,2,2,120,10,off,3,1.2445,10633,118064,52914,0.448181,6405,7.0,1|2,completed,10
50,2,2,120,10,off,4,1.1464,9787,107004,49585,0.463394,6402,7.0,1|2,completed,10
50,2,2,120,10,off,5,1.348,10633,117516,52930,0.450407,6408,7.0,1|2,completed,10
50,2,2,120,10,off,6,1.2919,10507,115519,52267,0.452454,6407,7.0,1|2,completed,10
50,2,2,120,10,off,7,1.2948,11210,122043,54511,0.446654,6404,7.0,1|2,completed,10
50,2,2,120,10,off,8,1.1967,10108,110318,50204,0.455084,6397,7.0,1|2,completed,10
50,2,2,120,10,off,9,1.0712,9212,99976,47336,0.473474,6407,7.0,1|2,completed,10
50,2,2,120,10,on,0,1.426,11341,123873,55039,0.444318,6404,7.0,1|2,completed,10
50,2,2,120,10,on,1,1.2576,10050,110803,50596,0.45663,6382,7.0,1|2,completed,10
50,2,2,120,10,on,2,1.4428,11455,125860,55435,0.44045,6399,7.0,1|2,completed,10
50,2,2,120,10,on,3,1.2905,10061,110743,50651,0.457374,6414,7.0,1|2,completed,10
50,2,2,120,10,on,4,1.4557,11326,124310,54990,0.442362,6422,7.0,1|2,completed,10
50,2,2,120,10,on,5,1.2874,10456,115220,52495,0.455607,6412,7.0,1|2,completed,10
50,2,2,120,10,on,6,1.2588,9725,105845,48777,0.460834,6399,7.0,1|2,completed,10
50,2,2,120,10,on,7,1.2399,9704,106620,49053,0.460073,6397,7.0,1|2,completed,10
50,2,2,120,10,on,8,1.3045,10229,114247,51625,0.451872,6391,7.0,1|2,completed,10
50,2,2,120,10,on,9,1.2953,10511,115545,52363,0.453183,6388,7.0,1|2,completed,10
50,2,2,240,5,off,0,0.7416,12593,69342,28243,0.4073,2569,7.0,1|2,completed,5
50,2,2,240,5,off,1,0.7697,12533,69102,28283,0.409294,2564,7.0,1|2,completed,5
50,2,2,240,5,off,2,0.8014,13261,73698,29903,0.40575,2569,7.0,1|2,completed,5
50,2,2,240,5,off,3,0.7264,12836,70512,28947,0.410526,2567,7.0,1|2,completed,5
50,2,2,240,5,off,4,0.7332,12484,68504,27970,0.408297,2559,7.0,1|2,completed,5
50,2,2,240,5,off,5,0.786,12685,71613,28958,0.404368,2590,7.0,1|2,completed,5
50,2,2,240,5,off,6,0.9267,12515,67811,28073,0.413989,2577,7.0,1|2,completed,5
50,2,2,240,5,off,7,0.697,11993,65953,27073,0.410489,2567,7.0,1|2,completed,5
50,2,2,240,5,off,8,0.7537,12376,68287,28100,0.411499,2562,7.0,1|2,completed,5
50,2,2,240,5,off,9,0.8153,13131,72440,29543,0.407827,2566,7.0,1|2,completed,5
50,2,2,240,5,on,0,0.8109,12390,68913,28060,0.40718,2558,7.0,1|2,completed,5
50,2,2,240,5,on,1,0.7478,12227,67558,27628,0.408952,2567,7.0,1|2,completed,5
50,2,2,240,5,on,2,0.7531,12587,68618,27771,0.404719,2571,7.0,1|2,completed,5
50,2,2,240,5,on,3,0.8736,13071,73112,29592,0.404749,2570,7.0,1|2,completed,5
50,2,2,240,5,on,4,0.7979,13134,73495,29480,0.401116,2579,7.0,1|2,completed,5
50,2,2,240,5,on,5,0.7891,12850,71266,28948,0.406197,2566,7.0,1|2,completed,5
50,2,2,240,5,on,6,0.7723,12350,67812,27947,0.412125,2570,7.0,1|2,completed,5
50,2,2,240,5,on,7,0.7687,12489,68807,28070,0.407953,2566,7.0,1|2,completed,5
50,2,2,240,5,on,8,0.7735,12211,66753,27401,0.410483,2560,7.0,1|2,completed,5
50,2,2,240,5,on,9,0.8298,13020,71717,29163,0.40664,2564,7.0,1|2,completed,5
50,2,2,240,10,off,0,1.5731,13015,145813,62528,0.428823,6398,7.0,1|2,completed,10
50,2,2,240,10,off,1,1.6042,12964,145616,62063,0.42621,6392,7.0,1|2,completed,10
50,2,2,240,10,off,2,1.5451,12659,137541,59853,0.435165,6391,7.0,1|2,completed,10
50,2,2,240,10,off,3,1.5735,12893,142670,61341,0.42995,6400,7.0,1|2,completed,10
50,2,2,240,10,off,4,1.546,12490,136689,58597,0.428688,6405,7.0,1|2,completed,10
50,2,2,240,10,off,5,1.5856,13152,145824,62438,0.428174,6403,7.0,1|2,completed,10
50,2,2,240,10,off,6,1.5685,12485,137919,59158,0.428933,6393,7.0,1|2,completed,10
50,2,2,240,10,off,7,1.7243,13336,145648,62721,0.430634,6400,7.0,1|2,completed,10
50,2,2,240,10,off,8,1.4902,12788,140324,60788,0.433197,6417,7.0,1|2,completed,10
50,2,2,240,10,off,9,1.4382,12183,133582,58134,0.435193,6424,7.0,1|2,completed,10
50,2,2,240,10,on,0,1.5511,12246,133695,58433,0.437062,6391,7.0,1|2,completed,10
50,2,2,240,10,on,1,1.549,12591,138114,59543,0.431115,6397,7.0,1|2,completed,10
50,2,2,240,10,on,2,1.6192,13143,143500,62297,0.434125,6419,7.0,1|2,completed,10
50,2,2,240,10,on,3,1.6564,12688,138569,60025,0.433178,6408,7.0,1|2,completed,10
50,2,2,240,10,on,4,1.4728,11834,131420,56903,0.432986,6413,7.0,1|2,completed,10
50,2,2,240,10,on,5,1.5396,12533,138243,58884,0.425946,6407,7.0,1|2,completed,10
50,2,2,240,10,on,6,1.7006,13059,144538,61655,0.426566,6395,7.0,1|2,completed,10
50,2,2,240,10,on,7,1.4447,12122,131316,57220,0.435743,6396,7.0,1|2,completed,10
50,2,2,240,10,on,8,1.4964,12433,137739,59294,0.430481,6416,7.0,1|2,completed,10
50,2,2,240,10,on,9,1.5809,12524,137381,59175,0.430736,6403,7.0,1|2,completed,10
50,3,2,30,5,off,0,9.711,215042,567965,210789,0.37113,37023,97.0,1|2|3,completed,5
50,3,2,30,5,off,1,6.8806,153706,389311,169203,0.434622,30600,97.0,1|2|3,completed,5
50,3,2,30,5,off,2,8.6231,181453,503129,183319,0.364358,31292,97.0,1|2|3,completed,5
50,3,2,30,5,off,3,8.5829,176684,507539,184270,0.363066,31226,97.0,1|2|3,completed,5
50,3,2,30,5,off,4,7.8728,162156,458976,170090,0.370586,28678,97.0,1|2|3,completed,5
50,3,2,30,5,off,5,9.1691,198627,542185,196466,0.36236,34939,97.0,1|2|3,completed,5
50,3,2,30,5,off,6,11.8555,263116,694364,223206,0.321454,36923,97.0,1|2|3,completed,5
50,3,2,30,5,off,7,7.0793,158388,408876,151679,0.370966,25483,97.0,1|2|3,completed,5
50,3,2,30,5,off,8,8.3375,170462,457959,162744,0.355368,26649,97.0,1|2|3,completed,5
50,3,2,30,5,off,9,6.0549,146257,336034,154827,0.460748,27350,97.0,1|2|3,completed,5
50,3,2,30,5,on,0,11.136,203018,559860,203154,0.362866,35351,97.0,1|2|3,completed,5
50,3,2,30,5,on,1,7.1221,125278,334782,143244,0.427872,25553,97.0,1|2|3,completed,5
50,3,2,30,5,on,2,11.0921,215018,564253,193567,0.34305,33605,97.0,1|2|3,completed,5
50,3,2,30,5,on,3,9.3301,164983,477447,172135,0.360532,29932,97.0,1|2|3,completed,5
50,3,2,30,5,on,4,10.1325,199646,528983,185066,0.349852,31948,97.0,1|2|3,completed,5
50,3,2,30,5,on,5,8.241,157968,400999,139253,0.347265,22944,97.0,1|2|3,completed,5
50,3,2,30,5,on,6,10.2652,188117,505754,163581,0.32344,27464,97.0,1|2|3,completed,5
50,3,2,30,5,on,7,9.7761,176531,495376,196393,0.396452,36276,97.0,1|2|3,completed,5
50,3,2,30,5,on,8,8.9419,159558,453374,177788,0.392144,31437,97.0,1|2|3,completed,5
50,3,2,30,5,on,9,6.9563,139517,345836,162071,0.468635,30175,97.0,1|2|3,completed,5
50,3,2,30,10,off,0,24.2785,201820,1401742,466463,0.332774,77220,97.0,1|2|3,completed,10
50,3,2,30,10,off,1,22.698,196282,1291615,471710,0.365209,79335,97.0,1|2|3,completed,10
50,3,2,30,10,off,2,22.1564,196791,1257478,413347,0.328711,67793,97.0,1|2|3,completed,10
50,3,2,30,10,off,3,19.2342,166282,1060595,356063,0.33572,59826,97.0,1|2|3,completed,10
50,3,2,30,10,off,4,15.9093,134421,893712,343885,0.384783,57069,97.0,1|2|3,completed,10
50,3,2,30,10,off,5,21.3825,180240,1192599,419388,0.351659,70205,97.0,1|2|3,completed,10
50,3,2,30,10,off,6,19.5767,181339,1096590,393072,0.358449,67275,97.0,1|2|3,completed,10
50,3,2,30,10,off,7,20.0543,169061,1153771,432349,0.374727,75484,97.0,1|2|3,completed,10
50,3,2,30,10,off,8,23.9767,216051,1374606,499639,0.363478,88678,97.0,1|2|3,completed,10
50,3,2,30,10,off,9,23.6447,203333,1330291,367558,0.276299,58705,97.0,1|2|3,completed,10
50,3,2,30,10,on,0,22.2698,164060,1082812,413537,0.38191,74418,97.0,1|2|3,completed,10
50,3,2,30,10,on,1,22.775,169834,1120729,435916,0.388958,79034,97.0,1|2|3,completed,10
50,3,2,30,10,on,2,22.4575,179269,1147485,454873,0.396409,82662,97.0,1|2|3,completed,10
50,3,2,30,10,on,3,17.5868,128873,849320,293769,0.345887,49758,97.0,1|2|3,completed,10
50,3,2,30,10,on,4,16.2682,133534,766156,322731,0.421234,57960,97.0,1|2|3,completed,10
50,3,2,30,10,on,5,21.4828,162670,1029697,382406,0.371377,67302,97.0,1|2|3,completed,10
50,3,2,30,10,on,6,28.5175,223555,1465814,514179,0.350781,88763,97.0,1|2|3,completed,10
50,3,2,30,10,on,7,22.6573,166126,1118092,453443,0.405551,81730,97.0,1|2|3,completed,10
50,3,2,30,10,on,8,19.9431,144007,946906,353386,0.373201,60627,97.0,1|2|3,completed,10
50,3,2,30,10,on,9,30.0597,229690,1522086,498189,0.327307,81439,97.0,1|2|3,completed,10
50,3,2,60,5,off,0,16.5512,328816,1084224,329503,0.303907,41757,97.0,1|2|3,completed,5
50,3,2,60,5,off,1,19.9368,417311,1318227,367886,0.279076,41769,97.0,1|2|3,completed,5
50,3,2,60,5,off,2,19.5091,393806,1300658,364807,0.280479,41765,97.0,1|2|3,completed,5
50,3,2,60,5,off,3,24.6331,466481,1607250,412788,0.256829,41756,97.0,1|2|3,completed,5
50,3,2,60,5,off,4,21.1677,422823,1364025,375997,0.275653,41763,97.0,1|2|3,completed,5
50,3,2,60,5,off,5,20.0822,408048,1308004,357296,0.273161,41758,97.0,1|2|3,completed,5
50,3,2,60,5,off,6,21.2316,415984,1390095,384704,0.276747,41773,97.0,1|2|3,completed,5
50,3,2,60,5,off,7,24.004,456277,1564951,414072,0.264591,41771,97.0,1|2|3,completed,5
50,3,2,60,5,off,8,19.8001,402132,1330803,370840,0.278659,41769,97.0,1|2|3,completed,5
50,3,2,60,5,off,9,23.1111,445449,1503665,405918,0.269952,41756,97.0,1|2|3,completed,5
50,3,2,60,5,on,0,22.1701,393573,1273729,350580,0.275239,41767,97.0,1|2|3,completed,5
50,3,2,60,5,on,1,22.9857,424334,1417261,385939,0.272313,41778,97.0,1|2|3,completed,5
50,3,2,60,5,on,2,15.9776,282814,916418,297338,0.324457,41761,97.0,1|2|3,completed,5
50,3,2,60,5,on,3,27.8879,511791,1761788,456358,0.259031,41767,97.0,1|2|3,completed,5
50,3,2,60,5,on,4,26.7563,502825,1667039,426053,0.255575,41766,97.0,1|2|3,completed,5
50,3,2,60,5,on,5,34.5172,616642,2194988,537876,0.245047,41788,97.0,1|2|3,completed,5
50,3,2,60,5,on,6,25.0199,460583,1539556,411861,0.267519,41766,97.0,1|2|3,completed,5
50,3,2,60,5,on,7,26.6013,482356,1633439,421433,0.258004,41766,97.0,1|2|3,completed,5
50,3,2,60,5,on,8,28.9869,520900,1786929,463460,0.259361,41771,97.0,1|2|3,completed,5
50,3,2,60,5,on,9,30.3034,559999,1956559,479382,0.245013,41776,97.0,1|2|3,completed,5
50,3,2,60,10,off,0,59.6431,449755,3789192,996869,0.263082,104386,97.0,1|2|3,completed,10
50,3,2,60,10,off,1,58.4426,458964,3783562,1006012,0.26589,104387,97.0,1|2|3,completed,10
50,3,2,60,10,off,2,66.668,508712,4336883,1088709,0.251035,104403,97.0,1|2|3,completed,10
50,3,2,60,10,off,3,43.3087,347666,2716356,810134,0.298243,104366,97.0,1|2|3,completed,10
50,3,2,60,10,off,4,58.1082,466061,3644974,972739,0.266871,104377,97.0,1|2|3,completed,10
50,3,2,60,10,off,5,49.4975,377110,3094034,871129,0.281551,104328,97.0,1|2|3,completed,10
50,3,2,60,10,off,6,65.8091,517733,4298498,1100584,0.256039,104442,97.0,1|2|3,completed,10
50,3,2,60,10,off,7,48.7603,380779,3046059,857994,0.281673,104390,97.0,1|2|3,completed,10
50,3,2,60,10,off,8,55.7443,424294,3660509,977309,0.266987,104408,97.0,1|2|3,completed,10
50,3,2,60,10,off,9,64.128,507038,4135159,1058860,0.256063,104393,97.0,1|2|3,completed,10
50,3,2,60,10,on,0,62.3595,449443,3638438,973670,0.267607,104410,97.0,1|2|3,completed,10
50,3,2,60,10,on,1,58.4218,427732,3404415,925971,0.271991,104389,97.0,1|2|3,completed,10
50,3,2,60,10,on,2,54.6628,385082,3283668,909241,0.276898,104406,97.0,1|2|3,completed,10
50,3,2,60,10,on,3,54.1972,406221,3202052,889227,0.277705,104375,97.0,1|2|3,completed,10
50,3,2,60,10,on,4,87.9846,645870,5418684,1316035,0.24287,104399,97.0,1|2|3,completed,10
50,3,2,60,10,on,5,58.5106,459696,3565263,957536,0.268574,104415,97.0,1|2|3,completed,10
50,3,2,60,10,on,6,78.5364,598763,4872486,1218487,0.250075,104401,97.0,1|2|3,completed,10
50,3,2,60,10,on,7,57.3977,424705,3423149,932228,0.272331,104400,97.0,1|2|3,completed,10
50,3,2,60,10,on,8,60.5578,442715,3556495,940921,0.264564,104390,97.0,1|2|3,completed,10
50,3,2,60,10,on,9,94.6126,721049,5829204,1395099,0.239329,104410,97.0,1|2|3,completed,10
50,3,2,120,5,off,0,28.1719,560523,1957552,487098,0.24883,41772,97.0,1|2|3,completed,5
50,3,2,120,5,off,1,25.5818,520272,1788350,449404,0.251295,41767,97.0,1|2|3,completed,5
50,3,2,120,5,off,2,30.5989,618059,2083293,526217,0.252589,41779,97.0,1|2|3,completed,5
50,3,2,120,5,off,3,32.4929,631044,2211111,537364,0.243029,41795,97.0,1|2|3,completed,5
50,3,2,120,5,off,4,34.6151,671184,2367012,588399,0.248583,41777,97.0,1|2|3,completed,5
50,3,2,120,5,off,5,25.1971,530112,1723427,450825,0.261586,41775,97.0,1|2|3,completed,5
50,3,2,120,5,off,6,22.9417,464759,1592607,422453,0.265259,41766,97.0,1|2|3,completed,5
50,3,2,120,5,off,7,25.2238,496477,1779438,449303,0.252497,41770,97.0,1|2|3,completed,5
50,3,2,120,5,off,8,25.4765,502224,1716645,445980,0.259797,41764,97.0,1|2|3,completed,5
50,3,2,120,5,off,9,22.6498,475444,1542990,415415,0.269227,41759,97.0,1|2|3,completed,5
50,3,2,120,5,on,0,31.4372,573518,2032608,493769,0.242924,41773,97.0,1|2|3,completed,5
50,3,2,120,5,on,1,35.2513,691028,2314135,569565,0.246124,41775,97.0,1|2|3,completed,5
50,3,2,120,5,on,2,31.6558,582285,2070941,510261,0.246391,41765,97.0,1|2|3,completed,5
50,3,2,120,5,on,3,29.434,517361,1919688,477925,0.24896,41774,97.0,1|2|3,completed,5
50,3,2,120,5,on,4,31.6043,609851,2067094,508895,0.246189,41755,97.0,1|2|3,completed,5
50,3,2,120,5,on,5,25.7539,485540,1623437,429486,0.264554,41765,97.0,1|2|3,completed,5
50,3,2,120,5,on,6,31.9985,588609,2052964,510235,0.248536,41764,97.0,1|2|3,completed,5
50,3,2,120,5,on,7,29.6583,543381,1884372,494129,0.262225,41767,97.0,1|2|3,completed,5
50,3,2,120,5,on,8,27.9002,519224,1775281,459172,0.258648,41778,97.0,1|2|3,completed,5
50,3,2,120,5,on,9,31.713,573542,1998559,497874,0.249116,41768,97.0,1|2|3,completed,5
50,3,2,120,10,off,0,70.053,559174,4805626,1201530,0.250026,104431,97.0,1|2|3,completed,10
50,3,2,120,10,off,1,49.3218,407203,3146581,929402,0.295369,104392,97.0,1|2|3,completed,10
50,3,2,120,10,off,2,72.7901,579876,5033511,1230449,0.244451,104409,97.0,1|2|3,completed,10
50,3,2,120,10,off,3,75.7158,579496,5176980,1279984,0.247245,104402,97.0,1|2|3,completed,10
50,3,2,120,10,off,4,59.6377,466671,3982617,1050085,0.263667,104410,97.0,1|2|3,completed,10
50,3,2,120,10,off,5,70.9024,582636,4870662,1204487,0.247294,104402,97.0,1|2|3,completed,10
50,3,2,120,10,off,6,82.1242,653234,5726924,1377637,0.240554,104395,97.0,1|2|3,completed,10
50,3,2,120,10,off,7,80.5609,646550,5625045,1355635,0.241,104393,97.0,1|2|3,completed,10
50,3,2,120,10,off,8,63.3214,516280,4253236,1101194,0.258907,104414,97.0,1|2|3,completed,10
50,3,2,120,10,off,9,75.3697,603637,5181683,1286921,0.24836,104402,97.0,1|2|3,completed,10
50,3,2,120,10,on,0,80.882,618364,4996554,1262811,0.252736,104404,97.0,1|2|3,completed,10
50,3,2,120,10,on,1,69.9374,503778,4336730,1099540,0.253541,104393,97.0,1|2|3,completed,10
50,3,2,120,10,on,2,75.2445,552090,4756902,1198997,0.252054,104422,97.0,1|2|3,completed,10
50,3,2,120,10,on,3,71.2659,552153,4537050,1155666,0.254717,104411,97.0,1|2|3,completed,10
50,3,2,120,10,on,4,85.8964,648076,5488117,1358759,0.247582,104395,97.0,1|2|3,completed,10
50,3,2,120,10,on,5,73.542,535579,4784290,1197393,0.250276,104404,97.0,1|2|3,completed,10
50,3,2,120,10,on,6,67.8585,501791,4176218,1117214,0.267518,104401,97.0,1|2|3,completed,10
50,3,2,120,10,on,7,89.14,665971,5920472,1366211,0.23076,104407,97.0,1|2|3,completed,10
50,3,2,120,10,on,8,82.9362,616891,5407308,1319127,0.243953,104392,97.0,1|2|3,completed,10
50,3,2,120,10,on,9,93.0141,692745,6120276,1440249,0.235324,104390,97.0,1|2|3,completed,10
50,3,2,240,5,off,0,43.5504,862586,3041336,713336,0.234547,41763,97.0,1|2|3,completed,5
50,3,2,240,5,off,1,40.7791,824402,2805044,657439,0.234377,41765,97.0,1|2|3,completed,5
50,3,2,240,5,off,2,40.2522,823942,2668154,669819,0.251042,41763,97.0,1|2|3,completed,5
50,3,2,240,5,off,3,41.3986,836369,2791689,678083,0.242893,41761,97.0,1|2|3,completed,5
50,3,2,240,5,off,4,42.3917,848366,2906038,697885,0.24015,41762,97.0,1|2|3,completed,5
50,3,2,240,5,off,5,38.4538,782496,2637521,623831,0.236522,41761,97.0,1|2|3,completed,5
50,3,2,240,5,off,6,39.2325,797394,2584873,629010,0.243343,41766,97.0,1|2|3,completed,5
50,3,2,240,5,off,7,45.4465,922979,3202518,754925,0.235729,41764,97.0,1|2|3,completed,5
50,3,2,240,5,off,8,38.112,786263,2598086,645028,0.24827,41770,97.0,1|2|3,completed,5
50,3,2,240,5,off,9,40.8554,826137,2784143,661826,0.237713,41763,97.0,1|2|3,completed,5
50,3,2,240,5,on,0,47.2748,899767,2981409,733553,0.246042,41768,97.0,1|2|3,completed,5
50,3,2,240,5,on,1,42.5708,832846,2664451,665970,0.249946,41773,97.0,1|2|3,completed,5
50,3,2,240,5,on,2,39.1212,769972,2534916,610426,0.240807,41774,97.0,1|2|3,completed,5
50,3,2,240,5,on,3,40.3824,769118,2517122,623870,0.247851,41771,97.0,1|2|3,completed,5
50,3,2,240,5,on,4,47.1178,890441,3032694,727055,0.239739,41771,97.0,1|2|3,completed,5
50,3,2,240,5,on,5,48.9497,939478,3202324,761904,0.237922,41765,97.0,1|2|3,completed,5
50,3,2,240,5,on,6,44.8703,846822,2904123,695942,0.239639,41757,97.0,1|2|3,completed,5
50,3,2,240,5,on,7,45.2023,875183,2941253,723526,0.245992,41782,97.0,1|2|3,completed,5
50,3,2,240,5,on,8,50.6199,987270,3177327,778250,0.244939,41766,97.0,1|2|3,completed,5
50,3,2,240,5,on,9,41.4485,802508,2668206,654174,0.245174,41765,97.0,1|2|3,completed,5
50,3,2,240,10,off,0,94.4837,764809,6260834,1529898,0.24436,104411,97.0,1|2|3,completed,10
50,3,2,240,10,off,1,110.2156,887988,7510289,1784795,0.237647,104404,97.0,1|2|3,completed,10
50,3,2,240,10,off,2,95.2037,733744,6384126,1478765,0.231632,104442,97.0,1|2|3,completed,10
50,3,2,240,10,off,3,108.8052,857567,7503665,1736265,0.231389,104401,97.0,1|2|3,completed,10
50,3,2,240,10,off,4,92.1456,742292,5989717,1478891,0.246905,104391,97.0,1|2|3,completed,10
50,3,2,240,10,off,5,105.2672,886228,7120765,1733702,0.243471,104409,97.0,1|2|3,completed,10
50,3,2,240,10,off,6,110.6955,904887,7289880,1803842,0.247445,104397,97.0,1|2|3,completed,10
50,3,2,240,10,off,7,113.1879,921717,7731154,1797490,0.2325,104420,97.0,1|2|3,completed,10
50,3,2,240,10,off,8,106.5802,875646,7114780,1760476,0.247439,104388,97.0,1|2|3,completed,10
50,3,2,240,10,off,9,110.2019,891521,7290604,1785804,0.244946,104400,97.0,1|2|3,completed,10
50,3,2,240,10,on,0,113.854,887489,7275653,1739769,0.239122,104392,97.0,1|2|3,completed,10
50,3,2,240,10,on,1,119.4618,944418,7617140,1861578,0.244393,104402,97.0,1|2|3,completed,10
50,3,2,240,10,on,2,114.2082,872096,7334867,1741245,0.237393,104401,97.0,1|2|3,completed,10
50,3,2,240,10,on,3,110.4715,858250,7064280,1672212,0.236714,104390,97.0,1|2|3,completed,10
50,3,2,240,10,on,4,114.7862,908452,7421820,1760505,0.237207,104406,97.0,1|2|3,completed,10
50,3,2,240,10,on,5,106.2179,822215,6661561,1628134,0.244407,104402,97.0,1|2|3,completed,10
50,3,2,240,10,on,6,106.0934,829434,6689653,1651957,0.246942,104410,97.0,1|2|3,completed,10
50,3,2,240,10,on,7,120.9384,940557,7771275,1814086,0.233435,104412,97.0,1|2|3,completed,10
50,3,2,240,10,on,8,113.1085,868910,7144310,1692664,0.236925,104390,97.0,1|2|3,completed,10
50,3,2,240,10,on,9,108.0969,852572,6938933,1663265,0.2397,104396,97.0,1|2|3,completed,10
75,2,2,30,5,off,0,0.9672,14926,78779,36513,0.463486,4988,7.0,1|2,completed,5
75,2,2,30,5,off,1,1.1741,18438,99990,44419,0.444234,5652,7.0,1|2,completed,5
75,2,2,30,5,off,2,1.0692,17528,94662,42014,0.443832,5635,7.0,1|2,completed,5
75,2,2,30,5,off,3,0.9317,15726,82579,38703,0.468678,5605,7.0,1|2,completed,5
75,2,2,30,5,off,4,1.1723,18123,97659,43288,0.443257,5639,7.0,1|2,completed,5
75,2,2,30,5,off,5,1.1608,18397,94345,40846,0.432943,5418,7.0,1|2,completed,5
75,2,2,30,5,off,6,1.059,15641,83896,39534,0.471226,5657,7.0,1|2,completed,5
75,2,2,30,5,off,7,1.1149,16707,89233,41232,0.462071,5615,7.0,1|2,completed,5
75,2,2,30,5,off,8,1.1602,17178,88328,39018,0.44174,5366,7.0,1|2,completed,5
75,2,2,30,5,off,9,0.944,15377,79753,36385,0.456221,5119,7.0,1|2,completed,5
75,2,2,30,5,on,0,1.4342,19773,106749,46600,0.436538,5730,7.0,1|2,completed,5
75,2,2,30,5,on,1,1.1873,17718,93004,42095,0.452615,5480,7.0,1|2,completed,5
75,2,2,30,5,on,2,1.3341,18737,102377,43901,0.428817,5640,7.0,1|2,completed,5
75,2,2,30,5,on,3,1.021,14468,76354,36045,0.472077,5209,7.0,1|2,completed,5
75,2,2,30,5,on,4,1.239,17672,94530,43055,0.455464,5627,7.0,1|2,completed,5
75,2,2,30,5,on,5,1.3348,19491,103283,44303,0.428948,5467,7.0,1|2,completed,5
75,2,2,30,5,on,6,1.0644,16372,86815,39469,0.454633,5412,7.0,1|2,completed,5
75,2,2,30,5,on,7,1.2657,17653,91045,39831,0.437487,5331,7.0,1|2,completed,5
75,2,2,30,5,on,8,1.0837,16408,84449,36357,0.43052,5054,7.0,1|2,completed,5
75,2,2,30,5,on,9,1.4024,19811,108871,46932,0.431079,5700,7.0,1|2,completed,5
75,2,2,30,10,off,0,2.2545,16851,179095,84968,0.47443,13706,7.0,1|2,completed,10
75,2,2,30,10,off,1,1.9881,15890,163777,77434,0.472801,12810,7.0,1|2,completed,10
75,2,2,30,10,off,2,2.4121,18531,197253,91527,0.464008,13976,7.0,1|2,completed,10
75,2,2,30,10,off,3,2.1027,15668,166167,80080,0.481925,13433,7.0,1|2,completed,10
75,2,2,30,10,off,4,2.2507,17543,183794,88249,0.480152,14128,7.0,1|2,completed,10
75,2,2,30,10,off,5,2.3614,16643,177116,85860,0.484767,13959,7.0,1|2,completed,10
75,2,2,30,10,off,6,2.2214,17580,185679,85574,0.460871,13690,7.0,1|2,completed,10
75,2,2,30,10,off,7,2.4912,19010,204127,91727,0.449362,14022,7.0,1|2,completed,10
75,2,2,30,10,off,8,2.1153,16554,172402,83075,0.481868,13700,7.0,1|2,completed,10
75,2,2,30,10,off,9,2.0447,15934,166510,80698,0.484644,13741,7.0,1|2,completed,10
75,2,2,30,10,on,0,2.1115,16552,173176,80761,0.466352,12987,7.0,1|2,completed,10
75,2,2,30,10,on,1,2.0991,15026,159713,76077,0.476336,12616,7.0,1|2,completed,10
75,2,2,30,10,on,2,2.2172,16401,174762,85115,0.487034,13853,7.0,1|2,completed,10
75,2,2,30,10,on,3,2.1928,16210,168608,78014,0.462695,12753,7.0,1|2,completed,10
75,2,2,30,10,on,4,2.5216,16939,182269,84002,0.460868,12867,7.0,1|2,completed,10
75,2,2,30,10,on,5,2.184,15408,162218,78460,0.48367,13153,7.0,1|2,completed,10
75,2,2,30,10,on,6,2.2595,16003,168159,80960,0.481449,13341,7.0,1|2,completed,10
75,2,2,30,10,on,7,2.519,17406,182669,87599,0.47955,14007,7.0,1|2,completed,10
75,2,2,30,10,on,8,2.3185,17241,180477,82422,0.45669,12824,7.0,1|2,completed,10
75,2,2,30,10,on,9,2.0374,15084,155576,75297,0.483989,13146,7.0,1|2,completed,10
75,2,2,60,5,off,0,1.4488,21829,120337,52966,0.440147,5733,7.0,1|2,completed,5
75,2,2,60,5,off,1,1.5204,22689,124275,54379,0.43757,5727,7.0,1|2,completed,5
75,2,2,60,5,off,2,1.3286,20037,107663,48861,0.453833,5715,7.0,1|2,completed,5
75,2,2,60,5,off,3,1.4428,22708,124962,54571,0.436701,5734,7.0,1|2,completed,5
75,2,2,60,5,off,4,1.4388,22830,124888,54510,0.436471,5745,7.0,1|2,completed,5
75,2,2,60,5,off,5,1.5579,23267,129418,55535,0.429113,5721,7.0,1|2,completed,5
75,2,2,60,5,off,6,1.4564,22353,121680,53306,0.438083,5730,7.0,1|2,completed,5
75,2,2,60,5,off,7,1.4337,21943,120674,52743,0.43707,5721,7.0,1|2,completed,5
75,2,2,60,5,off,8,1.396,22795,123870,53760,0.434003,5735,7.0,1|2,completed,5
75,2,2,60,5,off,9,1.5794,24585,135891,57792,0.425282,5748,7.0,1|2,completed,5
75,2,2,60,5,on,0,1.5505,22839,124257,53885,0.433658,5728,7.0,1|2,completed,5
75,2,2,60,5,on,1,1.4798,21511,118788,52401,0.44113,5724,7.0,1|2,completed,5
75,2,2,60,5,on,2,1.6429,23961,132383,56535,0.427056,5727,7.0,1|2,completed,5
75,2,2,60,5,on,3,1.5134,22155,121546,53282,0.438369,5750,7.0,1|2,completed,5
75,2,2,60,5,on,4,1.4765,22607,122280,53107,0.434307,5744,7.0,1|2,completed,5
75,2,2,60,5,on,5,1.5436,21420,117765,51947,0.441107,5708,7.0,1|2,completed,5
75,2,2,60,5,on,6,1.3407,19681,106282,48081,0.452391,5729,7.0,1|2,completed,5
75,2,2,60,5,on,7,1.5402,22456,122375,53462,0.43687,5732,7.0,1|2,completed,5
75,2,2,60,5,on,8,1.5162,22098,120063,52834,0.440052,5709,7.0,1|2,completed,5
75,2,2,60,5,on,9,1.4432,21023,112494,50150,0.445802,5733,7.0,1|2,completed,5
75,2,2,60,10,off,0,2.8922,22312,243321,111465,0.458099,14294,7.0,1|2,completed,10
75,2,2,60,10,off,1,3.0343,22263,245809,112825,0.458995,14284,7.0,1|2,completed,10
75,2,2,60,10,off,2,2.6296,20538,224881,105534,0.469288,14289,7.0,1|2,completed,10
75,2,2,60,10,off,3,3.053,21888,240227,111312,0.463362,14283,7.0,1|2,completed,10
75,2,2,60,10,off,4,2.831,20963,230811,107692,0.466581,14274,7.0,1|2,completed,10
75,2,2,60,10,off,5,3.0701,22811,250592,113847,0.454312,14281,7.0,1|2,completed,10
75,2,2,60,10,off,6,2.6497,20394,221955,104965,0.472911,14270,7.0,1|2,completed,10
75,2,2,60,10,off,7,2.8207,21279,232348,108189,0.465633,14276,7.0,1|2,completed,10
75,2,2,60,10,off,8,2.9694,22490,246120,112862,0.458565,14287,7.0,1|2,completed,10
75,2,2,60,10,off,9,2.9224,22261,245842,112639,0.458176,14291,7.0,1|2,completed,10
75,2,2,60,10,on,0,3.0808,22130,244316,112005,0.458443,14292,7.0,1|2,completed,10
75,2,2,60,10,on,1,3.0849,21875,239235,110392,0.461437,14281,7.0,1|2,completed,10
75,2,2,60,10,on,2,3.152,22358,244829,112875,0.461036,14312,7.0,1|2,completed,10
75,2,2,60,10,on,3,2.8257,20525,223092,104912,0.470263,14301,7.0,1|2,completed,10
75,2,2,60,10,on,4,3.01,21295,235241,109350,0.464842,14268,7.0,1|2,completed,10
75,2,2,60,10,on,5,2.9012,20539,226281,106321,0.469863,14273,7.0,1|2,completed,10
75,2,2,60,10,on,6,2.667,18931,205592,99683,0.484858,14303,7.0,1|2,completed,10
75,2,2,60,10,on,7,3.0778,22134,245012,112140,0.457692,14290,7.0,1|2,completed,10
75,2,2,60,10,on,8,2.9187,20720,223922,105307,0.470284,14299,7.0,1|2,completed,10
75,2,2,60,10,on,9,3.0046,21810,240852,111158,0.46152,14300,7.0,1|2,completed,10
75,2,2,120,5,off,0,1.5812,24595,134331,57340,0.426856,5715,7.0,1|2,completed,5
75,2,2,120,5,off,1,1.4781,22367,124472,54189,0.435351,5726,7.0,1|2,completed,5
75,2,2,120,5,off,2,1.4342,21762,120245,52920,0.440101,5739,7.0,1|2,completed,5
75,2,2,120,5,off,3,1.699,25187,140532,59120,0.420687,5728,7.0,1|2,completed,5
75,2,2,120,5,off,4,1.4579,22941,123787,53878,0.435248,5719,7.0,1|2,completed,5
75,2,2,120,5,off,5,1.5903,23879,130890,56161,0.42907,5713,7.0,1|2,completed,5
75,2,2,120,5,off,6,1.5976,24531,135008,57282,0.424286,5741,7.0,1|2,completed,5
75,2,2,120,5,off,7,1.5675,25296,138987,58607,0.421673,5734,7.0,1|2,completed,5
75,2,2,120,5,off,8,1.7727,27096,150209,62645,0.417052,5730,7.0,1|2,completed,5
75,2,2,120,5,off,9,1.5207,23084,128147,55346,0.431895,5740,7.0,1|2,completed,5
75,2,2,120,5,on,0,1.622,22914,126578,54584,0.431228,5715,7.0,1|2,completed,5
75,2,2,120,5,on,1,1.5808,23720,127117,55125,0.433656,5736,7.0,1|2,completed,5
75,2,2,120,5,on,2,1.7246,24251,133360,57425,0.430601,5728,7.0,1|2,completed,5
75,2,2,120,5,on,3,1.8705,25412,138988,58698,0.422324,5738,7.0,1|2,completed,5
75,2,2,120,5,on,4,1.8092,24991,138124,58572,0.424054,5747,7.0,1|2,completed,5
75,2,2,120,5,on,5,1.5753,22867,125498,54491,0.434198,5717,7.0,1|2,completed,5
75,2,2,120,5,on,6,1.7368,24582,136904,57879,0.422771,5729,7.0,1|2,completed,5
75,2,2,120,5,on,7,1.4956,21754,119369,52595,0.440609,5709,7.0,1|2,completed,5
75,2,2,120,5,on,8,1.6727,23730,130727,56104,0.429169,5713,7.0,1|2,completed,5
75,2,2,120,5,on,9,1.9902,27315,150473,61935,0.411602,5739,7.0,1|2,completed,5
75,2,2,120,10,off,0,3.1856,23280,255740,115082,0.449996,14300,7.0,1|2,completed,10
75,2,2,120,10,off,1,3.3405,24796,275295,121481,0.441276,14290,7.0,1|2,completed,10
75,2,2,120,10,off,2,2.8992,21580,235465,108767,0.461924,14295,7.0,1|2,completed,10
75,2,2,120,10,off,3,2.9968,21849,237125,110184,0.464666,14273,7.0,1|2,completed,10
75,2,2,120,10,off,4,3.4449,24594,274956,122360,0.445017,14267,7.0,1|2,completed,10
75,2,2,120,10,off,5,3.2177,23770,260717,117756,0.451662,14275,7.0,1|2,completed,10
75,2,2,120,10,off,6,3.0477,22384,243604,111948,0.459549,14281,7.0,1|2,completed,10
75,2,2,120,10,off,7,3.3026,24278,264564,118608,0.448315,14277,7.0,1|2,completed,10
75,2,2,120,10,off,8,3.2764,23713,261259,117866,0.451146,14285,7.0,1|2,completed,10
75,2,2,120,10,off,9,3.4349,24583,271773,120611,0.443793,14279,7.0,1|2,completed,10
75,2,2,120,10,on,0,3.596,24783,273437,121925,0.445898,14284,7.0,1|2,completed,10
75,2,2,120,10,on,1,3.3273,22967,251358,114520,0.455605,14316,7.0,1|2,completed,10
75,2,2,120,10,on,2,3.7178,24400,273586,121518,0.444167,14277,7.0,1|2,completed,10
75,2,2,120,10,on,3,3.2685,22152,243284,111352,0.457704,14276,7.0,1|2,completed,10
75,2,2,120,10,on,4,3.0876,22433,244092,112215,0.459724,14294,7.0,1|2,completed,10
75,2,2,120,10,on,5,3.4747,23834,259749,117794,0.453492,14295,7.0,1|2,completed,10
75,2,2,120,10,on,6,3.6594,24172,268018,119667,0.446489,14270,7.0,1|2,completed,10
75,2,2,120,10,on,7,3.4054,24190,268177,120187,0.448163,14294,7.0,1|2,completed,10
75,2,2,120,10,on,8,3.3971,23475,254931,116608,0.45741,14298,7.0,1|2,completed,10
75,2,2,120,10,on,9,3.4446,24154,265943,119250,0.448404,14325,7.0,1|2,completed,10
75,2,2,240,5,off,0,1.9435,28011,154598,62925,0.407023,5727,7.0,1|2,completed,5
75,2,2,240,5,off,1,1.8947,27809,152381,62256,0.408555,5721,7.0,1|2,completed,5
75,2,2,240,5,off,2,1.8911,28006,154105,62906,0.408202,5721,7.0,1|2,completed,5
75,2,2,240,5,off,3,1.92,28634,156291,63214,0.404463,5713,7.0,1|2,completed,5
75,2,2,240,5,off,4,1.9238,28360,154459,63225,0.409332,5718,7.0,1|2,completed,5
75,2,2,240,5,off,5,1.6923,26458,144936,59110,0.407835,5714,7.0,1|2,completed,5
75,2,2,240,5,off,6,1.7818,27041,148329,60017,0.404621,5708,7.0,1|2,completed,5
75,2,2,240,5,off,7,1.8732,28154,153780,63175,0.410814,5726,7.0,1|2,completed,5
75,2,2,240,5,off,8,1.857,27514,151158,61733,0.4084,5746,7.0,1|2,completed,5
75,2,2,240,5,off,9,1.8314,27841,153490,62696,0.40847,5722,7.0,1|2,completed,5
75,2,2,240,5,on,0,1.9528,28505,153967,62226,0.404152,5719,7.0,1|2,completed,5
75,2,2,240,5,on,1,1.9751,28037,152809,62631,0.409865,5719,7.0,1|2,completed,5
75,2,2,240,5,on,2,2.0059,28807,159775,64887,0.406115,5735,7.0,1|2,completed,5
75,2,2,240,5,on,3,1.9704,28650,156049,63696,0.408179,5730,7.0,1|2,completed,5
75,2,2,240,5,on,4,2.0023,28324,154180,62826,0.407485,5719,7.0,1|2,completed,5
75,2,2,240,5,on,5,1.9903,28760,157832,64098,0.406115,5724,7.0,1|2,completed,5
75,2,2,240,5,on,6,2.0047,28354,156305,63750,0.407856,5741,7.0,1|2,completed,5
75,2,2,240,5,on,7,1.9707,28006,153407,62976,0.410516,5728,7.0,1|2,completed,5
75,2,2,240,5,on,8,2.0545,28639,157019,64306,0.409543,5733,7.0,1|2,completed,5
75,2,2,240,5,on,9,1.9363,27891,152870,62126,0.406398,5717,7.0,1|2,completed,5
75,2,2,240,10,off,0,3.9562,29403,324888,138191,0.42535,14287,7.0,1|2,completed,10
75,2,2,240,10,off,1,3.9568,28519,312988,135050,0.431486,14311,7.0,1|2,completed,10
75,2,2,240,10,off,2,3.757,28014,306551,132202,0.431256,14341,7.0,1|2,completed,10
75,2,2,240,10,off,3,3.7007,28114,304768,131741,0.432267,14291,7.0,1|2,completed,10
75,2,2,240,10,off,4,3.8902,28919,318155,136637,0.429467,14283,7.0,1|2,completed,10
75,2,2,240,10,off,5,3.8359,27470,299641,128730,0.429614,14279,7.0,1|2,completed,10
75,2,2,240,10,off,6,3.8563,27616,301607,130023,0.431101,14269,7.0,1|2,completed,10
75,2,2,240,10,off,7,4.0571,28497,315371,135552,0.429818,14290,7.0,1|2,completed,10
75,2,2,240,10,off,8,3.944,28364,308153,132336,0.429449,14280,7.0,1|2,completed,10
75,2,2,240,10,off,9,3.8662,28846,314774,135992,0.432031,14289,7.0,1|2,completed,10
75,2,2,240,10,on,0,4.0347,27428,299399,129723,0.433278,14285,7.0,1|2,completed,10
75,2,2,240,10,on,1,4.0619,28956,314514,137463,0.437065,14274,7.0,1|2,completed,10
75,2,2,240,10,on,2,4.0969,28668,315724,135731,0.429904,14306,7.0,1|2,completed,10
75,2,2,240,10,on,3,3.9544,27944,314921,133893,0.425164,14278,7.0,1|2,completed,10
75,2,2,240,10,on,4,4.1598,28235,306991,132682,0.432202,14283,7.0,1|2,completed,10
75,2,2,240,10,on,5,3.9375,28265,313695,134583,0.429025,14295,7.0,1|2,completed,10
75,2,2,240,10,on,6,4.1251,29122,319656,137440,0.429962,14269,7.0,1|2,completed,10
75,2,2,240,10,on,7,4.3414,29848,326554,140629,0.430645,14277,7.0,1|2,completed,10
75,2,2,240,10,on,8,3.9782,27672,306602,131243,0.428057,14280,7.0,1|2,completed,10
75,2,2,240,10,on,9,3.6989,26437,287536,125155,0.435267,14295,7.0,1|2,completed,10
75,3,2,30,5,off,0,38.7007,799759,2259785,675130,0.298759,102198,97.0,1|2|3,completed,5
75,3,2,30,5,off,1,31.1989,659726,1777129,661138,0.372026,116656,97.0,1|2|3,completed,5
75,3,2,30,5,off,2,26.8078,572448,1507189,612770,0.406565,107413,97.0,1|2|3,completed,5
75,3,2,30,5,off,3,35.1961,708425,2047727,625546,0.305483,98349,97.0,1|2|3,completed,5
75,3,2,30,5,off,4,32.1973,690994,1834724,684807,0.373248,123720,97.0,1|2|3,completed,5
75,3,2,30,5,off,5,25.1518,508499,1334311,486219,0.364397,81466,97.0,1|2|3,completed,5
75,3,2,30,5,off,6,30.628,649561,1736697,675612,0.389021,120142,97.0,1|2|3,completed,5
75,3,2,30,5,off,7,36.9403,709303,2014471,631490,0.313477,97223,97.0,1|2|3,completed,5
75,3,2,30,5,off,8,25.6081,602924,1485544,527259,0.354927,87235,97.0,1|2|3,completed,5
75,3,2,30,5,off,9,33.6499,565219,1535434,533765,0.347631,87009,97.0,1|2|3,completed,5
75,3,2,30,5,on,0,33.2565,501814,1286045,510013,0.396575,89450,97.0,1|2|3,completed,5
75,3,2,30,5,on,1,31.41,387658,1028810,415885,0.404239,72804,97.0,1|2|3,completed,5
75,3,2,30,5,on,2,29.0489,477708,1295768,473582,0.365484,80617,97.0,1|2|3,completed,5
75,3,2,30,5,on,3,54.3324,964158,2704162,733015,0.271069,110393,97.0,1|2|3,completed,5
75,3,2,30,5,on,4,38.9684,745956,1961860,660236,0.336536,117898,97.0,1|2|3,completed,5
75,3,2,30,5,on,5,30.1829,626303,1468386,586523,0.399434,105428,97.0,1|2|3,completed,5
75,3,2,30,5,on,6,26.3399,450900,1266160,465460,0.367615,79420,97.0,1|2|3,completed,5
75,3,2,30,5,on,7,31.4651,547050,1535735,579391,0.377273,102358,97.0,1|2|3,completed,5
75,3,2,30,5,on,8,33.2597,599085,1640944,628448,0.38298,113996,97.0,1|2|3,completed,5
75,3,2,30,5,on,9,30.8392,550653,1500020,538468,0.358974,92122,97.0,1|2|3,completed,5
75,3,2,30,10,off,0,68.799,652662,3898944,1527212,0.391699,276745,97.0,1|2|3,completed,10
75,3,2,30,10,off,1,75.6453,679881,4330090,1553970,0.358877,273746,97.0,1|2|3,completed,10
75,3,2,30,10,off,2,65.2229,596411,3709534,1418621,0.382426,250631,97.0,1|2|3,completed,10
75,3,2,30,10,off,3,66.6432,639908,3852461,1433625,0.372132,249558,97.0,1|2|3,completed,10
75,3,2,30,10,off,4,79.6191,731155,4625474,1593444,0.344493,269824,97.0,1|2|3,completed,10
75,3,2,30,10,off,5,71.6449,627766,4099942,1470647,0.358699,250552,97.0,1|2|3,completed,10
75,3,2,30,10,off,6,82.9391,746867,4836556,1756832,0.36324,313304,97.0,1|2|3,completed,10
75,3,2,30,10,off,7,76.0709,626355,3922700,1305615,0.332836,217952,97.0,1|2|3,completed,10
75,3,2,30,10,off,8,118.1609,937698,6436925,1885553,0.292928,297548,97.0,1|2|3,completed,10
75,3,2,30,10,off,9,74.2404,681236,3985344,1446158,0.362869,243256,97.0,1|2|3,completed,10
75,3,2,30,10,on,0,86.2315,762373,3985818,1440610,0.361434,264728,97.0,1|2|3,completed,10
75,3,2,30,10,on,1,93.9965,751456,4420332,1493921,0.337966,255905,97.0,1|2|3,completed,10
75,3,2,30,10,on,2,93.3436,695736,4359369,1505075,0.345251,255867,97.0,1|2|3,completed,10
75,3,2,30,10,on,3,92.5341,677960,4484297,1598849,0.356544,280260,97.0,1|2|3,completed,10
75,3,2,30,10,on,4,89.2662,723068,4171254,1445246,0.346478,250570,97.0,1|2|3,completed,10
75,3,2,30,10,on,5,86.547,644979,4103208,1578746,0.384759,287049,97.0,1|2|3,completed,10
75,3,2,30,10,on,6,106.9041,846505,5193690,1635788,0.314957,272221,97.0,1|2|3,completed,10
75,3,2,30,10,on,7,94.9947,695604,4402261,1481264,0.336478,253265,97.0,1|2|3,completed,10
75,3,2,30,10,on,8,97.8513,681234,4574649,1452579,0.317528,245414,97.0,1|2|3,completed,10
75,3,2,30,10,on,9,85.4643,639634,4055824,1596430,0.393614,290632,97.0,1|2|3,completed,10
75,3,2,60,5,off,0,95.4863,1819672,6184923,1573668,0.254436,140784,97.0,1|2|3,completed,5
75,3,2,60,5,off,1,69.7988,1311441,4367317,1224044,0.280274,140775,97.0,1|2|3,completed,5
75,3,2,60,5,off,2,65.2742,1248099,4155737,1167498,0.280936,140787,97.0,1|2|3,completed,5
75,3,2,60,5,off,3,100.0799,1947308,6484284,1622244,0.250181,140773,97.0,1|2|3,completed,5
75,3,2,60,5,off,4,80.0085,1555025,5317434,1387243,0.260886,140770,97.0,1|2|3,completed,5
75,3,2,60,5,off,5,66.499,1253986,4222725,1180601,0.279583,140781,97.0,1|2|3,completed,5
75,3,2,60,5,off,6,79.2882,1505143,4955156,1333014,0.269016,140779,97.0,1|2|3,completed,5
75,3,2,60,5,off,7,67.6344,1319425,4227293,1189029,0.281274,140763,97.0,1|2|3,completed,5
75,3,2,60,5,off,8,81.8568,1617341,5433452,1429703,0.26313,140766,97.0,1|2|3,completed,5
75,3,2,60,5,off,9,63.0869,1227923,3937442,1141082,0.289803,140792,97.0,1|2|3,completed,5
75,3,2,60,5,on,0,91.9464,1623034,5496396,1428705,0.259935,140776,97.0,1|2|3,completed,5
75,3,2,60,5,on,1,82.1157,1519412,4857994,1327228,0.273205,140775,97.0,1|2|3,completed,5
75,3,2,60,5,on,2,80.3352,1438360,4947542,1319968,0.266793,140776,97.0,1|2|3,completed,5
75,3,2,60,5,on,3,69.5015,1222645,4060798,1161125,0.285935,140769,97.0,1|2|3,completed,5
75,3,2,60,5,on,4,68.6186,1218243,4075726,1146657,0.281338,140779,97.0,1|2|3,completed,5
75,3,2,60,5,on,5,83.2612,1533855,5019593,1347887,0.268525,140778,97.0,1|2|3,completed,5
75,3,2,60,5,on,6,113.7196,2062656,7074443,1725900,0.243963,140754,97.0,1|2|3,completed,5
75,3,2,60,5,on,7,67.917,1233802,4079703,1157416,0.283701,140773,97.0,1|2|3,completed,5
75,3,2,60,5,on,8,84.8618,1558121,5191482,1391994,0.26813,140774,97.0,1|2|3,completed,5
75,3,2,60,5,on,9,101.7642,1788901,6237637,1557711,0.249728,140794,97.0,1|2|3,completed,5
75,3,2,60,10,off,0,178.1437,1412579,11224895,3104897,0.276608,351898,97.0,1|2|3,completed,10
75,3,2,60,10,off,1,210.8005,1659559,13655003,3539411,0.259203,351889,97.0,1|2|3,completed,10
75,3,2,60,10,off,2,172.9108,1395112,11217368,3092874,0.275722,351954,97.0,1|2|3,completed,10
75,3,2,60,10,off,3,147.3286,1150896,9093811,2708614,0.297852,351896,97.0,1|2|3,completed,10
75,3,2,60,10,off,4,167.5716,1407008,10652151,2984118,0.280142,351906,97.0,1|2|3,completed,10
75,3,2,60,10,off,5,204.3962,1519780,12440079,3323282,0.267143,351911,97.0,1|2|3,completed,10
75,3,2,60,10,off,6,248.2602,1866175,14994080,3739596,0.249405,351909,97.0,1|2|3,completed,10
75,3,2,60,10,off,7,221.1592,1725521,13820159,3547926,0.256721,351928,97.0,1|2|3,completed,10
75,3,2,60,10,off,8,186.7151,1478757,11638901,3157492,0.271288,351896,97.0,1|2|3,completed,10
75,3,2,60,10,off,9,178.4004,1478589,11331808,3086011,0.272332,351937,97.0,1|2|3,completed,10
75,3,2,60,10,on,0,250.5381,1859966,14954131,3817825,0.255302,351900,97.0,1|2|3,completed,10
75,3,2,60,10,on,1,190.2486,1391079,11232707,3144174,0.279912,351900,97.0,1|2|3,completed,10
75,3,2,60,10,on,2,221.009,1589182,13484014,3506203,0.260027,351923,97.0,1|2|3,completed,10
75,3,2,60,10,on,3,210.7727,1530604,12120289,3246029,0.267818,351891,97.0,1|2|3,completed,10
75,3,2,60,10,on,4,212.8286,1516899,12455198,3345543,0.268606,351913,97.0,1|2|3,completed,10
75,3,2,60,10,on,5,190.6694,1401445,11123119,3087697,0.277593,351904,97.0,1|2|3,completed,10
75,3,2,60,10,on,6,189.6174,1312111,10605517,2944212,0.277611,351681,97.0,1|2|3,completed,10
75,3,2,60,10,on,7,195.5916,1382625,11207565,3043459,0.271554,351871,97.0,1|2|3,completed,10
75,3,2,60,10,on,8,233.3587,1826383,14648602,3675272,0.250896,351906,97.0,1|2|3,completed,10
75,3,2,60,10,on,9,179.4838,1436437,11556927,3142540,0.271918,351926,97.0,1|2|3,completed,10
75,3,2,120,5,off,0,98.2588,1940883,6304028,1611132,0.255572,140766,97.0,1|2|3,completed,5
75,3,2,120,5,off,1,109.9658,2195053,7421228,1844605,0.248558,140764,97.0,1|2|3,completed,5
75,3,2,120,5,off,2,107.9574,2089858,7243583,1768420,0.244136,140790,97.0,1|2|3,completed,5
75,3,2,120,5,off,3,88.2541,1856494,6181348,1588066,0.256913,140762,97.0,1|2|3,completed,5
75,3,2,120,5,off,4,86.9349,1645730,5901544,1464860,0.248216,140773,97.0,1|2|3,completed,5
75,3,2,120,5,off,5,94.8367,1885270,6538050,1642509,0.251223,140767,97.0,1|2|3,completed,5
75,3,2,120,5,off,6,104.961,2061852,7093963,1749271,0.246586,140762,97.0,1|2|3,completed,5
75,3,2,120,5,off,7,103.3707,2107500,7296265,1776030,0.243416,140775,97.0,1|2|3,completed,5
75,3,2,120,5,off,8,120.5157,2315305,8299325,1942230,0.234023,140784,97.0,1|2|3,completed,5
75,3,2,120,5,off,9,124.6316,2455294,8575977,2089211,0.243612,140777,97.0,1|2|3,completed,5
75,3,2,120,5,on,0,91.3136,1749427,5600242,1504586,0.268664,140792,97.0,1|2|3,completed,5
75,3,2,120,5,on,1,117.0957,2213970,7792725,1863238,0.2391,140786,97.0,1|2|3,completed,5
75,3,2,120,5,on,2,89.9272,1682906,5745362,1503551,0.261698,140778,97.0,1|2|3,completed,5
75,3,2,120,5,on,3,117.0099,2206182,7489772,1820961,0.243126,140771,97.0,1|2|3,completed,5
75,3,2,120,5,on,4,88.9763,1690983,5717545,1499538,0.26227,140782,97.0,1|2|3,completed,5
75,3,2,120,5,on,5,112.707,2065405,7206457,1774481,0.246235,140774,97.0,1|2|3,completed,5
75,3,2,120,5,on,6,103.6169,2013394,6668264,1630633,0.244536,140775,97.0,1|2|3,completed,5
75,3,2,120,5,on,7,115.9504,2037668,7208247,1732927,0.240409,140773,97.0,1|2|3,completed,5
75,3,2,120,5,on,8,117.9259,2188463,7633153,1807972,0.236858,140766,97.0,1|2|3,completed,5
75,3,2,120,5,on,9,105.4877,1881850,6373065,1635382,0.256608,140769,97.0,1|2|3,completed,5
75,3,2,120,10,off,0,211.9111,1669762,13742030,3613026,0.262918,351906,97.0,1|2|3,completed,10
75,3,2,120,10,off,1,284.8439,2178122,18271050,4414634,0.241619,351905,97.0,1|2|3,completed,10
75,3,2,120,10,off,2,219.0282,1695127,13897029,3587185,0.258126,351902,97.0,1|2|3,completed,10
75,3,2,120,10,off,3,299.2887,2248556,19673755,4758072,0.241849,351932,97.0,1|2|3,completed,10
75,3,2,120,10,off,4,206.4518,1615836,13004327,3517657,0.270499,351914,97.0,1|2|3,completed,10
75,3,2,120,10,off,5,224.8934,1736514,14590411,3805082,0.260793,351936,97.0,1|2|3,completed,10
75,3,2,120,10,off,6,226.6702,1760631,14888955,3824634,0.256877,351915,97.0,1|2|3,completed,10
75,3,2,120,10,off,7,226.815,1810048,15016828,3854982,0.256711,351905,97.0,1|2|3,completed,10
75,3,2,120,10,off,8,262.2196,2023434,17152477,4238735,0.247121,351921,97.0,1|2|3,completed,10
75,3,2,120,10,off,9,223.8238,1751919,14365558,3753177,0.261262,351901,97.0,1|2|3,completed,10
75,3,2,120,10,on,0,292.7254,2172867,18385154,4393656,0.238978,351908,97.0,1|2|3,completed,10
75,3,2,120,10,on,1,252.9347,1861814,15846755,3908363,0.246635,351915,97.0,1|2|3,completed,10
75,3,2,120,10,on,2,232.3578,1660227,13595808,3643369,0.267977,351902,97.0,1|2|3,completed,10
75,3,2,120,10,on,3,258.3481,1866307,15756273,3972948,0.25215,351928,97.0,1|2|3,completed,10
75,3,2,120,10,on,4,224.9524,1705730,13793344,3579719,0.259525,351926,97.0,1|2|3,completed,10
75,3,2,120,10,on,5,193.935,1851894,15300664,3901097,0.254963,351906,97.0,1|2|3,completed,10
75,3,2,120,10,on,6,191.6704,1837441,15025483,3828316,0.254788,351905,97.0,1|2|3,completed,10
75,3,2,120,10,on,7,177.6669,1693975,14189703,3647208,0.257032,351913,97.0,1|2|3,completed,10
75,3,2,120,10,on,8,196.9791,1884035,15131882,4008479,0.264903,351911,97.0,1|2|3,completed,10
75,3,2,120,10,on,9,190.0287,1768584,15040054,3843270,0.255536,351918,97.0,1|2|3,completed,10
75,3,2,240,5,off,0,109.1233,2805322,9206182,2222932,0.241461,140793,97.0,1|2|3,completed,5
75,3,2,240,5,off,1,103.5395,2572456,8564117,2044504,0.238729,140770,97.0,1|2|3,completed,5
75,3,2,240,5,off,2,108.4668,2841813,9681788,2285239,0.236035,140775,97.0,1|2|3,completed,5
75,3,2,240,5,off,3,114.1062,2851627,9497250,2305014,0.242703,140775,97.0,1|2|3,completed,5
75,3,2,240,5,off,4,108.9305,2754696,9105979,2180392,0.239446,140775,97.0,1|2|3,completed,5
75,3,2,240,5,off,5,103.2535,2572795,8749884,2042457,0.233427,140767,97.0,1|2|3,completed,5
75,3,2,240,5,off,6,117.2801,3076163,10062608,2491021,0.247552,140772,97.0,1|2|3,completed,5
75,3,2,240,5,off,7,122.5079,3134002,10315347,2497387,0.242104,140777,97.0,1|2|3,completed,5
75,3,2,240,5,off,8,119.1018,3199617,10207200,2490802,0.244024,140780,97.0,1|2|3,completed,5
75,3,2,240,5,off,9,113.1335,2959301,9564508,2373945,0.248204,140791,97.0,1|2|3,completed,5
75,3,2,240,5,on,0,116.761,2795084,9454711,2198685,0.232549,140767,97.0,1|2|3,completed,5
75,3,2,240,5,on,1,125.849,2956844,9875572,2378846,0.240882,140772,97.0,1|2|3,completed,5
75,3,2,240,5,on,2,117.4265,2876226,9879809,2310813,0.233892,140791,97.0,1|2|3,completed,5
75,3,2,240,5,on,3,119.5097,2902668,9577656,2312592,0.241457,140775,97.0,1|2|3,completed,5
75,3,2,240,5,on,4,120.3187,2849666,9631841,2280074,0.236723,140771,97.0,1|2|3,completed,5
75,3,2,240,5,on,5,127.8394,3270341,10784345,2521998,0.233857,140765,97.0,1|2|3,completed,5
75,3,2,240,5,on,6,112.4671,2713628,9127743,2124918,0.232798,140769,97.0,1|2|3,completed,5
75,3,2,240,5,on,7,117.8552,2880829,9676999,2318791,0.239619,140776,97.0,1|2|3,completed,5
75,3,2,240,5,on,8,129.3048,3026232,10244376,2440724,0.23825,140767,97.0,1|2|3,completed,5
75,3,2,240,5,on,9,121.5192,2962867,9942886,2424538,0.243847,140761,97.0,1|2|3,completed,5
75,3,2,240,10,off,0,300.5989,3042665,25072419,5944263,0.237084,351914,97.0,1|2|3,completed,10
75,3,2,240,10,off,1,286.7562,2968248,24162324,5709381,0.236293,351920,97.0,1|2|3,completed,10
75,3,2,240,10,off,2,338.8012,3287586,26949162,6460645,0.239735,351889,97.0,1|2|3,completed,10
75,3,2,240,10,off,3,283.9898,2913291,23904254,5665461,0.237006,351913,97.0,1|2|3,completed,10
75,3,2,240,10,off,4,290.9753,2921580,24572541,5762528,0.234511,351907,97.0,1|2|3,completed,10
75,3,2,240,10,off,5,273.3984,2810844,23187169,5356356,0.231005,351914,97.0,1|2|3,completed,10
75,3,2,240,10,off,6,291.695,2935766,24245822,5782946,0.238513,351921,97.0,1|2|3,completed,10
75,3,2,240,10,off,7,275.1252,2940371,23017433,5521814,0.239897,351914,97.0,1|2|3,completed,10
75,3,2,240,10,off,8,275.6646,2874658,22897357,5372548,0.234636,351918,97.0,1|2|3,completed,10
75,3,2,240,10,off,9,282.6044,2902896,23524846,5702027,0.242383,351899,97.0,1|2|3,completed,10
75,3,2,240,10,on,0,289.5165,2884153,22772709,5497228,0.241395,351909,97.0,1|2|3,completed,10
75,3,2,240,10,on,1,303.4629,2964496,23891795,5720922,0.239451,351909,97.0,1|2|3,completed,10
75,3,2,240,10,on,2,332.4181,3230660,26415039,6377043,0.241417,351896,97.0,1|2|3,completed,10
75,3,2,240,10,on,3,305.0711,2926540,24114837,5747269,0.238329,351923,97.0,1|2|3,completed,10
75,3,2,240,10,on,4,291.1157,2795134,22426067,5400347,0.240807,351906,97.0,1|2|3,completed,10
75,3,2,240,10,on,5,310.1435,3012421,24382707,5918296,0.242725,351904,97.0,1|2|3,completed,10
75,3,2,240,10,on,6,321.1541,3052077,26044825,6021063,0.231181,351925,97.0,1|2|3,completed,10
75,3,2,240,10,on,7,311.8099,3093771,24567447,5916292,0.240818,351921,97.0,1|2|3,completed,10
75,3,2,240,10,on,8,315.3869,2957822,25103304,5776249,0.230099,351902,97.0,1|2|3,completed,10
75,3,2,240,10,on,9,328.7903,3073475,25454000,6160529,0.242026,351910,97.0,1|2|3,completed,10
100,2,2,30,5,off,0,1.4449,32921,173461,76428,0.440606,9767,7.0,1|2,completed,5
100,2,2,30,5,off,1,1.1943,26671,137234,65709,0.47881,9653,7.0,1|2,completed,5
100,2,2,30,5,off,2,1.4884,32429,176775,78354,0.443241,10058,7.0,1|2,completed,5
100,2,2,30,5,off,3,1.5623,31210,162343,71839,0.442514,9860,7.0,1|2,completed,5
100,2,2,30,5,off,4,1.5875,31265,158389,69284,0.437429,9129,7.0,1|2,completed,5
100,2,2,30,5,off,5,1.5707,30755,161681,71715,0.443559,9418,7.0,1|2,completed,5
100,2,2,30,5,off,6,1.6857,32888,168898,72456,0.428993,9695,7.0,1|2,completed,5
100,2,2,30,5,off,7,1.5192,28298,151640,69858,0.460683,9789,7.0,1|2,completed,5
100,2,2,30,5,off,8,1.6599,32421,166840,72369,0.433763,9783,7.0,1|2,completed,5
100,2,2,30,5,off,9,1.5863,29103,151215,68318,0.451794,9187,7.0,1|2,completed,5
100,2,2,30,5,on,0,1.7755,31518,168952,75709,0.44811,9874,7.0,1|2,completed,5
100,2,2,30,5,on,1,1.6822,29992,160938,69720,0.43321,8836,7.0,1|2,completed,5
100,2,2,30,5,on,2,1.753,31892,167778,74020,0.441178,9845,7.0,1|2,completed,5
100,2,2,30,5,on,3,1.8034,30449,161441,72738,0.450555,9928,7.0,1|2,completed,5
100,2,2,30,5,on,4,1.7187,30153,161489,70608,0.437231,9636,7.0,1|2,completed,5
100,2,2,30,5,on,5,2.0099,33490,183318,77604,0.42333,9676,7.0,1|2,completed,5
100,2,2,30,5,on,6,1.637,29978,152645,66756,0.437328,9095,7.0,1|2,completed,5
100,2,2,30,5,on,7,1.666,29502,156159,68206,0.436773,9504,7.0,1|2,completed,5
100,2,2,30,5,on,8,1.6435,30006,155386,67982,0.437504,9086,7.0,1|2,completed,5
100,2,2,30,5,on,9,1.4855,27860,142359,66279,0.465576,9441,7.0,1|2,completed,5
100,2,2,30,10,off,0,3.7299,33335,354010,159214,0.449744,23446,7.0,1|2,completed,10
100,2,2,30,10,off,1,3.4519,31315,330043,152606,0.462382,24518,7.0,1|2,completed,10
100,2,2,30,10,off,2,2.9947,28514,294691,142242,0.482682,23511,7.0,1|2,completed,10
100,2,2,30,10,off,3,3.147,31543,317885,148931,0.468506,23965,7.0,1|2,completed,10
100,2,2,30,10,off,4,3.0541,28807,298493,139432,0.46712,23194,7.0,1|2,completed,10
100,2,2,30,10,off,5,3.1012,28323,301417,145394,0.482368,23696,7.0,1|2,completed,10
100,2,2,30,10,off,6,3.1849,29110,310200,146820,0.473308,24123,7.0,1|2,completed,10
100,2,2,30,10,off,7,3.2756,30543,315800,149174,0.472369,24236,7.0,1|2,completed,10
100,2,2,30,10,off,8,3.1327,29380,306882,147180,0.479598,24246,7.0,1|2,completed,10
100,2,2,30,10,off,9,3.2752,31764,322828,152312,0.471805,24429,7.0,1|2,completed,10
100,2,2,30,10,on,0,3.1827,28132,289207,138862,0.480147,23158,7.0,1|2,completed,10
100,2,2,30,10,on,1,3.1315,27917,290425,141442,0.487017,23717,7.0,1|2,completed,10
100,2,2,30,10,on,2,3.2741,28043,299723,147353,0.491631,24154,7.0,1|2,completed,10
100,2,2,30,10,on,3,3.2398,28710,301287,139556,0.4632,22554,7.0,1|2,completed,10
100,2,2,30,10,on,4,3.3787,29679,314590,149705,0.475873,23916,7.0,1|2,completed,10
100,2,2,30,10,on,5,3.2823,29403,299161,141765,0.473875,23649,7.0,1|2,completed,10
100,2,2,30,10,on,6,3.3578,28685,300382,143988,0.47935,23695,7.0,1|2,completed,10
100,2,2,30,10,on,7,3.4896,30565,322568,148024,0.458892,23413,7.0,1|2,completed,10
100,2,2,30,10,on,8,3.545,31640,327498,148310,0.452858,23343,7.0,1|2,completed,10
100,2,2,30,10,on,9,3.3833,29873,308357,143741,0.466151,23519,7.0,1|2,completed,10
100,2,2,60,5,off,0,1.9604,36801,199971,89820,0.449165,10128,7.0,1|2,completed,5
100,2,2,60,5,off,1,2.0104,36433,202577,90680,0.447632,10130,7.0,1|2,completed,5
100,2,2,60,5,off,2,2.1168,38371,210101,92830,0.441835,10133,7.0,1|2,completed,5
100,2,2,60,5,off,3,2.1424,37678,208594,92788,0.444826,10131,7.0,1|2,completed,5
100,2,2,60,5,off,4,2.1075,38674,211232,92381,0.437344,10121,7.0,1|2,completed,5
100,2,2,60,5,off,5,2.252,41691,229002,98283,0.42918,10142,7.0,1|2,completed,5
100,2,2,60,5,off,6,2.0275,37461,204440,90554,0.442937,10128,7.0,1|2,completed,5
100,2,2,60,5,off,7,2.0429,37845,205792,91324,0.443768,10129,7.0,1|2,completed,5
100,2,2,60,5,off,8,2.2717,39631,218845,95875,0.438095,10143,7.0,1|2,completed,5
100,2,2,60,5,off,9,1.8106,33940,183888,84636,0.460258,10122,7.0,1|2,completed,5
100,2,2,60,5,on,0,2.3583,39811,221214,95870,0.433381,10133,7.0,1|2,completed,5
100,2,2,60,5,on,1,2.2463,37642,207312,91961,0.443587,10121,7.0,1|2,completed,5
100,2,2,60,5,on,2,2.3333,39748,217387,95160,0.437745,10142,7.0,1|2,completed,5
100,2,2,60,5,on,3,2.2262,38500,211888,93415,0.44087,10127,7.0,1|2,completed,5
100,2,2,60,5,on,4,1.9785,34308,187077,85534,0.457213,10133,7.0,1|2,completed,5
100,2,2,60,5,on,5,2.0603,36015,196175,87996,0.448559,10125,7.0,1|2,completed,5
100,2,2,60,5,on,6,2.1944,38656,210734,93702,0.444646,10158,7.0,1|2,completed,5
100,2,2,60,5,on,7,2.3913,39361,221776,96460,0.434943,10137,7.0,1|2,completed,5
100,2,2,60,5,on,8,2.0696,35387,195689,88603,0.452775,10113,7.0,1|2,completed,5
100,2,2,60,5,on,9,2.2608,38742,208919,92486,0.442688,10145,7.0,1|2,completed,5
100,2,2,60,10,off,0,4.0867,36030,390755,184878,0.47313,25296,7.0,1|2,completed,10
100,2,2,60,10,off,1,4.3396,38746,422069,194975,0.461951,25307,7.0,1|2,completed,10
100,2,2,60,10,off,2,4.2389,37317,412784,191536,0.46401,25313,7.0,1|2,completed,10
100,2,2,60,10,off,3,4.7153,41721,459058,207809,0.452686,25311,7.0,1|2,completed,10
100,2,2,60,10,off,4,4.5418,40077,436062,201135,0.461253,25286,7.0,1|2,completed,10
100,2,2,60,10,off,5,4.4772,39569,435446,200046,0.459405,25315,7.0,1|2,completed,10
100,2,2,60,10,off,6,4.7706,42853,469904,210971,0.448966,25303,7.0,1|2,completed,10
100,2,2,60,10,off,7,4.5896,40187,440803,201126,0.456272,25278,7.0,1|2,completed,10
100,2,2,60,10,off,8,4.8378,42336,463103,209179,0.45169,25337,7.0,1|2,completed,10
100,2,2,60,10,off,9,4.1205,36981,402756,188166,0.467196,25286,7.0,1|2,completed,10
100,2,2,60,10,on,0,4.557,37919,414262,192863,0.465558,25301,7.0,1|2,completed,10
100,2,2,60,10,on,1,4.5166,37970,414813,192775,0.464727,25304,7.0,1|2,completed,10
100,2,2,60,10,on,2,4.7032,39777,435433,199422,0.457985,25285,7.0,1|2,completed,10
100,2,2,60,10,on,3,4.9114,41522,457166,206884,0.452536,25307,7.0,1|2,completed,10
100,2,2,60,10,on,4,4.0142,34263,372176,179051,0.481092,25305,7.0,1|2,completed,10
100,2,2,60,10,on,5,4.6989,40304,441559,201103,0.455439,25303,7.0,1|2,completed,10
100,2,2,60,10,on,6,4.9589,40918,455842,205899,0.451689,25290,7.0,1|2,completed,10
100,2,2,60,10,on,7,5.2924,43788,483543,215209,0.445067,25317,7.0,1|2,completed,10
100,2,2,60,10,on,8,4.2418,36175,394921,186717,0.472796,25317,7.0,1|2,completed,10
100,2,2,60,10,on,9,4.6709,38855,424247,196078,0.462179,25289,7.0,1|2,completed,10
100,2,2,120,5,off,0,2.1936,40666,218113,94715,0.434247,10137,7.0,1|2,completed,5
100,2,2,120,5,off,1,2.5665,45154,245081,103481,0.422232,10164,7.0,1|2,completed,5
100,2,2,120,5,off,2,2.5762,44014,244396,104026,0.425645,10140,7.0,1|2,completed,5
100,2,2,120,5,off,3,2.3884,42823,232466,99542,0.4282,10144,7.0,1|2,completed,5
100,2,2,120,5,off,4,2.4855,44013,244748,104005,0.424947,10158,7.0,1|2,completed,5
100,2,2,120,5,off,5,2.4098,42128,230099,98850,0.429598,10134,7.0,1|2,completed,5
100,2,2,120,5,off,6,2.6509,46242,254410,107061,0.420821,10120,7.0,1|2,completed,5
100,2,2,120,5,off,7,2.2754,40145,223417,96308,0.431068,10121,7.0,1|2,completed,5
100,2,2,120,5,off,8,2.3969,43494,238342,100241,0.420576,10144,7.0,1|2,completed,5
100,2,2,120,5,off,9,2.4714,44386,242966,102895,0.423495,10146,7.0,1|2,completed,5
100,2,2,120,5,on,0,2.4195,41392,227169,98515,0.433664,10125,7.0,1|2,completed,5
100,2,2,120,5,on,1,2.4178,41495,227886,98267,0.431211,10126,7.0,1|2,completed,5
100,2,2,120,5,on,2,2.3064,39280,214121,93748,0.437827,10140,7.0,1|2,completed,5
100,2,2,120,5,on,3,2.4649,43414,236349,100033,0.423243,10143,7.0,1|2,completed,5
100,2,2,120,5,on,4,2.3463,40558,223503,97468,0.436093,10124,7.0,1|2,completed,5
100,2,2,120,5,on,5,2.5107,42074,232237,99037,0.426448,10154,7.0,1|2,completed,5
100,2,2,120,5,on,6,2.4108,41377,224303,97816,0.436089,10124,7.0,1|2,completed,5
100,2,2,120,5,on,7,2.4146,40352,222786,96735,0.434206,10129,7.0,1|2,completed,5
100,2,2,120,5,on,8,2.2459,38530,210375,93096,0.442524,10111,7.0,1|2,completed,5
100,2,2,120,5,on,9,2.3922,41310,223933,96370,0.430352,10137,7.0,1|2,completed,5
100,2,2,120,10,off,0,4.6566,40773,448688,203218,0.452916,25296,7.0,1|2,completed,10
100,2,2,120,10,off,1,5.0454,45016,492288,218300,0.44344,25288,7.0,1|2,completed,10
100,2,2,120,10,off,2,4.6082,39559,433649,199615,0.460315,25291,7.0,1|2,completed,10
100,2,2,120,10,off,3,5.0708,44500,484127,216026,0.446218,25301,7.0,1|2,completed,10
100,2,2,120,10,off,4,4.7839,42111,463133,209453,0.452252,25313,7.0,1|2,completed,10
100,2,2,120,10,off,5,4.8891,43595,474474,213049,0.449021,25344,7.0,1|2,completed,10
100,2,2,120,10,off,6,4.7535,41394,454712,203949,0.448523,25310,7.0,1|2,completed,10
100,2,2,120,10,off,7,5.308,43588,478617,214405,0.447968,25304,7.0,1|2,completed,10
100,2,2,120,10,off,8,4.3632,38824,423050,195178,0.461359,25277,7.0,1|2,completed,10
100,2,2,120,10,off,9,4.9518,42433,466250,209008,0.448275,25286,7.0,1|2,completed,10
100,2,2,120,10,on,0,4.6861,39228,429178,197313,0.459746,25288,7.0,1|2,completed,10
100,2,2,120,10,on,1,5.0222,41738,456475,208473,0.456702,25291,7.0,1|2,completed,10
100,2,2,120,10,on,2,5.0174,42237,464408,208148,0.448201,25284,7.0,1|2,completed,10
100,2,2,120,10,on,3,5.1141,42708,469559,210870,0.449081,25303,7.0,1|2,completed,10
100,2,2,120,10,on,4,5.0715,41807,459161,206537,0.449814,25316,7.0,1|2,completed,10
100,2,2,120,10,on,5,4.9936,41635,451614,205120,0.454193,25309,7.0,1|2,completed,10
100,2,2,120,10,on,6,4.984,41595,458559,208290,0.454227,25325,7.0,1|2,completed,10
100,2,2,120,10,on,7,5.5796,45725,500672,221622,0.442649,25292,7.0,1|2,completed,10
100,2,2,120,10,on,8,5.566,46686,517613,228297,0.441057,25322,7.0,1|2,completed,10
100,2,2,120,10,on,9,5.1899,42941,474727,212023,0.446621,25279,7.0,1|2,completed,10
100,2,2,240,5,off,0,2.6655,49349,266441,109448,0.410778,10127,7.0,1|2,completed,5
100,2,2,240,5,off,1,2.8424,49136,272646,111209,0.407888,10137,7.0,1|2,completed,5
100,2,2,240,5,off,2,2.8164,48985,273017,111086,0.406883,10118,7.0,1|2,completed,5
100,2,2,240,5,off,3,2.6453,48941,265030,109190,0.411991,10141,7.0,1|2,completed,5
100,2,2,240,5,off,4,2.8404,49487,270192,109654,0.405837,10121,7.0,1|2,completed,5
100,2,2,240,5,off,5,2.7902,49073,269067,109128,0.405579,10116,7.0,1|2,completed,5
100,2,2,240,5,off,6,2.7431,49999,273983,111134,0.405624,10114,7.0,1|2,completed,5
100,2,2,240,5,off,7,2.8491,50699,279537,114591,0.409931,10164,7.0,1|2,completed,5
100,2,2,240,5,off,8,2.777,49778,275047,112420,0.40873,10126,7.0,1|2,completed,5
100,2,2,240,5,off,9,2.8368,49477,269211,111021,0.412394,10131,7.0,1|2,completed,5
100,2,2,240,5,on,0,3.0337,51174,277366,113299,0.408482,10119,7.0,1|2,completed,5
100,2,2,240,5,on,1,3.0376,51591,281907,114144,0.404899,10140,7.0,1|2,completed,5
100,2,2,240,5,on,2,2.9161,50803,275957,111182,0.402896,10127,7.0,1|2,completed,5
100,2,2,240,5,on,3,2.9635,49250,272030,110479,0.406128,10149,7.0,1|2,completed,5
100,2,2,240,5,on,4,2.9545,49957,272671,111394,0.408529,10135,7.0,1|2,completed,5
100,2,2,240,5,on,5,2.9539,48847,266886,109455,0.410119,10126,7.0,1|2,completed,5
100,2,2,240,5,on,6,2.9809,49924,275224,112166,0.407544,10155,7.0,1|2,completed,5
100,2,2,240,5,on,7,2.9001,50052,272002,111069,0.408339,10157,7.0,1|2,completed,5
100,2,2,240,5,on,8,3.0992,50423,277923,113502,0.408394,10150,7.0,1|2,completed,5
100,2,2,240,5,on,9,3.0255,50661,278380,112945,0.405722,10113,7.0,1|2,completed,5
100,2,2,240,10,off,0,5.7362,49265,546784,234477,0.428829,25293,7.0,1|2,completed,10
100,2,2,240,10,off,1,5.7023,49128,535101,231002,0.431698,25294,7.0,1|2,completed,10
100,2,2,240,10,off,2,5.963,51169,560374,239823,0.42797,25315,7.0,1|2,completed,10
100,2,2,240,10,off,3,5.9335,51163,555279,241167,0.434317,25273,7.0,1|2,completed,10
100,2,2,240,10,off,4,5.9558,51295,570091,244748,0.429314,25320,7.0,1|2,completed,10
100,2,2,240,10,off,5,6.0258,52173,565649,243209,0.429965,25311,7.0,1|2,completed,10
100,2,2,240,10,off,6,5.8793,49573,544620,234597,0.430754,25300,7.0,1|2,completed,10
100,2,2,240,10,off,7,6.1002,51971,570845,244604,0.428495,25299,7.0,1|2,completed,10
100,2,2,240,10,off,8,5.7443,49471,542426,232315,0.428289,25291,7.0,1|2,completed,10
100,2,2,240,10,off,9,6.0208,51300,568666,243071,0.427441,25308,7.0,1|2,completed,10
100,2,2,240,10,on,0,6.0389,50327,550466,237392,0.431256,25298,7.0,1|2,completed,10
100,2,2,240,10,on,1,6.2938,52236,568847,245504,0.431582,25312,7.0,1|2,completed,10
100,2,2,240,10,on,2,6.0763,49703,542679,234792,0.432654,25285,7.0,1|2,completed,10
100,2,2,240,10,on,3,6.187,51302,560203,242055,0.432084,25288,7.0,1|2,completed,10
100,2,2,240,10,on,4,6.1494,50727,554279,239066,0.43131,25323,7.0,1|2,completed,10
100,2,2,240,10,on,5,6.0259,49960,547114,236343,0.431981,25294,7.0,1|2,completed,10
100,2,2,240,10,on,6,5.8737,49637,543428,232398,0.427652,25291,7.0,1|2,completed,10
100,2,2,240,10,on,7,6.1378,50837,557733,239974,0.430267,25283,7.0,1|2,completed,10
100,2,2,240,10,on,8,6.1153,50379,557004,239533,0.430038,25310,7.0,1|2,completed,10
100,2,2,240,10,on,9,6.1839,51117,566507,243800,0.430357,25311,7.0,1|2,completed,10
100,3,2,30,5,off,0,72.8489,2134324,5437351,1772626,0.326009,291588,97.0,1|2|3,completed,5
100,3,2,30,5,off,1,50.471,1332033,3599365,1295012,0.359789,222784,97.0,1|2|3,completed,5
100,3,2,30,5,off,2,57.5584,1571202,4120711,1433475,0.347871,244998,97.0,1|2|3,completed,5
100,3,2,30,5,off,3,62.0337,1643180,4614068,1564230,0.339013,276100,97.0,1|2|3,completed,5
100,3,2,30,5,off,4,42.4266,1356856,3033628,1252870,0.412994,224646,97.0,1|2|3,completed,5
100,3,2,30,5,off,5,60.5839,2010452,4425987,1516288,0.342588,257272,97.0,1|2|3,completed,5
100,3,2,30,5,off,6,39.8438,1203718,2860448,1145911,0.400605,196997,97.0,1|2|3,completed,5
100,3,2,30,5,off,7,58.2011,1514593,4245131,1422171,0.335012,229575,97.0,1|2|3,completed,5
100,3,2,30,5,off,8,72.9121,1955978,5335192,1545577,0.289695,238062,97.0,1|2|3,completed,5
100,3,2,30,5,off,9,52.1136,1388782,3784424,1409339,0.372405,242495,97.0,1|2|3,completed,5
100,3,2,30,5,on,0,73.4409,1739620,4797752,1598099,0.333093,271699,97.0,1|2|3,completed,5
100,3,2,30,5,on,1,64.1785,1503357,4090986,1405248,0.343499,235869,97.0,1|2|3,completed,5
100,3,2,30,5,on,2,66.3631,1703261,4237453,1518126,0.358264,268420,97.0,1|2|3,completed,5
100,3,2,30,5,on,3,57.0604,1308833,3555584,1355286,0.381171,241651,97.0,1|2|3,completed,5
100,3,2,30,5,on,4,58.2434,1451159,3622697,1379178,0.380705,244163,97.0,1|2|3,completed,5
100,3,2,30,5,on,5,60.3457,1432533,3804817,1457186,0.382985,258062,97.0,1|2|3,completed,5
100,3,2,30,5,on,6,64.5225,1703398,4115236,1440555,0.350054,250022,97.0,1|2|3,completed,5
100,3,2,30,5,on,7,81.3614,1875011,5334171,1714821,0.321478,293261,97.0,1|2|3,completed,5
100,3,2,30,5,on,8,73.0141,1757576,4686239,1546498,0.330008,271755,97.0,1|2|3,completed,5
100,3,2,30,5,on,9,46.4399,1145641,2806580,1212923,0.432171,221534,97.0,1|2|3,completed,5
100,3,2,30,10,off,0,145.6495,1623449,10368541,3657433,0.352743,624005,97.0,1|2|3,completed,10
100,3,2,30,10,off,1,124.5283,1366945,8858943,3391189,0.382798,577261,97.0,1|2|3,completed,10
100,3,2,30,10,off,2,101.8615,1169308,6933279,2644588,0.381434,454056,97.0,1|2|3,completed,10
100,3,2,30,10,off,3,115.1688,1370859,8131085,3393323,0.417327,617030,97.0,1|2|3,completed,10
100,3,2,30,10,off,4,166.1999,1833368,11949089,3676919,0.307715,568465,97.0,1|2|3,completed,10
100,3,2,30,10,off,5,117.2527,1310780,8241524,3241599,0.393325,570022,97.0,1|2|3,completed,10
100,3,2,30,10,off,6,129.8973,1499370,9203318,3659482,0.397626,655945,97.0,1|2|3,completed,10
100,3,2,30,10,off,7,141.2236,1607430,10015465,3618337,0.361275,638910,97.0,1|2|3,completed,10
100,3,2,30,10,off,8,151.4977,1809255,10803168,3782610,0.350139,664826,97.0,1|2|3,completed,10
100,3,2,30,10,off,9,123.5648,1392779,8720840,3175764,0.364158,534331,97.0,1|2|3,completed,10
100,3,2,30,10,on,0,149.9118,1576304,9247734,3513468,0.379927,627458,97.0,1|2|3,completed,10
100,3,2,30,10,on,1,157.074,1622858,9594758,3376237,0.351883,595477,97.0,1|2|3,completed,10
100,3,2,30,10,on,2,185.0875,1788994,11818435,4036353,0.34153,700562,97.0,1|2|3,completed,10
100,3,2,30,10,on,3,141.9653,1571549,8447815,3061505,0.362402,539605,97.0,1|2|3,completed,10
100,3,2,30,10,on,4,187.2723,1867778,11918195,3999057,0.335542,688007,97.0,1|2|3,completed,10
100,3,2,30,10,on,5,139.8375,1332739,8473848,2836077,0.334686,471776,97.0,1|2|3,completed,10
100,3,2,30,10,on,6,157.928,1494877,9729513,3382929,0.347698,575016,97.0,1|2|3,completed,10
100,3,2,30,10,on,7,123.1146,1180518,7154569,2437269,0.340659,412040,97.0,1|2|3,completed,10
100,3,2,30,10,on,8,162.8007,1690209,9903751,3110054,0.314028,519200,97.0,1|2|3,completed,10
100,3,2,30,10,on,9,119.9849,1278330,7140610,2970489,0.415999,531495,97.0,1|2|3,completed,10
100,3,2,60,5,off,0,121.4953,3022703,10002876,2829609,0.28288,333547,97.0,1|2|3,completed,5
100,3,2,60,5,off,1,177.5635,4128833,14360407,3651372,0.254267,333524,97.0,1|2|3,completed,5
100,3,2,60,5,off,2,120.3914,3144281,10081348,2854550,0.283152,333542,97.0,1|2|3,completed,5
100,3,2,60,5,off,3,147.519,3659465,11855343,3193523,0.269374,333552,97.0,1|2|3,completed,5
100,3,2,60,5,off,4,153.8308,3729049,12449944,3286846,0.264005,333528,97.0,1|2|3,completed,5
100,3,2,60,5,off,5,168.706,3960951,13465593,3470832,0.257756,333537,97.0,1|2|3,completed,5
100,3,2,60,5,off,6,157.7115,4039266,13102333,3432060,0.261943,333525,97.0,1|2|3,completed,5
100,3,2,60,5,off,7,152.9601,3723987,12275337,3173847,0.258555,333509,97.0,1|2|3,completed,5
100,3,2,60,5,off,8,165.9894,3967477,13412688,3453491,0.257479,333538,97.0,1|2|3,completed,5
100,3,2,60,5,off,9,133.8072,3292567,10574342,2838139,0.268399,333510,97.0,1|2|3,completed,5
100,3,2,60,5,on,0,153.5203,3607705,11403918,3087245,0.270718,333540,97.0,1|2|3,completed,5
100,3,2,60,5,on,1,140.6719,3352461,10749115,2989185,0.278087,333553,97.0,1|2|3,completed,5
100,3,2,60,5,on,2,166.23,3664784,12493539,3322494,0.265937,333530,97.0,1|2|3,completed,5
100,3,2,60,5,on,3,150.8739,3423682,11374361,3016543,0.265205,333520,97.0,1|2|3,completed,5
100,3,2,60,5,on,4,123.7493,2825338,9102569,2681571,0.294595,333534,97.0,1|2|3,completed,5
100,3,2,60,5,on,5,168.5125,3627044,12562371,3286112,0.261584,333561,97.0,1|2|3,completed,5
100,3,2,60,5,on,6,197.538,4611357,15220993,3819610,0.250944,333543,97.0,1|2|3,completed,5
100,3,2,60,5,on,7,170.6268,3902493,12554810,3259776,0.259644,333513,97.0,1|2|3,completed,5
100,3,2,60,5,on,8,147.8414,3313343,10976079,2974939,0.271038,333532,97.0,1|2|3,completed,5
100,3,2,60,5,on,9,148.3178,3277923,10929512,2961340,0.270949,333523,97.0,1|2|3,completed,5
100,3,2,60,10,off,0,338.4102,3358267,26807761,7341599,0.273861,833794,97.0,1|2|3,completed,10
100,3,2,60,10,off,1,395.6977,3909620,31751135,8274594,0.260608,833808,97.0,1|2|3,completed,10
100,3,2,60,10,off,2,524.1696,5226647,41538663,10142973,0.244181,833792,97.0,1|2|3,completed,10
100,3,2,60,10,off,3,393.1814,3898977,31170957,8157857,0.261713,833826,97.0,1|2|3,completed,10
100,3,2,60,10,off,4,350.4411,3509347,27839996,7519471,0.270096,833804,97.0,1|2|3,completed,10
100,3,2,60,10,off,5,372.9439,3848425,29256813,7776879,0.265814,833775,97.0,1|2|3,completed,10
100,3,2,60,10,off,6,334.4987,3371462,26589558,7399098,0.278271,833809,97.0,1|2|3,completed,10
100,3,2,60,10,off,7,410.7726,4220811,32610892,8398445,0.257535,833778,97.0,1|2|3,completed,10
100,3,2,60,10,off,8,274.2226,2762434,21362152,6333773,0.296495,833782,97.0,1|2|3,completed,10
100,3,2,60,10,off,9,378.2908,3688678,28949295,7558748,0.261103,833557,97.0,1|2|3,completed,10
100,3,2,60,10,on,0,349.3694,3209326,25366181,7094996,0.279703,833791,97.0,1|2|3,completed,10
100,3,2,60,10,on,1,436.4292,3877768,32060049,8279826,0.25826,833824,97.0,1|2|3,completed,10
100,3,2,60,10,on,2,375.2693,3524768,26991516,7242439,0.268323,833606,97.0,1|2|3,completed,10
100,3,2,60,10,on,3,344.8464,3152219,24840546,7016801,0.282474,833802,97.0,1|2|3,completed,10
100,3,2,60,10,on,4,449.063,4215093,33509558,8578167,0.255992,833803,97.0,1|2|3,completed,10
100,3,2,60,10,on,5,464.9267,4385911,34768343,8829525,0.253953,833835,97.0,1|2|3,completed,10
100,3,2,60,10,on,6,355.7048,3268009,25740209,7109866,0.276216,833548,97.0,1|2|3,completed,10
100,3,2,60,10,on,7,295.7211,2749589,21173220,6399494,0.302245,833811,97.0,1|2|3,completed,10
100,3,2,60,10,on,8,445.4483,4019567,32762610,8384024,0.255902,833812,97.0,1|2|3,completed,10
100,3,2,60,10,on,9,342.0104,3147276,24832544,6965380,0.280494,833807,97.0,1|2|3,completed,10
100,3,2,120,5,off,0,199.2446,4903633,16709581,4172997,0.249737,333545,97.0,1|2|3,completed,5
100,3,2,120,5,off,1,221.7899,5251549,18479762,4421895,0.239283,333555,97.0,1|2|3,completed,5
100,3,2,120,5,off,2,188.8796,4578855,15830148,3840808,0.242626,333525,97.0,1|2|3,completed,5
100,3,2,120,5,off,3,165.3058,4188644,13492555,3572059,0.264743,333534,97.0,1|2|3,completed,5
100,3,2,120,5,off,4,175.3044,4405180,14815609,3730229,0.251777,333522,97.0,1|2|3,completed,5
100,3,2,120,5,off,5,206.2359,4820067,16849133,4146751,0.246111,333539,97.0,1|2|3,completed,5
100,3,2,120,5,off,6,217.1833,5083364,17778327,4301837,0.241971,333546,97.0,1|2|3,completed,5
100,3,2,120,5,off,7,159.214,4037529,13579780,3495941,0.257437,333516,97.0,1|2|3,completed,5
100,3,2,120,5,off,8,203.764,4996523,17220798,4216694,0.244861,333549,97.0,1|2|3,completed,5
100,3,2,120,5,off,9,217.3051,5171683,18145220,4363680,0.240486,333536,97.0,1|2|3,completed,5
100,3,2,120,5,on,0,171.3119,3901923,13505140,3407240,0.252292,333562,97.0,1|2|3,completed,5
100,3,2,120,5,on,1,230.4397,5273812,17660069,4285986,0.242694,333537,97.0,1|2|3,completed,5
100,3,2,120,5,on,2,222.7057,5272790,17955795,4430938,0.246769,333559,97.0,1|2|3,completed,5
100,3,2,120,5,on,3,217.0364,4766159,16710922,4082429,0.244297,333539,97.0,1|2|3,completed,5
100,3,2,120,5,on,4,192.7536,4771274,15425381,3913722,0.25372,333529,97.0,1|2|3,completed,5
100,3,2,120,5,on,5,212.5638,4787198,16404833,4006326,0.244216,333540,97.0,1|2|3,completed,5
100,3,2,120,5,on,6,215.6647,4827138,16602529,4072876,0.245317,333522,97.0,1|2|3,completed,5
100,3,2,120,5,on,7,218.926,5267056,17154270,4229062,0.246531,333533,97.0,1|2|3,completed,5
100,3,2,120,5,on,8,212.3646,4787480,16425935,4056497,0.246957,333533,97.0,1|2|3,completed,5
100,3,2,120,5,on,9,192.046,4375095,15448781,3774254,0.244308,333534,97.0,1|2|3,completed,5
100,3,2,120,10,off,0,451.8438,4302762,36390447,9214031,0.253199,833791,97.0,1|2|3,completed,10
100,3,2,120,10,off,1,464.4297,4513312,37428712,9516845,0.254266,833794,97.0,1|2|3,completed,10
100,3,2,120,10,off,2,449.9142,4397205,36293505,9218972,0.254012,833796,97.0,1|2|3,completed,10
100,3,2,120,10,off,3,441.4,4310262,35451547,9269378,0.261466,833796,97.0,1|2|3,completed,10
100,3,2,120,10,off,4,494.6956,4704589,40957561,10014353,0.244506,833774,97.0,1|2|3,completed,10
100,3,2,120,10,off,5,448.7981,4336068,37265974,9357645,0.251104,833788,97.0,1|2|3,completed,10
100,3,2,120,10,off,6,525.804,5130513,42076968,10413728,0.247492,833782,97.0,1|2|3,completed,10
100,3,2,120,10,off,7,442.0799,4323176,35849317,9321371,0.260015,833814,97.0,1|2|3,completed,10
100,3,2,120,10,off,8,487.0917,4681402,38834817,9786430,0.252001,833802,97.0,1|2|3,completed,10
100,3,2,120,10,off,9,464.741,4622784,38057168,9594575,0.25211,833793,97.0,1|2|3,completed,10
100,3,2,120,10,on,0,493.3146,4426580,37723081,9447778,0.250451,833797,97.0,1|2|3,completed,10
100,3,2,120,10,on,1,540.2587,4674659,41393189,10064464,0.243143,833777,97.0,1|2|3,completed,10
100,3,2,120,10,on,2,535.7577,4919895,40556861,10016393,0.246972,833817,97.0,1|2|3,completed,10
100,3,2,120,10,on,3,501.7162,4533187,38553520,9818915,0.254683,833779,97.0,1|2|3,completed,10
100,3,2,120,10,on,4,500.0756,4116411,34553205,8954291,0.259145,833808,97.0,1|2|3,completed,10
100,3,2,120,10,on,5,634.1402,4527619,38704497,9498326,0.245406,833750,97.0,1|2|3,timeout,5
100,3,2,120,10,on,6,,,,,,,,,timeout_skipped,0
100,3,2,120,10,on,7,,,,,,,,,timeout_skipped,0
100,3,2,120,10,on,8,,,,,,,,,timeout_skipped,0
100,3,2,120,10,on,9,,,,,,,,,timeout_skipped,0
100,3,2,240,5,off,0,348.128,6799597,22072265,5365748,0.243099,333543,97.0,1|2|3,completed,5
100,3,2,240,5,off,1,365.2948,6971638,23527954,5568767,0.236687,333530,97.0,1|2|3,completed,5
100,3,2,240,5,off,2,363.4471,7157857,23639179,5678821,0.240229,333545,97.0,1|2|3,completed,5
100,3,2,240,5,off,3,321.7748,6877045,23165251,5529873,0.238714,333552,97.0,1|2|3,completed,5
100,3,2,240,5,off,4,396.4927,7044014,23385370,5565709,0.238,333512,97.0,1|2|3,completed,5
100,3,2,240,5,off,5,362.3618,6656545,22186656,5296926,0.238744,333551,97.0,1|2|3,completed,5
100,3,2,240,5,off,6,354.2293,6714197,22580441,5275937,0.233651,333528,97.0,1|2|3,completed,5
100,3,2,240,5,off,7,265.36,6418134,21946960,5047560,0.229989,333528,97.0,1|2|3,completed,5
100,3,2,240,5,off,8,287.9867,6835791,23334188,5479936,0.234846,333545,97.0,1|2|3,completed,5
100,3,2,240,5,off,9,272.4662,6688613,22340906,5280544,0.236362,333554,97.0,1|2|3,completed,5
100,3,2,240,5,on,0,336.2543,7676611,26020923,6103807,0.234573,333522,97.0,1|2|3,completed,5
100,3,2,240,5,on,1,404.7953,7817828,25522987,6153965,0.241115,333554,97.0,1|2|3,completed,5
100,3,2,240,5,on,2,417.1671,7432248,24802266,5942355,0.239589,333541,97.0,1|2|3,completed,5
100,3,2,240,5,on,3,428.8911,6494355,22021327,5193691,0.235848,333520,97.0,1|2|3,completed,5
100,3,2,240,5,on,4,562.7223,6963080,22510130,5311422,0.235957,333519,97.0,1|2|3,completed,5
100,3,2,240,5,on,5,441.7017,6710509,22346438,5257425,0.235269,333547,97.0,1|2|3,completed,5
100,3,2,240,5,on,6,471.1725,6970849,23453287,5589591,0.238329,333525,97.0,1|2|3,completed,5
100,3,2,240,5,on,7,458.2314,6959354,23186297,5435980,0.234448,333524,97.0,1|2|3,completed,5
100,3,2,240,5,on,8,480.2507,7071246,23088121,5512840,0.238774,333528,97.0,1|2|3,completed,5
100,3,2,240,5,on,9,425.7909,6373092,21115945,4968615,0.235302,333531,97.0,1|2|3,completed,5
100,3,2,240,10,off,0,657.9705,7124366,35061354,8292217,0.236506,500250,97.0,1|2|3,timeout,3
100,3,2,240,10,off,1,,,,,,,,,timeout_skipped,0
100,3,2,240,10,off,2,,,,,,,,,timeout_skipped,0
100,3,2,240,10,off,3,,,,,,,,,timeout_skipped,0
100,3,2,240,10,off,4,,,,,,,,,timeout_skipped,0
100,3,2,240,10,off,5,,,,,,,,,timeout_skipped,0
100,3,2,240,10,off,6,,,,,,,,,timeout_skipped,0
100,3,2,240,10,off,7,,,,,,,,,timeout_skipped,0
100,3,2,240,10,off,8,,,,,,,,,timeout_skipped,0
100,3,2,240,10,off,9,,,,,,,,,timeout_skipped,0
100,3,2,240,10,on,0,605.8954,6746983,32631323,7914250,0.242535,500250,97.0,1|2|3,timeout,3
100,3,2,240,10,on,1,,,,,,,,,timeout_skipped,0
100,3,2,240,10,on,2,,,,,,,,,timeout_skipped,0
100,3,2,240,10,on,3,,,,,,,,,timeout_skipped,0
100,3,2,240,10,on,4,,,,,,,,,timeout_skipped,0
100,3,2,240,10,on,5,,,,,,,,,timeout_skipped,0
100,3,2,240,10,on,6,,,,,,,,,timeout_skipped,0
100,3,2,240,10,on,7,,,,,,,,,timeout_skipped,0
100,3,2,240,10,on,8,,,,,,,,,timeout_skipped,0
100,3,2,240,10,on,9,,,,,,,,,timeout_skipped,0
