alignment_target,n,n_gw,n_od,rep_idx,treatment,true_cost,status,wall_sec
0.1,10,2,2,0,JOINT,210.3880173400659,integer optimal solution,0.1580841
0.1,10,2,2,0,GW-ONLY,210.38801734006586,integer optimal solution,0.030751900000000054
0.1,10,2,2,0,OD-ONLY,210.38801734006583,integer optimal solution,0.004988799999999904
0.1,10,2,2,0,OD-FIRST,210.38801734006586,pass1=integer optimal solution|pass2=integer optimal solution,0.035395900000000036
0.1,10,2,2,0,GW-FIRST,210.38801734006583,pass1=integer optimal solution|pass2=integer optimal solution,0.03608289999999992
0.1,10,2,2,1,JOINT,153.2930216533235,integer optimal solution,0.030277600000000016
0.1,10,2,2,1,GW-ONLY,153.2930216533235,integer optimal solution,0.03670689999999999
0.1,10,2,2,1,OD-ONLY,153.29302165332348,integer optimal solution,0.0029464000000000157
0.1,10,2,2,1,OD-FIRST,153.2930216533235,pass1=integer optimal solution|pass2=integer optimal solution,0.03333889999999995
0.1,10,2,2,1,GW-FIRST,153.29302165332348,pass1=integer optimal solution|pass2=integer optimal solution,0.04743160000000002
0.1,10,2,2,2,JOINT,154.37984919427907,integer optimal solution,0.028449399999999958
0.1,10,2,2,2,GW-ONLY,156.78410775221386,integer optimal solution,0.028768100000000185
0.1,10,2,2,2,OD-ONLY,154.37984919427907,integer optimal solution,0.0026423999999998227
0.1,10,2,2,2,OD-FIRST,154.37984919427907,pass1=integer optimal solution|pass2=integer optimal solution,0.028138400000000008
0.1,10,2,2,2,GW-FIRST,154.37984919427907,pass1=integer optimal solution|pass2=integer optimal solution,0.03734090000000001
0.1,10,2,2,3,JOINT,134.33878162225454,integer optimal solution,0.032203800000000005
0.1,10,2,2,3,GW-ONLY,134.33878162225454,integer optimal solution,0.03262379999999987
0.1,10,2,2,3,OD-ONLY,137.8051723451503,integer optimal solution,0.0025538000000000505
0.1,10,2,2,3,OD-FIRST,134.33878162225454,pass1=integer optimal solution|pass2=integer optimal solution,0.032655700000000065
0.1,10,2,2,3,GW-FIRST,134.33878162225454,pass1=integer optimal solution|pass2=integer optimal solution,0.04630240000000008
0.1,10,2,2,4,JOINT,162.85969431094657,integer optimal solution,0.0260902999999999
0.1,10,2,2,4,GW-ONLY,167.8917080538665,integer optimal solution,0.0310064000000001
0.1,10,2,2,4,OD-ONLY,162.85969431094657,integer optimal solution,0.0027270999999999823
0.1,10,2,2,4,OD-FIRST,162.85969431094657,pass1=integer optimal solution|pass2=integer optimal solution,0.040104099999999976
0.1,10,2,2,4,GW-FIRST,167.8917080538665,pass1=integer optimal solution|pass2=integer optimal solution,0.04006279999999984
0.1,10,2,2,5,JOINT,159.97301292080638,integer optimal solution,0.030430899999999816
0.1,10,2,2,5,GW-ONLY,161.80836726338617,integer optimal solution,0.026547599999999782
0.1,10,2,2,5,OD-ONLY,159.97301292080638,integer optimal solution,0.005646200000000157
0.1,10,2,2,5,OD-FIRST,159.97301292080638,pass1=integer optimal solution|pass2=integer optimal solution,0.025923400000000374
0.1,10,2,2,5,GW-FIRST,161.80836726338617,pass1=integer optimal solution|pass2=integer optimal solution,0.034429299999999774
0.1,10,2,2,6,JOINT,160.2203603155235,integer optimal solution,0.033317599999999725
0.1,10,2,2,6,GW-ONLY,160.2203603155235,integer optimal solution,0.03715590000000013
0.1,10,2,2,6,OD-ONLY,160.2203603155235,integer optimal solution,0.0071989999999999554
0.1,10,2,2,6,OD-FIRST,160.2203603155235,pass1=integer optimal solution|pass2=integer optimal solution,0.03560529999999984
0.1,10,2,2,6,GW-FIRST,160.2203603155235,pass1=integer optimal solution|pass2=integer optimal solution,0.03663190000000016
0.1,10,2,2,7,JOINT,196.32926318851986,integer optimal solution,0.030308500000000294
0.1,10,2,2,7,GW-ONLY,196.32926318851986,integer optimal solution,0.033088999999999924
0.1,10,2,2,7,OD-ONLY,196.32926318851986,integer optimal solution,0.0037264000000001296
0.1,10,2,2,7,OD-FIRST,196.32926318851986,pass1=integer optimal solution|pass2=integer optimal solution,0.033363400000000265
0.1,10,2,2,7,GW-FIRST,196.32926318851986,pass1=integer optimal solution|pass2=integer optimal solution,0.037817099999999826
0.1,10,2,2,8,JOINT,178.32703142350414,integer optimal solution,0.041458500000000065
0.1,10,2,2,8,GW-ONLY,179.50942304379305,integer optimal solution,0.036364400000000074
0.1,10,2,2,8,OD-ONLY,178.32703142350414,integer optimal solution,0.006095900000000043
0.1,10,2,2,8,OD-FIRST,178.3270314235041,pass1=integer optimal solution|pass2=integer optimal solution,0.028781500000000015
0.1,10,2,2,8,GW-FIRST,178.32703142350414,pass1=integer optimal solution|pass2=integer optimal solution,0.04140499999999969
0.1,10,2,2,9,JOINT,161.90630644489607,integer optimal solution,0.03910519999999984
0.1,10,2,2,9,GW-ONLY,166.45689327565685,integer optimal solution,0.03680340000000015
0.1,10,2,2,9,OD-ONLY,161.90630644489607,integer optimal solution,0.005894499999999692
0.1,10,2,2,9,OD-FIRST,161.90630644489605,pass1=integer optimal solution|pass2=integer optimal solution,0.03412119999999996
0.1,10,2,2,9,GW-FIRST,161.90630644489607,pass1=integer optimal solution|pass2=integer optimal solution,0.04841910000000027
0.1,10,2,2,10,JOINT,199.34145389208464,integer optimal solution,0.0315726999999999
0.1,10,2,2,10,GW-ONLY,199.34145389208464,integer optimal solution,0.03347740000000021
0.1,10,2,2,10,OD-ONLY,202.5466518737889,integer optimal solution,0.004647099999999682
0.1,10,2,2,10,OD-FIRST,199.34145389208464,pass1=integer optimal solution|pass2=integer optimal solution,0.03626879999999977
0.1,10,2,2,10,GW-FIRST,199.34145389208467,pass1=integer optimal solution|pass2=integer optimal solution,0.053049699999999866
0.1,10,2,2,11,JOINT,142.8271544650266,integer optimal solution,0.031514499999999224
0.1,10,2,2,11,GW-ONLY,145.14012630146203,integer optimal solution,0.026031300000000535
0.1,10,2,2,11,OD-ONLY,142.8271544650266,integer optimal solution,0.005708699999999567
0.1,10,2,2,11,OD-FIRST,142.82715446502664,pass1=integer optimal solution|pass2=integer optimal solution,0.03546159999999965
0.1,10,2,2,11,GW-FIRST,142.8271544650266,pass1=integer optimal solution|pass2=integer optimal solution,0.04356809999999989
0.1,10,2,2,12,JOINT,149.77018167815075,integer optimal solution,0.04249349999999996
0.1,10,2,2,12,GW-ONLY,154.20068688824344,integer optimal solution,0.046917099999999934
0.1,10,2,2,12,OD-ONLY,149.77018167815075,integer optimal solution,0.006448699999999974
0.1,10,2,2,12,OD-FIRST,149.77018167815072,pass1=integer optimal solution|pass2=integer optimal solution,0.034196399999999905
0.1,10,2,2,12,GW-FIRST,149.77018167815075,pass1=integer optimal solution|pass2=integer optimal solution,0.05973380000000006
0.1,10,2,2,13,JOINT,144.30163650037258,integer optimal solution,0.03449379999999991
0.1,10,2,2,13,GW-ONLY,144.30163650037258,integer optimal solution,0.03342169999999989
0.1,10,2,2,13,OD-ONLY,150.10525406166437,integer optimal solution,0.005169500000000049
0.1,10,2,2,13,OD-FIRST,144.30163650037258,pass1=integer optimal solution|pass2=integer optimal solution,0.034347600000000256
0.1,10,2,2,13,GW-FIRST,144.3016365003726,pass1=integer optimal solution|pass2=integer optimal solution,0.040023900000000445
0.1,10,2,2,14,JOINT,155.0011764636968,integer optimal solution,0.03624259999999957
0.1,10,2,2,14,GW-ONLY,155.0011764636968,integer optimal solution,0.03163270000000029
0.1,10,2,2,14,OD-ONLY,155.0011764636968,integer optimal solution,0.0030014999999998793
0.1,10,2,2,14,OD-FIRST,155.0011764636968,pass1=integer optimal solution|pass2=integer optimal solution,0.03778550000000003
0.1,10,2,2,14,GW-FIRST,155.0011764636968,pass1=integer optimal solution|pass2=integer optimal solution,0.042995499999999964
0.1,10,2,2,15,JOINT,193.38732723916837,integer optimal solution,0.03524390000000022
0.1,10,2,2,15,GW-ONLY,193.38732723916837,integer optimal solution,0.03382830000000059
0.1,10,2,2,15,OD-ONLY,199.80274184283363,integer optimal solution,0.0033098999999996437
0.1,10,2,2,15,OD-FIRST,193.38732723916837,pass1=integer optimal solution|pass2=integer optimal solution,0.04017949999999981
0.1,10,2,2,15,GW-FIRST,193.38732723916837,pass1=integer optimal solution|pass2=integer optimal solution,0.03862070000000006
0.1,10,2,2,16,JOINT,135.81104344089636,integer optimal solution,0.03857559999999971
0.1,10,2,2,16,GW-ONLY,137.30630870293345,integer optimal solution,0.037045100000000275
0.1,10,2,2,16,OD-ONLY,141.12521547869122,integer optimal solution,0.0050338999999999245
0.1,10,2,2,16,OD-FIRST,138.65743550244926,pass1=integer optimal solution|pass2=integer optimal solution,0.026498300000000086
0.1,10,2,2,16,GW-FIRST,135.81104344089636,pass1=integer optimal solution|pass2=integer optimal solution,0.044571499999999986
0.1,10,2,2,17,JOINT,161.74306684530728,integer optimal solution,0.02933429999999948
0.1,10,2,2,17,GW-ONLY,161.74306684530728,integer optimal solution,0.027305799999999714
0.1,10,2,2,17,OD-ONLY,164.29832979328265,integer optimal solution,0.004079299999999897
0.1,10,2,2,17,OD-FIRST,161.74306684530728,pass1=integer optimal solution|pass2=integer optimal solution,0.03081090000000053
0.1,10,2,2,17,GW-FIRST,161.74306684530728,pass1=integer optimal solution|pass2=integer optimal solution,0.041530999999999985
0.1,10,2,2,18,JOINT,171.39940002241968,integer optimal solution,0.030282600000000492
0.1,10,2,2,18,GW-ONLY,171.39940002241968,integer optimal solution,0.035876599999999925
0.1,10,2,2,18,OD-ONLY,177.80615524288368,integer optimal solution,0.0052125999999992345
0.1,10,2,2,18,OD-FIRST,171.39940002241968,pass1=integer optimal solution|pass2=integer optimal solution,0.03836619999999957
0.1,10,2,2,18,GW-FIRST,171.39940002241968,pass1=integer optimal solution|pass2=integer optimal solution,0.04230240000000052
0.1,10,2,2,19,JOINT,182.6174649891593,integer optimal solution,0.03369210000000056
0.1,10,2,2,19,GW-ONLY,182.6174649891593,integer optimal solution,0.026410600000000173
0.1,10,2,2,19,OD-ONLY,182.61746498915932,integer optimal solution,0.006288899999999487
0.1,10,2,2,19,OD-FIRST,182.6174649891593,pass1=integer optimal solution|pass2=integer optimal solution,0.037137600000000326
0.1,10,2,2,19,GW-FIRST,182.61746498915932,pass1=integer optimal solution|pass2=integer optimal solution,0.04097810000000024
0.1,10,2,2,20,JOINT,161.73255690928593,integer optimal solution,0.03566270000000049
0.1,10,2,2,20,GW-ONLY,166.52671135500296,integer optimal solution,0.03697670000000031
0.1,10,2,2,20,OD-ONLY,161.73255690928593,integer optimal solution,0.0029881999999998854
0.1,10,2,2,20,OD-FIRST,161.73255690928593,pass1=integer optimal solution|pass2=integer optimal solution,0.03476429999999997
0.1,10,2,2,20,GW-FIRST,165.7135254845036,pass1=integer optimal solution|pass2=integer optimal solution,0.04468789999999956
0.1,10,2,2,21,JOINT,142.19873448606361,integer optimal solution,0.029212799999999817
0.1,10,2,2,21,GW-ONLY,144.87258434335294,integer optimal solution,0.03685899999999975
0.1,10,2,2,21,OD-ONLY,142.19873448606364,integer optimal solution,0.005027600000000021
0.1,10,2,2,21,OD-FIRST,142.19873448606361,pass1=integer optimal solution|pass2=integer optimal solution,0.028116600000000602
0.1,10,2,2,21,GW-FIRST,142.19873448606364,pass1=integer optimal solution|pass2=integer optimal solution,0.044351599999998825
0.1,10,2,2,22,JOINT,179.40116438527053,integer optimal solution,0.03519670000000019
0.1,10,2,2,22,GW-ONLY,179.40116438527053,integer optimal solution,0.03404349999999923
0.1,10,2,2,22,OD-ONLY,179.40116438527056,integer optimal solution,0.003921199999998848
0.1,10,2,2,22,OD-FIRST,179.40116438527053,pass1=integer optimal solution|pass2=integer optimal solution,0.03636220000000101
0.1,10,2,2,22,GW-FIRST,179.40116438527056,pass1=integer optimal solution|pass2=integer optimal solution,0.04072100000000134
0.1,10,2,2,23,JOINT,163.88956828678928,integer optimal solution,0.03693510000000089
0.1,10,2,2,23,GW-ONLY,180.90484409293427,integer optimal solution,0.029156000000000404
0.1,10,2,2,23,OD-ONLY,163.88956828678928,integer optimal solution,0.002442200000000838
0.1,10,2,2,23,OD-FIRST,163.88956828678928,pass1=integer optimal solution|pass2=integer optimal solution,0.031888199999999145
0.1,10,2,2,23,GW-FIRST,180.90484409293427,pass1=integer optimal solution|pass2=integer optimal solution,0.0410029999999999
0.1,10,2,2,24,JOINT,134.39345218601454,integer optimal solution,0.03291999999999895
0.1,10,2,2,24,GW-ONLY,136.48955790510215,integer optimal solution,0.03091160000000137
0.1,10,2,2,24,OD-ONLY,134.39345218601454,integer optimal solution,0.004415099999999228
0.1,10,2,2,24,OD-FIRST,134.39345218601454,pass1=integer optimal solution|pass2=integer optimal solution,0.032999099999999615
0.1,10,2,2,24,GW-FIRST,134.39345218601454,pass1=integer optimal solution|pass2=integer optimal solution,0.03503200000000106
0.1,10,3,2,0,JOINT,196.85678519272977,integer optimal solution,0.04189129999999963
0.1,10,3,2,0,GW-ONLY,196.85678519272977,integer optimal solution,0.05139129999999881
0.1,10,3,2,0,OD-ONLY,196.85678519272977,integer optimal solution,0.0073654999999988036
0.1,10,3,2,0,OD-FIRST,196.85678519272977,pass1=integer optimal solution|pass2=integer optimal solution,0.0365284999999993
0.1,10,3,2,0,GW-FIRST,196.85678519272977,pass1=integer optimal solution|pass2=integer optimal solution,0.03613870000000041
0.1,10,3,2,1,JOINT,196.6116277494148,integer optimal solution,0.03941629999999918
0.1,10,3,2,1,GW-ONLY,196.6116277494148,integer optimal solution,0.028869200000000816
0.1,10,3,2,1,OD-ONLY,201.65269957160265,integer optimal solution,0.005962300000000198
0.1,10,3,2,1,OD-FIRST,196.6116277494148,pass1=integer optimal solution|pass2=integer optimal solution,0.0369092000000002
0.1,10,3,2,1,GW-FIRST,196.6116277494148,pass1=integer optimal solution|pass2=integer optimal solution,0.040081800000001166
0.1,10,3,2,2,JOINT,161.58820187737933,integer optimal solution,0.038592200000000076
0.1,10,3,2,2,GW-ONLY,161.58820187737933,integer optimal solution,0.034681199999999635
0.1,10,3,2,2,OD-ONLY,164.93536295401776,integer optimal solution,0.0027641999999996614
0.1,10,3,2,2,OD-FIRST,161.58820187737933,pass1=integer optimal solution|pass2=integer optimal solution,0.04218129999999931
0.1,10,3,2,2,GW-FIRST,161.58820187737933,pass1=integer optimal solution|pass2=integer optimal solution,0.06641459999999988
0.1,10,3,2,3,JOINT,149.50204183850883,integer optimal solution,0.032613599999999465
0.1,10,3,2,3,GW-ONLY,154.50998396747877,integer optimal solution,0.029260300000000683
0.1,10,3,2,3,OD-ONLY,149.5020418385088,integer optimal solution,0.0055181999999991405
0.1,10,3,2,3,OD-FIRST,149.50204183850883,pass1=integer optimal solution|pass2=integer optimal solution,0.03769149999999932
0.1,10,3,2,3,GW-FIRST,149.5020418385088,pass1=integer optimal solution|pass2=integer optimal solution,0.0402982999999999
0.1,10,3,2,4,JOINT,149.67884146787756,integer optimal solution,0.03458939999999977
0.1,10,3,2,4,GW-ONLY,149.67884146787756,integer optimal solution,0.043503400000000525
0.1,10,3,2,4,OD-ONLY,149.67884146787756,integer optimal solution,0.004296999999999329
0.1,10,3,2,4,OD-FIRST,149.67884146787756,pass1=integer optimal solution|pass2=integer optimal solution,0.038920000000000954
0.1,10,3,2,4,GW-FIRST,149.67884146787756,pass1=integer optimal solution|pass2=integer optimal solution,0.04940409999999851
0.1,10,3,2,5,JOINT,142.38676588208244,integer optimal solution,0.0413679000000009
0.1,10,3,2,5,GW-ONLY,151.59450097931813,integer optimal solution,0.02892289999999953
0.1,10,3,2,5,OD-ONLY,152.7535703813756,integer optimal solution,0.006370600000000337
0.1,10,3,2,5,OD-FIRST,144.10912152120142,pass1=integer optimal solution|pass2=integer optimal solution,0.024687999999999377
0.1,10,3,2,5,GW-FIRST,142.38676588208244,pass1=integer optimal solution|pass2=integer optimal solution,0.045696899999999374
0.1,10,3,2,6,JOINT,164.94237032867164,integer optimal solution,0.028821399999999997
0.1,10,3,2,6,GW-ONLY,167.29038027696075,integer optimal solution,0.037670000000000314
0.1,10,3,2,6,OD-ONLY,164.94237032867164,integer optimal solution,0.0033000999999988068
0.1,10,3,2,6,OD-FIRST,164.94237032867161,pass1=integer optimal solution|pass2=integer optimal solution,0.030169900000000638
0.1,10,3,2,6,GW-FIRST,164.94237032867164,pass1=integer optimal solution|pass2=integer optimal solution,0.03853949999999884
0.1,10,3,2,7,JOINT,147.94172456514477,integer optimal solution,0.028940099999999802
0.1,10,3,2,7,GW-ONLY,147.9417245651448,integer optimal solution,0.03367830000000005
0.1,10,3,2,7,OD-ONLY,154.02121798268965,integer optimal solution,0.006416400000000877
0.1,10,3,2,7,OD-FIRST,151.3915609856417,pass1=integer optimal solution|pass2=integer optimal solution,0.036658299999999144
0.1,10,3,2,7,GW-FIRST,147.94172456514477,pass1=integer optimal solution|pass2=integer optimal solution,0.04178680000000057
0.1,10,3,2,8,JOINT,142.72713774160508,integer optimal solution,0.03118249999999989
0.1,10,3,2,8,GW-ONLY,142.72713774160508,integer optimal solution,0.035501899999999864
0.1,10,3,2,8,OD-ONLY,144.4924644270338,integer optimal solution,0.0029070999999998293
0.1,10,3,2,8,OD-FIRST,142.72713774160508,pass1=integer optimal solution|pass2=integer optimal solution,0.034584100000000007
0.1,10,3,2,8,GW-FIRST,142.72713774160508,pass1=integer optimal solution|pass2=integer optimal solution,0.04977559999999848
0.1,10,3,2,9,JOINT,175.9496379936466,integer optimal solution,0.03192300000000081
0.1,10,3,2,9,GW-ONLY,175.94963799364658,integer optimal solution,0.0379088000000003
0.1,10,3,2,9,OD-ONLY,175.94963799364658,integer optimal solution,0.0030370000000008446
0.1,10,3,2,9,OD-FIRST,175.94963799364658,pass1=integer optimal solution|pass2=integer optimal solution,0.04083179999999942
0.1,10,3,2,9,GW-FIRST,175.94963799364658,pass1=integer optimal solution|pass2=integer optimal solution,0.04536380000000051
0.1,10,3,2,10,JOINT,164.74009991077253,integer optimal solution,0.03822230000000104
0.1,10,3,2,10,GW-ONLY,164.74009991077253,integer optimal solution,0.03946799999999939
0.1,10,3,2,10,OD-ONLY,169.1376981428792,integer optimal solution,0.005162399999999678
0.1,10,3,2,10,OD-FIRST,164.74009991077253,pass1=integer optimal solution|pass2=integer optimal solution,0.03632119999999972
0.1,10,3,2,10,GW-FIRST,164.74009991077253,pass1=integer optimal solution|pass2=integer optimal solution,0.03685779999999994
0.1,10,3,2,11,JOINT,184.28774085302558,integer optimal solution,0.03275760000000005
0.1,10,3,2,11,GW-ONLY,184.28774085302558,integer optimal solution,0.03149709999999928
0.1,10,3,2,11,OD-ONLY,186.63996154906957,integer optimal solution,0.0067757999999997764
0.1,10,3,2,11,OD-FIRST,184.28774085302558,pass1=integer optimal solution|pass2=integer optimal solution,0.041397100000001075
0.1,10,3,2,11,GW-FIRST,184.28774085302558,pass1=integer optimal solution|pass2=integer optimal solution,0.04415159999999929
0.1,10,3,2,12,JOINT,145.34711067711063,integer optimal solution,0.027076700000000287
0.1,10,3,2,12,GW-ONLY,150.55338073117585,integer optimal solution,0.02381210000000067
0.1,10,3,2,12,OD-ONLY,145.3471106771106,integer optimal solution,0.0034368999999987437
0.1,10,3,2,12,OD-FIRST,145.3471106771106,pass1=integer optimal solution|pass2=integer optimal solution,0.04088480000000061
0.1,10,3,2,12,GW-FIRST,145.3471106771106,pass1=integer optimal solution|pass2=integer optimal solution,0.044082500000000024
0.1,10,3,2,13,JOINT,126.30880529023153,integer optimal solution,0.030444699999998548
0.1,10,3,2,13,GW-ONLY,130.72754694936265,integer optimal solution,0.03216489999999972
0.1,10,3,2,13,OD-ONLY,132.40061499391922,integer optimal solution,0.0038935000000002162
0.1,10,3,2,13,OD-FIRST,126.30880529023155,pass1=integer optimal solution|pass2=integer optimal solution,0.021582799999999125
0.1,10,3,2,13,GW-FIRST,126.30880529023153,pass1=integer optimal solution|pass2=integer optimal solution,0.035425500000000554
0.1,10,3,2,14,JOINT,166.62297931773085,integer optimal solution,0.029404700000000616
0.1,10,3,2,14,GW-ONLY,166.62297931773085,integer optimal solution,0.03510030000000164
0.1,10,3,2,14,OD-ONLY,170.1490313547392,integer optimal solution,0.0033721999999993812
0.1,10,3,2,14,OD-FIRST,166.62297931773085,pass1=integer optimal solution|pass2=integer optimal solution,0.03449520000000028
0.1,10,3,2,14,GW-FIRST,166.62297931773085,pass1=integer optimal solution|pass2=integer optimal solution,0.04393859999999883
0.1,10,3,2,15,JOINT,145.05606116591645,integer optimal solution,0.0343422000000011
0.1,10,3,2,15,GW-ONLY,151.43026217345516,integer optimal solution,0.034778900000000945
0.1,10,3,2,15,OD-ONLY,149.67636460889628,integer optimal solution,0.0033282000000003364
0.1,10,3,2,15,OD-FIRST,145.05606116591642,pass1=integer optimal solution|pass2=integer optimal solution,0.038008800000000065
0.1,10,3,2,15,GW-FIRST,145.05606116591642,pass1=integer optimal solution|pass2=integer optimal solution,0.053959700000000055
0.1,10,3,2,16,JOINT,161.45667530718757,integer optimal solution,0.02604029999999824
0.1,10,3,2,16,GW-ONLY,161.45667530718757,integer optimal solution,0.037348200000000276
0.1,10,3,2,16,OD-ONLY,163.4000483208153,integer optimal solution,0.004472299999999763
0.1,10,3,2,16,OD-FIRST,161.45667530718757,pass1=integer optimal solution|pass2=integer optimal solution,0.03774620000000084
0.1,10,3,2,16,GW-FIRST,161.4566753071876,pass1=integer optimal solution|pass2=integer optimal solution,0.05908770000000274
0.1,10,3,2,17,JOINT,176.8912814118977,integer optimal solution,0.03425229999999857
0.1,10,3,2,17,GW-ONLY,176.89128141189767,integer optimal solution,0.03741460000000174
0.1,10,3,2,17,OD-ONLY,176.89128141189767,integer optimal solution,0.005094899999999569
0.1,10,3,2,17,OD-FIRST,176.89128141189767,pass1=integer optimal solution|pass2=integer optimal solution,0.03837899999999905
0.1,10,3,2,17,GW-FIRST,176.89128141189767,pass1=integer optimal solution|pass2=integer optimal solution,0.05371969999999848
0.1,10,3,2,18,JOINT,212.6862872273977,integer optimal solution,0.039698699999998865
0.1,10,3,2,18,GW-ONLY,215.34319727159306,integer optimal solution,0.03980070000000069
0.1,10,3,2,18,OD-ONLY,212.6862872273977,integer optimal solution,0.003988600000003117
0.1,10,3,2,18,OD-FIRST,212.6862872273977,pass1=integer optimal solution|pass2=integer optimal solution,0.036494100000002305
0.1,10,3,2,18,GW-FIRST,212.6862872273977,pass1=integer optimal solution|pass2=integer optimal solution,0.045036299999999585
0.1,10,3,2,19,JOINT,151.74475374417554,integer optimal solution,0.03323269999999923
0.1,10,3,2,19,GW-ONLY,151.74475374417554,integer optimal solution,0.032785499999999246
0.1,10,3,2,19,OD-ONLY,151.74475374417554,integer optimal solution,0.0024329999999999075
0.1,10,3,2,19,OD-FIRST,151.74475374417554,pass1=integer optimal solution|pass2=integer optimal solution,0.03497959999999978
0.1,10,3,2,19,GW-FIRST,151.74475374417554,pass1=integer optimal solution|pass2=integer optimal solution,0.052603500000000025
0.1,10,3,2,20,JOINT,181.03779349962528,integer optimal solution,0.03827409999999887
0.1,10,3,2,20,GW-ONLY,182.01250339347405,integer optimal solution,0.036567599999997924
0.1,10,3,2,20,OD-ONLY,181.51655206348838,integer optimal solution,0.003829099999997254
0.1,10,3,2,20,OD-FIRST,181.03779349962528,pass1=integer optimal solution|pass2=integer optimal solution,0.02799489999999949
0.1,10,3,2,20,GW-FIRST,181.03779349962525,pass1=integer optimal solution|pass2=integer optimal solution,0.043538300000001584
0.1,10,3,2,21,JOINT,156.49260929984473,integer optimal solution,0.031625999999999266
0.1,10,3,2,21,GW-ONLY,157.41584970541203,integer optimal solution,0.030126700000000284
0.1,10,3,2,21,OD-ONLY,156.49260929984473,integer optimal solution,0.0035842999999999847
0.1,10,3,2,21,OD-FIRST,156.49260929984476,pass1=integer optimal solution|pass2=integer optimal solution,0.023057099999999053
0.1,10,3,2,21,GW-FIRST,157.41584970541203,pass1=integer optimal solution|pass2=integer optimal solution,0.0440491999999999
0.1,10,3,2,22,JOINT,180.17381251524233,integer optimal solution,0.036302099999996784
0.1,10,3,2,22,GW-ONLY,180.17381251524233,integer optimal solution,0.03300920000000218
0.1,10,3,2,22,OD-ONLY,180.17381251524233,integer optimal solution,0.0034580999999995754
0.1,10,3,2,22,OD-FIRST,180.17381251524233,pass1=integer optimal solution|pass2=integer optimal solution,0.04445619999999906
0.1,10,3,2,22,GW-FIRST,180.17381251524233,pass1=integer optimal solution|pass2=integer optimal solution,0.052699000000000495
0.1,10,3,2,23,JOINT,119.51857251446211,integer optimal solution,0.034360299999999455
0.1,10,3,2,23,GW-ONLY,119.69848683610806,integer optimal solution,0.0342854999999993
0.1,10,3,2,23,OD-ONLY,119.51857251446211,integer optimal solution,0.0060722000000019705
0.1,10,3,2,23,OD-FIRST,119.51857251446211,pass1=integer optimal solution|pass2=integer optimal solution,0.029359899999999328
0.1,10,3,2,23,GW-FIRST,119.51857251446211,pass1=integer optimal solution|pass2=integer optimal solution,0.040268199999999865
0.1,10,3,2,24,JOINT,201.72119300390275,integer optimal solution,0.03453939999999989
0.1,10,3,2,24,GW-ONLY,201.72119300390275,integer optimal solution,0.03472730000000013
0.1,10,3,2,24,OD-ONLY,201.72119300390273,integer optimal solution,0.0033945000000024095
0.1,10,3,2,24,OD-FIRST,201.72119300390275,pass1=integer optimal solution|pass2=integer optimal solution,0.03677940000000035
0.1,10,3,2,24,GW-FIRST,201.72119300390273,pass1=integer optimal solution|pass2=integer optimal solution,0.044999600000000584
0.1,10,2,3,0,JOINT,112.12657030008666,integer optimal solution,0.02806759999999997
0.1,10,2,3,0,GW-ONLY,126.11485317723066,integer optimal solution,0.02679769999999948
0.1,10,2,3,0,OD-ONLY,112.12657030008666,integer optimal solution,0.006977899999998982
0.1,10,2,3,0,OD-FIRST,112.12657030008668,pass1=integer optimal solution|pass2=integer optimal solution,0.02312729999999874
0.1,10,2,3,0,GW-FIRST,112.12657030008666,pass1=integer optimal solution|pass2=integer optimal solution,0.03348590000000229
0.1,10,2,3,1,JOINT,154.98182227992586,integer optimal solution,0.03548569999999884
0.1,10,2,3,1,GW-ONLY,154.98182227992586,integer optimal solution,0.02984599999999915
0.1,10,2,3,1,OD-ONLY,165.09116569223104,integer optimal solution,0.002584099999999978
0.1,10,2,3,1,OD-FIRST,154.98182227992586,pass1=integer optimal solution|pass2=integer optimal solution,0.04014139999999955
0.1,10,2,3,1,GW-FIRST,154.98182227992584,pass1=integer optimal solution|pass2=integer optimal solution,0.03453050000000246
0.1,10,2,3,2,JOINT,139.98769406696636,integer optimal solution,0.033080800000000465
0.1,10,2,3,2,GW-ONLY,158.23521691902812,integer optimal solution,0.034096200000000465
0.1,10,2,3,2,OD-ONLY,139.98769406696636,integer optimal solution,0.010331799999999447
0.1,10,2,3,2,OD-FIRST,139.98769406696636,pass1=integer optimal solution|pass2=integer optimal solution,0.03518950000000132
0.1,10,2,3,2,GW-FIRST,158.23521691902812,pass1=integer optimal solution|pass2=integer optimal solution,0.036672400000000493
0.1,10,2,3,3,JOINT,141.57682019116544,integer optimal solution,0.0269408999999996
0.1,10,2,3,3,GW-ONLY,143.98808297481474,integer optimal solution,0.03190130000000124
0.1,10,2,3,3,OD-ONLY,141.57682019116544,integer optimal solution,0.005380799999997521
0.1,10,2,3,3,OD-FIRST,141.57682019116544,pass1=integer optimal solution|pass2=integer optimal solution,0.019707900000000222
0.1,10,2,3,3,GW-FIRST,143.98808297481474,pass1=integer optimal solution|pass2=integer optimal solution,0.04365820000000298
0.1,10,2,3,4,JOINT,161.9705754765441,integer optimal solution,0.034617299999997186
0.1,10,2,3,4,GW-ONLY,163.81567708023994,integer optimal solution,0.033678800000000564
0.1,10,2,3,4,OD-ONLY,164.4630341500239,integer optimal solution,0.0044469999999989795
0.1,10,2,3,4,OD-FIRST,164.4630341500239,pass1=integer optimal solution|pass2=integer optimal solution,0.01906749999999846
0.1,10,2,3,4,GW-FIRST,163.81567708023994,pass1=integer optimal solution|pass2=integer optimal solution,0.04433530000000019
0.1,10,2,3,5,JOINT,180.5640080902653,integer optimal solution,0.03484330000000213
0.1,10,2,3,5,GW-ONLY,180.5640080902653,integer optimal solution,0.02315850000000097
0.1,10,2,3,5,OD-ONLY,184.30070636761116,integer optimal solution,0.004622899999997543
0.1,10,2,3,5,OD-FIRST,180.5640080902653,pass1=integer optimal solution|pass2=integer optimal solution,0.03410789999999864
0.1,10,2,3,5,GW-FIRST,180.5640080902653,pass1=integer optimal solution|pass2=integer optimal solution,0.03344819999999871
0.1,10,2,3,6,JOINT,177.83932820683256,integer optimal solution,0.027983300000002487
0.1,10,2,3,6,GW-ONLY,177.83932820683256,integer optimal solution,0.02818100000000001
0.1,10,2,3,6,OD-ONLY,177.83932820683256,integer optimal solution,0.006589399999999301
0.1,10,2,3,6,OD-FIRST,177.83932820683256,pass1=integer optimal solution|pass2=integer optimal solution,0.03403820000000124
0.1,10,2,3,6,GW-FIRST,177.83932820683256,pass1=integer optimal solution|pass2=integer optimal solution,0.04016650000000155
0.1,10,2,3,7,JOINT,126.6492570284986,integer optimal solution,0.030276499999999373
0.1,10,2,3,7,GW-ONLY,126.6492570284986,integer optimal solution,0.031877500000000225
0.1,10,2,3,7,OD-ONLY,129.47333777607196,integer optimal solution,0.0031946000000004915
0.1,10,2,3,7,OD-FIRST,129.47333777607193,pass1=integer optimal solution|pass2=integer optimal solution,0.03643239999999892
0.1,10,2,3,7,GW-FIRST,126.64925702849861,pass1=integer optimal solution|pass2=integer optimal solution,0.03920490000000143
0.1,10,2,3,8,JOINT,139.28322812998988,integer optimal solution,0.03434640000000044
0.1,10,2,3,8,GW-ONLY,158.03843130736047,integer optimal solution,0.03487960000000001
0.1,10,2,3,8,OD-ONLY,139.28322812998988,integer optimal solution,0.006050299999998288
0.1,10,2,3,8,OD-FIRST,139.28322812998988,pass1=integer optimal solution|pass2=integer optimal solution,0.030405800000000482
0.1,10,2,3,8,GW-FIRST,158.03843130736047,pass1=integer optimal solution|pass2=integer optimal solution,0.041896000000001266
0.1,10,2,3,9,JOINT,181.79656738098365,integer optimal solution,0.047165700000000754
0.1,10,2,3,9,GW-ONLY,183.90528512692615,integer optimal solution,0.027134000000000214
0.1,10,2,3,9,OD-ONLY,181.79656738098367,integer optimal solution,0.0025961999999992713
0.1,10,2,3,9,OD-FIRST,181.79656738098365,pass1=integer optimal solution|pass2=integer optimal solution,0.026609100000001717
0.1,10,2,3,9,GW-FIRST,183.90528512692612,pass1=integer optimal solution|pass2=integer optimal solution,0.035180799999999124
0.1,10,2,3,10,JOINT,180.05970987895276,integer optimal solution,0.03398420000000257
0.1,10,2,3,10,GW-ONLY,183.12958066899375,integer optimal solution,0.03675840000000008
0.1,10,2,3,10,OD-ONLY,180.05970987895276,integer optimal solution,0.010025799999997531
0.1,10,2,3,10,OD-FIRST,180.0597098789528,pass1=integer optimal solution|pass2=integer optimal solution,0.02469000000000321
0.1,10,2,3,10,GW-FIRST,183.12958066899378,pass1=integer optimal solution|pass2=integer optimal solution,0.046125199999998756
0.1,10,2,3,11,JOINT,147.9159035062736,integer optimal solution,0.046967599999998555
0.1,10,2,3,11,GW-ONLY,147.9159035062736,integer optimal solution,0.0682255000000005
0.1,10,2,3,11,OD-ONLY,147.9159035062736,integer optimal solution,0.0038742000000020482
0.1,10,2,3,11,OD-FIRST,147.9159035062736,pass1=integer optimal solution|pass2=integer optimal solution,0.04664670000000015
0.1,10,2,3,11,GW-FIRST,147.9159035062736,pass1=integer optimal solution|pass2=integer optimal solution,0.050679999999999836
0.1,10,2,3,12,JOINT,200.53193241412808,integer optimal solution,0.03329369999999798
0.1,10,2,3,12,GW-ONLY,200.53193241412808,integer optimal solution,0.031178100000001763
0.1,10,2,3,12,OD-ONLY,200.53193241412814,integer optimal solution,0.0036418000000004724
0.1,10,2,3,12,OD-FIRST,200.53193241412808,pass1=integer optimal solution|pass2=integer optimal solution,0.03351299999999924
0.1,10,2,3,12,GW-FIRST,200.53193241412814,pass1=integer optimal solution|pass2=integer optimal solution,0.03745059999999967
0.1,10,2,3,13,JOINT,187.30295708041726,integer optimal solution,0.03433550000000096
0.1,10,2,3,13,GW-ONLY,187.30295708041726,integer optimal solution,0.032974800000001636
0.1,10,2,3,13,OD-ONLY,190.85812066735522,integer optimal solution,0.004877700000001539
0.1,10,2,3,13,OD-FIRST,189.49722112443072,pass1=integer optimal solution|pass2=integer optimal solution,0.03241990000000072
0.1,10,2,3,13,GW-FIRST,187.3029570804173,pass1=integer optimal solution|pass2=integer optimal solution,0.04745540000000048
0.1,10,2,3,14,JOINT,165.58431088961035,integer optimal solution,0.02991699999999753
0.1,10,2,3,14,GW-ONLY,165.58431088961035,integer optimal solution,0.03496430000000217
0.1,10,2,3,14,OD-ONLY,181.98515417433285,integer optimal solution,0.0065707999999986555
0.1,10,2,3,14,OD-FIRST,170.70421682798485,pass1=integer optimal solution|pass2=integer optimal solution,0.030916900000001135
0.1,10,2,3,14,GW-FIRST,165.58431088961035,pass1=integer optimal solution|pass2=integer optimal solution,0.043438400000002986
0.1,10,2,3,15,JOINT,147.6933105079372,integer optimal solution,0.032218699999997824
0.1,10,2,3,15,GW-ONLY,148.02198449429105,integer optimal solution,0.034774699999999825
0.1,10,2,3,15,OD-ONLY,153.32700398121992,integer optimal solution,0.007511999999998409
0.1,10,2,3,15,OD-FIRST,147.69331050793718,pass1=integer optimal solution|pass2=integer optimal solution,0.03337840000000014
0.1,10,2,3,15,GW-FIRST,147.6933105079372,pass1=integer optimal solution|pass2=integer optimal solution,0.04975869999999816
0.1,10,2,3,16,JOINT,150.40605423790532,integer optimal solution,0.035596500000000475
0.1,10,2,3,16,GW-ONLY,154.00913793351472,integer optimal solution,0.03705790000000064
0.1,10,2,3,16,OD-ONLY,150.40605423790532,integer optimal solution,0.0018808999999997411
0.1,10,2,3,16,OD-FIRST,150.4060542379053,pass1=integer optimal solution|pass2=integer optimal solution,0.025692599999999288
0.1,10,2,3,16,GW-FIRST,150.40605423790532,pass1=integer optimal solution|pass2=integer optimal solution,0.045477199999997
0.1,10,2,3,17,JOINT,148.66575152427052,integer optimal solution,0.028024899999998354
0.1,10,2,3,17,GW-ONLY,152.4124736625709,integer optimal solution,0.03075759999999761
0.1,10,2,3,17,OD-ONLY,148.66575152427052,integer optimal solution,0.00504280000000179
0.1,10,2,3,17,OD-FIRST,148.66575152427052,pass1=integer optimal solution|pass2=integer optimal solution,0.028386299999997533
0.1,10,2,3,17,GW-FIRST,148.66575152427052,pass1=integer optimal solution|pass2=integer optimal solution,0.041980099999999965
0.1,10,2,3,18,JOINT,143.52557177952508,integer optimal solution,0.03347220000000206
0.1,10,2,3,18,GW-ONLY,145.4691108228517,integer optimal solution,0.03215630000000047
0.1,10,2,3,18,OD-ONLY,143.52557177952514,integer optimal solution,0.004122899999998708
0.1,10,2,3,18,OD-FIRST,143.5255717795251,pass1=integer optimal solution|pass2=integer optimal solution,0.024316400000000016
0.1,10,2,3,18,GW-FIRST,145.4691108228517,pass1=integer optimal solution|pass2=integer optimal solution,0.03737870000000143
0.1,10,2,3,19,JOINT,179.92828886403478,integer optimal solution,0.0314754999999991
0.1,10,2,3,19,GW-ONLY,179.92828886403478,integer optimal solution,0.033861800000000386
0.1,10,2,3,19,OD-ONLY,180.72846409186207,integer optimal solution,0.0034844999999990023
0.1,10,2,3,19,OD-FIRST,179.92828886403478,pass1=integer optimal solution|pass2=integer optimal solution,0.03928030000000149
0.1,10,2,3,19,GW-FIRST,179.92828886403478,pass1=integer optimal solution|pass2=integer optimal solution,0.04162780000000055
0.1,10,2,3,20,JOINT,170.7685198318596,integer optimal solution,0.026011699999997973
0.1,10,2,3,20,GW-ONLY,170.7685198318596,integer optimal solution,0.03166829999999976
0.1,10,2,3,20,OD-ONLY,177.90289138116574,integer optimal solution,0.003412000000000859
0.1,10,2,3,20,OD-FIRST,170.7685198318596,pass1=integer optimal solution|pass2=integer optimal solution,0.038441100000000006
0.1,10,2,3,20,GW-FIRST,170.76851983185963,pass1=integer optimal solution|pass2=integer optimal solution,0.05427360000000192
0.1,10,2,3,21,JOINT,148.27949238105322,integer optimal solution,0.033842099999997544
0.1,10,2,3,21,GW-ONLY,150.45540337545452,integer optimal solution,0.03286470000000108
0.1,10,2,3,21,OD-ONLY,148.64197366809424,integer optimal solution,0.005095000000000738
0.1,10,2,3,21,OD-FIRST,148.27949238105325,pass1=integer optimal solution|pass2=integer optimal solution,0.025870099999998786
0.1,10,2,3,21,GW-FIRST,150.45540337545452,pass1=integer optimal solution|pass2=integer optimal solution,0.03499359999999996
0.1,10,2,3,22,JOINT,162.66330121104008,integer optimal solution,0.03428450000000183
0.1,10,2,3,22,GW-ONLY,162.7079967768449,integer optimal solution,0.03156609999999915
0.1,10,2,3,22,OD-ONLY,162.66330121104008,integer optimal solution,0.006398999999998267
0.1,10,2,3,22,OD-FIRST,162.66330121104008,pass1=integer optimal solution|pass2=integer optimal solution,0.023721999999999355
0.1,10,2,3,22,GW-FIRST,162.66330121104008,pass1=integer optimal solution|pass2=integer optimal solution,0.0464765000000007
0.1,10,2,3,23,JOINT,142.08531898596473,integer optimal solution,0.03218569999999943
0.1,10,2,3,23,GW-ONLY,142.08531898596473,integer optimal solution,0.02727029999999786
0.1,10,2,3,23,OD-ONLY,142.08531898596473,integer optimal solution,0.0030189000000007127
0.1,10,2,3,23,OD-FIRST,142.08531898596473,pass1=integer optimal solution|pass2=integer optimal solution,0.03516210000000086
0.1,10,2,3,23,GW-FIRST,142.08531898596473,pass1=integer optimal solution|pass2=integer optimal solution,0.04357010000000017
0.1,10,2,3,24,JOINT,165.9028810778165,integer optimal solution,0.05185900000000032
0.1,10,2,3,24,GW-ONLY,168.9643244836274,integer optimal solution,0.044900899999998245
0.1,10,2,3,24,OD-ONLY,165.9028810778165,integer optimal solution,0.004993799999997606
0.1,10,2,3,24,OD-FIRST,165.9028810778165,pass1=integer optimal solution|pass2=integer optimal solution,0.04331300000000127
0.1,10,2,3,24,GW-FIRST,165.9028810778165,pass1=integer optimal solution|pass2=integer optimal solution,0.05618049999999997
0.1,10,3,3,0,JOINT,171.15632667954077,integer optimal solution,0.044986399999999094
0.1,10,3,3,0,GW-ONLY,174.20623206214776,integer optimal solution,0.040898600000002006
0.1,10,3,3,0,OD-ONLY,171.15632667954077,integer optimal solution,0.003708499999998338
0.1,10,3,3,0,OD-FIRST,171.15632667954077,pass1=integer optimal solution|pass2=integer optimal solution,0.029328499999998314
0.1,10,3,3,0,GW-FIRST,171.15632667954077,pass1=integer optimal solution|pass2=integer optimal solution,0.03547879999999992
0.1,10,3,3,1,JOINT,180.71983956837153,integer optimal solution,0.02904529999999994
0.1,10,3,3,1,GW-ONLY,182.66432392572716,integer optimal solution,0.028337600000000407
0.1,10,3,3,1,OD-ONLY,180.71983956837155,integer optimal solution,0.0049410999999999206
0.1,10,3,3,1,OD-FIRST,180.71983956837155,pass1=integer optimal solution|pass2=integer optimal solution,0.033549399999998286
0.1,10,3,3,1,GW-FIRST,182.66432392572713,pass1=integer optimal solution|pass2=integer optimal solution,0.04830570000000023
0.1,10,3,3,2,JOINT,161.20849261250683,integer optimal solution,0.036452399999998164
0.1,10,3,3,2,GW-ONLY,161.2084926125068,integer optimal solution,0.03594959999999858
0.1,10,3,3,2,OD-ONLY,161.20849261250683,integer optimal solution,0.007080599999998327
0.1,10,3,3,2,OD-FIRST,161.2084926125068,pass1=integer optimal solution|pass2=integer optimal solution,0.03424129999999792
0.1,10,3,3,2,GW-FIRST,161.20849261250683,pass1=integer optimal solution|pass2=integer optimal solution,0.03327390000000108
0.1,10,3,3,3,JOINT,184.8533276819587,integer optimal solution,0.03546249999999418
0.1,10,3,3,3,GW-ONLY,188.10763949950152,integer optimal solution,0.03399360000000229
0.1,10,3,3,3,OD-ONLY,184.85332768195863,integer optimal solution,0.0027112000000002467
0.1,10,3,3,3,OD-FIRST,184.85332768195863,pass1=integer optimal solution|pass2=integer optimal solution,0.033719099999999
0.1,10,3,3,3,GW-FIRST,184.85332768195863,pass1=integer optimal solution|pass2=integer optimal solution,0.04962770000000205
0.1,10,3,3,4,JOINT,126.16195123874286,integer optimal solution,0.03398459999999659
0.1,10,3,3,4,GW-ONLY,126.16195123874286,integer optimal solution,0.03139269999999783
0.1,10,3,3,4,OD-ONLY,126.16195123874286,integer optimal solution,0.003974500000005321
0.1,10,3,3,4,OD-FIRST,126.16195123874286,pass1=integer optimal solution|pass2=integer optimal solution,0.032597800000004895
0.1,10,3,3,4,GW-FIRST,126.16195123874286,pass1=integer optimal solution|pass2=integer optimal solution,0.04252699999999976
0.1,10,3,3,5,JOINT,151.46866682357472,integer optimal solution,0.035062700000004554
0.1,10,3,3,5,GW-ONLY,158.24005175662182,integer optimal solution,0.03597700000000259
0.1,10,3,3,5,OD-ONLY,160.45110227669244,integer optimal solution,0.00572700000000026
0.1,10,3,3,5,OD-FIRST,151.46866682357475,pass1=integer optimal solution|pass2=integer optimal solution,0.0384816999999984
0.1,10,3,3,5,GW-FIRST,158.24005175662185,pass1=integer optimal solution|pass2=integer optimal solution,0.0492802999999995
0.1,10,3,3,6,JOINT,132.12429351913897,integer optimal solution,0.04196149999999932
0.1,10,3,3,6,GW-ONLY,141.24625291175408,integer optimal solution,0.04105749999999375
0.1,10,3,3,6,OD-ONLY,132.12429351913897,integer optimal solution,0.008122399999997754
0.1,10,3,3,6,OD-FIRST,132.12429351913897,pass1=integer optimal solution|pass2=integer optimal solution,0.027829500000002838
0.1,10,3,3,6,GW-FIRST,141.24625291175408,pass1=integer optimal solution|pass2=integer optimal solution,0.05451659999999947
0.1,10,3,3,7,JOINT,145.9800047439938,integer optimal solution,0.040760200000001134
0.1,10,3,3,7,GW-ONLY,145.9800047439938,integer optimal solution,0.03701509999999786
0.1,10,3,3,7,OD-ONLY,147.24538815104248,integer optimal solution,0.004077999999999804
0.1,10,3,3,7,OD-FIRST,145.9800047439938,pass1=integer optimal solution|pass2=integer optimal solution,0.03879969999999844
0.1,10,3,3,7,GW-FIRST,145.9800047439938,pass1=integer optimal solution|pass2=integer optimal solution,0.05082849999999439
0.1,10,3,3,8,JOINT,146.32840364098763,integer optimal solution,0.038002300000002265
0.1,10,3,3,8,GW-ONLY,146.32840364098763,integer optimal solution,0.036477900000001284
0.1,10,3,3,8,OD-ONLY,149.91972464837684,integer optimal solution,0.003775300000000925
0.1,10,3,3,8,OD-FIRST,149.80729249011063,pass1=integer optimal solution|pass2=integer optimal solution,0.031403099999998574
0.1,10,3,3,8,GW-FIRST,146.32840364098763,pass1=integer optimal solution|pass2=integer optimal solution,0.04612769999999955
0.1,10,3,3,9,JOINT,174.20879689082648,integer optimal solution,0.04683139999999497
0.1,10,3,3,9,GW-ONLY,174.20879689082648,integer optimal solution,0.05048790000000025
0.1,10,3,3,9,OD-ONLY,186.48277003910883,integer optimal solution,0.0037498000000013576
0.1,10,3,3,9,OD-FIRST,179.00152504172277,pass1=integer optimal solution|pass2=integer optimal solution,0.03819939999999633
0.1,10,3,3,9,GW-FIRST,174.20879689082648,pass1=integer optimal solution|pass2=integer optimal solution,0.045569299999996815
0.1,10,3,3,10,JOINT,180.90354735408621,integer optimal solution,0.035639899999999614
0.1,10,3,3,10,GW-ONLY,181.86022098191802,integer optimal solution,0.03429699999999514
0.1,10,3,3,10,OD-ONLY,180.90354735408621,integer optimal solution,0.003922799999998006
0.1,10,3,3,10,OD-FIRST,180.90354735408621,pass1=integer optimal solution|pass2=integer optimal solution,0.029485600000001
0.1,10,3,3,10,GW-FIRST,180.90354735408621,pass1=integer optimal solution|pass2=integer optimal solution,0.046681499999998266
0.1,10,3,3,11,JOINT,168.8000833366325,integer optimal solution,0.022624900000003834
0.1,10,3,3,11,GW-ONLY,168.80008333663247,integer optimal solution,0.025156099999996684
0.1,10,3,3,11,OD-ONLY,168.80008333663247,integer optimal solution,0.0035712000000032162
0.1,10,3,3,11,OD-FIRST,168.80008333663247,pass1=integer optimal solution|pass2=integer optimal solution,0.03134530000000524
0.1,10,3,3,11,GW-FIRST,168.80008333663247,pass1=integer optimal solution|pass2=integer optimal solution,0.04242550000000023
0.1,10,3,3,12,JOINT,200.57518383455647,integer optimal solution,0.028652800000003253
0.1,10,3,3,12,GW-ONLY,204.81197293726356,integer optimal solution,0.032339600000000246
0.1,10,3,3,12,OD-ONLY,200.57518383455647,integer optimal solution,0.0030034999999983825
0.1,10,3,3,12,OD-FIRST,200.57518383455647,pass1=integer optimal solution|pass2=integer optimal solution,0.03636870000000414
0.1,10,3,3,12,GW-FIRST,204.81197293726356,pass1=integer optimal solution|pass2=integer optimal solution,0.051229900000002715
0.1,10,3,3,13,JOINT,161.34298017847985,integer optimal solution,0.0411181000000056
0.1,10,3,3,13,GW-ONLY,161.34298017847985,integer optimal solution,0.03637200000000007
0.1,10,3,3,13,OD-ONLY,161.34298017847985,integer optimal solution,0.0035387000000000057
0.1,10,3,3,13,OD-FIRST,161.34298017847985,pass1=integer optimal solution|pass2=integer optimal solution,0.04131089999999915
0.1,10,3,3,13,GW-FIRST,161.34298017847985,pass1=integer optimal solution|pass2=integer optimal solution,0.05439189999999883
0.1,10,3,3,14,JOINT,188.29502006926216,integer optimal solution,0.03287910000000238
0.1,10,3,3,14,GW-ONLY,188.29502006926216,integer optimal solution,0.03762350000000225
0.1,10,3,3,14,OD-ONLY,188.29502006926216,integer optimal solution,0.002735700000002339
0.1,10,3,3,14,OD-FIRST,188.29502006926216,pass1=integer optimal solution|pass2=integer optimal solution,0.03488240000000076
0.1,10,3,3,14,GW-FIRST,188.29502006926216,pass1=integer optimal solution|pass2=integer optimal solution,0.04856900000000053
0.1,10,3,3,15,JOINT,142.78649948161004,integer optimal solution,0.036517199999998695
0.1,10,3,3,15,GW-ONLY,142.78649948161004,integer optimal solution,0.03801289999999824
0.1,10,3,3,15,OD-ONLY,142.78649948161004,integer optimal solution,0.0020929000000009523
0.1,10,3,3,15,OD-FIRST,142.78649948161004,pass1=integer optimal solution|pass2=integer optimal solution,0.044312499999996646
0.1,10,3,3,15,GW-FIRST,142.78649948161004,pass1=integer optimal solution|pass2=integer optimal solution,0.03554930000000667
0.1,10,3,3,16,JOINT,167.9549479209891,integer optimal solution,0.035440899999997555
0.1,10,3,3,16,GW-ONLY,167.9549479209891,integer optimal solution,0.03611890000000528
0.1,10,3,3,16,OD-ONLY,171.40510834144385,integer optimal solution,0.0032932000000016615
0.1,10,3,3,16,OD-FIRST,171.40510834144385,pass1=integer optimal solution|pass2=integer optimal solution,0.03194620000000015
0.1,10,3,3,16,GW-FIRST,167.9549479209891,pass1=integer optimal solution|pass2=integer optimal solution,0.04591920000000016
0.1,10,3,3,17,JOINT,127.17593391028025,integer optimal solution,0.03775670000000275
0.1,10,3,3,17,GW-ONLY,129.88601771168442,integer optimal solution,0.04130339999999677
0.1,10,3,3,17,OD-ONLY,127.17593391028024,integer optimal solution,0.002336999999997147
0.1,10,3,3,17,OD-FIRST,127.17593391028025,pass1=integer optimal solution|pass2=integer optimal solution,0.03738760000000241
0.1,10,3,3,17,GW-FIRST,127.17593391028024,pass1=integer optimal solution|pass2=integer optimal solution,0.03870790000000568
0.1,10,3,3,18,JOINT,149.96735364464035,integer optimal solution,0.04974419999999924
0.1,10,3,3,18,GW-ONLY,149.96735364464035,integer optimal solution,0.035877300000002776
0.1,10,3,3,18,OD-ONLY,149.96735364464035,integer optimal solution,0.003974599999999384
0.1,10,3,3,18,OD-FIRST,149.96735364464035,pass1=integer optimal solution|pass2=integer optimal solution,0.038612399999998104
0.1,10,3,3,18,GW-FIRST,149.96735364464035,pass1=integer optimal solution|pass2=integer optimal solution,0.04026119999999622
0.1,10,3,3,19,JOINT,153.42108418806933,integer optimal solution,0.03624229999999784
0.1,10,3,3,19,GW-ONLY,163.23345101344296,integer optimal solution,0.04127709999999496
0.1,10,3,3,19,OD-ONLY,153.42108418806933,integer optimal solution,0.0032331999999968275
0.1,10,3,3,19,OD-FIRST,153.4210841880693,pass1=integer optimal solution|pass2=integer optimal solution,0.035583000000002585
0.1,10,3,3,19,GW-FIRST,153.42108418806933,pass1=integer optimal solution|pass2=integer optimal solution,0.047375799999997525
0.1,10,3,3,20,JOINT,190.72973669129715,integer optimal solution,0.035178600000001836
0.1,10,3,3,20,GW-ONLY,192.87768872706965,integer optimal solution,0.03410039999999981
0.1,10,3,3,20,OD-ONLY,197.68049041277175,integer optimal solution,0.0027349999999941588
0.1,10,3,3,20,OD-FIRST,190.72973669129718,pass1=integer optimal solution|pass2=integer optimal solution,0.02729389999999654
0.1,10,3,3,20,GW-FIRST,192.87768872706965,pass1=integer optimal solution|pass2=integer optimal solution,0.03821710000000422
0.1,10,3,3,21,JOINT,145.63344342067265,integer optimal solution,0.041946299999999326
0.1,10,3,3,21,GW-ONLY,145.63344342067265,integer optimal solution,0.03755809999999826
0.1,10,3,3,21,OD-ONLY,150.93177276394988,integer optimal solution,0.0031117999999992207
0.1,10,3,3,21,OD-FIRST,145.63344342067265,pass1=integer optimal solution|pass2=integer optimal solution,0.045819200000003946
0.1,10,3,3,21,GW-FIRST,145.63344342067265,pass1=integer optimal solution|pass2=integer optimal solution,0.04899599999999538
0.1,10,3,3,22,JOINT,137.064980960467,integer optimal solution,0.03551970000000182
0.1,10,3,3,22,GW-ONLY,137.064980960467,integer optimal solution,0.032261999999995794
0.1,10,3,3,22,OD-ONLY,140.4851343257632,integer optimal solution,0.0027794000000014307
0.1,10,3,3,22,OD-FIRST,137.064980960467,pass1=integer optimal solution|pass2=integer optimal solution,0.03108670000000302
0.1,10,3,3,22,GW-FIRST,137.06498096046698,pass1=integer optimal solution|pass2=integer optimal solution,0.04932569999999714
0.1,10,3,3,23,JOINT,141.3235828879744,integer optimal solution,0.03230570000000199
0.1,10,3,3,23,GW-ONLY,141.3235828879744,integer optimal solution,0.03702159999999566
0.1,10,3,3,23,OD-ONLY,150.98927253956,integer optimal solution,0.0034850999999989085
0.1,10,3,3,23,OD-FIRST,141.3235828879744,pass1=integer optimal solution|pass2=integer optimal solution,0.042648799999994935
0.1,10,3,3,23,GW-FIRST,141.3235828879744,pass1=integer optimal solution|pass2=integer optimal solution,0.04483310000000529
0.1,10,3,3,24,JOINT,160.76079125944057,integer optimal solution,0.03627709999999951
0.1,10,3,3,24,GW-ONLY,160.76079125944057,integer optimal solution,0.0292606999999947
0.1,10,3,3,24,OD-ONLY,184.36312855880644,integer optimal solution,0.0034060999999994124
0.1,10,3,3,24,OD-FIRST,160.76079125944057,pass1=integer optimal solution|pass2=integer optimal solution,0.04821510000000018
0.1,10,3,3,24,GW-FIRST,160.76079125944057,pass1=integer optimal solution|pass2=integer optimal solution,0.05779030000000063
0.1,15,2,2,0,JOINT,242.89117188117282,integer optimal solution,0.037164300000000594
0.1,15,2,2,0,GW-ONLY,245.80854869472577,integer optimal solution,0.04268650000000207
0.1,15,2,2,0,OD-ONLY,247.56356206405403,integer optimal solution,0.0043672999999984086
0.1,15,2,2,0,OD-FIRST,244.73604698236008,pass1=integer optimal solution|pass2=integer optimal solution,0.04795829999999768
0.1,15,2,2,0,GW-FIRST,243.60614148317882,pass1=integer optimal solution|pass2=integer optimal solution,0.07100669999999809
0.1,15,2,2,1,JOINT,240.50712467249903,integer optimal solution,0.04531280000000493
0.1,15,2,2,1,GW-ONLY,245.8950201659232,integer optimal solution,0.05685779999999596
0.1,15,2,2,1,OD-ONLY,240.50712467249903,integer optimal solution,0.003715000000006796
0.1,15,2,2,1,OD-FIRST,240.50712467249906,pass1=integer optimal solution|pass2=integer optimal solution,0.04792709999999545
0.1,15,2,2,1,GW-FIRST,245.89502016592317,pass1=integer optimal solution|pass2=integer optimal solution,0.0626684999999938
0.1,15,2,2,2,JOINT,293.1343985793235,integer optimal solution,0.04717700000000491
0.1,15,2,2,2,GW-ONLY,293.1343985793235,integer optimal solution,0.0568483999999998
0.1,15,2,2,2,OD-ONLY,293.1343985793235,integer optimal solution,0.005462299999997811
0.1,15,2,2,2,OD-FIRST,293.1343985793235,pass1=integer optimal solution|pass2=integer optimal solution,0.04737260000000276
0.1,15,2,2,2,GW-FIRST,293.1343985793235,pass1=integer optimal solution|pass2=integer optimal solution,0.06172889999999853
0.1,15,2,2,3,JOINT,269.3654760058438,integer optimal solution,0.056236599999998305
0.1,15,2,2,3,GW-ONLY,269.59057668111177,integer optimal solution,0.056665799999997546
0.1,15,2,2,3,OD-ONLY,269.36547600584385,integer optimal solution,0.006121000000000265
0.1,15,2,2,3,OD-FIRST,269.36547600584385,pass1=integer optimal solution|pass2=integer optimal solution,0.06604850000000084
0.1,15,2,2,3,GW-FIRST,269.5905766811118,pass1=integer optimal solution|pass2=integer optimal solution,0.0733657999999977
0.1,15,2,2,4,JOINT,227.02216047366008,integer optimal solution,0.04218550000000221
0.1,15,2,2,4,GW-ONLY,231.4143592893099,integer optimal solution,0.053856699999997204
0.1,15,2,2,4,OD-ONLY,245.7624312822015,integer optimal solution,0.004742999999997721
0.1,15,2,2,4,OD-FIRST,231.56729314598607,pass1=integer optimal solution|pass2=integer optimal solution,0.058616100000001836
0.1,15,2,2,4,GW-FIRST,231.4143592893099,pass1=integer optimal solution|pass2=integer optimal solution,0.07716669999999937
0.1,15,2,2,5,JOINT,280.63271771091024,integer optimal solution,0.0574701000000033
0.1,15,2,2,5,GW-ONLY,280.63271771091024,integer optimal solution,0.0450248000000002
0.1,15,2,2,5,OD-ONLY,280.6327177109102,integer optimal solution,0.0024282999999982735
0.1,15,2,2,5,OD-FIRST,280.63271771091024,pass1=integer optimal solution|pass2=integer optimal solution,0.060513499999999
0.1,15,2,2,5,GW-FIRST,280.6327177109102,pass1=integer optimal solution|pass2=integer optimal solution,0.08481899999999598
0.1,15,2,2,6,JOINT,233.0280896788908,integer optimal solution,0.04934199999999578
0.1,15,2,2,6,GW-ONLY,233.0280896788908,integer optimal solution,0.045287000000001854
0.1,15,2,2,6,OD-ONLY,233.0280896788908,integer optimal solution,0.004194900000001667
0.1,15,2,2,6,OD-FIRST,233.0280896788908,pass1=integer optimal solution|pass2=integer optimal solution,0.0542912999999956
0.1,15,2,2,6,GW-FIRST,233.0280896788908,pass1=integer optimal solution|pass2=integer optimal solution,0.08209449999999663
0.1,15,2,2,7,JOINT,243.0163373690252,integer optimal solution,0.04840129999999476
0.1,15,2,2,7,GW-ONLY,246.8636777973359,integer optimal solution,0.07020930000000192
0.1,15,2,2,7,OD-ONLY,259.41464772276265,integer optimal solution,0.002043700000001536
0.1,15,2,2,7,OD-FIRST,243.09285227747517,pass1=integer optimal solution|pass2=integer optimal solution,0.049420000000004904
0.1,15,2,2,7,GW-FIRST,243.01633736902517,pass1=integer optimal solution|pass2=integer optimal solution,0.06700070000000125
0.1,15,2,2,8,JOINT,244.73815527408118,integer optimal solution,0.05127620000000377
0.1,15,2,2,8,GW-ONLY,248.1353963606512,integer optimal solution,0.05873110000000281
0.1,15,2,2,8,OD-ONLY,244.73815527408118,integer optimal solution,0.005713899999996386
0.1,15,2,2,8,OD-FIRST,244.73815527408118,pass1=integer optimal solution|pass2=integer optimal solution,0.056238000000000454
0.1,15,2,2,8,GW-FIRST,248.1353963606512,pass1=integer optimal solution|pass2=integer optimal solution,0.08055459999999925
0.1,15,2,2,9,JOINT,229.54770853650126,integer optimal solution,0.05163650000000075
0.1,15,2,2,9,GW-ONLY,232.46530663005956,integer optimal solution,0.0629348999999948
0.1,15,2,2,9,OD-ONLY,229.54770853650126,integer optimal solution,0.004036700000000337
0.1,15,2,2,9,OD-FIRST,229.54770853650123,pass1=integer optimal solution|pass2=integer optimal solution,0.08338299999999776
0.1,15,2,2,9,GW-FIRST,229.54770853650126,pass1=integer optimal solution|pass2=integer optimal solution,0.08222040000000419
0.1,15,2,2,10,JOINT,240.8512333386908,integer optimal solution,0.04657080000000491
0.1,15,2,2,10,GW-ONLY,240.8512333386908,integer optimal solution,0.054777100000002577
0.1,15,2,2,10,OD-ONLY,240.8512333386908,integer optimal solution,0.007111300000005372
0.1,15,2,2,10,OD-FIRST,240.8512333386908,pass1=integer optimal solution|pass2=integer optimal solution,0.0502988000000002
0.1,15,2,2,10,GW-FIRST,240.8512333386908,pass1=integer optimal solution|pass2=integer optimal solution,0.07566359999999861
0.1,15,2,2,11,JOINT,228.0178307617851,integer optimal solution,0.050727399999999534
0.1,15,2,2,11,GW-ONLY,229.39127941292332,integer optimal solution,0.05257550000000322
0.1,15,2,2,11,OD-ONLY,230.9416137417239,integer optimal solution,0.004044100000001549
0.1,15,2,2,11,OD-FIRST,228.0178307617851,pass1=integer optimal solution|pass2=integer optimal solution,0.04815930000000179
0.1,15,2,2,11,GW-FIRST,229.39127941292338,pass1=integer optimal solution|pass2=integer optimal solution,0.07584450000000231
0.1,15,2,2,12,JOINT,234.98635971605748,integer optimal solution,0.05404370000000114
0.1,15,2,2,12,GW-ONLY,241.2625062690626,integer optimal solution,0.048248200000003294
0.1,15,2,2,12,OD-ONLY,234.98635971605745,integer optimal solution,0.0034898999999981584
0.1,15,2,2,12,OD-FIRST,234.98635971605745,pass1=integer optimal solution|pass2=integer optimal solution,0.04937619999999754
0.1,15,2,2,12,GW-FIRST,241.2625062690626,pass1=integer optimal solution|pass2=integer optimal solution,0.07540630000000448
0.1,15,2,2,13,JOINT,208.5244468268386,integer optimal solution,0.05353349999999324
0.1,15,2,2,13,GW-ONLY,208.5244468268386,integer optimal solution,0.064191000000001
0.1,15,2,2,13,OD-ONLY,218.37322998850044,integer optimal solution,0.0037994000000054484
0.1,15,2,2,13,OD-FIRST,208.5244468268386,pass1=integer optimal solution|pass2=integer optimal solution,0.07087239999999895
0.1,15,2,2,13,GW-FIRST,208.52444682683858,pass1=integer optimal solution|pass2=integer optimal solution,0.06478160000000344
0.1,15,2,2,14,JOINT,285.9636504051641,integer optimal solution,0.056478700000006654
0.1,15,2,2,14,GW-ONLY,285.9636504051641,integer optimal solution,0.05610260000000267
0.1,15,2,2,14,OD-ONLY,301.06721064364166,integer optimal solution,0.0038971000000032063
0.1,15,2,2,14,OD-FIRST,285.9636504051641,pass1=integer optimal solution|pass2=integer optimal solution,0.0634993000000037
0.1,15,2,2,14,GW-FIRST,285.9636504051641,pass1=integer optimal solution|pass2=integer optimal solution,0.07949010000000101
0.1,15,2,2,15,JOINT,219.05270353816945,integer optimal solution,0.056380799999999454
0.1,15,2,2,15,GW-ONLY,219.05270353816945,integer optimal solution,0.05856390000000289
0.1,15,2,2,15,OD-ONLY,227.50624831347224,integer optimal solution,0.0036839999999997985
0.1,15,2,2,15,OD-FIRST,219.05270353816945,pass1=integer optimal solution|pass2=integer optimal solution,0.06028769999999639
0.1,15,2,2,15,GW-FIRST,219.05270353816948,pass1=integer optimal solution|pass2=integer optimal solution,0.07940349999999796
0.1,15,2,2,16,JOINT,249.8006810947944,integer optimal solution,0.05624689999999788
0.1,15,2,2,16,GW-ONLY,249.8273121614137,integer optimal solution,0.05669740000000445
0.1,15,2,2,16,OD-ONLY,249.80068109479444,integer optimal solution,0.004070900000002098
0.1,15,2,2,16,OD-FIRST,249.8006810947944,pass1=integer optimal solution|pass2=integer optimal solution,0.07062499999999972
0.1,15,2,2,16,GW-FIRST,249.80068109479444,pass1=integer optimal solution|pass2=integer optimal solution,0.08621710000000604
0.1,15,2,2,17,JOINT,231.13023514371517,integer optimal solution,0.05229650000000419
0.1,15,2,2,17,GW-ONLY,231.1302351437152,integer optimal solution,0.061478099999995095
0.1,15,2,2,17,OD-ONLY,245.2139510409965,integer optimal solution,0.0021448999999975626
0.1,15,2,2,17,OD-FIRST,231.1302351437152,pass1=integer optimal solution|pass2=integer optimal solution,0.059782499999997185
0.1,15,2,2,17,GW-FIRST,231.1302351437152,pass1=integer optimal solution|pass2=integer optimal solution,0.07736560000000026
0.1,15,2,2,18,JOINT,228.1107573421631,integer optimal solution,0.062272100000001274
0.1,15,2,2,18,GW-ONLY,228.11075734216308,integer optimal solution,0.07000390000000323
0.1,15,2,2,18,OD-ONLY,229.0549604362404,integer optimal solution,0.003543200000002855
0.1,15,2,2,18,OD-FIRST,228.11075734216308,pass1=integer optimal solution|pass2=integer optimal solution,0.0641436000000013
0.1,15,2,2,18,GW-FIRST,228.11075734216308,pass1=integer optimal solution|pass2=integer optimal solution,0.07376860000000107
0.1,15,2,2,19,JOINT,256.20214294852127,integer optimal solution,0.0461770999999942
0.1,15,2,2,19,GW-ONLY,264.25145320813675,integer optimal solution,0.04616559999999481
0.1,15,2,2,19,OD-ONLY,256.2021429485212,integer optimal solution,0.004504999999994652
0.1,15,2,2,19,OD-FIRST,256.20214294852127,pass1=integer optimal solution|pass2=integer optimal solution,0.06352599999999597
0.1,15,2,2,19,GW-FIRST,256.2021429485212,pass1=integer optimal solution|pass2=integer optimal solution,0.07483759999999506
0.1,15,2,2,20,JOINT,247.56972067412948,integer optimal solution,0.049016399999999294
0.1,15,2,2,20,GW-ONLY,247.5697206741295,integer optimal solution,0.050012300000005894
0.1,15,2,2,20,OD-ONLY,249.80192588902736,integer optimal solution,0.00409639999999456
0.1,15,2,2,20,OD-FIRST,249.2032305193024,pass1=integer optimal solution|pass2=integer optimal solution,0.06707729999999401
0.1,15,2,2,20,GW-FIRST,247.56972067412948,pass1=integer optimal solution|pass2=integer optimal solution,0.07892580000000748
0.1,15,2,2,21,JOINT,237.94569831542566,integer optimal solution,0.06479679999999632
0.1,15,2,2,21,GW-ONLY,246.63232571620915,integer optimal solution,0.06329540000000122
0.1,15,2,2,21,OD-ONLY,237.94569831542566,integer optimal solution,0.0043037999999882
0.1,15,2,2,21,OD-FIRST,237.94569831542566,pass1=integer optimal solution|pass2=integer optimal solution,0.07557960000001174
0.1,15,2,2,21,GW-FIRST,237.94569831542566,pass1=integer optimal solution|pass2=integer optimal solution,0.07826509999999587
0.1,15,2,2,22,JOINT,190.0738756874007,integer optimal solution,0.046314899999998715
0.1,15,2,2,22,GW-ONLY,192.72763868165225,integer optimal solution,0.05252310000000193
0.1,15,2,2,22,OD-ONLY,207.2550920261588,integer optimal solution,0.0042669999999986885
0.1,15,2,2,22,OD-FIRST,190.07387568740072,pass1=integer optimal solution|pass2=integer optimal solution,0.05393429999999455
0.1,15,2,2,22,GW-FIRST,192.72763868165225,pass1=integer optimal solution|pass2=integer optimal solution,0.05578690000000108
0.1,15,2,2,23,JOINT,242.24849537671494,integer optimal solution,0.03490990000000238
0.1,15,2,2,23,GW-ONLY,242.24849537671497,integer optimal solution,0.04355669999999634
0.1,15,2,2,23,OD-ONLY,254.44152970773914,integer optimal solution,0.003107699999986835
0.1,15,2,2,23,OD-FIRST,247.44442219090027,pass1=integer optimal solution|pass2=integer optimal solution,0.043680300000005445
0.1,15,2,2,23,GW-FIRST,242.24849537671494,pass1=integer optimal solution|pass2=integer optimal solution,0.04422089999999912
0.1,15,2,2,24,JOINT,222.630763162069,integer optimal solution,0.04731439999999054
0.1,15,2,2,24,GW-ONLY,224.51324794133706,integer optimal solution,0.04163359999999727
0.1,15,2,2,24,OD-ONLY,225.40151403269013,integer optimal solution,0.0024130000000042173
0.1,15,2,2,24,OD-FIRST,222.630763162069,pass1=integer optimal solution|pass2=integer optimal solution,0.04481760000000179
0.1,15,2,2,24,GW-FIRST,224.51324794133706,pass1=integer optimal solution|pass2=integer optimal solution,0.053510099999996896
0.1,15,3,2,0,JOINT,231.05417098027732,integer optimal solution,0.06265290000000334
0.1,15,3,2,0,GW-ONLY,234.70905968664403,integer optimal solution,0.05574269999999615
0.1,15,3,2,0,OD-ONLY,233.9372572842855,integer optimal solution,0.003628100000000245
0.1,15,3,2,0,OD-FIRST,231.0541709802773,pass1=integer optimal solution|pass2=integer optimal solution,0.06530390000000352
0.1,15,3,2,0,GW-FIRST,234.70905968664403,pass1=integer optimal solution|pass2=integer optimal solution,0.0868710999999962
0.1,15,3,2,1,JOINT,243.10661510476044,integer optimal solution,0.05465379999999698
0.1,15,3,2,1,GW-ONLY,243.10661510476046,integer optimal solution,0.06619879999999512
0.1,15,3,2,1,OD-ONLY,260.3635079613144,integer optimal solution,0.007744000000002416
0.1,15,3,2,1,OD-FIRST,250.10834311022396,pass1=integer optimal solution|pass2=integer optimal solution,0.054731399999994323
0.1,15,3,2,1,GW-FIRST,243.10661510476046,pass1=integer optimal solution|pass2=integer optimal solution,0.09881190000000117
0.1,15,3,2,2,JOINT,261.24961372106486,integer optimal solution,0.08634960000000547
0.1,15,3,2,2,GW-ONLY,261.24961372106486,integer optimal solution,0.07590790000000425
0.1,15,3,2,2,OD-ONLY,261.24961372106486,integer optimal solution,0.0071843000000058055
0.1,15,3,2,2,OD-FIRST,261.24961372106486,pass1=integer optimal solution|pass2=integer optimal solution,0.07483259999999348
0.1,15,3,2,2,GW-FIRST,261.24961372106486,pass1=integer optimal solution|pass2=integer optimal solution,0.10455589999999404
0.1,15,3,2,3,JOINT,236.35507717365243,integer optimal solution,0.06413290000000416
0.1,15,3,2,3,GW-ONLY,236.35507717365243,integer optimal solution,0.06466480000000274
0.1,15,3,2,3,OD-ONLY,240.19604180754402,integer optimal solution,0.003352800000001821
0.1,15,3,2,3,OD-FIRST,236.35507717365243,pass1=integer optimal solution|pass2=integer optimal solution,0.0666954000000004
0.1,15,3,2,3,GW-FIRST,236.35507717365246,pass1=integer optimal solution|pass2=integer optimal solution,0.10023999999999944
0.1,15,3,2,4,JOINT,231.04557629761356,integer optimal solution,0.07099509999999043
0.1,15,3,2,4,GW-ONLY,235.53921359105962,integer optimal solution,0.07166599999999335
0.1,15,3,2,4,OD-ONLY,231.04557629761356,integer optimal solution,0.00343329999999753
0.1,15,3,2,4,OD-FIRST,231.0455762976136,pass1=integer optimal solution|pass2=integer optimal solution,0.051327499999999304
0.1,15,3,2,4,GW-FIRST,235.53921359105962,pass1=integer optimal solution|pass2=integer optimal solution,0.09798920000000066
0.1,15,3,2,5,JOINT,227.48609848391902,integer optimal solution,0.06976910000000203
0.1,15,3,2,5,GW-ONLY,227.48609848391902,integer optimal solution,0.06582779999999389
0.1,15,3,2,5,OD-ONLY,242.18503827799998,integer optimal solution,0.00639730000000327
0.1,15,3,2,5,OD-FIRST,227.48609848391902,pass1=integer optimal solution|pass2=integer optimal solution,0.060354599999996594
0.1,15,3,2,5,GW-FIRST,227.48609848391902,pass1=integer optimal solution|pass2=integer optimal solution,0.10545890000000213
0.1,15,3,2,6,JOINT,258.5539102361177,integer optimal solution,0.07501950000001045
0.1,15,3,2,6,GW-ONLY,258.5539102361177,integer optimal solution,0.0837986000000086
0.1,15,3,2,6,OD-ONLY,260.22962152148153,integer optimal solution,0.008772399999998015
0.1,15,3,2,6,OD-FIRST,260.22962152148153,pass1=integer optimal solution|pass2=integer optimal solution,0.06821550000000798
0.1,15,3,2,6,GW-FIRST,258.5539102361177,pass1=integer optimal solution|pass2=integer optimal solution,0.09224629999999934
0.1,15,3,2,7,JOINT,267.6808254957158,integer optimal solution,0.1050213000000042
0.1,15,3,2,7,GW-ONLY,277.33146375523256,integer optimal solution,0.09721520000000794
0.1,15,3,2,7,OD-ONLY,267.6808254957158,integer optimal solution,0.005989400000004252
0.1,15,3,2,7,OD-FIRST,267.68082549571585,pass1=integer optimal solution|pass2=integer optimal solution,0.081964499999998
0.1,15,3,2,7,GW-FIRST,267.6808254957158,pass1=integer optimal solution|pass2=integer optimal solution,0.09817440000000488
0.1,15,3,2,8,JOINT,228.88063732921296,integer optimal solution,0.0843196000000006
0.1,15,3,2,8,GW-ONLY,239.91718740429502,integer optimal solution,0.07720250000001272
0.1,15,3,2,8,OD-ONLY,228.88063732921296,integer optimal solution,0.003329900000011321
0.1,15,3,2,8,OD-FIRST,228.88063732921293,pass1=integer optimal solution|pass2=integer optimal solution,0.07729120000000478
0.1,15,3,2,8,GW-FIRST,239.91718740429502,pass1=integer optimal solution|pass2=integer optimal solution,0.10223009999999988
0.1,15,3,2,9,JOINT,245.66384561249998,integer optimal solution,0.08510390000000712
0.1,15,3,2,9,GW-ONLY,246.6298623812585,integer optimal solution,0.06546919999999545
0.1,15,3,2,9,OD-ONLY,245.66384561249998,integer optimal solution,0.003735800000001177
0.1,15,3,2,9,OD-FIRST,245.66384561249998,pass1=integer optimal solution|pass2=integer optimal solution,0.04994390000000237
0.1,15,3,2,9,GW-FIRST,245.66384561249998,pass1=integer optimal solution|pass2=integer optimal solution,0.0688046000000071
0.1,15,3,2,10,JOINT,246.8404040898692,integer optimal solution,0.07943799999999612
0.1,15,3,2,10,GW-ONLY,246.8404040898692,integer optimal solution,0.08423990000000003
0.1,15,3,2,10,OD-ONLY,252.31988749723052,integer optimal solution,0.00700220000000229
0.1,15,3,2,10,OD-FIRST,246.8404040898692,pass1=integer optimal solution|pass2=integer optimal solution,0.09195610000000443
0.1,15,3,2,10,GW-FIRST,246.8404040898692,pass1=integer optimal solution|pass2=integer optimal solution,0.10223260000000778
0.1,15,3,2,11,JOINT,277.4110708380665,integer optimal solution,0.0646481999999935
0.1,15,3,2,11,GW-ONLY,284.50540274417324,integer optimal solution,0.07149009999999123
0.1,15,3,2,11,OD-ONLY,277.41107083806656,integer optimal solution,0.0036966999999918926
0.1,15,3,2,11,OD-FIRST,277.41107083806656,pass1=integer optimal solution|pass2=integer optimal solution,0.06668179999999779
0.1,15,3,2,11,GW-FIRST,277.41107083806656,pass1=integer optimal solution|pass2=integer optimal solution,0.11316440000000227
0.1,15,3,2,12,JOINT,249.69292630646555,integer optimal solution,0.0674816000000078
0.1,15,3,2,12,GW-ONLY,249.69292630646555,integer optimal solution,0.0683299999999889
0.1,15,3,2,12,OD-ONLY,254.36499443355046,integer optimal solution,0.004361000000002946
0.1,15,3,2,12,OD-FIRST,254.36499443355046,pass1=integer optimal solution|pass2=integer optimal solution,0.05940819999999292
0.1,15,3,2,12,GW-FIRST,249.6929263064655,pass1=integer optimal solution|pass2=integer optimal solution,0.06889330000001337
0.1,15,3,2,13,JOINT,197.62502940114547,integer optimal solution,0.06127690000000996
0.1,15,3,2,13,GW-ONLY,206.5665978889783,integer optimal solution,0.05675840000000676
0.1,15,3,2,13,OD-ONLY,207.97620369245763,integer optimal solution,0.0033113000000071224
0.1,15,3,2,13,OD-FIRST,197.62502940114547,pass1=integer optimal solution|pass2=integer optimal solution,0.04745890000000941
0.1,15,3,2,13,GW-FIRST,206.56659788897832,pass1=integer optimal solution|pass2=integer optimal solution,0.08445960000000241
0.1,15,3,2,14,JOINT,257.86725307029076,integer optimal solution,0.06756359999999972
0.1,15,3,2,14,GW-ONLY,257.86725307029076,integer optimal solution,0.07603500000000452
0.1,15,3,2,14,OD-ONLY,258.5977600664018,integer optimal solution,0.004889400000010369
0.1,15,3,2,14,OD-FIRST,258.5977600664018,pass1=integer optimal solution|pass2=integer optimal solution,0.0605261999999982
0.1,15,3,2,14,GW-FIRST,257.86725307029076,pass1=integer optimal solution|pass2=integer optimal solution,0.08895250000000487
0.1,15,3,2,15,JOINT,259.0251051356171,integer optimal solution,0.05012740000000804
0.1,15,3,2,15,GW-ONLY,259.11272607214676,integer optimal solution,0.06321320000000696
0.1,15,3,2,15,OD-ONLY,259.025105135617,integer optimal solution,0.003545699999989438
0.1,15,3,2,15,OD-FIRST,259.0251051356171,pass1=integer optimal solution|pass2=integer optimal solution,0.04543730000000323
0.1,15,3,2,15,GW-FIRST,259.025105135617,pass1=integer optimal solution|pass2=integer optimal solution,0.08430029999999533
0.1,15,3,2,16,JOINT,260.41823499113474,integer optimal solution,0.06268110000000604
0.1,15,3,2,16,GW-ONLY,261.5043331069888,integer optimal solution,0.07813500000000317
0.1,15,3,2,16,OD-ONLY,260.41823499113474,integer optimal solution,0.00852530000000229
0.1,15,3,2,16,OD-FIRST,260.41823499113474,pass1=integer optimal solution|pass2=integer optimal solution,0.08117230000000575
0.1,15,3,2,16,GW-FIRST,260.41823499113474,pass1=integer optimal solution|pass2=integer optimal solution,0.09213359999999682
0.1,15,3,2,17,JOINT,284.9608122848121,integer optimal solution,0.05988860000000784
0.1,15,3,2,17,GW-ONLY,284.9608122848121,integer optimal solution,0.07088320000001147
0.1,15,3,2,17,OD-ONLY,291.79431185564687,integer optimal solution,0.003380700000008119
0.1,15,3,2,17,OD-FIRST,285.98731768373347,pass1=integer optimal solution|pass2=integer optimal solution,0.06834039999999675
0.1,15,3,2,17,GW-FIRST,284.9608122848121,pass1=integer optimal solution|pass2=integer optimal solution,0.12397419999999215
0.1,15,3,2,18,JOINT,247.9472956603252,integer optimal solution,0.08078689999999256
0.1,15,3,2,18,GW-ONLY,249.19279543990376,integer optimal solution,0.0794037000000003
0.1,15,3,2,18,OD-ONLY,250.16783983637788,integer optimal solution,0.0059114000000022315
0.1,15,3,2,18,OD-FIRST,250.16783983637794,pass1=integer optimal solution|pass2=integer optimal solution,0.08078690000000677
0.1,15,3,2,18,GW-FIRST,248.72745554450492,pass1=integer optimal solution|pass2=integer optimal solution,0.1627849999999995
0.1,15,3,2,19,JOINT,271.6642522535519,integer optimal solution,0.08425710000000208
0.1,15,3,2,19,GW-ONLY,271.6642522535519,integer optimal solution,0.0791432000000043
0.1,15,3,2,19,OD-ONLY,276.3541598988155,integer optimal solution,0.006168299999998794
0.1,15,3,2,19,OD-FIRST,271.6642522535519,pass1=integer optimal solution|pass2=integer optimal solution,0.09787749999999562
0.1,15,3,2,19,GW-FIRST,271.6642522535519,pass1=integer optimal solution|pass2=integer optimal solution,0.12621160000000486
0.1,15,3,2,20,JOINT,246.89698364659176,integer optimal solution,0.07982420000000445
0.1,15,3,2,20,GW-ONLY,248.16520940556563,integer optimal solution,0.06756610000000762
0.1,15,3,2,20,OD-ONLY,246.89698364659176,integer optimal solution,0.0036255000000124937
0.1,15,3,2,20,OD-FIRST,246.89698364659176,pass1=integer optimal solution|pass2=integer optimal solution,0.0757296000000025
0.1,15,3,2,20,GW-FIRST,246.89698364659176,pass1=integer optimal solution|pass2=integer optimal solution,0.15300380000000757
0.1,15,3,2,21,JOINT,270.7482599274906,integer optimal solution,0.07190320000000838
0.1,15,3,2,21,GW-ONLY,270.7482599274906,integer optimal solution,0.07594560000001138
0.1,15,3,2,21,OD-ONLY,272.32179259458604,integer optimal solution,0.006019700000010175
0.1,15,3,2,21,OD-FIRST,270.7482599274906,pass1=integer optimal solution|pass2=integer optimal solution,0.08824979999999982
0.1,15,3,2,21,GW-FIRST,270.74825992749066,pass1=integer optimal solution|pass2=integer optimal solution,0.11236430000001008
0.1,15,3,2,22,JOINT,221.83554953556686,integer optimal solution,0.07532539999999699
0.1,15,3,2,22,GW-ONLY,223.14984073885404,integer optimal solution,0.06250819999999635
0.1,15,3,2,22,OD-ONLY,228.12926523749235,integer optimal solution,0.004687599999996905
0.1,15,3,2,22,OD-FIRST,226.53340132005806,pass1=integer optimal solution|pass2=integer optimal solution,0.05378969999999583
0.1,15,3,2,22,GW-FIRST,221.83554953556686,pass1=integer optimal solution|pass2=integer optimal solution,0.10753979999999785
0.1,15,3,2,23,JOINT,239.3111198904562,integer optimal solution,0.07743440000000135
0.1,15,3,2,23,GW-ONLY,241.6815838361304,integer optimal solution,0.05976150000000757
0.1,15,3,2,23,OD-ONLY,239.31111989045627,integer optimal solution,0.004568600000013134
0.1,15,3,2,23,OD-FIRST,239.31111989045624,pass1=integer optimal solution|pass2=integer optimal solution,0.07035499999999217
0.1,15,3,2,23,GW-FIRST,239.31111989045627,pass1=integer optimal solution|pass2=integer optimal solution,0.10034790000000271
0.1,15,3,2,24,JOINT,234.6961159575392,integer optimal solution,0.10490849999999341
0.1,15,3,2,24,GW-ONLY,234.6961159575392,integer optimal solution,0.0837001000000015
0.1,15,3,2,24,OD-ONLY,240.5896530330251,integer optimal solution,0.004356700000002434
0.1,15,3,2,24,OD-FIRST,234.6961159575392,pass1=integer optimal solution|pass2=integer optimal solution,0.12238080000000195
0.1,15,3,2,24,GW-FIRST,234.6961159575392,pass1=integer optimal solution|pass2=integer optimal solution,0.15961139999998863
0.1,15,2,3,0,JOINT,208.61529077612477,integer optimal solution,0.048329600000002415
0.1,15,2,3,0,GW-ONLY,219.20344656699146,integer optimal solution,0.04199369999999192
0.1,15,2,3,0,OD-ONLY,212.1858657578127,integer optimal solution,0.007817700000003924
0.1,15,2,3,0,OD-FIRST,208.61529077612477,pass1=integer optimal solution|pass2=integer optimal solution,0.05282119999999679
0.1,15,2,3,0,GW-FIRST,219.20344656699146,pass1=integer optimal solution|pass2=integer optimal solution,0.07342099999999618
0.1,15,2,3,1,JOINT,227.13834543730803,integer optimal solution,0.044622799999999074
0.1,15,2,3,1,GW-ONLY,230.1895495435921,integer optimal solution,0.05342029999999909
0.1,15,2,3,1,OD-ONLY,227.138345437308,integer optimal solution,0.004943799999992393
0.1,15,2,3,1,OD-FIRST,227.13834543730798,pass1=integer optimal solution|pass2=integer optimal solution,0.04542790000000707
0.1,15,2,3,1,GW-FIRST,230.18954954359208,pass1=integer optimal solution|pass2=integer optimal solution,0.08586099999999419
0.1,15,2,3,2,JOINT,212.82307682905133,integer optimal solution,0.04624700000000814
0.1,15,2,3,2,GW-ONLY,218.4057934336558,integer optimal solution,0.04666339999999991
0.1,15,2,3,2,OD-ONLY,212.82307682905133,integer optimal solution,0.007690800000005993
0.1,15,2,3,2,OD-FIRST,212.82307682905142,pass1=integer optimal solution|pass2=integer optimal solution,0.05230430000000297
0.1,15,2,3,2,GW-FIRST,214.81584351944406,pass1=integer optimal solution|pass2=integer optimal solution,0.06499829999999918
0.1,15,2,3,3,JOINT,219.13420936727758,integer optimal solution,0.045671299999995085
0.1,15,2,3,3,GW-ONLY,227.1291882183005,integer optimal solution,0.050636999999994714
0.1,15,2,3,3,OD-ONLY,219.13420936727755,integer optimal solution,0.005345900000008896
0.1,15,2,3,3,OD-FIRST,219.1342093672776,pass1=integer optimal solution|pass2=integer optimal solution,0.06491349999998874
0.1,15,2,3,3,GW-FIRST,227.12918821830053,pass1=integer optimal solution|pass2=integer optimal solution,0.05524669999999787
0.1,15,2,3,4,JOINT,244.14439146511873,integer optimal solution,0.04851599999999223
0.1,15,2,3,4,GW-ONLY,245.36685262463112,integer optimal solution,0.06429589999999052
0.1,15,2,3,4,OD-ONLY,244.9727767830935,integer optimal solution,0.005041600000012636
0.1,15,2,3,4,OD-FIRST,244.1443914651187,pass1=integer optimal solution|pass2=integer optimal solution,0.08029439999999965
0.1,15,2,3,4,GW-FIRST,245.3668526246311,pass1=integer optimal solution|pass2=integer optimal solution,0.08806829999998911
0.1,15,2,3,5,JOINT,243.5419854930086,integer optimal solution,0.06283129999999915
0.1,15,2,3,5,GW-ONLY,243.5419854930086,integer optimal solution,0.06884380000001045
0.1,15,2,3,5,OD-ONLY,243.54198549300855,integer optimal solution,0.003606700000005958
0.1,15,2,3,5,OD-FIRST,243.5419854930086,pass1=integer optimal solution|pass2=integer optimal solution,0.08343570000000966
0.1,15,2,3,5,GW-FIRST,243.54198549300855,pass1=integer optimal solution|pass2=integer optimal solution,0.12010239999999328
0.1,15,2,3,6,JOINT,226.5848538050445,integer optimal solution,0.05784230000000434
0.1,15,2,3,6,GW-ONLY,226.5848538050445,integer optimal solution,0.05302290000000198
0.1,15,2,3,6,OD-ONLY,231.510990487384,integer optimal solution,0.004758600000002389
0.1,15,2,3,6,OD-FIRST,226.5848538050445,pass1=integer optimal solution|pass2=integer optimal solution,0.06251600000000224
0.1,15,2,3,6,GW-FIRST,226.5848538050445,pass1=integer optimal solution|pass2=integer optimal solution,0.07202150000000529
0.1,15,2,3,7,JOINT,282.26086838562105,integer optimal solution,0.054475999999993974
0.1,15,2,3,7,GW-ONLY,282.26086838562105,integer optimal solution,0.06310650000000351
0.1,15,2,3,7,OD-ONLY,282.26086838562105,integer optimal solution,0.002673400000006154
0.1,15,2,3,7,OD-FIRST,282.26086838562105,pass1=integer optimal solution|pass2=integer optimal solution,0.07999110000000087
0.1,15,2,3,7,GW-FIRST,282.26086838562105,pass1=integer optimal solution|pass2=integer optimal solution,0.08955410000000086
0.1,15,2,3,8,JOINT,246.09254634741518,integer optimal solution,0.05352919999999983
0.1,15,2,3,8,GW-ONLY,248.60494639618622,integer optimal solution,0.050472299999995585
0.1,15,2,3,8,OD-ONLY,246.09254634741518,integer optimal solution,0.005348900000001322
0.1,15,2,3,8,OD-FIRST,246.09254634741518,pass1=integer optimal solution|pass2=integer optimal solution,0.06543950000001075
0.1,15,2,3,8,GW-FIRST,248.60494639618622,pass1=integer optimal solution|pass2=integer optimal solution,0.08793700000001081
0.1,15,2,3,9,JOINT,252.4947199721918,integer optimal solution,0.05960919999999703
0.1,15,2,3,9,GW-ONLY,252.49471997219175,integer optimal solution,0.06220340000000135
0.1,15,2,3,9,OD-ONLY,252.49471997219177,integer optimal solution,0.004384799999996858
0.1,15,2,3,9,OD-FIRST,252.49471997219175,pass1=integer optimal solution|pass2=integer optimal solution,0.0643117999999987
0.1,15,2,3,9,GW-FIRST,252.49471997219177,pass1=integer optimal solution|pass2=integer optimal solution,0.07448970000000088
0.1,15,2,3,10,JOINT,205.56565011347362,integer optimal solution,0.041878900000000385
0.1,15,2,3,10,GW-ONLY,211.00621930705313,integer optimal solution,0.05838320000000863
0.1,15,2,3,10,OD-ONLY,205.56565011347362,integer optimal solution,0.0045247000000046
0.1,15,2,3,10,OD-FIRST,205.56565011347362,pass1=integer optimal solution|pass2=integer optimal solution,0.0677960000000013
0.1,15,2,3,10,GW-FIRST,205.56565011347362,pass1=integer optimal solution|pass2=integer optimal solution,0.08087809999999251
0.1,15,2,3,11,JOINT,250.15551886879786,integer optimal solution,0.06389509999999632
0.1,15,2,3,11,GW-ONLY,250.15551886879788,integer optimal solution,0.05791039999999725
0.1,15,2,3,11,OD-ONLY,254.71095608750744,integer optimal solution,0.0024822000000028765
0.1,15,2,3,11,OD-FIRST,254.71095608750744,pass1=integer optimal solution|pass2=integer optimal solution,0.08661270000000343
0.1,15,2,3,11,GW-FIRST,250.15551886879786,pass1=integer optimal solution|pass2=integer optimal solution,0.3089219000000014
0.1,15,2,3,12,JOINT,235.40651026915555,integer optimal solution,0.04237679999999955
0.1,15,2,3,12,GW-ONLY,235.40651026915558,integer optimal solution,0.0511564999999905
0.1,15,2,3,12,OD-ONLY,235.4065102691556,integer optimal solution,0.004250899999988178
0.1,15,2,3,12,OD-FIRST,235.40651026915558,pass1=integer optimal solution|pass2=integer optimal solution,0.05785190000000284
0.1,15,2,3,12,GW-FIRST,235.4065102691556,pass1=integer optimal solution|pass2=integer optimal solution,0.0703821999999974
0.1,15,2,3,13,JOINT,226.44389819103174,integer optimal solution,0.06288729999999987
0.1,15,2,3,13,GW-ONLY,226.44389819103174,integer optimal solution,0.0651943000000017
0.1,15,2,3,13,OD-ONLY,231.13252026822147,integer optimal solution,0.005133499999999458
0.1,15,2,3,13,OD-FIRST,231.1325202682215,pass1=integer optimal solution|pass2=integer optimal solution,0.05464680000000044
0.1,15,2,3,13,GW-FIRST,226.44389819103174,pass1=integer optimal solution|pass2=integer optimal solution,0.08139620000000036
0.1,15,2,3,14,JOINT,244.83377568251106,integer optimal solution,0.049407700000003274
0.1,15,2,3,14,GW-ONLY,244.83377568251106,integer optimal solution,0.06325679999999068
0.1,15,2,3,14,OD-ONLY,247.94833128101783,integer optimal solution,0.0030015999999903897
0.1,15,2,3,14,OD-FIRST,246.27480353658987,pass1=integer optimal solution|pass2=integer optimal solution,0.05311530000000175
0.1,15,2,3,14,GW-FIRST,244.8337756825111,pass1=integer optimal solution|pass2=integer optimal solution,0.06038999999999817
0.1,15,2,3,15,JOINT,210.90534842312778,integer optimal solution,0.05572899999999947
0.1,15,2,3,15,GW-ONLY,215.1558965096044,integer optimal solution,0.04161600000000476
0.1,15,2,3,15,OD-ONLY,210.9053484231278,integer optimal solution,0.0023030999999917867
0.1,15,2,3,15,OD-FIRST,210.9053484231278,pass1=integer optimal solution|pass2=integer optimal solution,0.04781380000000013
0.1,15,2,3,15,GW-FIRST,215.15589650960442,pass1=integer optimal solution|pass2=integer optimal solution,0.0712398999999948
0.1,15,2,3,16,JOINT,253.7067612431376,integer optimal solution,0.08238030000001118
0.1,15,2,3,16,GW-ONLY,259.3174338771476,integer optimal solution,0.06468530000000783
0.1,15,2,3,16,OD-ONLY,253.7067612431376,integer optimal solution,0.005066099999993412
0.1,15,2,3,16,OD-FIRST,253.70676124313763,pass1=integer optimal solution|pass2=integer optimal solution,0.053121599999997215
0.1,15,2,3,16,GW-FIRST,257.85190641993603,pass1=integer optimal solution|pass2=integer optimal solution,0.05797689999999989
0.1,15,2,3,17,JOINT,304.86824258352436,integer optimal solution,0.05522629999998685
0.1,15,2,3,17,GW-ONLY,306.601079584331,integer optimal solution,0.07485189999999875
0.1,15,2,3,17,OD-ONLY,304.86824258352436,integer optimal solution,0.005043599999993376
0.1,15,2,3,17,OD-FIRST,304.86824258352436,pass1=integer optimal solution|pass2=integer optimal solution,0.07031720000000519
0.1,15,2,3,17,GW-FIRST,304.86824258352436,pass1=integer optimal solution|pass2=integer optimal solution,0.09540380000001392
0.1,15,2,3,18,JOINT,221.56328876884035,integer optimal solution,0.04574039999999968
0.1,15,2,3,18,GW-ONLY,221.56328876884038,integer optimal solution,0.03915580000000318
0.1,15,2,3,18,OD-ONLY,221.56328876884038,integer optimal solution,0.00453489999998169
0.1,15,2,3,18,OD-FIRST,221.56328876884038,pass1=integer optimal solution|pass2=integer optimal solution,0.04649299999999812
0.1,15,2,3,18,GW-FIRST,221.56328876884038,pass1=integer optimal solution|pass2=integer optimal solution,0.06236499999999978
0.1,15,2,3,19,JOINT,286.0889505421124,integer optimal solution,0.047971600000010994
0.1,15,2,3,19,GW-ONLY,286.80851589632147,integer optimal solution,0.045480599999990545
0.1,15,2,3,19,OD-ONLY,286.9758376780103,integer optimal solution,0.0038592999999877975
0.1,15,2,3,19,OD-FIRST,286.0889505421124,pass1=integer optimal solution|pass2=integer optimal solution,0.05922459999999319
0.1,15,2,3,19,GW-FIRST,286.80851589632147,pass1=integer optimal solution|pass2=integer optimal solution,0.06849669999999719
0.1,15,2,3,20,JOINT,235.72504444269327,integer optimal solution,0.0478632000000232
0.1,15,2,3,20,GW-ONLY,241.73425015265965,integer optimal solution,0.0476440999999852
0.1,15,2,3,20,OD-ONLY,243.32960646434827,integer optimal solution,0.002483999999981279
0.1,15,2,3,20,OD-FIRST,235.7250444426933,pass1=integer optimal solution|pass2=integer optimal solution,0.0423025999999993
0.1,15,2,3,20,GW-FIRST,241.73425015265968,pass1=integer optimal solution|pass2=integer optimal solution,0.06163720000000694
0.1,15,2,3,21,JOINT,257.17526150040226,integer optimal solution,0.044365700000014385
0.1,15,2,3,21,GW-ONLY,261.8289606037445,integer optimal solution,0.04857560000002081
0.1,15,2,3,21,OD-ONLY,257.1752615004022,integer optimal solution,0.009216199999997343
0.1,15,2,3,21,OD-FIRST,257.17526150040226,pass1=integer optimal solution|pass2=integer optimal solution,0.0676362000000097
0.1,15,2,3,21,GW-FIRST,257.1752615004022,pass1=integer optimal solution|pass2=integer optimal solution,0.07231459999999856
0.1,15,2,3,22,JOINT,245.49957897952459,integer optimal solution,0.056540799999993396
0.1,15,2,3,22,GW-ONLY,252.43502425525054,integer optimal solution,0.05504140000002167
0.1,15,2,3,22,OD-ONLY,253.02317008600534,integer optimal solution,0.010014600000005203
0.1,15,2,3,22,OD-FIRST,245.49957897952459,pass1=integer optimal solution|pass2=integer optimal solution,0.06809160000000247
0.1,15,2,3,22,GW-FIRST,245.49957897952459,pass1=integer optimal solution|pass2=integer optimal solution,0.07042799999999261
0.1,15,2,3,23,JOINT,234.55844424668433,integer optimal solution,0.04627519999999663
0.1,15,2,3,23,GW-ONLY,241.65882887664074,integer optimal solution,0.034478900000010526
0.1,15,2,3,23,OD-ONLY,234.55844424668436,integer optimal solution,0.0021394999999984066
0.1,15,2,3,23,OD-FIRST,234.55844424668433,pass1=integer optimal solution|pass2=integer optimal solution,0.043105300000007674
0.1,15,2,3,23,GW-FIRST,234.55844424668436,pass1=integer optimal solution|pass2=integer optimal solution,0.07397660000000883
0.1,15,2,3,24,JOINT,247.52219566871221,integer optimal solution,0.04976440000001503
0.1,15,2,3,24,GW-ONLY,247.52219566871221,integer optimal solution,0.05535960000000273
0.1,15,2,3,24,OD-ONLY,259.4421439365882,integer optimal solution,0.009129900000004909
0.1,15,2,3,24,OD-FIRST,251.79230267838707,pass1=integer optimal solution|pass2=integer optimal solution,0.044909899999993286
0.1,15,2,3,24,GW-FIRST,247.52219566871221,pass1=integer optimal solution|pass2=integer optimal solution,0.08131410000001438
0.1,15,3,3,0,JOINT,234.6427204077739,integer optimal solution,0.06995630000000119
0.1,15,3,3,0,GW-ONLY,236.59971961693518,integer optimal solution,0.0604816000000028
0.1,15,3,3,0,OD-ONLY,234.6427204077739,integer optimal solution,0.004632399999991321
0.1,15,3,3,0,OD-FIRST,234.64272040777394,pass1=integer optimal solution|pass2=integer optimal solution,0.08341070000000173
0.1,15,3,3,0,GW-FIRST,234.6427204077739,pass1=integer optimal solution|pass2=integer optimal solution,0.10158370000002037
0.1,15,3,3,1,JOINT,272.76661549204994,integer optimal solution,0.07197870000001672
0.1,15,3,3,1,GW-ONLY,272.76661549204994,integer optimal solution,0.06850379999997358
0.1,15,3,3,1,OD-ONLY,272.76661549204994,integer optimal solution,0.004177999999996018
0.1,15,3,3,1,OD-FIRST,272.76661549204994,pass1=integer optimal solution|pass2=integer optimal solution,0.06300719999998705
0.1,15,3,3,1,GW-FIRST,272.76661549204994,pass1=integer optimal solution|pass2=integer optimal solution,0.09278679999999895
0.1,15,3,3,2,JOINT,216.370710853922,integer optimal solution,0.0813077999999905
0.1,15,3,3,2,GW-ONLY,217.9386487148488,integer optimal solution,0.07342450000001577
0.1,15,3,3,2,OD-ONLY,216.370710853922,integer optimal solution,0.0035283999999933258
0.1,15,3,3,2,OD-FIRST,216.370710853922,pass1=integer optimal solution|pass2=integer optimal solution,0.06547470000000999
0.1,15,3,3,2,GW-FIRST,217.93864871484877,pass1=integer optimal solution|pass2=integer optimal solution,0.11345309999998676
0.1,15,3,3,3,JOINT,238.6368798676082,integer optimal solution,0.15256300000001488
0.1,15,3,3,3,GW-ONLY,242.71441349364298,integer optimal solution,0.20938039999998637
0.1,15,3,3,3,OD-ONLY,238.63687986760817,integer optimal solution,0.007899299999991172
0.1,15,3,3,3,OD-FIRST,238.6368798676082,pass1=integer optimal solution|pass2=integer optimal solution,0.08787480000000869
0.1,15,3,3,3,GW-FIRST,238.63687986760817,pass1=integer optimal solution|pass2=integer optimal solution,0.15084520000002044
0.1,15,3,3,4,JOINT,262.3494840718777,integer optimal solution,0.08087179999998284
0.1,15,3,3,4,GW-ONLY,265.1716640073351,integer optimal solution,0.07087319999999409
0.1,15,3,3,4,OD-ONLY,267.0119870894393,integer optimal solution,0.005301899999977877
0.1,15,3,3,4,OD-FIRST,262.3494840718778,pass1=integer optimal solution|pass2=integer optimal solution,0.07180759999999964
0.1,15,3,3,4,GW-FIRST,265.17166400733515,pass1=integer optimal solution|pass2=integer optimal solution,0.10090560000000437
0.1,15,3,3,5,JOINT,212.10818327310295,integer optimal solution,0.07435479999998051
0.1,15,3,3,5,GW-ONLY,212.10818327310295,integer optimal solution,0.0759132999999963
0.1,15,3,3,5,OD-ONLY,215.0045817152926,integer optimal solution,0.004635000000007494
0.1,15,3,3,5,OD-FIRST,212.10818327310295,pass1=integer optimal solution|pass2=integer optimal solution,0.05463230000000863
0.1,15,3,3,5,GW-FIRST,212.10818327310292,pass1=integer optimal solution|pass2=integer optimal solution,0.09416519999999196
0.1,15,3,3,6,JOINT,193.00201293152838,integer optimal solution,0.0904252999999926
0.1,15,3,3,6,GW-ONLY,193.00201293152838,integer optimal solution,0.0749345000000119
0.1,15,3,3,6,OD-ONLY,193.00201293152838,integer optimal solution,0.004098199999987173
0.1,15,3,3,6,OD-FIRST,193.00201293152838,pass1=integer optimal solution|pass2=integer optimal solution,0.08452759999997284
0.1,15,3,3,6,GW-FIRST,193.00201293152838,pass1=integer optimal solution|pass2=integer optimal solution,0.12419830000001753
0.1,15,3,3,7,JOINT,229.1429166326614,integer optimal solution,0.09026910000000044
0.1,15,3,3,7,GW-ONLY,229.72790615430097,integer optimal solution,0.0729582000000164
0.1,15,3,3,7,OD-ONLY,232.15235096721574,integer optimal solution,0.01420559999999682
0.1,15,3,3,7,OD-FIRST,229.81086780495434,pass1=integer optimal solution|pass2=integer optimal solution,0.07082280000000196
0.1,15,3,3,7,GW-FIRST,229.14291663266135,pass1=integer optimal solution|pass2=integer optimal solution,0.11489349999999376
0.1,15,3,3,8,JOINT,213.17983876302011,integer optimal solution,0.08317770000002156
0.1,15,3,3,8,GW-ONLY,217.14895032839578,integer optimal solution,0.06672520000000759
0.1,15,3,3,8,OD-ONLY,223.67855779080918,integer optimal solution,0.0042636999999956515
0.1,15,3,3,8,OD-FIRST,213.17983876302014,pass1=integer optimal solution|pass2=integer optimal solution,0.06111559999999372
0.1,15,3,3,8,GW-FIRST,217.14895032839578,pass1=integer optimal solution|pass2=integer optimal solution,0.123287299999987
0.1,15,3,3,9,JOINT,249.38713573641132,integer optimal solution,0.07332170000000815
0.1,15,3,3,9,GW-ONLY,254.5668708224693,integer optimal solution,0.08200719999999251
0.1,15,3,3,9,OD-ONLY,256.4084173825438,integer optimal solution,0.009052199999985078
0.1,15,3,3,9,OD-FIRST,249.38713573641135,pass1=integer optimal solution|pass2=integer optimal solution,0.05199500000000512
0.1,15,3,3,9,GW-FIRST,249.38713573641138,pass1=integer optimal solution|pass2=integer optimal solution,0.08827630000001818
0.1,15,3,3,10,JOINT,266.82800559829957,integer optimal solution,0.07535870000000955
0.1,15,3,3,10,GW-ONLY,271.82319136881864,integer optimal solution,0.06325250000000437
0.1,15,3,3,10,OD-ONLY,266.8280055982996,integer optimal solution,0.005787699999984852
0.1,15,3,3,10,OD-FIRST,266.8280055982996,pass1=integer optimal solution|pass2=integer optimal solution,0.06294310000001246
0.1,15,3,3,10,GW-FIRST,266.8280055982996,pass1=integer optimal solution|pass2=integer optimal solution,0.1204298000000108
0.1,15,3,3,11,JOINT,240.9004329614276,integer optimal solution,0.06730310000000372
0.1,15,3,3,11,GW-ONLY,246.50215235003697,integer optimal solution,0.0686615000000188
0.1,15,3,3,11,OD-ONLY,243.1012908801872,integer optimal solution,0.005850299999991648
0.1,15,3,3,11,OD-FIRST,241.91142792090022,pass1=integer optimal solution|pass2=integer optimal solution,0.05000039999998762
0.1,15,3,3,11,GW-FIRST,246.50215235003694,pass1=integer optimal solution|pass2=integer optimal solution,0.1130403999999885
0.1,15,3,3,12,JOINT,233.32642763775175,integer optimal solution,0.06891029999999887
0.1,15,3,3,12,GW-ONLY,233.32642763775175,integer optimal solution,0.06767589999998336
0.1,15,3,3,12,OD-ONLY,234.7047097325967,integer optimal solution,0.006156200000020817
0.1,15,3,3,12,OD-FIRST,233.32642763775175,pass1=integer optimal solution|pass2=integer optimal solution,0.07269930000001068
0.1,15,3,3,12,GW-FIRST,233.32642763775175,pass1=integer optimal solution|pass2=integer optimal solution,0.09050270000000182
0.1,15,3,3,13,JOINT,238.07220182623004,integer optimal solution,0.08393800000001761
0.1,15,3,3,13,GW-ONLY,238.31166673924014,integer optimal solution,0.08430960000001164
0.1,15,3,3,13,OD-ONLY,249.36836674230196,integer optimal solution,0.007126799999980449
0.1,15,3,3,13,OD-FIRST,238.63470142014057,pass1=integer optimal solution|pass2=integer optimal solution,0.05578339999999571
0.1,15,3,3,13,GW-FIRST,238.07220182623004,pass1=integer optimal solution|pass2=integer optimal solution,0.11346829999999386
0.1,15,3,3,14,JOINT,231.38211896358908,integer optimal solution,0.10337379999998575
0.1,15,3,3,14,GW-ONLY,231.3821189635891,integer optimal solution,0.10255269999998973
0.1,15,3,3,14,OD-ONLY,238.14010572540144,integer optimal solution,0.005193800000000692
0.1,15,3,3,14,OD-FIRST,231.3821189635891,pass1=integer optimal solution|pass2=integer optimal solution,0.10175960000000828
0.1,15,3,3,14,GW-FIRST,231.3821189635891,pass1=integer optimal solution|pass2=integer optimal solution,0.11691779999998175
0.1,15,3,3,15,JOINT,231.02400434211748,integer optimal solution,0.07036859999999479
0.1,15,3,3,15,GW-ONLY,231.02400434211748,integer optimal solution,0.05754890000000046
0.1,15,3,3,15,OD-ONLY,238.6005346428195,integer optimal solution,0.004064599999992424
0.1,15,3,3,15,OD-FIRST,231.02400434211748,pass1=integer optimal solution|pass2=integer optimal solution,0.06703109999997992
0.1,15,3,3,15,GW-FIRST,231.0240043421175,pass1=integer optimal solution|pass2=integer optimal solution,0.08184440000002269
0.1,15,3,3,16,JOINT,273.38251935652136,integer optimal solution,0.06689899999997806
0.1,15,3,3,16,GW-ONLY,273.38251935652136,integer optimal solution,0.05673450000000457
0.1,15,3,3,16,OD-ONLY,275.77219539135035,integer optimal solution,0.006353700000005347
0.1,15,3,3,16,OD-FIRST,273.38251935652136,pass1=integer optimal solution|pass2=integer optimal solution,0.07590360000000373
0.1,15,3,3,16,GW-FIRST,273.3825193565214,pass1=integer optimal solution|pass2=integer optimal solution,0.09978530000000774
0.1,15,3,3,17,JOINT,223.1842404127275,integer optimal solution,0.07323080000000459
0.1,15,3,3,17,GW-ONLY,227.15880413794525,integer optimal solution,0.08731650000001423
0.1,15,3,3,17,OD-ONLY,223.18424041272752,integer optimal solution,0.008747499999998354
0.1,15,3,3,17,OD-FIRST,223.18424041272755,pass1=integer optimal solution|pass2=integer optimal solution,0.05239589999999339
0.1,15,3,3,17,GW-FIRST,223.18424041272752,pass1=integer optimal solution|pass2=integer optimal solution,0.1033587999999952
0.1,15,3,3,18,JOINT,250.66686033350072,integer optimal solution,0.05203939999998397
0.1,15,3,3,18,GW-ONLY,252.53293891904303,integer optimal solution,0.05624900000000821
0.1,15,3,3,18,OD-ONLY,254.47505247276925,integer optimal solution,0.008311000000020385
0.1,15,3,3,18,OD-FIRST,254.47505247276925,pass1=integer optimal solution|pass2=integer optimal solution,0.04893069999999966
0.1,15,3,3,18,GW-FIRST,250.6668603335007,pass1=integer optimal solution|pass2=integer optimal solution,0.09110860000001253
0.1,15,3,3,19,JOINT,228.77535434537822,integer optimal solution,0.06783669999998665
0.1,15,3,3,19,GW-ONLY,231.14267040664976,integer optimal solution,0.06379609999999047
0.1,15,3,3,19,OD-ONLY,228.77535434537822,integer optimal solution,0.005331000000012409
0.1,15,3,3,19,OD-FIRST,228.7753543453782,pass1=integer optimal solution|pass2=integer optimal solution,0.06866669999999431
0.1,15,3,3,19,GW-FIRST,231.14267040664976,pass1=integer optimal solution|pass2=integer optimal solution,0.0959791000000223
0.1,15,3,3,20,JOINT,235.91549172562895,integer optimal solution,0.05324129999999627
0.1,15,3,3,20,GW-ONLY,238.98996524816178,integer optimal solution,0.07844040000000518
0.1,15,3,3,20,OD-ONLY,255.20698009272337,integer optimal solution,0.0034801000000186377
0.1,15,3,3,20,OD-FIRST,235.91549172562893,pass1=integer optimal solution|pass2=integer optimal solution,0.06395480000000475
0.1,15,3,3,20,GW-FIRST,235.91549172562895,pass1=integer optimal solution|pass2=integer optimal solution,0.09450849999998923
0.1,15,3,3,21,JOINT,219.7482007993632,integer optimal solution,0.0561347000000012
0.1,15,3,3,21,GW-ONLY,222.62718085008098,integer optimal solution,0.05786770000000274
0.1,15,3,3,21,OD-ONLY,219.7482007993632,integer optimal solution,0.00943250000000262
0.1,15,3,3,21,OD-FIRST,219.74820079936316,pass1=integer optimal solution|pass2=integer optimal solution,0.07448850000000107
0.1,15,3,3,21,GW-FIRST,222.62718085008095,pass1=integer optimal solution|pass2=integer optimal solution,0.07032089999998448
0.1,15,3,3,22,JOINT,235.15645380048386,integer optimal solution,0.06347289999999361
0.1,15,3,3,22,GW-ONLY,235.1564538004839,integer optimal solution,0.07111489999999776
0.1,15,3,3,22,OD-ONLY,238.35864327578096,integer optimal solution,0.006158900000002632
0.1,15,3,3,22,OD-FIRST,235.1564538004839,pass1=integer optimal solution|pass2=integer optimal solution,0.07755739999998923
0.1,15,3,3,22,GW-FIRST,235.1564538004839,pass1=integer optimal solution|pass2=integer optimal solution,0.0777347000000077
0.1,15,3,3,23,JOINT,254.4849850024542,integer optimal solution,0.07532610000001227
0.1,15,3,3,23,GW-ONLY,254.4849850024542,integer optimal solution,0.08445629999999937
0.1,15,3,3,23,OD-ONLY,254.48498500245418,integer optimal solution,0.00511069999998881
0.1,15,3,3,23,OD-FIRST,254.4849850024542,pass1=integer optimal solution|pass2=integer optimal solution,0.0650585999999862
0.1,15,3,3,23,GW-FIRST,254.48498500245418,pass1=integer optimal solution|pass2=integer optimal solution,0.0937680000000114
0.1,15,3,3,24,JOINT,305.8163989803716,integer optimal solution,0.07585840000001554
0.1,15,3,3,24,GW-ONLY,305.8163989803716,integer optimal solution,0.07361509999998361
0.1,15,3,3,24,OD-ONLY,307.9835154526673,integer optimal solution,0.0031240000000138934
0.1,15,3,3,24,OD-FIRST,305.8163989803716,pass1=integer optimal solution|pass2=integer optimal solution,0.07449270000000752
0.1,15,3,3,24,GW-FIRST,305.8163989803716,pass1=integer optimal solution|pass2=integer optimal solution,0.10909820000000536
0.1,20,2,2,0,JOINT,294.3443577943409,integer optimal solution,0.13410999999999262
0.1,20,2,2,0,GW-ONLY,294.3443577943409,integer optimal solution,0.12588030000000572
0.1,20,2,2,0,OD-ONLY,301.1583603915813,integer optimal solution,0.0098173000000088
0.1,20,2,2,0,OD-FIRST,294.3443577943409,pass1=integer optimal solution|pass2=integer optimal solution,0.13895460000000526
0.1,20,2,2,0,GW-FIRST,294.3443577943409,pass1=integer optimal solution|pass2=integer optimal solution,0.1840052999999955
0.1,20,2,2,1,JOINT,329.75688790816906,integer optimal solution,0.110245099999986
0.1,20,2,2,1,GW-ONLY,329.75688790816906,integer optimal solution,0.1317985999999962
0.1,20,2,2,1,OD-ONLY,329.7568879081691,integer optimal solution,0.0063856000000157565
0.1,20,2,2,1,OD-FIRST,329.7568879081691,pass1=integer optimal solution|pass2=integer optimal solution,0.11268680000000586
0.1,20,2,2,1,GW-FIRST,329.7568879081691,pass1=integer optimal solution|pass2=integer optimal solution,0.1634520000000066
0.1,20,2,2,2,JOINT,327.16269768194684,integer optimal solution,0.1398657999999955
0.1,20,2,2,2,GW-ONLY,329.17837464569004,integer optimal solution,0.11930800000001796
0.1,20,2,2,2,OD-ONLY,327.8117418654248,integer optimal solution,0.007930399999992233
0.1,20,2,2,2,OD-FIRST,327.1626976819469,pass1=integer optimal solution|pass2=integer optimal solution,0.12612959999998452
0.1,20,2,2,2,GW-FIRST,329.17837464569004,pass1=integer optimal solution|pass2=integer optimal solution,0.19423769999997376
0.1,20,2,2,3,JOINT,311.65720086459095,integer optimal solution,0.08894499999999539
0.1,20,2,2,3,GW-ONLY,312.22573422151584,integer optimal solution,0.0959137000000112
0.1,20,2,2,3,OD-ONLY,318.2396764334226,integer optimal solution,0.004928000000006705
0.1,20,2,2,3,OD-FIRST,313.7905881222685,pass1=integer optimal solution|pass2=integer optimal solution,0.07729459999998767
0.1,20,2,2,3,GW-FIRST,311.657200864591,pass1=integer optimal solution|pass2=integer optimal solution,0.13070640000000822
0.1,20,2,2,4,JOINT,312.61140098668676,integer optimal solution,0.1276124999999979
0.1,20,2,2,4,GW-ONLY,312.6114009866868,integer optimal solution,0.11745559999999955
0.1,20,2,2,4,OD-ONLY,317.52331213553003,integer optimal solution,0.007205200000015566
0.1,20,2,2,4,OD-FIRST,317.5233121355301,pass1=integer optimal solution|pass2=integer optimal solution,0.12668250000001535
0.1,20,2,2,4,GW-FIRST,312.6114009866868,pass1=integer optimal solution|pass2=integer optimal solution,0.1870016000000021
0.1,20,2,2,5,JOINT,308.5571365263057,integer optimal solution,0.10978659999997831
0.1,20,2,2,5,GW-ONLY,308.55713652630567,integer optimal solution,0.08888989999999808
0.1,20,2,2,5,OD-ONLY,315.12016677601457,integer optimal solution,0.008142999999989797
0.1,20,2,2,5,OD-FIRST,308.5571365263057,pass1=integer optimal solution|pass2=integer optimal solution,0.11372460000001183
0.1,20,2,2,5,GW-FIRST,308.5571365263057,pass1=integer optimal solution|pass2=integer optimal solution,0.15103519999999548
0.1,20,2,2,6,JOINT,278.5908168364622,integer optimal solution,0.1356315999999822
0.1,20,2,2,6,GW-ONLY,282.291223571691,integer optimal solution,0.1723589000000061
0.1,20,2,2,6,OD-ONLY,278.5908168364622,integer optimal solution,0.010700299999996332
0.1,20,2,2,6,OD-FIRST,278.5908168364621,pass1=integer optimal solution|pass2=integer optimal solution,0.10124349999998117
0.1,20,2,2,6,GW-FIRST,278.5908168364622,pass1=integer optimal solution|pass2=integer optimal solution,0.20068640000002347
0.1,20,2,2,7,JOINT,344.4188229591117,integer optimal solution,0.13150730000000976
0.1,20,2,2,7,GW-ONLY,344.8878278956437,integer optimal solution,0.11617849999998953
0.1,20,2,2,7,OD-ONLY,346.14938432587076,integer optimal solution,0.004293600000011111
0.1,20,2,2,7,OD-FIRST,345.4994311475576,pass1=integer optimal solution|pass2=integer optimal solution,0.11117009999998118
0.1,20,2,2,7,GW-FIRST,344.4188229591117,pass1=integer optimal solution|pass2=integer optimal solution,0.18708159999999907
0.1,20,2,2,8,JOINT,298.12662570996144,integer optimal solution,0.12216459999999074
0.1,20,2,2,8,GW-ONLY,300.9441795546338,integer optimal solution,0.11652069999999526
0.1,20,2,2,8,OD-ONLY,306.71536648458215,integer optimal solution,0.01092059999999151
0.1,20,2,2,8,OD-FIRST,300.5213743672908,pass1=integer optimal solution|pass2=integer optimal solution,0.11018500000000131
0.1,20,2,2,8,GW-FIRST,298.1266257099615,pass1=integer optimal solution|pass2=integer optimal solution,0.1816793000000132
0.1,20,2,2,9,JOINT,336.9331943194211,integer optimal solution,0.11250400000000127
0.1,20,2,2,9,GW-ONLY,339.4707960267552,integer optimal solution,0.11906039999999507
0.1,20,2,2,9,OD-ONLY,339.78390074639356,integer optimal solution,0.005232199999994691
0.1,20,2,2,9,OD-FIRST,336.9331943194211,pass1=integer optimal solution|pass2=integer optimal solution,0.12908929999997554
0.1,20,2,2,9,GW-FIRST,339.4707960267552,pass1=integer optimal solution|pass2=integer optimal solution,0.18017499999999131
0.1,20,2,2,10,JOINT,294.36841515144755,integer optimal solution,0.12237450000000649
0.1,20,2,2,10,GW-ONLY,301.73869026219245,integer optimal solution,0.1626468999999986
0.1,20,2,2,10,OD-ONLY,309.96224960157144,integer optimal solution,0.005778399999996964
0.1,20,2,2,10,OD-FIRST,296.6408089933133,pass1=integer optimal solution|pass2=integer optimal solution,0.12301949999999806
0.1,20,2,2,10,GW-FIRST,301.73869026219245,pass1=integer optimal solution|pass2=integer optimal solution,0.19642500000000496
0.1,20,2,2,11,JOINT,312.81154996226604,integer optimal solution,0.13164900000001012
0.1,20,2,2,11,GW-ONLY,317.2572636485546,integer optimal solution,0.12993349999999282
0.1,20,2,2,11,OD-ONLY,331.6703778121439,integer optimal solution,0.007328099999995175
0.1,20,2,2,11,OD-FIRST,312.811549962266,pass1=integer optimal solution|pass2=integer optimal solution,0.10827370000001224
0.1,20,2,2,11,GW-FIRST,312.81154996226604,pass1=integer optimal solution|pass2=integer optimal solution,0.17408689999999183
0.1,20,2,2,12,JOINT,307.789516405715,integer optimal solution,0.0971619999999973
0.1,20,2,2,12,GW-ONLY,315.25402333904236,integer optimal solution,0.11712119999998549
0.1,20,2,2,12,OD-ONLY,323.71576863916556,integer optimal solution,0.005392199999988634
0.1,20,2,2,12,OD-FIRST,307.78951640571506,pass1=integer optimal solution|pass2=integer optimal solution,0.09407540000000836
0.1,20,2,2,12,GW-FIRST,315.25402333904236,pass1=integer optimal solution|pass2=integer optimal solution,0.15595840000000294
0.1,20,2,2,13,JOINT,328.7059844695649,integer optimal solution,0.10791439999999852
0.1,20,2,2,13,GW-ONLY,328.7059844695649,integer optimal solution,0.10585539999999583
0.1,20,2,2,13,OD-ONLY,350.21442469570337,integer optimal solution,0.007955799999990631
0.1,20,2,2,13,OD-FIRST,328.7059844695649,pass1=integer optimal solution|pass2=integer optimal solution,0.10725890000000504
0.1,20,2,2,13,GW-FIRST,328.70598446956484,pass1=integer optimal solution|pass2=integer optimal solution,0.16217620000000466
0.1,20,2,2,14,JOINT,362.70563293695994,integer optimal solution,0.09623899999999708
0.1,20,2,2,14,GW-ONLY,362.70563293695994,integer optimal solution,0.11165510000000722
0.1,20,2,2,14,OD-ONLY,377.53587294163964,integer optimal solution,0.00569779999997877
0.1,20,2,2,14,OD-FIRST,362.7056329369599,pass1=integer optimal solution|pass2=integer optimal solution,0.10157179999998789
0.1,20,2,2,14,GW-FIRST,362.70563293696,pass1=integer optimal solution|pass2=integer optimal solution,0.15453410000000645
0.1,20,2,2,15,JOINT,349.43210318402856,integer optimal solution,0.11328330000000619
0.1,20,2,2,15,GW-ONLY,352.3824760237399,integer optimal solution,0.10718199999999456
0.1,20,2,2,15,OD-ONLY,359.03461034878706,integer optimal solution,0.005953500000003942
0.1,20,2,2,15,OD-FIRST,355.4441798661781,pass1=integer optimal solution|pass2=integer optimal solution,0.08485009999998283
0.1,20,2,2,15,GW-FIRST,349.4321031840286,pass1=integer optimal solution|pass2=integer optimal solution,0.18521079999999301
0.1,20,2,2,16,JOINT,351.75968800539465,integer optimal solution,0.11732369999998582
0.1,20,2,2,16,GW-ONLY,358.4299469397124,integer optimal solution,0.12589850000000524
0.1,20,2,2,16,OD-ONLY,357.73052452364544,integer optimal solution,0.006018800000020974
0.1,20,2,2,16,OD-FIRST,351.7596880053947,pass1=integer optimal solution|pass2=integer optimal solution,0.11421659999999179
0.1,20,2,2,16,GW-FIRST,358.4299469397124,pass1=integer optimal solution|pass2=integer optimal solution,0.1817412000000047
0.1,20,2,2,17,JOINT,290.2282026799457,integer optimal solution,0.11781019999997966
0.1,20,2,2,17,GW-ONLY,290.2282026799457,integer optimal solution,0.1083804000000157
0.1,20,2,2,17,OD-ONLY,309.0060145610096,integer optimal solution,0.00839139999999361
0.1,20,2,2,17,OD-FIRST,291.60702912188776,pass1=integer optimal solution|pass2=integer optimal solution,0.09150160000001506
0.1,20,2,2,17,GW-FIRST,290.22820267994575,pass1=integer optimal solution|pass2=integer optimal solution,0.1483553999999856
0.1,20,2,2,18,JOINT,287.23281599702847,integer optimal solution,0.12806770000000256
0.1,20,2,2,18,GW-ONLY,289.40951972744915,integer optimal solution,0.12214399999999159
0.1,20,2,2,18,OD-ONLY,287.23281599702847,integer optimal solution,0.01065449999998691
0.1,20,2,2,18,OD-FIRST,287.23281599702847,pass1=integer optimal solution|pass2=integer optimal solution,0.11728860000002328
0.1,20,2,2,18,GW-FIRST,288.30009313246364,pass1=integer optimal solution|pass2=integer optimal solution,0.18262550000000033
0.1,20,2,2,19,JOINT,331.6337776102255,integer optimal solution,0.12048699999999712
0.1,20,2,2,19,GW-ONLY,333.3308610134781,integer optimal solution,0.1354955999999845
0.1,20,2,2,19,OD-ONLY,331.6337776102255,integer optimal solution,0.0036556999999959316
0.1,20,2,2,19,OD-FIRST,331.6337776102255,pass1=integer optimal solution|pass2=integer optimal solution,0.09821420000000103
0.1,20,2,2,19,GW-FIRST,333.33086101347806,pass1=integer optimal solution|pass2=integer optimal solution,0.16755779999999731
0.1,20,2,2,20,JOINT,329.3182953649818,integer optimal solution,0.1058287999999834
0.1,20,2,2,20,GW-ONLY,332.31523553219745,integer optimal solution,0.12494590000000017
0.1,20,2,2,20,OD-ONLY,342.6384684405479,integer optimal solution,0.010777300000000878
0.1,20,2,2,20,OD-FIRST,329.3182953649818,pass1=integer optimal solution|pass2=integer optimal solution,0.09625890000000936
0.1,20,2,2,20,GW-FIRST,329.3182953649818,pass1=integer optimal solution|pass2=integer optimal solution,0.11916389999998955
0.1,20,2,2,21,JOINT,308.22686894282293,integer optimal solution,0.09638039999998682
0.1,20,2,2,21,GW-ONLY,308.22686894282293,integer optimal solution,0.11077720000000113
0.1,20,2,2,21,OD-ONLY,312.0493630700924,integer optimal solution,0.004955800000004729
0.1,20,2,2,21,OD-FIRST,308.22686894282293,pass1=integer optimal solution|pass2=integer optimal solution,0.08140350000002172
0.1,20,2,2,21,GW-FIRST,308.226868942823,pass1=integer optimal solution|pass2=integer optimal solution,0.14759449999999674
0.1,20,2,2,22,JOINT,259.02306901131055,integer optimal solution,0.12002850000001786
0.1,20,2,2,22,GW-ONLY,269.0205413985667,integer optimal solution,0.12580399999998804
0.1,20,2,2,22,OD-ONLY,266.6807843464899,integer optimal solution,0.011832499999997026
0.1,20,2,2,22,OD-FIRST,261.05395334318104,pass1=integer optimal solution|pass2=integer optimal solution,0.08397510000000352
0.1,20,2,2,22,GW-FIRST,267.551356543156,pass1=integer optimal solution|pass2=integer optimal solution,0.15175520000002507
0.1,20,2,2,23,JOINT,352.1100637073601,integer optimal solution,0.11923919999998134
0.1,20,2,2,23,GW-ONLY,352.2392884752764,integer optimal solution,0.10080890000000409
0.1,20,2,2,23,OD-ONLY,352.1100637073601,integer optimal solution,0.008354100000019571
0.1,20,2,2,23,OD-FIRST,352.1100637073601,pass1=integer optimal solution|pass2=integer optimal solution,0.10563569999999345
0.1,20,2,2,23,GW-FIRST,352.2392884752765,pass1=integer optimal solution|pass2=integer optimal solution,0.1636916999999869
0.1,20,2,2,24,JOINT,354.74780793158396,integer optimal solution,0.09179549999998926
0.1,20,2,2,24,GW-ONLY,354.74780793158396,integer optimal solution,0.12088620000000105
0.1,20,2,2,24,OD-ONLY,354.74780793158396,integer optimal solution,0.00990490000000932
0.1,20,2,2,24,OD-FIRST,354.747807931584,pass1=integer optimal solution|pass2=integer optimal solution,0.11513930000000983
0.1,20,2,2,24,GW-FIRST,354.747807931584,pass1=integer optimal solution|pass2=integer optimal solution,0.14955349999999612
0.1,20,3,2,0,JOINT,304.5086247181405,integer optimal solution,0.216752299999996
0.1,20,3,2,0,GW-ONLY,304.5086247181405,integer optimal solution,0.1952970000000107
0.1,20,3,2,0,OD-ONLY,313.64706436432937,integer optimal solution,0.007157200000023067
0.1,20,3,2,0,OD-FIRST,304.5086247181405,pass1=integer optimal solution|pass2=integer optimal solution,0.22593929999999318
0.1,20,3,2,0,GW-FIRST,304.5086247181405,pass1=integer optimal solution|pass2=integer optimal solution,0.265548200000012
0.1,20,3,2,1,JOINT,360.95192160162236,integer optimal solution,0.1948855999999921
0.1,20,3,2,1,GW-ONLY,360.95192160162236,integer optimal solution,0.16343159999999557
0.1,20,3,2,1,OD-ONLY,370.05824420299206,integer optimal solution,0.0043287000000020726
0.1,20,3,2,1,OD-FIRST,360.9519216016224,pass1=integer optimal solution|pass2=integer optimal solution,0.1974965999999938
0.1,20,3,2,1,GW-FIRST,360.9519216016224,pass1=integer optimal solution|pass2=integer optimal solution,0.2509311000000025
0.1,20,3,2,2,JOINT,313.380036756648,integer optimal solution,0.12059279999999717
0.1,20,3,2,2,GW-ONLY,313.380036756648,integer optimal solution,0.13437370000002602
0.1,20,3,2,2,OD-ONLY,316.35447840236895,integer optimal solution,0.004678500000011354
0.1,20,3,2,2,OD-FIRST,313.68658250092324,pass1=integer optimal solution|pass2=integer optimal solution,0.1202214999999569
0.1,20,3,2,2,GW-FIRST,313.380036756648,pass1=integer optimal solution|pass2=integer optimal solution,0.18308669999998983
0.1,20,3,2,3,JOINT,336.775213660463,integer optimal solution,0.11310269999995626
0.1,20,3,2,3,GW-ONLY,336.775213660463,integer optimal solution,0.13497449999999844
0.1,20,3,2,3,OD-ONLY,336.775213660463,integer optimal solution,0.005882299999996121
0.1,20,3,2,3,OD-FIRST,336.775213660463,pass1=integer optimal solution|pass2=integer optimal solution,0.132654500000001
0.1,20,3,2,3,GW-FIRST,336.775213660463,pass1=integer optimal solution|pass2=integer optimal solution,0.1780065000000377
0.1,20,3,2,4,JOINT,339.1930263142704,integer optimal solution,0.10867150000001402
0.1,20,3,2,4,GW-ONLY,347.8895096261181,integer optimal solution,0.13312430000001996
0.1,20,3,2,4,OD-ONLY,339.1930263142704,integer optimal solution,0.005126099999984035
0.1,20,3,2,4,OD-FIRST,339.19302631427047,pass1=integer optimal solution|pass2=integer optimal solution,0.1073334000000159
0.1,20,3,2,4,GW-FIRST,347.8895096261181,pass1=integer optimal solution|pass2=integer optimal solution,0.16107470000002877
0.1,20,3,2,5,JOINT,305.75744395284147,integer optimal solution,0.14696040000001176
0.1,20,3,2,5,GW-ONLY,305.75744395284147,integer optimal solution,0.14513470000002826
0.1,20,3,2,5,OD-ONLY,315.71138048979395,integer optimal solution,0.003208900000004178
0.1,20,3,2,5,OD-FIRST,307.86835123018506,pass1=integer optimal solution|pass2=integer optimal solution,0.12584300000003168
0.1,20,3,2,5,GW-FIRST,305.7574439528415,pass1=integer optimal solution|pass2=integer optimal solution,0.20990050000000338
0.1,20,3,2,6,JOINT,320.02689907174084,integer optimal solution,0.16365250000001197
0.1,20,3,2,6,GW-ONLY,321.9420149339981,integer optimal solution,0.17437280000001465
0.1,20,3,2,6,OD-ONLY,327.7808398248961,integer optimal solution,0.010486899999989419
0.1,20,3,2,6,OD-FIRST,320.02689907174084,pass1=integer optimal solution|pass2=integer optimal solution,0.11750409999996236
0.1,20,3,2,6,GW-FIRST,321.6919375279143,pass1=integer optimal solution|pass2=integer optimal solution,0.23637189999999464
0.1,20,3,2,7,JOINT,280.70305558212254,integer optimal solution,0.1521031999999991
0.1,20,3,2,7,GW-ONLY,281.856840730224,integer optimal solution,0.19155269999998836
0.1,20,3,2,7,OD-ONLY,289.06146460973173,integer optimal solution,0.008282000000008338
0.1,20,3,2,7,OD-FIRST,282.67321263153576,pass1=integer optimal solution|pass2=integer optimal solution,0.15930299999996578
0.1,20,3,2,7,GW-FIRST,280.7437602311563,pass1=integer optimal solution|pass2=integer optimal solution,0.2611054999999851
0.1,20,3,2,8,JOINT,338.1327189465189,integer optimal solution,0.1938539000000219
0.1,20,3,2,8,GW-ONLY,338.1327189465189,integer optimal solution,0.15974330000000236
0.1,20,3,2,8,OD-ONLY,354.6293938045864,integer optimal solution,0.004661800000008043
0.1,20,3,2,8,OD-FIRST,342.86964762901295,pass1=integer optimal solution|pass2=integer optimal solution,0.17885459999996556
0.1,20,3,2,8,GW-FIRST,338.1327189465189,pass1=integer optimal solution|pass2=integer optimal solution,0.21878979999996773
0.1,20,3,2,9,JOINT,282.62076529315544,integer optimal solution,0.16175199999997858
0.1,20,3,2,9,GW-ONLY,288.1877880972372,integer optimal solution,0.16022330000004104
0.1,20,3,2,9,OD-ONLY,286.1642761789483,integer optimal solution,0.007216900000003079
0.1,20,3,2,9,OD-FIRST,282.62076529315544,pass1=integer optimal solution|pass2=integer optimal solution,0.13275429999998778
0.1,20,3,2,9,GW-FIRST,286.03525532246596,pass1=integer optimal solution|pass2=integer optimal solution,0.22709259999999176
0.1,20,3,2,10,JOINT,312.0954771296794,integer optimal solution,0.16862809999997808
0.1,20,3,2,10,GW-ONLY,312.0954771296794,integer optimal solution,0.16260369999997693
0.1,20,3,2,10,OD-ONLY,323.8500068666209,integer optimal solution,0.003763900000024023
0.1,20,3,2,10,OD-FIRST,312.0954771296794,pass1=integer optimal solution|pass2=integer optimal solution,0.14771749999999884
0.1,20,3,2,10,GW-FIRST,312.0954771296794,pass1=integer optimal solution|pass2=integer optimal solution,0.21416379999999435
0.1,20,3,2,11,JOINT,338.25109905825167,integer optimal solution,0.15559129999996912
0.1,20,3,2,11,GW-ONLY,338.25109905825167,integer optimal solution,0.17266649999999117
0.1,20,3,2,11,OD-ONLY,338.25109905825167,integer optimal solution,0.004615599999965525
0.1,20,3,2,11,OD-FIRST,338.2510990582516,pass1=integer optimal solution|pass2=integer optimal solution,0.16692000000000462
0.1,20,3,2,11,GW-FIRST,338.25109905825167,pass1=integer optimal solution|pass2=integer optimal solution,0.2119554000000221
0.1,20,3,2,12,JOINT,312.16570966120855,integer optimal solution,0.19006880000000592
0.1,20,3,2,12,GW-ONLY,312.35995506751976,integer optimal solution,0.19794429999996055
0.1,20,3,2,12,OD-ONLY,321.22362181880493,integer optimal solution,0.009812699999997676
0.1,20,3,2,12,OD-FIRST,316.5382920985391,pass1=integer optimal solution|pass2=integer optimal solution,0.12975690000001805
0.1,20,3,2,12,GW-FIRST,312.16570966120855,pass1=integer optimal solution|pass2=integer optimal solution,0.23187360000002855
0.1,20,3,2,13,JOINT,318.6472479722545,integer optimal solution,0.1767327000000023
0.1,20,3,2,13,GW-ONLY,321.67837665744514,integer optimal solution,0.15774469999996654
0.1,20,3,2,13,OD-ONLY,322.5056403113286,integer optimal solution,0.0071803000000159045
0.1,20,3,2,13,OD-FIRST,318.64724797225455,pass1=integer optimal solution|pass2=integer optimal solution,0.1716266000000246
0.1,20,3,2,13,GW-FIRST,321.67837665744514,pass1=integer optimal solution|pass2=integer optimal solution,0.2649895999999785
0.1,20,3,2,14,JOINT,303.46226696305047,integer optimal solution,0.1581737000000203
0.1,20,3,2,14,GW-ONLY,303.4622669630504,integer optimal solution,0.17236309999998412
0.1,20,3,2,14,OD-ONLY,324.5977275500972,integer optimal solution,0.008720100000005004
0.1,20,3,2,14,OD-FIRST,308.7565036532908,pass1=integer optimal solution|pass2=integer optimal solution,0.13206179999997403
0.1,20,3,2,14,GW-FIRST,303.46226696305047,pass1=integer optimal solution|pass2=integer optimal solution,0.21718959999998333
0.1,20,3,2,15,JOINT,335.8081895823678,integer optimal solution,0.1807982999999922
0.1,20,3,2,15,GW-ONLY,338.19318194560014,integer optimal solution,0.1763684000000012
0.1,20,3,2,15,OD-ONLY,344.57391203458417,integer optimal solution,0.007990799999959108
0.1,20,3,2,15,OD-FIRST,339.2578328571726,pass1=integer optimal solution|pass2=integer optimal solution,0.1585987000000273
0.1,20,3,2,15,GW-FIRST,338.19318194560014,pass1=integer optimal solution|pass2=integer optimal solution,0.23753010000001495
0.1,20,3,2,16,JOINT,332.87574705000884,integer optimal solution,0.18075609999999642
0.1,20,3,2,16,GW-ONLY,333.85635869591243,integer optimal solution,0.20178550000002815
0.1,20,3,2,16,OD-ONLY,340.76864871385493,integer optimal solution,0.013349399999981415
0.1,20,3,2,16,OD-FIRST,335.32605964676577,pass1=integer optimal solution|pass2=integer optimal solution,0.1622763999999961
0.1,20,3,2,16,GW-FIRST,333.85635869591243,pass1=integer optimal solution|pass2=integer optimal solution,0.2436437000000069
0.1,20,3,2,17,JOINT,317.0722436304281,integer optimal solution,0.16500120000000607
0.1,20,3,2,17,GW-ONLY,319.68184128026036,integer optimal solution,0.18500690000001896
0.1,20,3,2,17,OD-ONLY,317.07224363042815,integer optimal solution,0.007078100000001086
0.1,20,3,2,17,OD-FIRST,317.07224363042815,pass1=integer optimal solution|pass2=integer optimal solution,0.13131119999997054
0.1,20,3,2,17,GW-FIRST,319.3224733999319,pass1=integer optimal solution|pass2=integer optimal solution,0.2620541000000003
0.1,20,3,2,18,JOINT,359.06673940225767,integer optimal solution,0.1632716999999957
0.1,20,3,2,18,GW-ONLY,359.06673940225767,integer optimal solution,0.1851332000000525
0.1,20,3,2,18,OD-ONLY,368.13264188846074,integer optimal solution,0.005056400000000849
0.1,20,3,2,18,OD-FIRST,359.06673940225767,pass1=integer optimal solution|pass2=integer optimal solution,0.1717950999999971
0.1,20,3,2,18,GW-FIRST,359.06673940225767,pass1=integer optimal solution|pass2=integer optimal solution,0.2542030999999838
0.1,20,3,2,19,JOINT,306.31452263565654,integer optimal solution,0.1832072999999923
0.1,20,3,2,19,GW-ONLY,313.86986342034885,integer optimal solution,0.18648740000003272
0.1,20,3,2,19,OD-ONLY,306.3145226356565,integer optimal solution,0.006992299999978968
0.1,20,3,2,19,OD-FIRST,306.3145226356565,pass1=integer optimal solution|pass2=integer optimal solution,0.16502230000003237
0.1,20,3,2,19,GW-FIRST,306.31452263565654,pass1=integer optimal solution|pass2=integer optimal solution,0.3030171999999993
0.1,20,3,2,20,JOINT,304.4370210775954,integer optimal solution,0.1740333999999848
0.1,20,3,2,20,GW-ONLY,311.85368750924033,integer optimal solution,0.17714829999999893
0.1,20,3,2,20,OD-ONLY,304.4370210775953,integer optimal solution,0.008846199999993587
0.1,20,3,2,20,OD-FIRST,304.4370210775954,pass1=integer optimal solution|pass2=integer optimal solution,0.20564319999999725
0.1,20,3,2,20,GW-FIRST,309.3906276208524,pass1=integer optimal solution|pass2=integer optimal solution,0.2772444999999948
0.1,20,3,2,21,JOINT,332.7124409954207,integer optimal solution,0.18513129999996636
0.1,20,3,2,21,GW-ONLY,332.71244099542076,integer optimal solution,0.17003299999998944
0.1,20,3,2,21,OD-ONLY,336.05064157223103,integer optimal solution,0.00993319999997766
0.1,20,3,2,21,OD-FIRST,334.20743430825735,pass1=integer optimal solution|pass2=integer optimal solution,0.15093130000002475
0.1,20,3,2,21,GW-FIRST,332.7124409954207,pass1=integer optimal solution|pass2=integer optimal solution,0.22028870000002598
0.1,20,3,2,22,JOINT,293.3173770127122,integer optimal solution,0.15324169999996684
0.1,20,3,2,22,GW-ONLY,294.651076688368,integer optimal solution,0.17261139999999386
0.1,20,3,2,22,OD-ONLY,305.9144716674071,integer optimal solution,0.004289999999969041
0.1,20,3,2,22,OD-FIRST,293.3173770127122,pass1=integer optimal solution|pass2=integer optimal solution,0.13550320000001648
0.1,20,3,2,22,GW-FIRST,293.3173770127122,pass1=integer optimal solution|pass2=integer optimal solution,0.22037009999996826
0.1,20,3,2,23,JOINT,279.64908895662546,integer optimal solution,0.2025111000000379
0.1,20,3,2,23,GW-ONLY,281.0506381758027,integer optimal solution,0.2333145999999715
0.1,20,3,2,23,OD-ONLY,287.733388033573,integer optimal solution,0.005627800000013394
0.1,20,3,2,23,OD-FIRST,279.6490889566254,pass1=integer optimal solution|pass2=integer optimal solution,0.18122180000000299
0.1,20,3,2,23,GW-FIRST,281.0506381758027,pass1=integer optimal solution|pass2=integer optimal solution,0.24745120000000043
0.1,20,3,2,24,JOINT,352.61888791087785,integer optimal solution,0.15136100000000852
0.1,20,3,2,24,GW-ONLY,352.61888791087785,integer optimal solution,0.14516549999996187
0.1,20,3,2,24,OD-ONLY,353.383939316901,integer optimal solution,0.003866299999970124
0.1,20,3,2,24,OD-FIRST,353.3839393169009,pass1=integer optimal solution|pass2=integer optimal solution,0.15465530000000172
0.1,20,3,2,24,GW-FIRST,352.61888791087785,pass1=integer optimal solution|pass2=integer optimal solution,0.21728029999997034
0.1,20,2,3,0,JOINT,302.5153588610746,integer optimal solution,0.1294123000000127
0.1,20,2,3,0,GW-ONLY,314.88365857026054,integer optimal solution,0.10951030000001083
0.1,20,2,3,0,OD-ONLY,317.46706677012395,integer optimal solution,0.005101400000000922
0.1,20,2,3,0,OD-FIRST,302.5153588610746,pass1=integer optimal solution|pass2=integer optimal solution,0.1056760999999824
0.1,20,2,3,0,GW-FIRST,302.5153588610747,pass1=integer optimal solution|pass2=integer optimal solution,0.15288859999998294
0.1,20,2,3,1,JOINT,299.54231057253514,integer optimal solution,0.10176100000001043
0.1,20,2,3,1,GW-ONLY,299.54231057253514,integer optimal solution,0.10773419999998168
0.1,20,2,3,1,OD-ONLY,305.9952613762861,integer optimal solution,0.005734500000016851
0.1,20,2,3,1,OD-FIRST,299.54231057253514,pass1=integer optimal solution|pass2=integer optimal solution,0.3368260000000305
0.1,20,2,3,1,GW-FIRST,299.54231057253514,pass1=integer optimal solution|pass2=integer optimal solution,0.23747839999998632
0.1,20,2,3,2,JOINT,305.38542620070575,integer optimal solution,0.09727620000001025
0.1,20,2,3,2,GW-ONLY,305.7792814989683,integer optimal solution,0.06871089999998503
0.1,20,2,3,2,OD-ONLY,315.47433263204164,integer optimal solution,0.004596800000001622
0.1,20,2,3,2,OD-FIRST,305.3854262007057,pass1=integer optimal solution|pass2=integer optimal solution,0.09811539999998331
0.1,20,2,3,2,GW-FIRST,305.7792814989684,pass1=integer optimal solution|pass2=integer optimal solution,0.13578029999996488
0.1,20,2,3,3,JOINT,272.732804612599,integer optimal solution,0.11373399999996536
0.1,20,2,3,3,GW-ONLY,273.0423802117695,integer optimal solution,0.11029800000000023
0.1,20,2,3,3,OD-ONLY,274.2227813530778,integer optimal solution,0.004469800000038049
0.1,20,2,3,3,OD-FIRST,272.732804612599,pass1=integer optimal solution|pass2=integer optimal solution,0.09741270000000668
0.1,20,2,3,3,GW-FIRST,272.732804612599,pass1=integer optimal solution|pass2=integer optimal solution,0.16437489999998434
0.1,20,2,3,4,JOINT,366.3243380095925,integer optimal solution,0.11801189999999906
0.1,20,2,3,4,GW-ONLY,372.9036626345128,integer optimal solution,0.12017359999998689
0.1,20,2,3,4,OD-ONLY,375.98859081168735,integer optimal solution,0.005211300000041774
0.1,20,2,3,4,OD-FIRST,366.32433800959257,pass1=integer optimal solution|pass2=integer optimal solution,0.09644009999999525
0.1,20,2,3,4,GW-FIRST,372.9036626345128,pass1=integer optimal solution|pass2=integer optimal solution,0.13929020000000492
0.1,20,2,3,5,JOINT,285.5606005212407,integer optimal solution,0.07257459999999583
0.1,20,2,3,5,GW-ONLY,286.50825168191017,integer optimal solution,0.07813319999996793
0.1,20,2,3,5,OD-ONLY,304.93178598168413,integer optimal solution,0.005974400000013702
0.1,20,2,3,5,OD-FIRST,285.56060052124076,pass1=integer optimal solution|pass2=integer optimal solution,0.08350159999997686
0.1,20,2,3,5,GW-FIRST,285.5606005212407,pass1=integer optimal solution|pass2=integer optimal solution,0.12823530000002847
0.1,20,2,3,6,JOINT,337.63575611742385,integer optimal solution,0.09280100000000857
0.1,20,2,3,6,GW-ONLY,337.6357561174239,integer optimal solution,0.1106473000000392
0.1,20,2,3,6,OD-ONLY,354.6239935083845,integer optimal solution,0.003987699999981942
0.1,20,2,3,6,OD-FIRST,344.33817025902937,pass1=integer optimal solution|pass2=integer optimal solution,0.07235589999999092
0.1,20,2,3,6,GW-FIRST,337.6357561174239,pass1=integer optimal solution|pass2=integer optimal solution,0.11458460000000059
0.1,20,2,3,7,JOINT,340.99623173046507,integer optimal solution,0.10687510000002476
0.1,20,2,3,7,GW-ONLY,350.19147164493234,integer optimal solution,0.08856240000000071
0.1,20,2,3,7,OD-ONLY,341.8714929577359,integer optimal solution,0.004883200000051602
0.1,20,2,3,7,OD-FIRST,340.9962317304651,pass1=integer optimal solution|pass2=integer optimal solution,0.08607280000001083
0.1,20,2,3,7,GW-FIRST,347.2447154649333,pass1=integer optimal solution|pass2=integer optimal solution,0.12893750000000637
0.1,20,2,3,8,JOINT,300.5353205780896,integer optimal solution,0.09994599999998854
0.1,20,2,3,8,GW-ONLY,312.15864511013706,integer optimal solution,0.10652880000003506
0.1,20,2,3,8,OD-ONLY,303.80762350798835,integer optimal solution,0.007946500000002743
0.1,20,2,3,8,OD-FIRST,300.5353205780897,pass1=integer optimal solution|pass2=integer optimal solution,0.10060939999999619
0.1,20,2,3,8,GW-FIRST,305.50650151447087,pass1=integer optimal solution|pass2=integer optimal solution,0.13620929999996179
0.1,20,2,3,9,JOINT,321.61539544165277,integer optimal solution,0.09052189999999882
0.1,20,2,3,9,GW-ONLY,321.61539544165277,integer optimal solution,0.09829410000003236
0.1,20,2,3,9,OD-ONLY,321.61539544165277,integer optimal solution,0.003747099999998227
0.1,20,2,3,9,OD-FIRST,321.6153954416528,pass1=integer optimal solution|pass2=integer optimal solution,0.08260310000002846
0.1,20,2,3,9,GW-FIRST,321.61539544165277,pass1=integer optimal solution|pass2=integer optimal solution,0.11763980000000629
0.1,20,2,3,10,JOINT,334.2671275394227,integer optimal solution,0.09093780000000606
0.1,20,2,3,10,GW-ONLY,345.5581122685308,integer optimal solution,0.10563809999996465
0.1,20,2,3,10,OD-ONLY,356.78013489461483,integer optimal solution,0.005401199999994333
0.1,20,2,3,10,OD-FIRST,335.0834431038255,pass1=integer optimal solution|pass2=integer optimal solution,0.0772628999999938
0.1,20,2,3,10,GW-FIRST,340.60991600287497,pass1=integer optimal solution|pass2=integer optimal solution,0.12830750000000535
0.1,20,2,3,11,JOINT,323.34134361132885,integer optimal solution,0.09929720000002362
0.1,20,2,3,11,GW-ONLY,323.34134361132885,integer optimal solution,0.09635750000001053
0.1,20,2,3,11,OD-ONLY,323.34134361132885,integer optimal solution,0.005087600000024395
0.1,20,2,3,11,OD-FIRST,323.34134361132874,pass1=integer optimal solution|pass2=integer optimal solution,0.11201040000003104
0.1,20,2,3,11,GW-FIRST,323.34134361132874,pass1=integer optimal solution|pass2=integer optimal solution,0.1554800000000114
0.1,20,2,3,12,JOINT,323.06772879473,integer optimal solution,0.1232047000000307
0.1,20,2,3,12,GW-ONLY,338.07442505889736,integer optimal solution,0.0996536999999762
0.1,20,2,3,12,OD-ONLY,323.06772879473004,integer optimal solution,0.00815660000000662
0.1,20,2,3,12,OD-FIRST,323.06772879473,pass1=integer optimal solution|pass2=integer optimal solution,0.07256869999997662
0.1,20,2,3,12,GW-FIRST,323.06772879473,pass1=integer optimal solution|pass2=integer optimal solution,0.14645740000003116
0.1,20,2,3,13,JOINT,313.39837766235325,integer optimal solution,0.10555830000004107
0.1,20,2,3,13,GW-ONLY,315.98796310334563,integer optimal solution,0.09141990000000533
0.1,20,2,3,13,OD-ONLY,321.0190984383952,integer optimal solution,0.00505249999997659
0.1,20,2,3,13,OD-FIRST,313.39837766235325,pass1=integer optimal solution|pass2=integer optimal solution,0.08027190000001383
0.1,20,2,3,13,GW-FIRST,315.9879631033456,pass1=integer optimal solution|pass2=integer optimal solution,0.14641090000003487
0.1,20,2,3,14,JOINT,309.2909574683316,integer optimal solution,0.09188729999999623
0.1,20,2,3,14,GW-ONLY,309.2909574683316,integer optimal solution,0.08990130000000818
0.1,20,2,3,14,OD-ONLY,324.7001564208659,integer optimal solution,0.0057137999999667954
0.1,20,2,3,14,OD-FIRST,309.77957828094344,pass1=integer optimal solution|pass2=integer optimal solution,0.09515979999997626
0.1,20,2,3,14,GW-FIRST,309.2909574683316,pass1=integer optimal solution|pass2=integer optimal solution,0.11322769999998172
0.1,20,2,3,15,JOINT,348.2304531979348,integer optimal solution,0.09652720000002546
0.1,20,2,3,15,GW-ONLY,350.0595402573141,integer optimal solution,0.08549830000004022
0.1,20,2,3,15,OD-ONLY,348.2304531979348,integer optimal solution,0.004687599999954273
0.1,20,2,3,15,OD-FIRST,348.2304531979348,pass1=integer optimal solution|pass2=integer optimal solution,0.06760539999999082
0.1,20,2,3,15,GW-FIRST,349.11750646208327,pass1=integer optimal solution|pass2=integer optimal solution,0.1435867000000144
0.1,20,2,3,16,JOINT,308.2837655398072,integer optimal solution,0.1466869999999858
0.1,20,2,3,16,GW-ONLY,308.2837655398072,integer optimal solution,0.1306854000000044
0.1,20,2,3,16,OD-ONLY,308.9792997609202,integer optimal solution,0.005067800000006173
0.1,20,2,3,16,OD-FIRST,308.9792997609201,pass1=integer optimal solution|pass2=integer optimal solution,0.11013279999997394
0.1,20,2,3,16,GW-FIRST,308.2837655398072,pass1=integer optimal solution|pass2=integer optimal solution,0.16307060000002593
0.1,20,2,3,17,JOINT,294.4575080733236,integer optimal solution,0.10164730000002464
0.1,20,2,3,17,GW-ONLY,294.4575080733236,integer optimal solution,0.10054959999996527
0.1,20,2,3,17,OD-ONLY,312.07787641648895,integer optimal solution,0.008642799999961426
0.1,20,2,3,17,OD-FIRST,294.45750807332365,pass1=integer optimal solution|pass2=integer optimal solution,0.12418930000001183
0.1,20,2,3,17,GW-FIRST,294.45750807332365,pass1=integer optimal solution|pass2=integer optimal solution,0.15405849999996235
0.1,20,2,3,18,JOINT,293.41636485787774,integer optimal solution,0.10190779999999222
0.1,20,2,3,18,GW-ONLY,294.95815892638495,integer optimal solution,0.10871499999996104
0.1,20,2,3,18,OD-ONLY,312.6002163601101,integer optimal solution,0.01260720000004767
0.1,20,2,3,18,OD-FIRST,293.41636485787774,pass1=integer optimal solution|pass2=integer optimal solution,0.10630029999998669
0.1,20,2,3,18,GW-FIRST,293.41636485787774,pass1=integer optimal solution|pass2=integer optimal solution,0.16439380000002757
0.1,20,2,3,19,JOINT,310.7903693710026,integer optimal solution,0.10051829999997608
0.1,20,2,3,19,GW-ONLY,310.7903693710026,integer optimal solution,0.1038752000000045
0.1,20,2,3,19,OD-ONLY,323.85172338955493,integer optimal solution,0.007389799999998559
0.1,20,2,3,19,OD-FIRST,314.6880561767682,pass1=integer optimal solution|pass2=integer optimal solution,0.08836089999999786
0.1,20,2,3,19,GW-FIRST,310.7903693710026,pass1=integer optimal solution|pass2=integer optimal solution,0.15254520000002003
0.1,20,2,3,20,JOINT,379.938706307967,integer optimal solution,0.0953473999999801
0.1,20,2,3,20,GW-ONLY,384.35262842753286,integer optimal solution,0.09637069999996584
0.1,20,2,3,20,OD-ONLY,380.51900908173263,integer optimal solution,0.005008599999996477
0.1,20,2,3,20,OD-FIRST,380.5190090817327,pass1=integer optimal solution|pass2=integer optimal solution,0.08118269999999939
0.1,20,2,3,20,GW-FIRST,379.9387063079669,pass1=integer optimal solution|pass2=integer optimal solution,0.16039760000001024
0.1,20,2,3,21,JOINT,348.55294088921727,integer optimal solution,0.0964968999999769
0.1,20,2,3,21,GW-ONLY,350.95441649122216,integer optimal solution,0.08895050000000992
0.1,20,2,3,21,OD-ONLY,355.2411407980665,integer optimal solution,0.005238499999961732
0.1,20,2,3,21,OD-FIRST,348.55294088921727,pass1=integer optimal solution|pass2=integer optimal solution,0.08869820000001027
0.1,20,2,3,21,GW-FIRST,348.5529408892173,pass1=integer optimal solution|pass2=integer optimal solution,0.14396429999999327
0.1,20,2,3,22,JOINT,308.10163352805654,integer optimal solution,0.10479830000002721
0.1,20,2,3,22,GW-ONLY,308.1016335280565,integer optimal solution,0.09860709999998107
0.1,20,2,3,22,OD-ONLY,333.9675243949348,integer optimal solution,0.007239199999958146
0.1,20,2,3,22,OD-FIRST,311.47365993722474,pass1=integer optimal solution|pass2=integer optimal solution,0.10379490000002534
0.1,20,2,3,22,GW-FIRST,308.10163352805654,pass1=integer optimal solution|pass2=integer optimal solution,0.14467519999999467
0.1,20,2,3,23,JOINT,288.11759904975224,integer optimal solution,0.10010579999999436
0.1,20,2,3,23,GW-ONLY,294.2447332002695,integer optimal solution,0.09163980000005267
0.1,20,2,3,23,OD-ONLY,289.89829030773143,integer optimal solution,0.006149300000004132
0.1,20,2,3,23,OD-FIRST,289.8982903077315,pass1=integer optimal solution|pass2=integer optimal solution,0.07910840000005237
0.1,20,2,3,23,GW-FIRST,288.1175990497523,pass1=integer optimal solution|pass2=integer optimal solution,0.16420390000001817
0.1,20,2,3,24,JOINT,304.89715529474535,integer optimal solution,0.0916116999999872
0.1,20,2,3,24,GW-ONLY,314.94092917771184,integer optimal solution,0.08619410000000016
0.1,20,2,3,24,OD-ONLY,312.72830256105493,integer optimal solution,0.008690800000010768
0.1,20,2,3,24,OD-FIRST,312.7283025610549,pass1=integer optimal solution|pass2=integer optimal solution,0.07115360000000237
0.1,20,2,3,24,GW-FIRST,314.94092917771184,pass1=integer optimal solution|pass2=integer optimal solution,0.13315900000003467
0.1,20,3,3,0,JOINT,342.2329299045907,integer optimal solution,0.19749300000000858
0.1,20,3,3,0,GW-ONLY,342.2329299045907,integer optimal solution,0.20150499999999738
0.1,20,3,3,0,OD-ONLY,353.10662201396394,integer optimal solution,0.009025300000018888
0.1,20,3,3,0,OD-FIRST,342.23292990459083,pass1=integer optimal solution|pass2=integer optimal solution,0.20472719999997935
0.1,20,3,3,0,GW-FIRST,342.2329299045908,pass1=integer optimal solution|pass2=integer optimal solution,0.245397300000036
0.1,20,3,3,1,JOINT,339.8254714443178,integer optimal solution,0.1646521999999777
0.1,20,3,3,1,GW-ONLY,339.8254714443178,integer optimal solution,0.17043319999999085
0.1,20,3,3,1,OD-ONLY,339.8254714443179,integer optimal solution,0.0068143999999961125
0.1,20,3,3,1,OD-FIRST,339.8254714443178,pass1=integer optimal solution|pass2=integer optimal solution,0.18247310000003836
0.1,20,3,3,1,GW-FIRST,339.8254714443178,pass1=integer optimal solution|pass2=integer optimal solution,0.2906136999999944
0.1,20,3,3,2,JOINT,287.74600791280835,integer optimal solution,0.16331830000001446
0.1,20,3,3,2,GW-ONLY,297.38307383077466,integer optimal solution,0.20122089999995296
0.1,20,3,3,2,OD-ONLY,287.74600791280835,integer optimal solution,0.010667699999999058
0.1,20,3,3,2,OD-FIRST,287.74600791280835,pass1=integer optimal solution|pass2=integer optimal solution,0.1310950999999818
0.1,20,3,3,2,GW-FIRST,297.3830738307747,pass1=integer optimal solution|pass2=integer optimal solution,0.2638896999999929
0.1,20,3,3,3,JOINT,327.4460973413398,integer optimal solution,0.22470340000000988
0.1,20,3,3,3,GW-ONLY,331.52019619717726,integer optimal solution,0.15161109999996825
0.1,20,3,3,3,OD-ONLY,328.79199439871724,integer optimal solution,0.013839200000006713
0.1,20,3,3,3,OD-FIRST,327.4460973413398,pass1=integer optimal solution|pass2=integer optimal solution,0.12553879999995843
0.1,20,3,3,3,GW-FIRST,327.47821326866193,pass1=integer optimal solution|pass2=integer optimal solution,0.23903810000001613
0.1,20,3,3,4,JOINT,309.9778375332468,integer optimal solution,0.2225645000000327
0.1,20,3,3,4,GW-ONLY,314.3760609255914,integer optimal solution,0.17725839999997106
0.1,20,3,3,4,OD-ONLY,315.29017650758306,integer optimal solution,0.014063200000009601
0.1,20,3,3,4,OD-FIRST,314.9278253111983,pass1=integer optimal solution|pass2=integer optimal solution,0.10600410000000693
0.1,20,3,3,4,GW-FIRST,314.37606092559133,pass1=integer optimal solution|pass2=integer optimal solution,0.21720759999999473
0.1,20,3,3,5,JOINT,289.32654807543355,integer optimal solution,0.1568990000000099
0.1,20,3,3,5,GW-ONLY,296.9166922726449,integer optimal solution,0.1604830999999649
0.1,20,3,3,5,OD-ONLY,299.2364405453453,integer optimal solution,0.012344699999971454
0.1,20,3,3,5,OD-FIRST,299.2364405453454,pass1=integer optimal solution|pass2=integer optimal solution,0.1274729999999522
0.1,20,3,3,5,GW-FIRST,296.9166922726449,pass1=integer optimal solution|pass2=integer optimal solution,0.17718659999997044
0.1,20,3,3,6,JOINT,296.34802810787653,integer optimal solution,0.16266070000000354
0.1,20,3,3,6,GW-ONLY,296.34802810787653,integer optimal solution,0.1332422000000406
0.1,20,3,3,6,OD-ONLY,301.61719478513015,integer optimal solution,0.007010600000000977
0.1,20,3,3,6,OD-FIRST,296.3480281078766,pass1=integer optimal solution|pass2=integer optimal solution,0.1415959000000271
0.1,20,3,3,6,GW-FIRST,296.34802810787653,pass1=integer optimal solution|pass2=integer optimal solution,0.22063249999996515
0.1,20,3,3,7,JOINT,321.17630069794484,integer optimal solution,0.1735360000000128
0.1,20,3,3,7,GW-ONLY,327.2922573276724,integer optimal solution,0.2102889000000232
0.1,20,3,3,7,OD-ONLY,321.17630069794484,integer optimal solution,0.011466900000016267
0.1,20,3,3,7,OD-FIRST,321.1763006979449,pass1=integer optimal solution|pass2=integer optimal solution,0.1762124999999628
0.1,20,3,3,7,GW-FIRST,321.1763006979449,pass1=integer optimal solution|pass2=integer optimal solution,0.21682409999999663
0.1,20,3,3,8,JOINT,356.0200850975575,integer optimal solution,0.17971049999999877
0.1,20,3,3,8,GW-ONLY,356.0200850975574,integer optimal solution,0.20156900000000633
0.1,20,3,3,8,OD-ONLY,360.61003656141895,integer optimal solution,0.006453700000008666
0.1,20,3,3,8,OD-FIRST,360.13221823512504,pass1=integer optimal solution|pass2=integer optimal solution,0.1497714000000201
0.1,20,3,3,8,GW-FIRST,356.02008509755746,pass1=integer optimal solution|pass2=integer optimal solution,0.2531010000000151
0.1,20,3,3,9,JOINT,372.06436942444867,integer optimal solution,0.15971889999997302
0.1,20,3,3,9,GW-ONLY,372.06436942444867,integer optimal solution,0.1789141999999515
0.1,20,3,3,9,OD-ONLY,379.8169088422076,integer optimal solution,0.005330300000025545
0.1,20,3,3,9,OD-FIRST,372.0643694244488,pass1=integer optimal solution|pass2=integer optimal solution,0.17571440000000393
0.1,20,3,3,9,GW-FIRST,372.0643694244487,pass1=integer optimal solution|pass2=integer optimal solution,0.26132439999997814
0.1,20,3,3,10,JOINT,306.03805091971185,integer optimal solution,0.18004070000000638
0.1,20,3,3,10,GW-ONLY,310.8500900396921,integer optimal solution,0.19297620000003235
0.1,20,3,3,10,OD-ONLY,315.8976170049385,integer optimal solution,0.006121899999982361
0.1,20,3,3,10,OD-FIRST,306.03805091971185,pass1=integer optimal solution|pass2=integer optimal solution,0.15391790000001038
0.1,20,3,3,10,GW-FIRST,306.03805091971185,pass1=integer optimal solution|pass2=integer optimal solution,0.2671722000000045
0.1,20,3,3,11,JOINT,301.0741647842542,integer optimal solution,0.1933807999999999
0.1,20,3,3,11,GW-ONLY,307.5197149874597,integer optimal solution,0.19763519999997925
0.1,20,3,3,11,OD-ONLY,301.64587031581635,integer optimal solution,0.007163499999990108
0.1,20,3,3,11,OD-FIRST,301.64587031581635,pass1=integer optimal solution|pass2=integer optimal solution,0.1102314999999976
0.1,20,3,3,11,GW-FIRST,305.62496723043506,pass1=integer optimal solution|pass2=integer optimal solution,0.2847696000000042
0.1,20,3,3,12,JOINT,380.7721580706178,integer optimal solution,0.16809699999998884
0.1,20,3,3,12,GW-ONLY,380.7721580706178,integer optimal solution,0.19489229999999225
0.1,20,3,3,12,OD-ONLY,383.46735172118656,integer optimal solution,0.0041411999999922955
0.1,20,3,3,12,OD-FIRST,380.7721580706178,pass1=integer optimal solution|pass2=integer optimal solution,0.42003159999995887
0.1,20,3,3,12,GW-FIRST,380.7721580706178,pass1=integer optimal solution|pass2=integer optimal solution,0.2844029999999975
0.1,20,3,3,13,JOINT,331.380309362454,integer optimal solution,0.19400279999996428
0.1,20,3,3,13,GW-ONLY,331.380309362454,integer optimal solution,0.1679773000000182
0.1,20,3,3,13,OD-ONLY,335.52752202066137,integer optimal solution,0.011329799999998613
0.1,20,3,3,13,OD-FIRST,331.3803093624539,pass1=integer optimal solution|pass2=integer optimal solution,0.18336709999999812
0.1,20,3,3,13,GW-FIRST,331.38030936245394,pass1=integer optimal solution|pass2=integer optimal solution,0.24921969999996918
0.1,20,3,3,14,JOINT,277.69901221426505,integer optimal solution,0.16370180000001255
0.1,20,3,3,14,GW-ONLY,282.45054302420215,integer optimal solution,0.15656799999999294
0.1,20,3,3,14,OD-ONLY,289.6063986057924,integer optimal solution,0.00887199999999666
0.1,20,3,3,14,OD-FIRST,278.971291369978,pass1=integer optimal solution|pass2=integer optimal solution,0.13410529999998744
0.1,20,3,3,14,GW-FIRST,277.6990122142651,pass1=integer optimal solution|pass2=integer optimal solution,0.2403130999999803
0.1,20,3,3,15,JOINT,299.57879209275944,integer optimal solution,0.17127510000000257
0.1,20,3,3,15,GW-ONLY,302.72040530509304,integer optimal solution,0.16865819999998166
0.1,20,3,3,15,OD-ONLY,312.6835216819397,integer optimal solution,0.01117740000000822
0.1,20,3,3,15,OD-FIRST,304.59384458965155,pass1=integer optimal solution|pass2=integer optimal solution,0.12896670000003496
0.1,20,3,3,15,GW-FIRST,299.5787920927595,pass1=integer optimal solution|pass2=integer optimal solution,0.2553442999999902
0.1,20,3,3,16,JOINT,362.11071276835014,integer optimal solution,0.1770377999999937
0.1,20,3,3,16,GW-ONLY,370.51894566518143,integer optimal solution,0.17131480000000465
0.1,20,3,3,16,OD-ONLY,368.5889183748635,integer optimal solution,0.009097399999973277
0.1,20,3,3,16,OD-FIRST,362.2591723166646,pass1=integer optimal solution|pass2=integer optimal solution,0.14412360000000035
0.1,20,3,3,16,GW-FIRST,370.5189456651815,pass1=integer optimal solution|pass2=integer optimal solution,0.244763799999987
0.1,20,3,3,17,JOINT,314.17941827124315,integer optimal solution,0.30206569999995736
0.1,20,3,3,17,GW-ONLY,316.2022676347314,integer optimal solution,0.22465210000001434
0.1,20,3,3,17,OD-ONLY,320.35438970367994,integer optimal solution,0.01189980000003743
0.1,20,3,3,17,OD-FIRST,314.60796011867524,pass1=integer optimal solution|pass2=integer optimal solution,0.12556169999999156
0.1,20,3,3,17,GW-FIRST,316.20226763473136,pass1=integer optimal solution|pass2=integer optimal solution,0.3036243999999897
0.1,20,3,3,18,JOINT,295.5044071094989,integer optimal solution,0.2525691999999822
0.1,20,3,3,18,GW-ONLY,299.0053480598498,integer optimal solution,0.20779290000001538
0.1,20,3,3,18,OD-ONLY,306.421882159546,integer optimal solution,0.005993899999964469
0.1,20,3,3,18,OD-FIRST,298.5562832487218,pass1=integer optimal solution|pass2=integer optimal solution,0.17646059999998442
0.1,20,3,3,18,GW-FIRST,299.0053480598498,pass1=integer optimal solution|pass2=integer optimal solution,0.2767400999999836
0.1,20,3,3,19,JOINT,280.4428819528797,integer optimal solution,0.23016409999996768
0.1,20,3,3,19,GW-ONLY,282.89990803001007,integer optimal solution,0.20974309999996876
0.1,20,3,3,19,OD-ONLY,296.0788967984159,integer optimal solution,0.026920700000005127
0.1,20,3,3,19,OD-FIRST,280.44288195287965,pass1=integer optimal solution|pass2=integer optimal solution,0.11405680000001439
0.1,20,3,3,19,GW-FIRST,280.44288195287965,pass1=integer optimal solution|pass2=integer optimal solution,0.21613430000002154
0.1,20,3,3,20,JOINT,316.838389397328,integer optimal solution,0.20919569999995247
0.1,20,3,3,20,GW-ONLY,316.838389397328,integer optimal solution,0.15707550000001902
0.1,20,3,3,20,OD-ONLY,319.4629173656373,integer optimal solution,0.006324399999982688
0.1,20,3,3,20,OD-FIRST,319.46291736563734,pass1=integer optimal solution|pass2=integer optimal solution,0.17595119999998587
0.1,20,3,3,20,GW-FIRST,316.83838939732794,pass1=integer optimal solution|pass2=integer optimal solution,0.24287409999999454
0.1,20,3,3,21,JOINT,312.99853548943196,integer optimal solution,0.20854980000001433
0.1,20,3,3,21,GW-ONLY,314.52772790092206,integer optimal solution,0.19932690000001685
0.1,20,3,3,21,OD-ONLY,313.3073382726685,integer optimal solution,0.011241900000015903
0.1,20,3,3,21,OD-FIRST,312.9985354894319,pass1=integer optimal solution|pass2=integer optimal solution,0.20645940000002838
0.1,20,3,3,21,GW-FIRST,314.52772790092206,pass1=integer optimal solution|pass2=integer optimal solution,0.2886929000000009
0.1,20,3,3,22,JOINT,324.2578651499331,integer optimal solution,0.17780380000004925
0.1,20,3,3,22,GW-ONLY,324.25786514993314,integer optimal solution,0.20294020000000046
0.1,20,3,3,22,OD-ONLY,324.2578651499331,integer optimal solution,0.011580199999968954
0.1,20,3,3,22,OD-FIRST,324.2578651499332,pass1=integer optimal solution|pass2=integer optimal solution,0.17949590000000626
0.1,20,3,3,22,GW-FIRST,324.2578651499332,pass1=integer optimal solution|pass2=integer optimal solution,0.3359624999999937
0.1,20,3,3,23,JOINT,360.2437110565748,integer optimal solution,0.12939189999997325
0.1,20,3,3,23,GW-ONLY,368.28291328456385,integer optimal solution,0.10662860000002183
0.1,20,3,3,23,OD-ONLY,360.2437110565748,integer optimal solution,0.003991000000041822
0.1,20,3,3,23,OD-FIRST,360.24371105657485,pass1=integer optimal solution|pass2=integer optimal solution,0.08762799999999515
0.1,20,3,3,23,GW-FIRST,368.28291328456385,pass1=integer optimal solution|pass2=integer optimal solution,0.1583016999999245
0.1,20,3,3,24,JOINT,301.4124958170898,integer optimal solution,0.17434590000004846
0.1,20,3,3,24,GW-ONLY,304.2530517691357,integer optimal solution,0.1528309000000263
0.1,20,3,3,24,OD-ONLY,301.4124958170898,integer optimal solution,0.008913699999993696
0.1,20,3,3,24,OD-FIRST,301.4124958170898,pass1=integer optimal solution|pass2=integer optimal solution,0.16955080000002454
0.1,20,3,3,24,GW-FIRST,304.2530517691357,pass1=integer optimal solution|pass2=integer optimal solution,0.23894559999996545
0.3,10,2,2,0,JOINT,182.4050790133879,integer optimal solution,0.03467530000000352
0.3,10,2,2,0,GW-ONLY,182.4050790133879,integer optimal solution,0.030875199999968572
0.3,10,2,2,0,OD-ONLY,182.40507901338788,integer optimal solution,0.003440099999920676
0.3,10,2,2,0,OD-FIRST,182.4050790133879,pass1=integer optimal solution|pass2=integer optimal solution,0.04222540000000663
0.3,10,2,2,0,GW-FIRST,182.40507901338788,pass1=integer optimal solution|pass2=integer optimal solution,0.034496999999987565
0.3,10,2,2,1,JOINT,165.56553169733007,integer optimal solution,0.03165969999997742
0.3,10,2,2,1,GW-ONLY,165.56553169733007,integer optimal solution,0.032221700000036435
0.3,10,2,2,1,OD-ONLY,170.1711465677342,integer optimal solution,0.0039636999999856926
0.3,10,2,2,1,OD-FIRST,165.56553169733007,pass1=integer optimal solution|pass2=integer optimal solution,0.03395069999999123
0.3,10,2,2,1,GW-FIRST,165.56553169733007,pass1=integer optimal solution|pass2=integer optimal solution,0.037236600000028375
0.3,10,2,2,2,JOINT,130.07808633541458,integer optimal solution,0.033924399999932575
0.3,10,2,2,2,GW-ONLY,130.07808633541458,integer optimal solution,0.033700500000009015
0.3,10,2,2,2,OD-ONLY,136.20738724258493,integer optimal solution,0.004156500000021879
0.3,10,2,2,2,OD-FIRST,135.5026414020639,pass1=integer optimal solution|pass2=integer optimal solution,0.02975299999991421
0.3,10,2,2,2,GW-FIRST,130.07808633541455,pass1=integer optimal solution|pass2=integer optimal solution,0.042170400000031805
0.3,10,2,2,3,JOINT,184.9609051941127,integer optimal solution,0.04394549999994979
0.3,10,2,2,3,GW-ONLY,184.96090519411268,integer optimal solution,0.0371180000000777
0.3,10,2,2,3,OD-ONLY,185.88002825530683,integer optimal solution,0.003389599999991333
0.3,10,2,2,3,OD-FIRST,184.96090519411268,pass1=integer optimal solution|pass2=integer optimal solution,0.04016620000004423
0.3,10,2,2,3,GW-FIRST,184.9609051941127,pass1=integer optimal solution|pass2=integer optimal solution,0.04141039999990426
0.3,10,2,2,4,JOINT,181.76275126608815,integer optimal solution,0.038820300000111274
0.3,10,2,2,4,GW-ONLY,181.76275126608815,integer optimal solution,0.030602000000044427
0.3,10,2,2,4,OD-ONLY,181.76275126608817,integer optimal solution,0.004012700000089353
0.3,10,2,2,4,OD-FIRST,181.76275126608815,pass1=integer optimal solution|pass2=integer optimal solution,0.033882199999993645
0.3,10,2,2,4,GW-FIRST,181.76275126608817,pass1=integer optimal solution|pass2=integer optimal solution,0.033230800000069394
0.3,10,2,2,5,JOINT,144.77114094388972,integer optimal solution,0.03063159999999243
0.3,10,2,2,5,GW-ONLY,147.4981154159102,integer optimal solution,0.03313900000000558
0.3,10,2,2,5,OD-ONLY,144.77114094388972,integer optimal solution,0.0033248999999386797
0.3,10,2,2,5,OD-FIRST,144.7711409438897,pass1=integer optimal solution|pass2=integer optimal solution,0.02703520000000026
0.3,10,2,2,5,GW-FIRST,144.77114094388972,pass1=integer optimal solution|pass2=integer optimal solution,0.039653600000065126
0.3,10,2,2,6,JOINT,175.11751585228598,integer optimal solution,0.03852919999997084
0.3,10,2,2,6,GW-ONLY,176.7600147993694,integer optimal solution,0.04230070000005526
0.3,10,2,2,6,OD-ONLY,176.37140802808185,integer optimal solution,0.005725600000005215
0.3,10,2,2,6,OD-FIRST,175.11751585228598,pass1=integer optimal solution|pass2=integer optimal solution,0.0265390000000707
0.3,10,2,2,6,GW-FIRST,176.7600147993694,pass1=integer optimal solution|pass2=integer optimal solution,0.042919100000062826
0.3,10,2,2,7,JOINT,169.63587481458174,integer optimal solution,0.0371208999999908
0.3,10,2,2,7,GW-ONLY,169.63587481458177,integer optimal solution,0.04067829999996775
0.3,10,2,2,7,OD-ONLY,169.63587481458174,integer optimal solution,0.003587499999980537
0.3,10,2,2,7,OD-FIRST,169.63587481458177,pass1=integer optimal solution|pass2=integer optimal solution,0.03562660000000051
0.3,10,2,2,7,GW-FIRST,169.63587481458174,pass1=integer optimal solution|pass2=integer optimal solution,0.03672510000001239
0.3,10,2,2,8,JOINT,169.6520138930736,integer optimal solution,0.034697999999934837
0.3,10,2,2,8,GW-ONLY,170.68652912856348,integer optimal solution,0.028383899999994355
0.3,10,2,2,8,OD-ONLY,169.6520138930736,integer optimal solution,0.002828200000067227
0.3,10,2,2,8,OD-FIRST,169.6520138930736,pass1=integer optimal solution|pass2=integer optimal solution,0.0217609999999695
0.3,10,2,2,8,GW-FIRST,169.6520138930736,pass1=integer optimal solution|pass2=integer optimal solution,0.03450149999991936
0.3,10,2,2,9,JOINT,126.61154033698712,integer optimal solution,0.020441699999992125
0.3,10,2,2,9,GW-ONLY,135.07412588866111,integer optimal solution,0.019693599999982325
0.3,10,2,2,9,OD-ONLY,133.85978700825115,integer optimal solution,0.004968200000007528
0.3,10,2,2,9,OD-FIRST,126.61154033698712,pass1=integer optimal solution|pass2=integer optimal solution,0.013319299999920986
0.3,10,2,2,9,GW-FIRST,133.47515827246235,pass1=integer optimal solution|pass2=integer optimal solution,0.027922500000045147
0.3,10,2,2,10,JOINT,142.80901195197498,integer optimal solution,0.03157809999993333
0.3,10,2,2,10,GW-ONLY,142.80901195197495,integer optimal solution,0.03132130000005873
0.3,10,2,2,10,OD-ONLY,142.80901195197495,integer optimal solution,0.0021392999999534368
0.3,10,2,2,10,OD-FIRST,142.80901195197495,pass1=integer optimal solution|pass2=integer optimal solution,0.02284029999998438
0.3,10,2,2,10,GW-FIRST,142.80901195197495,pass1=integer optimal solution|pass2=integer optimal solution,0.04204590000006192
0.3,10,2,2,11,JOINT,142.85489177586925,integer optimal solution,0.0403463999999758
0.3,10,2,2,11,GW-ONLY,145.18115201116606,integer optimal solution,0.029472299999952156
0.3,10,2,2,11,OD-ONLY,142.85489177586925,integer optimal solution,0.0029515000001083536
0.3,10,2,2,11,OD-FIRST,142.85489177586925,pass1=integer optimal solution|pass2=integer optimal solution,0.021267399999942427
0.3,10,2,2,11,GW-FIRST,145.18115201116606,pass1=integer optimal solution|pass2=integer optimal solution,0.044269900000017515
0.3,10,2,2,12,JOINT,159.80815501198748,integer optimal solution,0.03915309999990768
0.3,10,2,2,12,GW-ONLY,165.2923149061161,integer optimal solution,0.027652999999986605
0.3,10,2,2,12,OD-ONLY,159.80815501198748,integer optimal solution,0.003110300000003008
0.3,10,2,2,12,OD-FIRST,159.8081550119875,pass1=integer optimal solution|pass2=integer optimal solution,0.028384000000073684
0.3,10,2,2,12,GW-FIRST,159.80815501198748,pass1=integer optimal solution|pass2=integer optimal solution,0.032685499999956846
0.3,10,2,2,13,JOINT,140.17789322071658,integer optimal solution,0.0297074000000066
0.3,10,2,2,13,GW-ONLY,148.15264192009823,integer optimal solution,0.03415260000008402
0.3,10,2,2,13,OD-ONLY,140.1778932207166,integer optimal solution,0.004223099999990154
0.3,10,2,2,13,OD-FIRST,140.17789322071658,pass1=integer optimal solution|pass2=integer optimal solution,0.04522499999995944
0.3,10,2,2,13,GW-FIRST,140.1778932207166,pass1=integer optimal solution|pass2=integer optimal solution,0.034835700000030556
0.3,10,2,2,14,JOINT,152.79854823236974,integer optimal solution,0.04665850000003502
0.3,10,2,2,14,GW-ONLY,154.44561740399624,integer optimal solution,0.04605129999993096
0.3,10,2,2,14,OD-ONLY,152.79854823236974,integer optimal solution,0.00344930000005661
0.3,10,2,2,14,OD-FIRST,152.79854823236977,pass1=integer optimal solution|pass2=integer optimal solution,0.03328970000006848
0.3,10,2,2,14,GW-FIRST,152.79854823236974,pass1=integer optimal solution|pass2=integer optimal solution,0.043884999999932006
0.3,10,2,2,15,JOINT,137.41950168324212,integer optimal solution,0.05152069999996911
0.3,10,2,2,15,GW-ONLY,139.91331110164737,integer optimal solution,0.03881760000001577
0.3,10,2,2,15,OD-ONLY,137.41950168324212,integer optimal solution,0.0037038000000393367
0.3,10,2,2,15,OD-FIRST,137.41950168324215,pass1=integer optimal solution|pass2=integer optimal solution,0.02274499999998625
0.3,10,2,2,15,GW-FIRST,137.41950168324212,pass1=integer optimal solution|pass2=integer optimal solution,0.03797420000000784
0.3,10,2,2,16,JOINT,152.34870918180178,integer optimal solution,0.0317450000000008
0.3,10,2,2,16,GW-ONLY,152.34870918180178,integer optimal solution,0.034612799999990784
0.3,10,2,2,16,OD-ONLY,152.34870918180178,integer optimal solution,0.0030957999999827734
0.3,10,2,2,16,OD-FIRST,152.34870918180178,pass1=integer optimal solution|pass2=integer optimal solution,0.0329897000000301
0.3,10,2,2,16,GW-FIRST,152.34870918180178,pass1=integer optimal solution|pass2=integer optimal solution,0.030378499999983433
0.3,10,2,2,17,JOINT,151.14132336872373,integer optimal solution,0.04524330000003829
0.3,10,2,2,17,GW-ONLY,152.6633096217227,integer optimal solution,0.03442480000001069
0.3,10,2,2,17,OD-ONLY,151.14132336872373,integer optimal solution,0.0028119999999489664
0.3,10,2,2,17,OD-FIRST,151.14132336872373,pass1=integer optimal solution|pass2=integer optimal solution,0.02623110000001816
0.3,10,2,2,17,GW-FIRST,152.66330962172268,pass1=integer optimal solution|pass2=integer optimal solution,0.029994600000009086
0.3,10,2,2,18,JOINT,171.116460144897,integer optimal solution,0.03565880000007837
0.3,10,2,2,18,GW-ONLY,178.57257661517826,integer optimal solution,0.03287230000000818
0.3,10,2,2,18,OD-ONLY,171.116460144897,integer optimal solution,0.005305300000031821
0.3,10,2,2,18,OD-FIRST,171.11646014489702,pass1=integer optimal solution|pass2=integer optimal solution,0.020360999999979867
0.3,10,2,2,18,GW-FIRST,178.57257661517826,pass1=integer optimal solution|pass2=integer optimal solution,0.03633680000007189
0.3,10,2,2,19,JOINT,143.15270876136364,integer optimal solution,0.03947579999999107
0.3,10,2,2,19,GW-ONLY,143.15270876136364,integer optimal solution,0.04608220000000074
0.3,10,2,2,19,OD-ONLY,143.15270876136364,integer optimal solution,0.0019730000000208747
0.3,10,2,2,19,OD-FIRST,143.15270876136364,pass1=integer optimal solution|pass2=integer optimal solution,0.02847990000009304
0.3,10,2,2,19,GW-FIRST,143.15270876136364,pass1=integer optimal solution|pass2=integer optimal solution,0.03089189999991504
0.3,10,2,2,20,JOINT,119.21497985431672,integer optimal solution,0.032805700000039906
0.3,10,2,2,20,GW-ONLY,131.33148278685678,integer optimal solution,0.024677300000007563
0.3,10,2,2,20,OD-ONLY,119.21497985431674,integer optimal solution,0.004088600000045517
0.3,10,2,2,20,OD-FIRST,119.21497985431672,pass1=integer optimal solution|pass2=integer optimal solution,0.01828729999999723
0.3,10,2,2,20,GW-FIRST,131.33148278685678,pass1=integer optimal solution|pass2=integer optimal solution,0.02944270000000415
0.3,10,2,2,21,JOINT,161.07946038859814,integer optimal solution,0.035146599999961836
0.3,10,2,2,21,GW-ONLY,164.4355099359464,integer optimal solution,0.03055010000002767
0.3,10,2,2,21,OD-ONLY,161.07946038859814,integer optimal solution,0.0023214000000280066
0.3,10,2,2,21,OD-FIRST,161.07946038859816,pass1=integer optimal solution|pass2=integer optimal solution,0.02411979999999403
0.3,10,2,2,21,GW-FIRST,161.07946038859814,pass1=integer optimal solution|pass2=integer optimal solution,0.04504380000003039
0.3,10,2,2,22,JOINT,169.96819153858752,integer optimal solution,0.03788909999991574
0.3,10,2,2,22,GW-ONLY,169.96819153858752,integer optimal solution,0.029352099999982784
0.3,10,2,2,22,OD-ONLY,169.96819153858752,integer optimal solution,0.004154699999958211
0.3,10,2,2,22,OD-FIRST,169.96819153858752,pass1=integer optimal solution|pass2=integer optimal solution,0.03207640000005085
0.3,10,2,2,22,GW-FIRST,169.96819153858752,pass1=integer optimal solution|pass2=integer optimal solution,0.03221029999997427
0.3,10,2,2,23,JOINT,141.26743837999734,integer optimal solution,0.04925630000002457
0.3,10,2,2,23,GW-ONLY,141.26743837999734,integer optimal solution,0.036568100000067716
0.3,10,2,2,23,OD-ONLY,142.4050795520706,integer optimal solution,0.004936799999995856
0.3,10,2,2,23,OD-FIRST,142.40507955207056,pass1=integer optimal solution|pass2=integer optimal solution,0.019362600000022212
0.3,10,2,2,23,GW-FIRST,141.26743837999734,pass1=integer optimal solution|pass2=integer optimal solution,0.0320760000000746
0.3,10,2,2,24,JOINT,194.07989672431256,integer optimal solution,0.0820765000000847
0.3,10,2,2,24,GW-ONLY,194.07989672431256,integer optimal solution,0.039793999999915286
0.3,10,2,2,24,OD-ONLY,194.1403015864632,integer optimal solution,0.0057026999999152395
0.3,10,2,2,24,OD-FIRST,194.07989672431256,pass1=integer optimal solution|pass2=integer optimal solution,0.03835530000003473
0.3,10,2,2,24,GW-FIRST,194.07989672431256,pass1=integer optimal solution|pass2=integer optimal solution,0.03484959999991588
0.3,10,3,2,0,JOINT,124.3565233235613,integer optimal solution,0.03683619999992516
0.3,10,3,2,0,GW-ONLY,131.7899031266729,integer optimal solution,0.0370333999999275
0.3,10,3,2,0,OD-ONLY,124.35652332356132,integer optimal solution,0.0038697999999612875
0.3,10,3,2,0,OD-FIRST,124.3565233235613,pass1=integer optimal solution|pass2=integer optimal solution,0.0330576999999721
0.3,10,3,2,0,GW-FIRST,124.35652332356132,pass1=integer optimal solution|pass2=integer optimal solution,0.06915460000004714
0.3,10,3,2,1,JOINT,148.04330469304733,integer optimal solution,0.04105660000004718
0.3,10,3,2,1,GW-ONLY,148.04330469304733,integer optimal solution,0.03842340000005606
0.3,10,3,2,1,OD-ONLY,148.04330469304733,integer optimal solution,0.005006100000059632
0.3,10,3,2,1,OD-FIRST,148.04330469304733,pass1=integer optimal solution|pass2=integer optimal solution,0.05368780000003426
0.3,10,3,2,1,GW-FIRST,148.04330469304733,pass1=integer optimal solution|pass2=integer optimal solution,0.056629299999940486
0.3,10,3,2,2,JOINT,156.0696624690725,integer optimal solution,0.06600070000001779
0.3,10,3,2,2,GW-ONLY,157.30496010300593,integer optimal solution,0.05645620000007057
0.3,10,3,2,2,OD-ONLY,160.8835786110545,integer optimal solution,0.004100799999946503
0.3,10,3,2,2,OD-FIRST,156.06966246907248,pass1=integer optimal solution|pass2=integer optimal solution,0.04195100000004004
0.3,10,3,2,2,GW-FIRST,156.0696624690725,pass1=integer optimal solution|pass2=integer optimal solution,0.046607600000015736
0.3,10,3,2,3,JOINT,197.48186516157904,integer optimal solution,0.03911569999991116
0.3,10,3,2,3,GW-ONLY,197.481865161579,integer optimal solution,0.035960499999987405
0.3,10,3,2,3,OD-ONLY,197.481865161579,integer optimal solution,0.0033682999999200547
0.3,10,3,2,3,OD-FIRST,197.481865161579,pass1=integer optimal solution|pass2=integer optimal solution,0.08518329999992602
0.3,10,3,2,3,GW-FIRST,197.481865161579,pass1=integer optimal solution|pass2=integer optimal solution,0.08932049999998526
0.3,10,3,2,4,JOINT,172.17158524454496,integer optimal solution,0.04614259999993919
0.3,10,3,2,4,GW-ONLY,172.17158524454496,integer optimal solution,0.04152499999997872
0.3,10,3,2,4,OD-ONLY,176.4155290267017,integer optimal solution,0.004320300000017596
0.3,10,3,2,4,OD-FIRST,172.17158524454496,pass1=integer optimal solution|pass2=integer optimal solution,0.04445299999997587
0.3,10,3,2,4,GW-FIRST,172.17158524454496,pass1=integer optimal solution|pass2=integer optimal solution,0.05532689999995455
0.3,10,3,2,5,JOINT,165.06681479166468,integer optimal solution,0.05584679999992659
0.3,10,3,2,5,GW-ONLY,165.06681479166468,integer optimal solution,0.05088999999998123
0.3,10,3,2,5,OD-ONLY,169.1146152796216,integer optimal solution,0.01707910000004631
0.3,10,3,2,5,OD-FIRST,167.59747313716744,pass1=integer optimal solution|pass2=integer optimal solution,0.047572100000024875
0.3,10,3,2,5,GW-FIRST,165.06681479166468,pass1=integer optimal solution|pass2=integer optimal solution,0.05531389999998737
0.3,10,3,2,6,JOINT,139.88725501558332,integer optimal solution,0.03637599999990471
0.3,10,3,2,6,GW-ONLY,139.88725501558332,integer optimal solution,0.03374650000000656
0.3,10,3,2,6,OD-ONLY,142.41606561531734,integer optimal solution,0.005227600000011989
0.3,10,3,2,6,OD-FIRST,139.88725501558332,pass1=integer optimal solution|pass2=integer optimal solution,0.04305720000002111
0.3,10,3,2,6,GW-FIRST,139.88725501558332,pass1=integer optimal solution|pass2=integer optimal solution,0.05523310000000947
0.3,10,3,2,7,JOINT,176.12171321665366,integer optimal solution,0.06389230000002044
0.3,10,3,2,7,GW-ONLY,176.12171321665366,integer optimal solution,0.06213860000002569
0.3,10,3,2,7,OD-ONLY,176.12171321665366,integer optimal solution,0.0043797999999242165
0.3,10,3,2,7,OD-FIRST,176.12171321665366,pass1=integer optimal solution|pass2=integer optimal solution,0.057750800000007985
0.3,10,3,2,7,GW-FIRST,176.12171321665366,pass1=integer optimal solution|pass2=integer optimal solution,0.06234910000000582
0.3,10,3,2,8,JOINT,153.0282539458723,integer optimal solution,0.04787860000010369
0.3,10,3,2,8,GW-ONLY,156.19002608869067,integer optimal solution,0.05903079999995953
0.3,10,3,2,8,OD-ONLY,155.37861049032594,integer optimal solution,0.007343899999909809
0.3,10,3,2,8,OD-FIRST,153.0282539458723,pass1=integer optimal solution|pass2=integer optimal solution,0.05031900000005862
0.3,10,3,2,8,GW-FIRST,156.19002608869064,pass1=integer optimal solution|pass2=integer optimal solution,0.04957620000004681
0.3,10,3,2,9,JOINT,183.5947815980273,integer optimal solution,0.03087089999996806
0.3,10,3,2,9,GW-ONLY,183.5947815980273,integer optimal solution,0.027130700000043362
0.3,10,3,2,9,OD-ONLY,183.59478159802728,integer optimal solution,0.002887099999952625
0.3,10,3,2,9,OD-FIRST,183.5947815980273,pass1=integer optimal solution|pass2=integer optimal solution,0.026761999999962427
0.3,10,3,2,9,GW-FIRST,183.59478159802728,pass1=integer optimal solution|pass2=integer optimal solution,0.03268400000001748
0.3,10,3,2,10,JOINT,137.15711467250526,integer optimal solution,0.02266029999998409
0.3,10,3,2,10,GW-ONLY,139.99505607857463,integer optimal solution,0.03212789999997767
0.3,10,3,2,10,OD-ONLY,143.73510593178963,integer optimal solution,0.004287399999952868
0.3,10,3,2,10,OD-FIRST,143.73510593178966,pass1=integer optimal solution|pass2=integer optimal solution,0.030929799999967145
0.3,10,3,2,10,GW-FIRST,139.99505607857466,pass1=integer optimal solution|pass2=integer optimal solution,0.045938099999943915
0.3,10,3,2,11,JOINT,144.00209996874904,integer optimal solution,0.02609770000003664
0.3,10,3,2,11,GW-ONLY,158.36095029414136,integer optimal solution,0.039183600000001206
0.3,10,3,2,11,OD-ONLY,144.00209996874904,integer optimal solution,0.004220200000077057
0.3,10,3,2,11,OD-FIRST,144.00209996874904,pass1=integer optimal solution|pass2=integer optimal solution,0.0644308999999339
0.3,10,3,2,11,GW-FIRST,144.00209996874904,pass1=integer optimal solution|pass2=integer optimal solution,0.06703060000006644
0.3,10,3,2,12,JOINT,149.8094498056132,integer optimal solution,0.05709989999991194
0.3,10,3,2,12,GW-ONLY,152.53631289238817,integer optimal solution,0.0433931999999686
0.3,10,3,2,12,OD-ONLY,157.95449138369986,integer optimal solution,0.004679799999962597
0.3,10,3,2,12,OD-FIRST,154.6236561275734,pass1=integer optimal solution|pass2=integer optimal solution,0.035189100000025064
0.3,10,3,2,12,GW-FIRST,149.80944980561324,pass1=integer optimal solution|pass2=integer optimal solution,0.03306910000003427
0.3,10,3,2,13,JOINT,157.95301459031847,integer optimal solution,0.059162099999980455
0.3,10,3,2,13,GW-ONLY,157.95301459031847,integer optimal solution,0.03831809999996949
0.3,10,3,2,13,OD-ONLY,162.53216018985725,integer optimal solution,0.003054399999996349
0.3,10,3,2,13,OD-FIRST,157.95301459031847,pass1=integer optimal solution|pass2=integer optimal solution,0.04565679999996064
0.3,10,3,2,13,GW-FIRST,157.95301459031845,pass1=integer optimal solution|pass2=integer optimal solution,0.040783799999985604
0.3,10,3,2,14,JOINT,145.1854357034277,integer optimal solution,0.03115149999996447
0.3,10,3,2,14,GW-ONLY,149.93633132389596,integer optimal solution,0.04461930000002212
0.3,10,3,2,14,OD-ONLY,152.71147045337153,integer optimal solution,0.0049146000000064305
0.3,10,3,2,14,OD-FIRST,152.71147045337153,pass1=integer optimal solution|pass2=integer optimal solution,0.054708000000005086
0.3,10,3,2,14,GW-FIRST,145.1854357034277,pass1=integer optimal solution|pass2=integer optimal solution,0.052846400000021276
0.3,10,3,2,15,JOINT,161.9420787847562,integer optimal solution,0.031082099999935053
0.3,10,3,2,15,GW-ONLY,161.9420787847562,integer optimal solution,0.028809099999989485
0.3,10,3,2,15,OD-ONLY,164.39346829977092,integer optimal solution,0.003305700000055367
0.3,10,3,2,15,OD-FIRST,161.9420787847562,pass1=integer optimal solution|pass2=integer optimal solution,0.03645100000005641
0.3,10,3,2,15,GW-FIRST,161.94207878475623,pass1=integer optimal solution|pass2=integer optimal solution,0.07649509999998827
0.3,10,3,2,16,JOINT,153.68703799408334,integer optimal solution,0.036037599999986014
0.3,10,3,2,16,GW-ONLY,158.92953820964502,integer optimal solution,0.03734180000003562
0.3,10,3,2,16,OD-ONLY,161.66821567601855,integer optimal solution,0.009910600000011982
0.3,10,3,2,16,OD-FIRST,153.68703799408334,pass1=integer optimal solution|pass2=integer optimal solution,0.03185499999995045
0.3,10,3,2,16,GW-FIRST,153.68703799408334,pass1=integer optimal solution|pass2=integer optimal solution,0.05946900000003552
0.3,10,3,2,17,JOINT,205.7897270113018,integer optimal solution,0.06267830000001595
0.3,10,3,2,17,GW-ONLY,205.7897270113018,integer optimal solution,0.048036200000069584
0.3,10,3,2,17,OD-ONLY,205.7897270113018,integer optimal solution,0.0039479000000710585
0.3,10,3,2,17,OD-FIRST,205.7897270113018,pass1=integer optimal solution|pass2=integer optimal solution,0.06638799999996081
0.3,10,3,2,17,GW-FIRST,205.7897270113018,pass1=integer optimal solution|pass2=integer optimal solution,0.07738519999998061
0.3,10,3,2,18,JOINT,168.63574322736952,integer optimal solution,0.049517300000047726
0.3,10,3,2,18,GW-ONLY,168.63574322736952,integer optimal solution,0.06014909999998963
0.3,10,3,2,18,OD-ONLY,168.63574322736952,integer optimal solution,0.007386899999914931
0.3,10,3,2,18,OD-FIRST,168.63574322736952,pass1=integer optimal solution|pass2=integer optimal solution,0.04704429999992499
0.3,10,3,2,18,GW-FIRST,168.63574322736952,pass1=integer optimal solution|pass2=integer optimal solution,0.05496869999990395
0.3,10,3,2,19,JOINT,193.43612963616405,integer optimal solution,0.047442400000022644
0.3,10,3,2,19,GW-ONLY,193.43612963616405,integer optimal solution,0.052086199999962446
0.3,10,3,2,19,OD-ONLY,199.4045162108418,integer optimal solution,0.004568000000062966
0.3,10,3,2,19,OD-FIRST,193.43612963616405,pass1=integer optimal solution|pass2=integer optimal solution,0.06043669999996837
0.3,10,3,2,19,GW-FIRST,193.43612963616408,pass1=integer optimal solution|pass2=integer optimal solution,0.04422869999996237
0.3,10,3,2,20,JOINT,154.05536616378782,integer optimal solution,0.048601799999914874
0.3,10,3,2,20,GW-ONLY,154.05536616378782,integer optimal solution,0.042493100000001505
0.3,10,3,2,20,OD-ONLY,154.05536616378782,integer optimal solution,0.0025383999999348816
0.3,10,3,2,20,OD-FIRST,154.05536616378782,pass1=integer optimal solution|pass2=integer optimal solution,0.04470709999998235
0.3,10,3,2,20,GW-FIRST,154.05536616378782,pass1=integer optimal solution|pass2=integer optimal solution,0.06876069999998435
0.3,10,3,2,21,JOINT,163.5348058708783,integer optimal solution,0.04771159999995689
0.3,10,3,2,21,GW-ONLY,163.5348058708783,integer optimal solution,0.046535500000004504
0.3,10,3,2,21,OD-ONLY,163.5348058708783,integer optimal solution,0.0027751999999736654
0.3,10,3,2,21,OD-FIRST,163.5348058708783,pass1=integer optimal solution|pass2=integer optimal solution,0.04657729999996718
0.3,10,3,2,21,GW-FIRST,163.5348058708783,pass1=integer optimal solution|pass2=integer optimal solution,0.06164400000000114
0.3,10,3,2,22,JOINT,155.23245998854344,integer optimal solution,0.04740649999996549
0.3,10,3,2,22,GW-ONLY,158.52148330053643,integer optimal solution,0.05336980000004132
0.3,10,3,2,22,OD-ONLY,163.3235325843981,integer optimal solution,0.009678900000039903
0.3,10,3,2,22,OD-FIRST,157.83848611682274,pass1=integer optimal solution|pass2=integer optimal solution,0.037395199999991746
0.3,10,3,2,22,GW-FIRST,155.23245998854344,pass1=integer optimal solution|pass2=integer optimal solution,0.05781379999996261
0.3,10,3,2,23,JOINT,174.3547968040168,integer optimal solution,0.05514180000000124
0.3,10,3,2,23,GW-ONLY,174.35479680401681,integer optimal solution,0.05958369999996194
0.3,10,3,2,23,OD-ONLY,183.13301418288705,integer optimal solution,0.005681699999968259
0.3,10,3,2,23,OD-FIRST,183.13301418288705,pass1=integer optimal solution|pass2=integer optimal solution,0.045394999999984975
0.3,10,3,2,23,GW-FIRST,174.35479680401681,pass1=integer optimal solution|pass2=integer optimal solution,0.06670929999995678
0.3,10,3,2,24,JOINT,132.29137989784323,integer optimal solution,0.045141499999999724
0.3,10,3,2,24,GW-ONLY,132.47173292522274,integer optimal solution,0.048041399999988244
0.3,10,3,2,24,OD-ONLY,132.29137989784323,integer optimal solution,0.008389399999941816
0.3,10,3,2,24,OD-FIRST,132.29137989784326,pass1=integer optimal solution|pass2=integer optimal solution,0.04220599999996466
0.3,10,3,2,24,GW-FIRST,132.29137989784323,pass1=integer optimal solution|pass2=integer optimal solution,0.051525299999980234
0.3,10,2,3,0,JOINT,158.67247845462634,integer optimal solution,0.03321700000003602
0.3,10,2,3,0,GW-ONLY,158.67247845462634,integer optimal solution,0.036134800000013456
0.3,10,2,3,0,OD-ONLY,160.20241288436878,integer optimal solution,0.008948499999974047
0.3,10,2,3,0,OD-FIRST,160.20241288436878,pass1=integer optimal solution|pass2=integer optimal solution,0.032725799999980154
0.3,10,2,3,0,GW-FIRST,158.67247845462634,pass1=integer optimal solution|pass2=integer optimal solution,0.042935099999908743
0.3,10,2,3,1,JOINT,141.8336634523258,integer optimal solution,0.03084060000003319
0.3,10,2,3,1,GW-ONLY,141.8336634523258,integer optimal solution,0.027490499999998974
0.3,10,2,3,1,OD-ONLY,141.8336634523258,integer optimal solution,0.0025557999999819003
0.3,10,2,3,1,OD-FIRST,141.8336634523258,pass1=integer optimal solution|pass2=integer optimal solution,0.043562199999996665
0.3,10,2,3,1,GW-FIRST,141.8336634523258,pass1=integer optimal solution|pass2=integer optimal solution,0.059788499999967826
0.3,10,2,3,2,JOINT,166.68153960423496,integer optimal solution,0.0383787000000666
0.3,10,2,3,2,GW-ONLY,166.68153960423496,integer optimal solution,0.02899969999998575
0.3,10,2,3,2,OD-ONLY,166.68153960423496,integer optimal solution,0.004874200000017481
0.3,10,2,3,2,OD-FIRST,166.68153960423496,pass1=integer optimal solution|pass2=integer optimal solution,0.04865770000003522
0.3,10,2,3,2,GW-FIRST,166.68153960423496,pass1=integer optimal solution|pass2=integer optimal solution,0.0562408000000687
0.3,10,2,3,3,JOINT,157.5687980490686,integer optimal solution,0.03192669999998543
0.3,10,2,3,3,GW-ONLY,157.5687980490686,integer optimal solution,0.032513600000015686
0.3,10,2,3,3,OD-ONLY,164.13938324804596,integer optimal solution,0.003036500000007436
0.3,10,2,3,3,OD-FIRST,157.5687980490686,pass1=integer optimal solution|pass2=integer optimal solution,0.03360479999992094
0.3,10,2,3,3,GW-FIRST,157.5687980490686,pass1=integer optimal solution|pass2=integer optimal solution,0.035137100000042665
0.3,10,2,3,4,JOINT,165.03598211560865,integer optimal solution,0.034454099999948085
0.3,10,2,3,4,GW-ONLY,165.03598211560865,integer optimal solution,0.04230989999996382
0.3,10,2,3,4,OD-ONLY,165.03598211560865,integer optimal solution,0.00327659999993557
0.3,10,2,3,4,OD-FIRST,165.03598211560865,pass1=integer optimal solution|pass2=integer optimal solution,0.041071799999940595
0.3,10,2,3,4,GW-FIRST,165.03598211560865,pass1=integer optimal solution|pass2=integer optimal solution,0.03964880000000903
0.3,10,2,3,5,JOINT,148.86286193997162,integer optimal solution,0.039794300000039584
0.3,10,2,3,5,GW-ONLY,159.58484206590867,integer optimal solution,0.035094800000024406
0.3,10,2,3,5,OD-ONLY,148.86286193997162,integer optimal solution,0.004585999999903834
0.3,10,2,3,5,OD-FIRST,148.86286193997162,pass1=integer optimal solution|pass2=integer optimal solution,0.03378299999997125
0.3,10,2,3,5,GW-FIRST,159.1118458501308,pass1=integer optimal solution|pass2=integer optimal solution,0.04401359999997112
0.3,10,2,3,6,JOINT,174.69301991901696,integer optimal solution,0.029740999999944506
0.3,10,2,3,6,GW-ONLY,174.69301991901696,integer optimal solution,0.03722219999997378
0.3,10,2,3,6,OD-ONLY,174.69301991901696,integer optimal solution,0.0036544000000731103
0.3,10,2,3,6,OD-FIRST,174.69301991901696,pass1=integer optimal solution|pass2=integer optimal solution,0.04129020000004857
0.3,10,2,3,6,GW-FIRST,174.69301991901696,pass1=integer optimal solution|pass2=integer optimal solution,0.049886600000036196
0.3,10,2,3,7,JOINT,144.5402170141969,integer optimal solution,0.05094700000006469
0.3,10,2,3,7,GW-ONLY,145.18773081517014,integer optimal solution,0.057812699999999495
0.3,10,2,3,7,OD-ONLY,144.54021701419688,integer optimal solution,0.002348099999949227
0.3,10,2,3,7,OD-FIRST,144.54021701419688,pass1=integer optimal solution|pass2=integer optimal solution,0.05760680000003049
0.3,10,2,3,7,GW-FIRST,144.54021701419688,pass1=integer optimal solution|pass2=integer optimal solution,0.04516439999997601
0.3,10,2,3,8,JOINT,171.09840633367048,integer optimal solution,0.048426700000050005
0.3,10,2,3,8,GW-ONLY,171.18720906161934,integer optimal solution,0.04096509999999398
0.3,10,2,3,8,OD-ONLY,174.8898502015544,integer optimal solution,0.006619500000056178
0.3,10,2,3,8,OD-FIRST,174.33634300147887,pass1=integer optimal solution|pass2=integer optimal solution,0.027137300000049436
0.3,10,2,3,8,GW-FIRST,171.18720906161934,pass1=integer optimal solution|pass2=integer optimal solution,0.04840009999998074
0.3,10,2,3,9,JOINT,159.9246247496318,integer optimal solution,0.04631640000002335
0.3,10,2,3,9,GW-ONLY,161.27600950763085,integer optimal solution,0.033721700000000965
0.3,10,2,3,9,OD-ONLY,159.9246247496318,integer optimal solution,0.005503400000065994
0.3,10,2,3,9,OD-FIRST,159.9246247496318,pass1=integer optimal solution|pass2=integer optimal solution,0.038682499999936226
0.3,10,2,3,9,GW-FIRST,159.9246247496318,pass1=integer optimal solution|pass2=integer optimal solution,0.05976939999993647
0.3,10,2,3,10,JOINT,127.54661518791671,integer optimal solution,0.038585599999919395
0.3,10,2,3,10,GW-ONLY,127.54661518791671,integer optimal solution,0.04134940000005827
0.3,10,2,3,10,OD-ONLY,148.52297570101578,integer optimal solution,0.005920199999991382
0.3,10,2,3,10,OD-FIRST,131.5013785093291,pass1=integer optimal solution|pass2=integer optimal solution,0.04209800000000996
0.3,10,2,3,10,GW-FIRST,127.54661518791671,pass1=integer optimal solution|pass2=integer optimal solution,0.06028870000000097
0.3,10,2,3,11,JOINT,133.31483828099724,integer optimal solution,0.04217670000002727
0.3,10,2,3,11,GW-ONLY,135.40273639420946,integer optimal solution,0.0388461999999663
0.3,10,2,3,11,OD-ONLY,135.0200653044631,integer optimal solution,0.006918000000041502
0.3,10,2,3,11,OD-FIRST,133.3148382809972,pass1=integer optimal solution|pass2=integer optimal solution,0.04461419999995542
0.3,10,2,3,11,GW-FIRST,135.40273639420946,pass1=integer optimal solution|pass2=integer optimal solution,0.037467899999910514
0.3,10,2,3,12,JOINT,146.8317700130234,integer optimal solution,0.044291400000020076
0.3,10,2,3,12,GW-ONLY,149.15860130808866,integer optimal solution,0.03974190000008093
0.3,10,2,3,12,OD-ONLY,146.8317700130234,integer optimal solution,0.007643899999948189
0.3,10,2,3,12,OD-FIRST,146.8317700130234,pass1=integer optimal solution|pass2=integer optimal solution,0.03668100000004415
0.3,10,2,3,12,GW-FIRST,149.15860130808866,pass1=integer optimal solution|pass2=integer optimal solution,0.04875059999994846
0.3,10,2,3,13,JOINT,129.71630309921005,integer optimal solution,0.036581100000034894
0.3,10,2,3,13,GW-ONLY,129.71630309921005,integer optimal solution,0.03873329999998987
0.3,10,2,3,13,OD-ONLY,129.8040508169775,integer optimal solution,0.006061599999952705
0.3,10,2,3,13,OD-FIRST,129.8040508169775,pass1=integer optimal solution|pass2=integer optimal solution,0.0293327000000545
0.3,10,2,3,13,GW-FIRST,129.71630309921005,pass1=integer optimal solution|pass2=integer optimal solution,0.03685299999995095
0.3,10,2,3,14,JOINT,156.7714021279764,integer optimal solution,0.03868289999991248
0.3,10,2,3,14,GW-ONLY,156.7714021279764,integer optimal solution,0.0365242999999964
0.3,10,2,3,14,OD-ONLY,156.7714021279764,integer optimal solution,0.0035043999999970765
0.3,10,2,3,14,OD-FIRST,156.7714021279764,pass1=integer optimal solution|pass2=integer optimal solution,0.03926189999992857
0.3,10,2,3,14,GW-FIRST,156.7714021279764,pass1=integer optimal solution|pass2=integer optimal solution,0.043170000000031905
0.3,10,2,3,15,JOINT,152.1103587474944,integer optimal solution,0.033665799999994306
0.3,10,2,3,15,GW-ONLY,155.76452532774096,integer optimal solution,0.038474100000030376
0.3,10,2,3,15,OD-ONLY,152.1103587474944,integer optimal solution,0.0028319000000465167
0.3,10,2,3,15,OD-FIRST,152.1103587474944,pass1=integer optimal solution|pass2=integer optimal solution,0.041387099999951715
0.3,10,2,3,15,GW-FIRST,152.1103587474944,pass1=integer optimal solution|pass2=integer optimal solution,0.04826890000003914
0.3,10,2,3,16,JOINT,164.39266408860718,integer optimal solution,0.043303100000002814
0.3,10,2,3,16,GW-ONLY,166.86479716044218,integer optimal solution,0.035349699999983386
0.3,10,2,3,16,OD-ONLY,164.39266408860718,integer optimal solution,0.005146000000081585
0.3,10,2,3,16,OD-FIRST,164.3926640886072,pass1=integer optimal solution|pass2=integer optimal solution,0.031330400000001646
0.3,10,2,3,16,GW-FIRST,166.86479716044215,pass1=integer optimal solution|pass2=integer optimal solution,0.0556095000000596
0.3,10,2,3,17,JOINT,164.06508799805067,integer optimal solution,0.04222700000002533
0.3,10,2,3,17,GW-ONLY,164.06508799805067,integer optimal solution,0.04216509999992013
0.3,10,2,3,17,OD-ONLY,164.06508799805067,integer optimal solution,0.007505599999944934
0.3,10,2,3,17,OD-FIRST,164.06508799805067,pass1=integer optimal solution|pass2=integer optimal solution,0.04463719999989735
0.3,10,2,3,17,GW-FIRST,164.06508799805067,pass1=integer optimal solution|pass2=integer optimal solution,0.04305069999998068
0.3,10,2,3,18,JOINT,163.66199459788413,integer optimal solution,0.03487699999993765
0.3,10,2,3,18,GW-ONLY,165.3866964483103,integer optimal solution,0.0356674000000794
0.3,10,2,3,18,OD-ONLY,163.66199459788413,integer optimal solution,0.003398100000026716
0.3,10,2,3,18,OD-FIRST,163.66199459788416,pass1=integer optimal solution|pass2=integer optimal solution,0.04265840000005028
0.3,10,2,3,18,GW-FIRST,163.66199459788413,pass1=integer optimal solution|pass2=integer optimal solution,0.04187709999996514
0.3,10,2,3,19,JOINT,151.47939149297065,integer optimal solution,0.024693800000022748
0.3,10,2,3,19,GW-ONLY,151.47939149297065,integer optimal solution,0.030284100000017133
0.3,10,2,3,19,OD-ONLY,154.40070496277042,integer optimal solution,0.003695600000014565
0.3,10,2,3,19,OD-FIRST,153.085119500067,pass1=integer optimal solution|pass2=integer optimal solution,0.02554829999996855
0.3,10,2,3,19,GW-FIRST,151.47939149297062,pass1=integer optimal solution|pass2=integer optimal solution,0.04629389999990963
0.3,10,2,3,20,JOINT,134.69761594220813,integer optimal solution,0.043450300000017705
0.3,10,2,3,20,GW-ONLY,138.3433612668409,integer optimal solution,0.040366500000004635
0.3,10,2,3,20,OD-ONLY,134.69761594220813,integer optimal solution,0.008409600000049977
0.3,10,2,3,20,OD-FIRST,134.69761594220813,pass1=integer optimal solution|pass2=integer optimal solution,0.03547809999997753
0.3,10,2,3,20,GW-FIRST,134.69761594220813,pass1=integer optimal solution|pass2=integer optimal solution,0.039420699999936915
0.3,10,2,3,21,JOINT,143.28480718428892,integer optimal solution,0.023089300000037838
0.3,10,2,3,21,GW-ONLY,155.30662779946965,integer optimal solution,0.02761180000004515
0.3,10,2,3,21,OD-ONLY,143.28480718428892,integer optimal solution,0.004361100000096485
0.3,10,2,3,21,OD-FIRST,143.28480718428892,pass1=integer optimal solution|pass2=integer optimal solution,0.02002939999999853
0.3,10,2,3,21,GW-FIRST,155.30662779946968,pass1=integer optimal solution|pass2=integer optimal solution,0.039537300000006326
0.3,10,2,3,22,JOINT,148.53864605401805,integer optimal solution,0.04339439999989736
0.3,10,2,3,22,GW-ONLY,154.59641403160146,integer optimal solution,0.043049900000028174
0.3,10,2,3,22,OD-ONLY,148.53864605401805,integer optimal solution,0.002817299999946954
0.3,10,2,3,22,OD-FIRST,148.53864605401805,pass1=integer optimal solution|pass2=integer optimal solution,0.03199430000006487
0.3,10,2,3,22,GW-FIRST,154.59641403160146,pass1=integer optimal solution|pass2=integer optimal solution,0.040503699999931086
0.3,10,2,3,23,JOINT,144.61224941723898,integer optimal solution,0.030542999999966014
0.3,10,2,3,23,GW-ONLY,147.39821979301283,integer optimal solution,0.031395699999961835
0.3,10,2,3,23,OD-ONLY,151.18195777768577,integer optimal solution,0.005995400000074369
0.3,10,2,3,23,OD-FIRST,150.02698704513062,pass1=integer optimal solution|pass2=integer optimal solution,0.026063600000043152
0.3,10,2,3,23,GW-FIRST,144.61224941723896,pass1=integer optimal solution|pass2=integer optimal solution,0.047034099999905266
0.3,10,2,3,24,JOINT,161.22119136603882,integer optimal solution,0.035918100000003506
0.3,10,2,3,24,GW-ONLY,161.22119136603882,integer optimal solution,0.039861699999960365
0.3,10,2,3,24,OD-ONLY,161.99693203063904,integer optimal solution,0.003964899999914451
0.3,10,2,3,24,OD-FIRST,161.22119136603882,pass1=integer optimal solution|pass2=integer optimal solution,0.04246150000005855
0.3,10,2,3,24,GW-FIRST,161.22119136603882,pass1=integer optimal solution|pass2=integer optimal solution,0.04819929999996475
0.3,10,3,3,0,JOINT,151.84787896255645,integer optimal solution,0.03863130000002002
0.3,10,3,3,0,GW-ONLY,155.62508547004552,integer optimal solution,0.05915729999992436
0.3,10,3,3,0,OD-ONLY,151.84787896255645,integer optimal solution,0.008627100000012433
0.3,10,3,3,0,OD-FIRST,151.84787896255645,pass1=integer optimal solution|pass2=integer optimal solution,0.044721899999899506
0.3,10,3,3,0,GW-FIRST,155.62508547004552,pass1=integer optimal solution|pass2=integer optimal solution,0.05674680000004173
0.3,10,3,3,1,JOINT,191.2550964947721,integer optimal solution,0.04373730000008891
0.3,10,3,3,1,GW-ONLY,191.2550964947721,integer optimal solution,0.055181900000093265
0.3,10,3,3,1,OD-ONLY,191.25509649477203,integer optimal solution,0.007753900000011527
0.3,10,3,3,1,OD-FIRST,191.2550964947721,pass1=integer optimal solution|pass2=integer optimal solution,0.05014270000003762
0.3,10,3,3,1,GW-FIRST,191.25509649477203,pass1=integer optimal solution|pass2=integer optimal solution,0.05632669999999962
0.3,10,3,3,2,JOINT,142.0458603320034,integer optimal solution,0.041885999999976775
0.3,10,3,3,2,GW-ONLY,155.47356248504965,integer optimal solution,0.06462439999995695
0.3,10,3,3,2,OD-ONLY,142.0458603320034,integer optimal solution,0.006566299999917646
0.3,10,3,3,2,OD-FIRST,142.0458603320034,pass1=integer optimal solution|pass2=integer optimal solution,0.0381724999999733
0.3,10,3,3,2,GW-FIRST,148.8440732696079,pass1=integer optimal solution|pass2=integer optimal solution,0.05934930000000804
0.3,10,3,3,3,JOINT,196.18442529765542,integer optimal solution,0.0525319999999283
0.3,10,3,3,3,GW-ONLY,196.18442529765542,integer optimal solution,0.05194870000002538
0.3,10,3,3,3,OD-ONLY,196.18442529765537,integer optimal solution,0.006422999999927015
0.3,10,3,3,3,OD-FIRST,196.18442529765542,pass1=integer optimal solution|pass2=integer optimal solution,0.04860339999993357
0.3,10,3,3,3,GW-FIRST,196.18442529765537,pass1=integer optimal solution|pass2=integer optimal solution,0.05390510000006543
0.3,10,3,3,4,JOINT,149.54985074045015,integer optimal solution,0.03617829999996047
0.3,10,3,3,4,GW-ONLY,149.54985074045013,integer optimal solution,0.050429199999939556
0.3,10,3,3,4,OD-ONLY,149.54985074045013,integer optimal solution,0.0030039999999189604
0.3,10,3,3,4,OD-FIRST,149.54985074045013,pass1=integer optimal solution|pass2=integer optimal solution,0.0429817000000412
0.3,10,3,3,4,GW-FIRST,149.54985074045013,pass1=integer optimal solution|pass2=integer optimal solution,0.04539069999998446
0.3,10,3,3,5,JOINT,208.76991417422022,integer optimal solution,0.04121229999998377
0.3,10,3,3,5,GW-ONLY,208.76991417422022,integer optimal solution,0.03938129999994544
0.3,10,3,3,5,OD-ONLY,213.65312979305642,integer optimal solution,0.0028923999999506123
0.3,10,3,3,5,OD-FIRST,208.76991417422022,pass1=integer optimal solution|pass2=integer optimal solution,0.03816940000001523
0.3,10,3,3,5,GW-FIRST,208.76991417422025,pass1=integer optimal solution|pass2=integer optimal solution,0.04493999999999687
0.3,10,3,3,6,JOINT,157.39607636150097,integer optimal solution,0.0460201999999299
0.3,10,3,3,6,GW-ONLY,157.39607636150097,integer optimal solution,0.051490399999920555
0.3,10,3,3,6,OD-ONLY,157.39607636150097,integer optimal solution,0.0035028999999440202
0.3,10,3,3,6,OD-FIRST,157.39607636150097,pass1=integer optimal solution|pass2=integer optimal solution,0.048355300000025636
0.3,10,3,3,6,GW-FIRST,157.39607636150097,pass1=integer optimal solution|pass2=integer optimal solution,0.07199109999999109
0.3,10,3,3,7,JOINT,142.3760941375772,integer optimal solution,0.043678399999976136
0.3,10,3,3,7,GW-ONLY,142.73947154564374,integer optimal solution,0.045082400000069356
0.3,10,3,3,7,OD-ONLY,151.71546090783053,integer optimal solution,0.006718900000009853
0.3,10,3,3,7,OD-FIRST,150.1603457586243,pass1=integer optimal solution|pass2=integer optimal solution,0.03118759999995291
0.3,10,3,3,7,GW-FIRST,142.37609413757724,pass1=integer optimal solution|pass2=integer optimal solution,0.04805039999996552
0.3,10,3,3,8,JOINT,142.84927408567512,integer optimal solution,0.05700799999999617
0.3,10,3,3,8,GW-ONLY,142.8492740856751,integer optimal solution,0.040842300000008436
0.3,10,3,3,8,OD-ONLY,142.8492740856751,integer optimal solution,0.0023937999999361637
0.3,10,3,3,8,OD-FIRST,142.8492740856751,pass1=integer optimal solution|pass2=integer optimal solution,0.05827149999993253
0.3,10,3,3,8,GW-FIRST,142.8492740856751,pass1=integer optimal solution|pass2=integer optimal solution,0.04427269999996497
0.3,10,3,3,9,JOINT,151.7196176925704,integer optimal solution,0.04190500000004249
0.3,10,3,3,9,GW-ONLY,151.7196176925704,integer optimal solution,0.0421272000000954
0.3,10,3,3,9,OD-ONLY,151.7196176925704,integer optimal solution,0.002877300000022842
0.3,10,3,3,9,OD-FIRST,151.7196176925704,pass1=integer optimal solution|pass2=integer optimal solution,0.04097969999997986
0.3,10,3,3,9,GW-FIRST,151.7196176925704,pass1=integer optimal solution|pass2=integer optimal solution,0.05628109999997832
0.3,10,3,3,10,JOINT,171.22593275921034,integer optimal solution,0.042400499999985186
0.3,10,3,3,10,GW-ONLY,174.43085090578143,integer optimal solution,0.0389065000000528
0.3,10,3,3,10,OD-ONLY,171.2259327592103,integer optimal solution,0.003908599999931539
0.3,10,3,3,10,OD-FIRST,171.2259327592103,pass1=integer optimal solution|pass2=integer optimal solution,0.04506329999992431
0.3,10,3,3,10,GW-FIRST,171.2259327592103,pass1=integer optimal solution|pass2=integer optimal solution,0.057766199999946366
0.3,10,3,3,11,JOINT,147.09870355613273,integer optimal solution,0.03805539999996199
0.3,10,3,3,11,GW-ONLY,147.09870355613273,integer optimal solution,0.035307500000044456
0.3,10,3,3,11,OD-ONLY,147.09870355613273,integer optimal solution,0.0027713999999150474
0.3,10,3,3,11,OD-FIRST,147.09870355613273,pass1=integer optimal solution|pass2=integer optimal solution,0.03896040000006451
0.3,10,3,3,11,GW-FIRST,147.09870355613273,pass1=integer optimal solution|pass2=integer optimal solution,0.04701469999997698
0.3,10,3,3,12,JOINT,135.49624820276756,integer optimal solution,0.03721829999994952
0.3,10,3,3,12,GW-ONLY,135.49624820276756,integer optimal solution,0.03855039999996279
0.3,10,3,3,12,OD-ONLY,138.0502613961679,integer optimal solution,0.005235799999923074
0.3,10,3,3,12,OD-FIRST,137.81488559279938,pass1=integer optimal solution|pass2=integer optimal solution,0.03578540000000885
0.3,10,3,3,12,GW-FIRST,135.49624820276756,pass1=integer optimal solution|pass2=integer optimal solution,0.051743799999940165
0.3,10,3,3,13,JOINT,172.85768183899526,integer optimal solution,0.04431259999989834
0.3,10,3,3,13,GW-ONLY,172.85768183899526,integer optimal solution,0.036730000000034124
0.3,10,3,3,13,OD-ONLY,172.94013959797567,integer optimal solution,0.0034214000000929445
0.3,10,3,3,13,OD-FIRST,172.85768183899526,pass1=integer optimal solution|pass2=integer optimal solution,0.05435439999996561
0.3,10,3,3,13,GW-FIRST,172.85768183899526,pass1=integer optimal solution|pass2=integer optimal solution,0.06571080000003349
0.3,10,3,3,14,JOINT,149.83613104452846,integer optimal solution,0.034570900000062466
0.3,10,3,3,14,GW-ONLY,151.42570914989093,integer optimal solution,0.03421769999999924
0.3,10,3,3,14,OD-ONLY,149.83613104452846,integer optimal solution,0.004096000000004096
0.3,10,3,3,14,OD-FIRST,149.83613104452843,pass1=integer optimal solution|pass2=integer optimal solution,0.04165290000003097
0.3,10,3,3,14,GW-FIRST,149.83613104452846,pass1=integer optimal solution|pass2=integer optimal solution,0.05211229999997613
0.3,10,3,3,15,JOINT,121.79319144476669,integer optimal solution,0.03757790000008754
0.3,10,3,3,15,GW-ONLY,125.57186327621758,integer optimal solution,0.035498800000027586
0.3,10,3,3,15,OD-ONLY,125.12612386686357,integer optimal solution,0.004990399999996953
0.3,10,3,3,15,OD-FIRST,121.79319144476669,pass1=integer optimal solution|pass2=integer optimal solution,0.04075009999996837
0.3,10,3,3,15,GW-FIRST,125.57186327621758,pass1=integer optimal solution|pass2=integer optimal solution,0.038844799999992574
0.3,10,3,3,16,JOINT,167.2744629780075,integer optimal solution,0.045174900000006346
0.3,10,3,3,16,GW-ONLY,167.2744629780075,integer optimal solution,0.0480541000000585
0.3,10,3,3,16,OD-ONLY,177.94308549931736,integer optimal solution,0.0028188999999656517
0.3,10,3,3,16,OD-FIRST,172.40967984179764,pass1=integer optimal solution|pass2=integer optimal solution,0.03095189999999093
0.3,10,3,3,16,GW-FIRST,167.27446297800748,pass1=integer optimal solution|pass2=integer optimal solution,0.047815399999990404
0.3,10,3,3,17,JOINT,134.52496764990875,integer optimal solution,0.03678119999995033
0.3,10,3,3,17,GW-ONLY,142.3606907388604,integer optimal solution,0.040602400000011585
0.3,10,3,3,17,OD-ONLY,134.52496764990875,integer optimal solution,0.006144299999959912
0.3,10,3,3,17,OD-FIRST,134.52496764990875,pass1=integer optimal solution|pass2=integer optimal solution,0.03638380000006691
0.3,10,3,3,17,GW-FIRST,142.36069073886043,pass1=integer optimal solution|pass2=integer optimal solution,0.045914799999991374
0.3,10,3,3,18,JOINT,170.34292514845941,integer optimal solution,0.039648999999940315
0.3,10,3,3,18,GW-ONLY,170.34292514845941,integer optimal solution,0.046639599999934944
0.3,10,3,3,18,OD-ONLY,176.78043907645628,integer optimal solution,0.004000799999971605
0.3,10,3,3,18,OD-FIRST,171.86170452853878,pass1=integer optimal solution|pass2=integer optimal solution,0.04637470000000121
0.3,10,3,3,18,GW-FIRST,170.3429251484594,pass1=integer optimal solution|pass2=integer optimal solution,0.05248939999989943
0.3,10,3,3,19,JOINT,173.12747360998446,integer optimal solution,0.0680697999999893
0.3,10,3,3,19,GW-ONLY,173.12747360998446,integer optimal solution,0.043805700000007164
0.3,10,3,3,19,OD-ONLY,176.03678589475984,integer optimal solution,0.0029455000000098153
0.3,10,3,3,19,OD-FIRST,176.03678589475982,pass1=integer optimal solution|pass2=integer optimal solution,0.03515700000002653
0.3,10,3,3,19,GW-FIRST,173.12747360998446,pass1=integer optimal solution|pass2=integer optimal solution,0.04621959999997216
0.3,10,3,3,20,JOINT,147.52453077177785,integer optimal solution,0.035712699999976394
0.3,10,3,3,20,GW-ONLY,153.18958184199946,integer optimal solution,0.036327700000015284
0.3,10,3,3,20,OD-ONLY,151.73885559479322,integer optimal solution,0.008465099999966696
0.3,10,3,3,20,OD-FIRST,147.52453077177785,pass1=integer optimal solution|pass2=integer optimal solution,0.029441700000006676
0.3,10,3,3,20,GW-FIRST,153.18958184199948,pass1=integer optimal solution|pass2=integer optimal solution,0.04981750000001739
0.3,10,3,3,21,JOINT,186.19043771511133,integer optimal solution,0.042338500000028034
0.3,10,3,3,21,GW-ONLY,187.1510045575188,integer optimal solution,0.0386154999999917
0.3,10,3,3,21,OD-ONLY,186.19043771511133,integer optimal solution,0.0034323999999514854
0.3,10,3,3,21,OD-FIRST,186.1904377151113,pass1=integer optimal solution|pass2=integer optimal solution,0.034440599999925325
0.3,10,3,3,21,GW-FIRST,186.19043771511133,pass1=integer optimal solution|pass2=integer optimal solution,0.05158679999999549
0.3,10,3,3,22,JOINT,158.82435643260482,integer optimal solution,0.042759899999964546
0.3,10,3,3,22,GW-ONLY,163.32949594566125,integer optimal solution,0.03865640000003623
0.3,10,3,3,22,OD-ONLY,158.82435643260482,integer optimal solution,0.005985300000020288
0.3,10,3,3,22,OD-FIRST,158.82435643260482,pass1=integer optimal solution|pass2=integer optimal solution,0.04599899999993795
0.3,10,3,3,22,GW-FIRST,158.82435643260482,pass1=integer optimal solution|pass2=integer optimal solution,0.05360299999995277
0.3,10,3,3,23,JOINT,165.95074332708836,integer optimal solution,0.044501399999944624
0.3,10,3,3,23,GW-ONLY,167.06097076780947,integer optimal solution,0.04022810000003574
0.3,10,3,3,23,OD-ONLY,165.95074332708836,integer optimal solution,0.002473600000030274
0.3,10,3,3,23,OD-FIRST,165.95074332708833,pass1=integer optimal solution|pass2=integer optimal solution,0.04365380000001551
0.3,10,3,3,23,GW-FIRST,165.95074332708836,pass1=integer optimal solution|pass2=integer optimal solution,0.05321070000002237
0.3,10,3,3,24,JOINT,137.67315273316777,integer optimal solution,0.03408230000002277
0.3,10,3,3,24,GW-ONLY,144.4700771589829,integer optimal solution,0.03462009999998372
0.3,10,3,3,24,OD-ONLY,138.02318597136144,integer optimal solution,0.006472900000062509
0.3,10,3,3,24,OD-FIRST,138.02318597136144,pass1=integer optimal solution|pass2=integer optimal solution,0.03166550000003099
0.3,10,3,3,24,GW-FIRST,142.85191079927978,pass1=integer optimal solution|pass2=integer optimal solution,0.04458060000001751
0.3,15,2,2,0,JOINT,234.25874707028447,integer optimal solution,0.0567131000000245
0.3,15,2,2,0,GW-ONLY,234.25874707028447,integer optimal solution,0.04952800000000934
0.3,15,2,2,0,OD-ONLY,235.50419397727546,integer optimal solution,0.004496000000017375
0.3,15,2,2,0,OD-FIRST,234.25874707028447,pass1=integer optimal solution|pass2=integer optimal solution,0.04802539999991495
0.3,15,2,2,0,GW-FIRST,234.2587470702845,pass1=integer optimal solution|pass2=integer optimal solution,0.0719686999999567
0.3,15,2,2,1,JOINT,235.12613680841804,integer optimal solution,0.058993699999973614
0.3,15,2,2,1,GW-ONLY,235.34139283339715,integer optimal solution,0.05453629999999521
0.3,15,2,2,1,OD-ONLY,248.11293835443126,integer optimal solution,0.004173299999933988
0.3,15,2,2,1,OD-FIRST,239.52986227874953,pass1=integer optimal solution|pass2=integer optimal solution,0.06623609999996916
0.3,15,2,2,1,GW-FIRST,235.34139283339715,pass1=integer optimal solution|pass2=integer optimal solution,0.09116259999996146
0.3,15,2,2,2,JOINT,208.54448621991668,integer optimal solution,0.04897809999999936
0.3,15,2,2,2,GW-ONLY,216.89273635047962,integer optimal solution,0.050756099999944126
0.3,15,2,2,2,OD-ONLY,210.47928428778857,integer optimal solution,0.006022400000006201
0.3,15,2,2,2,OD-FIRST,208.54448621991668,pass1=integer optimal solution|pass2=integer optimal solution,0.042478300000084346
0.3,15,2,2,2,GW-FIRST,216.8927363504796,pass1=integer optimal solution|pass2=integer optimal solution,0.05736419999993814
0.3,15,2,2,3,JOINT,210.14370755598225,integer optimal solution,0.04583750000006148
0.3,15,2,2,3,GW-ONLY,210.14370755598222,integer optimal solution,0.04354820000003201
0.3,15,2,2,3,OD-ONLY,216.42085941649032,integer optimal solution,0.0021374000000378146
0.3,15,2,2,3,OD-FIRST,210.14370755598222,pass1=integer optimal solution|pass2=integer optimal solution,0.048774399999956586
0.3,15,2,2,3,GW-FIRST,210.14370755598225,pass1=integer optimal solution|pass2=integer optimal solution,0.06473650000009457
0.3,15,2,2,4,JOINT,263.81143993340487,integer optimal solution,0.05035509999993337
0.3,15,2,2,4,GW-ONLY,263.8114399334049,integer optimal solution,0.06455210000001443
0.3,15,2,2,4,OD-ONLY,267.76817496437144,integer optimal solution,0.006225899999890316
0.3,15,2,2,4,OD-FIRST,267.76817496437144,pass1=integer optimal solution|pass2=integer optimal solution,0.06027700000004188
0.3,15,2,2,4,GW-FIRST,263.81143993340487,pass1=integer optimal solution|pass2=integer optimal solution,0.08524069999998574
0.3,15,2,2,5,JOINT,229.84513710908794,integer optimal solution,0.06181630000003224
0.3,15,2,2,5,GW-ONLY,232.6828569355844,integer optimal solution,0.05345360000001165
0.3,15,2,2,5,OD-ONLY,231.61833624963398,integer optimal solution,0.004916999999977634
0.3,15,2,2,5,OD-FIRST,229.84513710908794,pass1=integer optimal solution|pass2=integer optimal solution,0.05776319999995394
0.3,15,2,2,5,GW-FIRST,229.84513710908791,pass1=integer optimal solution|pass2=integer optimal solution,0.0823709000000008
0.3,15,2,2,6,JOINT,280.90469545110983,integer optimal solution,0.04087149999998019
0.3,15,2,2,6,GW-ONLY,280.90469545110983,integer optimal solution,0.04925900000000638
0.3,15,2,2,6,OD-ONLY,280.9046954511098,integer optimal solution,0.0024329999999963547
0.3,15,2,2,6,OD-FIRST,280.90469545110983,pass1=integer optimal solution|pass2=integer optimal solution,0.04609210000000985
0.3,15,2,2,6,GW-FIRST,280.9046954511098,pass1=integer optimal solution|pass2=integer optimal solution,0.06577979999997297
0.3,15,2,2,7,JOINT,186.7777731454771,integer optimal solution,0.043989199999941775
0.3,15,2,2,7,GW-ONLY,199.81711084346034,integer optimal solution,0.05053740000005291
0.3,15,2,2,7,OD-ONLY,186.7777731454771,integer optimal solution,0.004726399999981368
0.3,15,2,2,7,OD-FIRST,186.7777731454771,pass1=integer optimal solution|pass2=integer optimal solution,0.04742149999992762
0.3,15,2,2,7,GW-FIRST,191.3048428228926,pass1=integer optimal solution|pass2=integer optimal solution,0.07269990000008875
0.3,15,2,2,8,JOINT,213.69050743972625,integer optimal solution,0.048720600000024206
0.3,15,2,2,8,GW-ONLY,215.18761729158325,integer optimal solution,0.05946449999999004
0.3,15,2,2,8,OD-ONLY,218.00757432171713,integer optimal solution,0.002921900000046662
0.3,15,2,2,8,OD-FIRST,213.69050743972625,pass1=integer optimal solution|pass2=integer optimal solution,0.05957139999998162
0.3,15,2,2,8,GW-FIRST,213.69050743972628,pass1=integer optimal solution|pass2=integer optimal solution,0.07723620000001574
0.3,15,2,2,9,JOINT,271.05062090446063,integer optimal solution,0.05958300000008876
0.3,15,2,2,9,GW-ONLY,271.05062090446063,integer optimal solution,0.04979240000000118
0.3,15,2,2,9,OD-ONLY,271.847398384833,integer optimal solution,0.0034133000000338143
0.3,15,2,2,9,OD-FIRST,271.3829766375893,pass1=integer optimal solution|pass2=integer optimal solution,0.0657263000000512
0.3,15,2,2,9,GW-FIRST,271.05062090446063,pass1=integer optimal solution|pass2=integer optimal solution,0.07963870000003226
0.3,15,2,2,10,JOINT,246.54644588609057,integer optimal solution,0.045791300000018964
0.3,15,2,2,10,GW-ONLY,249.6836307814445,integer optimal solution,0.05959900000004836
0.3,15,2,2,10,OD-ONLY,250.63182897760052,integer optimal solution,0.0035973999999896478
0.3,15,2,2,10,OD-FIRST,246.5464458860906,pass1=integer optimal solution|pass2=integer optimal solution,0.056217599999968115
0.3,15,2,2,10,GW-FIRST,249.68363078144452,pass1=integer optimal solution|pass2=integer optimal solution,0.06668490000004113
0.3,15,2,2,11,JOINT,283.08511073775617,integer optimal solution,0.04584629999999379
0.3,15,2,2,11,GW-ONLY,283.0851107377562,integer optimal solution,0.04043330000001788
0.3,15,2,2,11,OD-ONLY,293.307074182318,integer optimal solution,0.00345500000003085
0.3,15,2,2,11,OD-FIRST,283.0851107377562,pass1=integer optimal solution|pass2=integer optimal solution,0.05845740000006572
0.3,15,2,2,11,GW-FIRST,283.0851107377562,pass1=integer optimal solution|pass2=integer optimal solution,0.07465270000000146
0.3,15,2,2,12,JOINT,284.15935899508355,integer optimal solution,0.05405659999996715
0.3,15,2,2,12,GW-ONLY,291.44223670694373,integer optimal solution,0.06820679999998447
0.3,15,2,2,12,OD-ONLY,292.0312984032478,integer optimal solution,0.0054468000000724714
0.3,15,2,2,12,OD-FIRST,288.05163257917593,pass1=integer optimal solution|pass2=integer optimal solution,0.06831790000001092
0.3,15,2,2,12,GW-FIRST,284.1593589950836,pass1=integer optimal solution|pass2=integer optimal solution,0.08353629999999157
0.3,15,2,2,13,JOINT,262.7327659062194,integer optimal solution,0.052629900000056296
0.3,15,2,2,13,GW-ONLY,262.7327659062194,integer optimal solution,0.04614390000006097
0.3,15,2,2,13,OD-ONLY,267.1058684988834,integer optimal solution,0.00282819999995354
0.3,15,2,2,13,OD-FIRST,267.10586849888347,pass1=integer optimal solution|pass2=integer optimal solution,0.0667711999999483
0.3,15,2,2,13,GW-FIRST,262.73276590621947,pass1=integer optimal solution|pass2=integer optimal solution,0.08408770000005461
0.3,15,2,2,14,JOINT,274.2602918205803,integer optimal solution,0.05364739999993162
0.3,15,2,2,14,GW-ONLY,276.619987472724,integer optimal solution,0.06098929999996017
0.3,15,2,2,14,OD-ONLY,285.220603200938,integer optimal solution,0.00543249999998352
0.3,15,2,2,14,OD-FIRST,275.9940361135901,pass1=integer optimal solution|pass2=integer optimal solution,0.06853590000002896
0.3,15,2,2,14,GW-FIRST,276.619987472724,pass1=integer optimal solution|pass2=integer optimal solution,0.05870049999998628
0.3,15,2,2,15,JOINT,257.6367042796287,integer optimal solution,0.07444780000002993
0.3,15,2,2,15,GW-ONLY,257.63670427962865,integer optimal solution,0.07204799999999523
0.3,15,2,2,15,OD-ONLY,258.7169853292574,integer optimal solution,0.005920600000081322
0.3,15,2,2,15,OD-FIRST,258.7169853292574,pass1=integer optimal solution|pass2=integer optimal solution,0.08525209999993422
0.3,15,2,2,15,GW-FIRST,257.6367042796287,pass1=integer optimal solution|pass2=integer optimal solution,0.09242040000003726
0.3,15,2,2,16,JOINT,251.5209104289507,integer optimal solution,0.04228860000000623
0.3,15,2,2,16,GW-ONLY,255.50766058794514,integer optimal solution,0.05156360000000859
0.3,15,2,2,16,OD-ONLY,251.5209104289507,integer optimal solution,0.006177900000011505
0.3,15,2,2,16,OD-FIRST,251.52091042895074,pass1=integer optimal solution|pass2=integer optimal solution,0.05187269999998989
0.3,15,2,2,16,GW-FIRST,255.50766058794517,pass1=integer optimal solution|pass2=integer optimal solution,0.09812579999993432
0.3,15,2,2,17,JOINT,265.4502306822514,integer optimal solution,0.05706109999994169
0.3,15,2,2,17,GW-ONLY,268.50396951944873,integer optimal solution,0.05457869999997911
0.3,15,2,2,17,OD-ONLY,287.65462517678793,integer optimal solution,0.0030923000000484535
0.3,15,2,2,17,OD-FIRST,265.45023068225134,pass1=integer optimal solution|pass2=integer optimal solution,0.05061200000000099
0.3,15,2,2,17,GW-FIRST,268.5039695194487,pass1=integer optimal solution|pass2=integer optimal solution,0.08828249999999116
0.3,15,2,2,18,JOINT,283.2878835766266,integer optimal solution,0.052479000000062115
0.3,15,2,2,18,GW-ONLY,283.2878835766266,integer optimal solution,0.06749469999999747
0.3,15,2,2,18,OD-ONLY,283.28788357662665,integer optimal solution,0.005112899999971887
0.3,15,2,2,18,OD-FIRST,283.2878835766266,pass1=integer optimal solution|pass2=integer optimal solution,0.053623500000071544
0.3,15,2,2,18,GW-FIRST,283.28788357662665,pass1=integer optimal solution|pass2=integer optimal solution,0.08054120000008425
0.3,15,2,2,19,JOINT,197.8617526731987,integer optimal solution,0.04895490000001246
0.3,15,2,2,19,GW-ONLY,197.86175267319868,integer optimal solution,0.040315499999906024
0.3,15,2,2,19,OD-ONLY,199.8308377909245,integer optimal solution,0.00319220000005771
0.3,15,2,2,19,OD-FIRST,197.86175267319868,pass1=integer optimal solution|pass2=integer optimal solution,0.056496100000003935
0.3,15,2,2,19,GW-FIRST,197.8617526731987,pass1=integer optimal solution|pass2=integer optimal solution,0.0629310000000487
0.3,15,2,2,20,JOINT,235.69003564011854,integer optimal solution,0.060216600000103426
0.3,15,2,2,20,GW-ONLY,235.69003564011854,integer optimal solution,0.051208500000029744
0.3,15,2,2,20,OD-ONLY,235.6900356401186,integer optimal solution,0.0035377000000380576
0.3,15,2,2,20,OD-FIRST,235.69003564011854,pass1=integer optimal solution|pass2=integer optimal solution,0.06094360000008692
0.3,15,2,2,20,GW-FIRST,235.6900356401186,pass1=integer optimal solution|pass2=integer optimal solution,0.06708149999997204
0.3,15,2,2,21,JOINT,189.67331157247585,integer optimal solution,0.040283499999986816
0.3,15,2,2,21,GW-ONLY,193.71077912723243,integer optimal solution,0.05332690000000184
0.3,15,2,2,21,OD-ONLY,195.80133021014967,integer optimal solution,0.004096300000014708
0.3,15,2,2,21,OD-FIRST,194.32603094939572,pass1=integer optimal solution|pass2=integer optimal solution,0.04091340000002219
0.3,15,2,2,21,GW-FIRST,193.7107791272324,pass1=integer optimal solution|pass2=integer optimal solution,0.06473089999997228
0.3,15,2,2,22,JOINT,282.5234833886156,integer optimal solution,0.0564736000000039
0.3,15,2,2,22,GW-ONLY,282.5234833886156,integer optimal solution,0.05909249999990607
0.3,15,2,2,22,OD-ONLY,282.5234833886156,integer optimal solution,0.0040347000000338085
0.3,15,2,2,22,OD-FIRST,282.5234833886156,pass1=integer optimal solution|pass2=integer optimal solution,0.05743150000000696
0.3,15,2,2,22,GW-FIRST,282.5234833886156,pass1=integer optimal solution|pass2=integer optimal solution,0.07653180000011162
0.3,15,2,2,23,JOINT,246.0185527851488,integer optimal solution,0.0471061999999165
0.3,15,2,2,23,GW-ONLY,246.0185527851488,integer optimal solution,0.053586600000016915
0.3,15,2,2,23,OD-ONLY,247.48708635221578,integer optimal solution,0.004769099999975879
0.3,15,2,2,23,OD-FIRST,247.48708635221584,pass1=integer optimal solution|pass2=integer optimal solution,0.05327969999996185
0.3,15,2,2,23,GW-FIRST,246.01855278514884,pass1=integer optimal solution|pass2=integer optimal solution,0.06810450000000401
0.3,15,2,2,24,JOINT,204.66973743178025,integer optimal solution,0.05147410000006403
0.3,15,2,2,24,GW-ONLY,205.92585420236296,integer optimal solution,0.03984590000004573
0.3,15,2,2,24,OD-ONLY,215.07860853492642,integer optimal solution,0.004059999999981301
0.3,15,2,2,24,OD-FIRST,204.66973743178025,pass1=integer optimal solution|pass2=integer optimal solution,0.053430000000048494
0.3,15,2,2,24,GW-FIRST,205.92585420236296,pass1=integer optimal solution|pass2=integer optimal solution,0.07124980000003234
0.3,15,3,2,0,JOINT,294.06168975946713,integer optimal solution,0.08555939999996554
0.3,15,3,2,0,GW-ONLY,301.82450830386216,integer optimal solution,0.06636200000002646
0.3,15,3,2,0,OD-ONLY,294.0616897594671,integer optimal solution,0.008011600000031649
0.3,15,3,2,0,OD-FIRST,294.0616897594671,pass1=integer optimal solution|pass2=integer optimal solution,0.07640670000000682
0.3,15,3,2,0,GW-FIRST,301.8245083038621,pass1=integer optimal solution|pass2=integer optimal solution,0.08478599999989456
0.3,15,3,2,1,JOINT,260.1649354665962,integer optimal solution,0.06596280000007937
0.3,15,3,2,1,GW-ONLY,260.16493546659626,integer optimal solution,0.058549200000015844
0.3,15,3,2,1,OD-ONLY,266.7342743838983,integer optimal solution,0.0049574999999322245
0.3,15,3,2,1,OD-FIRST,266.7342743838983,pass1=integer optimal solution|pass2=integer optimal solution,0.06763460000001942
0.3,15,3,2,1,GW-FIRST,260.1649354665962,pass1=integer optimal solution|pass2=integer optimal solution,0.1146368000000848
0.3,15,3,2,2,JOINT,268.18954565093424,integer optimal solution,0.07555660000002717
0.3,15,3,2,2,GW-ONLY,268.18954565093424,integer optimal solution,0.06840919999990547
0.3,15,3,2,2,OD-ONLY,270.8374230270116,integer optimal solution,0.004144399999972848
0.3,15,3,2,2,OD-FIRST,270.0020943612274,pass1=integer optimal solution|pass2=integer optimal solution,0.07064089999994394
0.3,15,3,2,2,GW-FIRST,268.1895456509343,pass1=integer optimal solution|pass2=integer optimal solution,0.09146210000005794
0.3,15,3,2,3,JOINT,220.57692838840345,integer optimal solution,0.06517220000000634
0.3,15,3,2,3,GW-ONLY,224.29778092702367,integer optimal solution,0.07158530000003793
0.3,15,3,2,3,OD-ONLY,227.0490616374368,integer optimal solution,0.01061210000000301
0.3,15,3,2,3,OD-FIRST,220.57692838840345,pass1=integer optimal solution|pass2=integer optimal solution,0.05389560000003257
0.3,15,3,2,3,GW-FIRST,224.29778092702364,pass1=integer optimal solution|pass2=integer optimal solution,0.10008700000003046
0.3,15,3,2,4,JOINT,202.4447224460657,integer optimal solution,0.061712100000022474
0.3,15,3,2,4,GW-ONLY,204.03615023769268,integer optimal solution,0.07564359999992121
0.3,15,3,2,4,OD-ONLY,215.3027563437111,integer optimal solution,0.0042220000000270375
0.3,15,3,2,4,OD-FIRST,202.44472244606573,pass1=integer optimal solution|pass2=integer optimal solution,0.05398999999999887
0.3,15,3,2,4,GW-FIRST,202.44472244606573,pass1=integer optimal solution|pass2=integer optimal solution,0.11698899999998957
0.3,15,3,2,5,JOINT,260.8799618039874,integer optimal solution,0.08576029999994716
0.3,15,3,2,5,GW-ONLY,260.8799618039874,integer optimal solution,0.08076180000000477
0.3,15,3,2,5,OD-ONLY,263.91093386892453,integer optimal solution,0.004908600000021579
0.3,15,3,2,5,OD-FIRST,263.91093386892453,pass1=integer optimal solution|pass2=integer optimal solution,0.07984920000001239
0.3,15,3,2,5,GW-FIRST,260.8799618039873,pass1=integer optimal solution|pass2=integer optimal solution,0.11532290000002376
0.3,15,3,2,6,JOINT,276.19128034812536,integer optimal solution,0.08185960000002979
0.3,15,3,2,6,GW-ONLY,279.9387754777278,integer optimal solution,0.09055919999991602
0.3,15,3,2,6,OD-ONLY,276.19128034812536,integer optimal solution,0.007739499999956934
0.3,15,3,2,6,OD-FIRST,276.1912803481255,pass1=integer optimal solution|pass2=integer optimal solution,0.08087490000002617
0.3,15,3,2,6,GW-FIRST,276.19128034812536,pass1=integer optimal solution|pass2=integer optimal solution,0.12266509999994923
0.3,15,3,2,7,JOINT,223.0198449777123,integer optimal solution,0.06104880000009416
0.3,15,3,2,7,GW-ONLY,223.0198449777123,integer optimal solution,0.05370259999995142
0.3,15,3,2,7,OD-ONLY,240.35481691737488,integer optimal solution,0.004409099999975297
0.3,15,3,2,7,OD-FIRST,223.0198449777123,pass1=integer optimal solution|pass2=integer optimal solution,0.07461139999998068
0.3,15,3,2,7,GW-FIRST,223.01984497771232,pass1=integer optimal solution|pass2=integer optimal solution,0.07453770000006443
0.3,15,3,2,8,JOINT,231.8272859294498,integer optimal solution,0.06525409999994736
0.3,15,3,2,8,GW-ONLY,234.44550014570675,integer optimal solution,0.08378799999991315
0.3,15,3,2,8,OD-ONLY,235.20995029868905,integer optimal solution,0.0024809999999888532
0.3,15,3,2,8,OD-FIRST,234.79095261614603,pass1=integer optimal solution|pass2=integer optimal solution,0.048629199999936645
0.3,15,3,2,8,GW-FIRST,231.82728592944983,pass1=integer optimal solution|pass2=integer optimal solution,0.08618069999999989
0.3,15,3,2,9,JOINT,284.7091841359141,integer optimal solution,0.07167160000005879
0.3,15,3,2,9,GW-ONLY,290.3743389251681,integer optimal solution,0.07533509999996113
0.3,15,3,2,9,OD-ONLY,296.82622239314986,integer optimal solution,0.005069199999979901
0.3,15,3,2,9,OD-FIRST,284.70918413591403,pass1=integer optimal solution|pass2=integer optimal solution,0.0606047999999646
0.3,15,3,2,9,GW-FIRST,290.37433892516816,pass1=integer optimal solution|pass2=integer optimal solution,0.07531970000002275
0.3,15,3,2,10,JOINT,255.65148475527397,integer optimal solution,0.050081299999988005
0.3,15,3,2,10,GW-ONLY,255.65148475527397,integer optimal solution,0.06663649999995869
0.3,15,3,2,10,OD-ONLY,255.65148475527397,integer optimal solution,0.003263599999968392
0.3,15,3,2,10,OD-FIRST,255.65148475527397,pass1=integer optimal solution|pass2=integer optimal solution,0.055339699999990444
0.3,15,3,2,10,GW-FIRST,255.65148475527397,pass1=integer optimal solution|pass2=integer optimal solution,0.080404499999986
0.3,15,3,2,11,JOINT,236.61165776643466,integer optimal solution,0.05636309999999867
0.3,15,3,2,11,GW-ONLY,237.21300702662478,integer optimal solution,0.06716740000001664
0.3,15,3,2,11,OD-ONLY,249.00881492544895,integer optimal solution,0.0028175000001056105
0.3,15,3,2,11,OD-FIRST,236.61165776643463,pass1=integer optimal solution|pass2=integer optimal solution,0.05972220000001016
0.3,15,3,2,11,GW-FIRST,237.21300702662478,pass1=integer optimal solution|pass2=integer optimal solution,0.09119639999994433
0.3,15,3,2,12,JOINT,182.61930890177425,integer optimal solution,0.0664452999999412
0.3,15,3,2,12,GW-ONLY,182.96270798087838,integer optimal solution,0.06427550000000792
0.3,15,3,2,12,OD-ONLY,192.52076513807535,integer optimal solution,0.0032267999999930908
0.3,15,3,2,12,OD-FIRST,185.58897003677382,pass1=integer optimal solution|pass2=integer optimal solution,0.054002299999979186
0.3,15,3,2,12,GW-FIRST,182.9627079808784,pass1=integer optimal solution|pass2=integer optimal solution,0.07885729999998148
0.3,15,3,2,13,JOINT,204.30403086613694,integer optimal solution,0.058945900000026086
0.3,15,3,2,13,GW-ONLY,205.72534938734717,integer optimal solution,0.05078670000000329
0.3,15,3,2,13,OD-ONLY,204.59267314952567,integer optimal solution,0.0024475999999822307
0.3,15,3,2,13,OD-FIRST,204.30403086613694,pass1=integer optimal solution|pass2=integer optimal solution,0.053998700000079225
0.3,15,3,2,13,GW-FIRST,205.7253493873472,pass1=integer optimal solution|pass2=integer optimal solution,0.09369950000007066
0.3,15,3,2,14,JOINT,242.16937069943157,integer optimal solution,0.07844750000003842
0.3,15,3,2,14,GW-ONLY,242.8716893112771,integer optimal solution,0.08259849999990365
0.3,15,3,2,14,OD-ONLY,256.05053089298815,integer optimal solution,0.010341599999946993
0.3,15,3,2,14,OD-FIRST,242.16937069943157,pass1=integer optimal solution|pass2=integer optimal solution,0.07085199999994529
0.3,15,3,2,14,GW-FIRST,242.87168931127712,pass1=integer optimal solution|pass2=integer optimal solution,0.10165690000007999
0.3,15,3,2,15,JOINT,255.74569615870638,integer optimal solution,0.06896010000002661
0.3,15,3,2,15,GW-ONLY,255.7456961587064,integer optimal solution,0.06551100000001497
0.3,15,3,2,15,OD-ONLY,255.74569615870638,integer optimal solution,0.0032520000000886284
0.3,15,3,2,15,OD-FIRST,255.7456961587064,pass1=integer optimal solution|pass2=integer optimal solution,0.04849269999999706
0.3,15,3,2,15,GW-FIRST,255.74569615870638,pass1=integer optimal solution|pass2=integer optimal solution,0.09639190000007147
0.3,15,3,2,16,JOINT,232.43749357882717,integer optimal solution,0.05680510000001959
0.3,15,3,2,16,GW-ONLY,234.21985255803295,integer optimal solution,0.05767920000005233
0.3,15,3,2,16,OD-ONLY,236.27756518050433,integer optimal solution,0.004602100000056453
0.3,15,3,2,16,OD-FIRST,233.68756019616183,pass1=integer optimal solution|pass2=integer optimal solution,0.04813369999999395
0.3,15,3,2,16,GW-FIRST,232.4374935788272,pass1=integer optimal solution|pass2=integer optimal solution,0.08752399999991667
0.3,15,3,2,17,JOINT,280.9017057503294,integer optimal solution,0.0777887000000419
0.3,15,3,2,17,GW-ONLY,282.2027098347494,integer optimal solution,0.07386129999997593
0.3,15,3,2,17,OD-ONLY,280.9017057503294,integer optimal solution,0.005135999999993146
0.3,15,3,2,17,OD-FIRST,280.9017057503294,pass1=integer optimal solution|pass2=integer optimal solution,0.061767899999949805
0.3,15,3,2,17,GW-FIRST,282.2027098347494,pass1=integer optimal solution|pass2=integer optimal solution,0.08936100000005354
0.3,15,3,2,18,JOINT,253.76363859393732,integer optimal solution,0.07072540000001482
0.3,15,3,2,18,GW-ONLY,253.76363859393732,integer optimal solution,0.06830249999995885
0.3,15,3,2,18,OD-ONLY,253.7636385939373,integer optimal solution,0.0028739000000541637
0.3,15,3,2,18,OD-FIRST,253.76363859393732,pass1=integer optimal solution|pass2=integer optimal solution,0.06631160000006275
0.3,15,3,2,18,GW-FIRST,253.7636385939373,pass1=integer optimal solution|pass2=integer optimal solution,0.11379170000009253
0.3,15,3,2,19,JOINT,228.00435857054154,integer optimal solution,0.07510979999995016
0.3,15,3,2,19,GW-ONLY,240.53463013875842,integer optimal solution,0.07009670000002188
0.3,15,3,2,19,OD-ONLY,245.75083937550718,integer optimal solution,0.006516599999940809
0.3,15,3,2,19,OD-FIRST,228.00435857054154,pass1=integer optimal solution|pass2=integer optimal solution,0.06461960000001454
0.3,15,3,2,19,GW-FIRST,240.53463013875842,pass1=integer optimal solution|pass2=integer optimal solution,0.08517810000000736
0.3,15,3,2,20,JOINT,268.2121187308809,integer optimal solution,0.08641430000000128
0.3,15,3,2,20,GW-ONLY,268.2121187308809,integer optimal solution,0.0706591999999091
0.3,15,3,2,20,OD-ONLY,272.30469227019444,integer optimal solution,0.012408400000026631
0.3,15,3,2,20,OD-FIRST,268.2121187308809,pass1=integer optimal solution|pass2=integer optimal solution,0.09766700000000128
0.3,15,3,2,20,GW-FIRST,268.2121187308809,pass1=integer optimal solution|pass2=integer optimal solution,0.12433710000004794
0.3,15,3,2,21,JOINT,245.46235214760392,integer optimal solution,0.08591850000004797
0.3,15,3,2,21,GW-ONLY,247.25116545870378,integer optimal solution,0.10108389999993506
0.3,15,3,2,21,OD-ONLY,245.46235214760395,integer optimal solution,0.00912340000002132
0.3,15,3,2,21,OD-FIRST,245.46235214760395,pass1=integer optimal solution|pass2=integer optimal solution,0.06836679999992157
0.3,15,3,2,21,GW-FIRST,245.46235214760395,pass1=integer optimal solution|pass2=integer optimal solution,0.11023230000000694
0.3,15,3,2,22,JOINT,215.40481180481697,integer optimal solution,0.07136660000003303
0.3,15,3,2,22,GW-ONLY,221.7060832109183,integer optimal solution,0.06289089999995667
0.3,15,3,2,22,OD-ONLY,226.72140615754043,integer optimal solution,0.004718300000035924
0.3,15,3,2,22,OD-FIRST,215.40481180481694,pass1=integer optimal solution|pass2=integer optimal solution,0.05910549999998693
0.3,15,3,2,22,GW-FIRST,221.70608321091834,pass1=integer optimal solution|pass2=integer optimal solution,0.12288460000002033
0.3,15,3,2,23,JOINT,240.49428166528722,integer optimal solution,0.06072170000004462
0.3,15,3,2,23,GW-ONLY,240.49428166528728,integer optimal solution,0.0557119000000057
0.3,15,3,2,23,OD-ONLY,254.57931383025377,integer optimal solution,0.007468500000072709
0.3,15,3,2,23,OD-FIRST,240.49428166528728,pass1=integer optimal solution|pass2=integer optimal solution,0.06905860000006214
0.3,15,3,2,23,GW-FIRST,240.49428166528725,pass1=integer optimal solution|pass2=integer optimal solution,0.08911160000002383
0.3,15,3,2,24,JOINT,251.89355051827786,integer optimal solution,0.06439310000007481
0.3,15,3,2,24,GW-ONLY,251.89355051827786,integer optimal solution,0.07336320000001706
0.3,15,3,2,24,OD-ONLY,257.1632242372715,integer optimal solution,0.007346700000084638
0.3,15,3,2,24,OD-FIRST,257.16322423727155,pass1=integer optimal solution|pass2=integer optimal solution,0.05543840000007094
0.3,15,3,2,24,GW-FIRST,251.89355051827786,pass1=integer optimal solution|pass2=integer optimal solution,0.0975580000000491
0.3,15,2,3,0,JOINT,231.98538007736641,integer optimal solution,0.04431509999994887
0.3,15,2,3,0,GW-ONLY,232.17570199757253,integer optimal solution,0.039419100000031904
0.3,15,2,3,0,OD-ONLY,242.57100001007151,integer optimal solution,0.002660699999978533
0.3,15,2,3,0,OD-FIRST,231.98538007736641,pass1=integer optimal solution|pass2=integer optimal solution,0.05364359999998669
0.3,15,2,3,0,GW-FIRST,232.17570199757256,pass1=integer optimal solution|pass2=integer optimal solution,0.06367569999997613
0.3,15,2,3,1,JOINT,220.08382318568715,integer optimal solution,0.05370370000002822
0.3,15,2,3,1,GW-ONLY,220.08382318568715,integer optimal solution,0.05258690000005117
0.3,15,2,3,1,OD-ONLY,233.5316832445037,integer optimal solution,0.006781999999930122
0.3,15,2,3,1,OD-FIRST,229.80668714276902,pass1=integer optimal solution|pass2=integer optimal solution,0.0530477999999448
0.3,15,2,3,1,GW-FIRST,220.08382318568715,pass1=integer optimal solution|pass2=integer optimal solution,0.06556790000001911
0.3,15,2,3,2,JOINT,269.0601173946785,integer optimal solution,0.057342599999969934
0.3,15,2,3,2,GW-ONLY,271.11390156018064,integer optimal solution,0.05509700000004614
0.3,15,2,3,2,OD-ONLY,269.06011739467857,integer optimal solution,0.004155900000000656
0.3,15,2,3,2,OD-FIRST,269.06011739467857,pass1=integer optimal solution|pass2=integer optimal solution,0.061750899999992725
0.3,15,2,3,2,GW-FIRST,269.06011739467857,pass1=integer optimal solution|pass2=integer optimal solution,0.0898379999999861
0.3,15,2,3,3,JOINT,244.05374097929345,integer optimal solution,0.07133069999997588
0.3,15,2,3,3,GW-ONLY,249.39387461558508,integer optimal solution,0.06742450000001554
0.3,15,2,3,3,OD-ONLY,252.31507141506543,integer optimal solution,0.004969200000005003
0.3,15,2,3,3,OD-FIRST,244.05374097929345,pass1=integer optimal solution|pass2=integer optimal solution,0.07293939999999566
0.3,15,2,3,3,GW-FIRST,249.39387461558508,pass1=integer optimal solution|pass2=integer optimal solution,0.08865400000001955
0.3,15,2,3,4,JOINT,252.28728326178478,integer optimal solution,0.050100799999995616
0.3,15,2,3,4,GW-ONLY,252.28728326178478,integer optimal solution,0.05908790000000863
0.3,15,2,3,4,OD-ONLY,252.28728326178475,integer optimal solution,0.0022142999999914537
0.3,15,2,3,4,OD-FIRST,252.28728326178478,pass1=integer optimal solution|pass2=integer optimal solution,0.051369200000067394
0.3,15,2,3,4,GW-FIRST,252.28728326178475,pass1=integer optimal solution|pass2=integer optimal solution,0.08420630000000529
0.3,15,2,3,5,JOINT,236.18785823788448,integer optimal solution,0.04962999999997919
0.3,15,2,3,5,GW-ONLY,237.77319803538975,integer optimal solution,0.051165499999910935
0.3,15,2,3,5,OD-ONLY,237.39272904069415,integer optimal solution,0.008233600000039587
0.3,15,2,3,5,OD-FIRST,236.18785823788446,pass1=integer optimal solution|pass2=integer optimal solution,0.06597759999999653
0.3,15,2,3,5,GW-FIRST,236.18785823788448,pass1=integer optimal solution|pass2=integer optimal solution,0.07051640000008774
0.3,15,2,3,6,JOINT,223.5963622706322,integer optimal solution,0.05185339999991356
0.3,15,2,3,6,GW-ONLY,223.5963622706322,integer optimal solution,0.04873969999994188
0.3,15,2,3,6,OD-ONLY,230.9456168932836,integer optimal solution,0.0026424000000133674
0.3,15,2,3,6,OD-FIRST,223.5963622706322,pass1=integer optimal solution|pass2=integer optimal solution,0.05683040000008077
0.3,15,2,3,6,GW-FIRST,223.5963622706322,pass1=integer optimal solution|pass2=integer optimal solution,0.08968770000001314
0.3,15,2,3,7,JOINT,197.20672568988073,integer optimal solution,0.06087430000002314
0.3,15,2,3,7,GW-ONLY,200.56346013772938,integer optimal solution,0.05111270000008972
0.3,15,2,3,7,OD-ONLY,206.19481520853356,integer optimal solution,0.005687000000079934
0.3,15,2,3,7,OD-FIRST,200.9408975001985,pass1=integer optimal solution|pass2=integer optimal solution,0.06097039999997378
0.3,15,2,3,7,GW-FIRST,198.07363189683977,pass1=integer optimal solution|pass2=integer optimal solution,0.08692959999996219
0.3,15,2,3,8,JOINT,227.7116941865292,integer optimal solution,0.0510173999999779
0.3,15,2,3,8,GW-ONLY,236.47883332152597,integer optimal solution,0.04783409999993182
0.3,15,2,3,8,OD-ONLY,230.9262678360992,integer optimal solution,0.004257499999994252
0.3,15,2,3,8,OD-FIRST,227.98180199879846,pass1=integer optimal solution|pass2=integer optimal solution,0.04295320000005631
0.3,15,2,3,8,GW-FIRST,236.39005601299155,pass1=integer optimal solution|pass2=integer optimal solution,0.06748159999995096
0.3,15,2,3,9,JOINT,262.57714824032416,integer optimal solution,0.05328539999993609
0.3,15,2,3,9,GW-ONLY,268.0730426640222,integer optimal solution,0.05751949999989847
0.3,15,2,3,9,OD-ONLY,262.57714824032416,integer optimal solution,0.003035500000009961
0.3,15,2,3,9,OD-FIRST,262.5771482403241,pass1=integer optimal solution|pass2=integer optimal solution,0.05708659999993415
0.3,15,2,3,9,GW-FIRST,262.57714824032416,pass1=integer optimal solution|pass2=integer optimal solution,0.06383049999999457
0.3,15,2,3,10,JOINT,222.76430590587594,integer optimal solution,0.04821819999995114
0.3,15,2,3,10,GW-ONLY,242.2736233923938,integer optimal solution,0.04444829999999911
0.3,15,2,3,10,OD-ONLY,236.44550561340938,integer optimal solution,0.007712999999966996
0.3,15,2,3,10,OD-FIRST,222.76430590587594,pass1=integer optimal solution|pass2=integer optimal solution,0.052637000000004264
0.3,15,2,3,10,GW-FIRST,237.6860854821751,pass1=integer optimal solution|pass2=integer optimal solution,0.07750510000005306
0.3,15,2,3,11,JOINT,264.01419304662886,integer optimal solution,0.05336109999996097
0.3,15,2,3,11,GW-ONLY,268.6453153090033,integer optimal solution,0.0611941999999317
0.3,15,2,3,11,OD-ONLY,268.317026935596,integer optimal solution,0.004325300000004972
0.3,15,2,3,11,OD-FIRST,268.317026935596,pass1=integer optimal solution|pass2=integer optimal solution,0.04696160000003147
0.3,15,2,3,11,GW-FIRST,264.0141930466289,pass1=integer optimal solution|pass2=integer optimal solution,0.07158640000000105
0.3,15,2,3,12,JOINT,256.90786284036744,integer optimal solution,0.049232599999982085
0.3,15,2,3,12,GW-ONLY,258.98280196835196,integer optimal solution,0.05417249999993601
0.3,15,2,3,12,OD-ONLY,256.9078628403674,integer optimal solution,0.003461799999968207
0.3,15,2,3,12,OD-FIRST,256.9078628403674,pass1=integer optimal solution|pass2=integer optimal solution,0.0595203999999967
0.3,15,2,3,12,GW-FIRST,258.98280196835196,pass1=integer optimal solution|pass2=integer optimal solution,0.07522579999999834
0.3,15,2,3,13,JOINT,252.09366119999976,integer optimal solution,0.07685449999996763
0.3,15,2,3,13,GW-ONLY,252.09366119999976,integer optimal solution,0.07801629999994475
0.3,15,2,3,13,OD-ONLY,260.3073910998523,integer optimal solution,0.004793400000039583
0.3,15,2,3,13,OD-FIRST,252.09366119999976,pass1=integer optimal solution|pass2=integer optimal solution,0.061309800000003634
0.3,15,2,3,13,GW-FIRST,252.09366119999976,pass1=integer optimal solution|pass2=integer optimal solution,0.1009679999999662
0.3,15,2,3,14,JOINT,211.2361030215583,integer optimal solution,0.04199740000001384
0.3,15,2,3,14,GW-ONLY,211.2361030215583,integer optimal solution,0.04417450000005374
0.3,15,2,3,14,OD-ONLY,217.43307812453835,integer optimal solution,0.007976500000040687
0.3,15,2,3,14,OD-FIRST,215.6582210263637,pass1=integer optimal solution|pass2=integer optimal solution,0.048964400000045316
0.3,15,2,3,14,GW-FIRST,211.2361030215583,pass1=integer optimal solution|pass2=integer optimal solution,0.056107300000007854
0.3,15,2,3,15,JOINT,260.2584569182785,integer optimal solution,0.04794990000004873
0.3,15,2,3,15,GW-ONLY,261.33014759796464,integer optimal solution,0.046052700000018376
0.3,15,2,3,15,OD-ONLY,271.4280778405787,integer optimal solution,0.008188199999949575
0.3,15,2,3,15,OD-FIRST,260.2584569182785,pass1=integer optimal solution|pass2=integer optimal solution,0.0605579000000489
0.3,15,2,3,15,GW-FIRST,261.33014759796464,pass1=integer optimal solution|pass2=integer optimal solution,0.06241109999996297
0.3,15,2,3,16,JOINT,247.3980526515943,integer optimal solution,0.05564670000001115
0.3,15,2,3,16,GW-ONLY,253.2129609306032,integer optimal solution,0.05461789999992561
0.3,15,2,3,16,OD-ONLY,259.86640076388267,integer optimal solution,0.0027397999999720923
0.3,15,2,3,16,OD-FIRST,247.39805265159427,pass1=integer optimal solution|pass2=integer optimal solution,0.0529465000000755
0.3,15,2,3,16,GW-FIRST,247.3980526515943,pass1=integer optimal solution|pass2=integer optimal solution,0.05963740000004236
0.3,15,2,3,17,JOINT,220.7819977662192,integer optimal solution,0.05029930000000604
0.3,15,2,3,17,GW-ONLY,220.78199776621923,integer optimal solution,0.05206809999992856
0.3,15,2,3,17,OD-ONLY,227.18712099510932,integer optimal solution,0.006529999999997926
0.3,15,2,3,17,OD-FIRST,220.78199776621923,pass1=integer optimal solution|pass2=integer optimal solution,0.05368739999994432
0.3,15,2,3,17,GW-FIRST,220.78199776621926,pass1=integer optimal solution|pass2=integer optimal solution,0.06846200000006775
0.3,15,2,3,18,JOINT,263.46291396194067,integer optimal solution,0.04790160000004562
0.3,15,2,3,18,GW-ONLY,270.4554657508203,integer optimal solution,0.04962620000003426
0.3,15,2,3,18,OD-ONLY,268.2651553660605,integer optimal solution,0.0033973000000742104
0.3,15,2,3,18,OD-FIRST,263.4629139619407,pass1=integer optimal solution|pass2=integer optimal solution,0.055098499999985506
0.3,15,2,3,18,GW-FIRST,270.4554657508203,pass1=integer optimal solution|pass2=integer optimal solution,0.05704009999999471
0.3,15,2,3,19,JOINT,201.74359959966415,integer optimal solution,0.046932400000059715
0.3,15,2,3,19,GW-ONLY,206.04966666858905,integer optimal solution,0.03716699999995399
0.3,15,2,3,19,OD-ONLY,204.4539637741982,integer optimal solution,0.002984100000048784
0.3,15,2,3,19,OD-FIRST,201.74359959966415,pass1=integer optimal solution|pass2=integer optimal solution,0.03655519999995249
0.3,15,2,3,19,GW-FIRST,205.30431665464113,pass1=integer optimal solution|pass2=integer optimal solution,0.06510830000001988
0.3,15,2,3,20,JOINT,239.2537145468575,integer optimal solution,0.03832260000001497
0.3,15,2,3,20,GW-ONLY,245.00601953278226,integer optimal solution,0.045433699999989585
0.3,15,2,3,20,OD-ONLY,239.25371454685754,integer optimal solution,0.004047300000024734
0.3,15,2,3,20,OD-FIRST,239.25371454685757,pass1=integer optimal solution|pass2=integer optimal solution,0.07072970000001533
0.3,15,2,3,20,GW-FIRST,239.25371454685754,pass1=integer optimal solution|pass2=integer optimal solution,0.06035810000003039
0.3,15,2,3,21,JOINT,255.3198075890623,integer optimal solution,0.05392549999999119
0.3,15,2,3,21,GW-ONLY,255.3198075890623,integer optimal solution,0.04334429999994427
0.3,15,2,3,21,OD-ONLY,261.64450957644976,integer optimal solution,0.0029903999999305597
0.3,15,2,3,21,OD-FIRST,259.58073056058385,pass1=integer optimal solution|pass2=integer optimal solution,0.050698300000021845
0.3,15,2,3,21,GW-FIRST,255.31980758906232,pass1=integer optimal solution|pass2=integer optimal solution,0.06462710000005245
0.3,15,2,3,22,JOINT,225.1555645756015,integer optimal solution,0.04260560000000169
0.3,15,2,3,22,GW-ONLY,225.1555645756015,integer optimal solution,0.049435399999993024
0.3,15,2,3,22,OD-ONLY,235.86394014621044,integer optimal solution,0.003191500000070846
0.3,15,2,3,22,OD-FIRST,225.1555645756015,pass1=integer optimal solution|pass2=integer optimal solution,0.0494099999999662
0.3,15,2,3,22,GW-FIRST,225.15556457560152,pass1=integer optimal solution|pass2=integer optimal solution,0.07379230000003645
0.3,15,2,3,23,JOINT,242.81013210240033,integer optimal solution,0.037460499999951935
0.3,15,2,3,23,GW-ONLY,245.36335469645377,integer optimal solution,0.03931749999992462
0.3,15,2,3,23,OD-ONLY,253.47343843829216,integer optimal solution,0.0036479000000326778
0.3,15,2,3,23,OD-FIRST,242.81013210240033,pass1=integer optimal solution|pass2=integer optimal solution,0.05164769999998953
0.3,15,2,3,23,GW-FIRST,244.1815740766928,pass1=integer optimal solution|pass2=integer optimal solution,0.07451619999994818
0.3,15,2,3,24,JOINT,197.75376421549336,integer optimal solution,0.06041630000004261
0.3,15,2,3,24,GW-ONLY,200.86072459479436,integer optimal solution,0.05988239999999223
0.3,15,2,3,24,OD-ONLY,202.1813271348339,integer optimal solution,0.004389900000091984
0.3,15,2,3,24,OD-FIRST,197.7537642154934,pass1=integer optimal solution|pass2=integer optimal solution,0.05801029999997809
0.3,15,2,3,24,GW-FIRST,200.86072459479436,pass1=integer optimal solution|pass2=integer optimal solution,0.06639979999999923
0.3,15,3,3,0,JOINT,267.7979661095219,integer optimal solution,0.06857549999995172
0.3,15,3,3,0,GW-ONLY,269.31934246073206,integer optimal solution,0.06879809999998088
0.3,15,3,3,0,OD-ONLY,267.7979661095219,integer optimal solution,0.0051866000000018175
0.3,15,3,3,0,OD-FIRST,267.79796610952195,pass1=integer optimal solution|pass2=integer optimal solution,0.06462340000007316
0.3,15,3,3,0,GW-FIRST,269.31934246073206,pass1=integer optimal solution|pass2=integer optimal solution,0.0952293999999938
0.3,15,3,3,1,JOINT,267.330142225666,integer optimal solution,0.07158159999994496
0.3,15,3,3,1,GW-ONLY,270.62278497469697,integer optimal solution,0.07364810000001398
0.3,15,3,3,1,OD-ONLY,267.33014222566607,integer optimal solution,0.00984029999995073
0.3,15,3,3,1,OD-FIRST,267.33014222566607,pass1=integer optimal solution|pass2=integer optimal solution,0.04957439999998314
0.3,15,3,3,1,GW-FIRST,268.53831480811346,pass1=integer optimal solution|pass2=integer optimal solution,0.10414920000005168
0.3,15,3,3,2,JOINT,217.9466601229114,integer optimal solution,0.06829790000006142
0.3,15,3,3,2,GW-ONLY,226.92717019683266,integer optimal solution,0.08183320000000549
0.3,15,3,3,2,OD-ONLY,217.9466601229114,integer optimal solution,0.01572040000007746
0.3,15,3,3,2,OD-FIRST,217.94666012291137,pass1=integer optimal solution|pass2=integer optimal solution,0.06695000000001983
0.3,15,3,3,2,GW-FIRST,226.92717019683266,pass1=integer optimal solution|pass2=integer optimal solution,0.10404419999997572
0.3,15,3,3,3,JOINT,223.81145054163073,integer optimal solution,0.06591730000002372
0.3,15,3,3,3,GW-ONLY,226.1570927636731,integer optimal solution,0.05946619999997438
0.3,15,3,3,3,OD-ONLY,231.95871603266778,integer optimal solution,0.01924819999999272
0.3,15,3,3,3,OD-FIRST,223.8114505416307,pass1=integer optimal solution|pass2=integer optimal solution,0.059189199999991615
0.3,15,3,3,3,GW-FIRST,226.1570927636731,pass1=integer optimal solution|pass2=integer optimal solution,0.10536600000000362
0.3,15,3,3,4,JOINT,243.1094412867804,integer optimal solution,0.07327889999999115
0.3,15,3,3,4,GW-ONLY,247.6075311233643,integer optimal solution,0.09104760000002443
0.3,15,3,3,4,OD-ONLY,243.1094412867804,integer optimal solution,0.005126599999925929
0.3,15,3,3,4,OD-FIRST,243.10944128678037,pass1=integer optimal solution|pass2=integer optimal solution,0.06613350000009177
0.3,15,3,3,4,GW-FIRST,243.1094412867804,pass1=integer optimal solution|pass2=integer optimal solution,0.11251849999996466
0.3,15,3,3,5,JOINT,254.57482661083242,integer optimal solution,0.0700729999999794
0.3,15,3,3,5,GW-ONLY,259.0839995809367,integer optimal solution,0.06374750000009044
0.3,15,3,3,5,OD-ONLY,254.57482661083242,integer optimal solution,0.0034768000000440225
0.3,15,3,3,5,OD-FIRST,254.57482661083242,pass1=integer optimal solution|pass2=integer optimal solution,0.07960379999997258
0.3,15,3,3,5,GW-FIRST,254.57482661083242,pass1=integer optimal solution|pass2=integer optimal solution,0.12322410000001582
0.3,15,3,3,6,JOINT,224.30783982016123,integer optimal solution,0.05673100000001341
0.3,15,3,3,6,GW-ONLY,227.0382291555406,integer optimal solution,0.0812617000000273
0.3,15,3,3,6,OD-ONLY,240.03982787737039,integer optimal solution,0.011211399999979221
0.3,15,3,3,6,OD-FIRST,224.30783982016126,pass1=integer optimal solution|pass2=integer optimal solution,0.05915379999999004
0.3,15,3,3,6,GW-FIRST,224.30783982016126,pass1=integer optimal solution|pass2=integer optimal solution,0.09700179999992997
0.3,15,3,3,7,JOINT,247.78044330894855,integer optimal solution,0.08401070000002164
0.3,15,3,3,7,GW-ONLY,252.74676059447097,integer optimal solution,0.08412690000000111
0.3,15,3,3,7,OD-ONLY,247.7804433089485,integer optimal solution,0.010307900000043446
0.3,15,3,3,7,OD-FIRST,247.7804433089485,pass1=integer optimal solution|pass2=integer optimal solution,0.06785809999996673
0.3,15,3,3,7,GW-FIRST,250.90041281784957,pass1=integer optimal solution|pass2=integer optimal solution,0.12399589999995442
0.3,15,3,3,8,JOINT,218.95888357919347,integer optimal solution,0.07777810000004592
0.3,15,3,3,8,GW-ONLY,228.99692617212958,integer optimal solution,0.05447980000008101
0.3,15,3,3,8,OD-ONLY,219.67123576878407,integer optimal solution,0.01053120000005947
0.3,15,3,3,8,OD-FIRST,218.95888357919344,pass1=integer optimal solution|pass2=integer optimal solution,0.05577449999998407
0.3,15,3,3,8,GW-FIRST,223.16874169459268,pass1=integer optimal solution|pass2=integer optimal solution,0.10346300000003339
0.3,15,3,3,9,JOINT,230.07625267372123,integer optimal solution,0.056749500000023545
0.3,15,3,3,9,GW-ONLY,230.07625267372123,integer optimal solution,0.07669969999994919
0.3,15,3,3,9,OD-ONLY,238.86408922489852,integer optimal solution,0.004903900000044814
0.3,15,3,3,9,OD-FIRST,237.59804777053571,pass1=integer optimal solution|pass2=integer optimal solution,0.047102099999960956
0.3,15,3,3,9,GW-FIRST,230.07625267372126,pass1=integer optimal solution|pass2=integer optimal solution,0.08837980000009793
0.3,15,3,3,10,JOINT,246.10661143335443,integer optimal solution,0.057199900000000525
0.3,15,3,3,10,GW-ONLY,246.10661143335443,integer optimal solution,0.06717950000006567
0.3,15,3,3,10,OD-ONLY,251.9757461382919,integer optimal solution,0.00957579999999325
0.3,15,3,3,10,OD-FIRST,247.3407326222147,pass1=integer optimal solution|pass2=integer optimal solution,0.04862150000008114
0.3,15,3,3,10,GW-FIRST,246.10661143335443,pass1=integer optimal solution|pass2=integer optimal solution,0.08427830000005088
0.3,15,3,3,11,JOINT,306.12797535988244,integer optimal solution,0.06547460000001593
0.3,15,3,3,11,GW-ONLY,306.12797535988244,integer optimal solution,0.05539859999998953
0.3,15,3,3,11,OD-ONLY,317.71890815663573,integer optimal solution,0.0075298000000429965
0.3,15,3,3,11,OD-FIRST,306.12797535988244,pass1=integer optimal solution|pass2=integer optimal solution,0.06835159999991447
0.3,15,3,3,11,GW-FIRST,306.1279753598825,pass1=integer optimal solution|pass2=integer optimal solution,0.08808199999998578
0.3,15,3,3,12,JOINT,218.09581831682877,integer optimal solution,0.051191600000038306
0.3,15,3,3,12,GW-ONLY,218.09581831682877,integer optimal solution,0.05243469999993522
0.3,15,3,3,12,OD-ONLY,224.44633487208293,integer optimal solution,0.007046699999932571
0.3,15,3,3,12,OD-FIRST,221.9150230908504,pass1=integer optimal solution|pass2=integer optimal solution,0.06648229999996147
0.3,15,3,3,12,GW-FIRST,218.09581831682874,pass1=integer optimal solution|pass2=integer optimal solution,0.07795739999994566
0.3,15,3,3,13,JOINT,220.57105488620428,integer optimal solution,0.060911700000019664
0.3,15,3,3,13,GW-ONLY,226.09954931228413,integer optimal solution,0.05780609999999342
0.3,15,3,3,13,OD-ONLY,223.31839633614257,integer optimal solution,0.002588500000001659
0.3,15,3,3,13,OD-FIRST,220.57105488620428,pass1=integer optimal solution|pass2=integer optimal solution,0.03868160000001808
0.3,15,3,3,13,GW-FIRST,220.5710548862043,pass1=integer optimal solution|pass2=integer optimal solution,0.08655820000001313
0.3,15,3,3,14,JOINT,244.40628228504522,integer optimal solution,0.07531380000000354
0.3,15,3,3,14,GW-ONLY,244.4062822850452,integer optimal solution,0.07488490000002912
0.3,15,3,3,14,OD-ONLY,244.40628228504522,integer optimal solution,0.007480900000018664
0.3,15,3,3,14,OD-FIRST,244.4062822850452,pass1=integer optimal solution|pass2=integer optimal solution,0.0588950000000068
0.3,15,3,3,14,GW-FIRST,244.40628228504522,pass1=integer optimal solution|pass2=integer optimal solution,0.09634010000002036
0.3,15,3,3,15,JOINT,246.08292995518212,integer optimal solution,0.07802670000000944
0.3,15,3,3,15,GW-ONLY,250.8157493076826,integer optimal solution,0.06550430000004326
0.3,15,3,3,15,OD-ONLY,246.0829299551821,integer optimal solution,0.0038807000000815606
0.3,15,3,3,15,OD-FIRST,246.08292995518212,pass1=integer optimal solution|pass2=integer optimal solution,0.07203849999996237
0.3,15,3,3,15,GW-FIRST,246.0829299551821,pass1=integer optimal solution|pass2=integer optimal solution,0.12243260000002465
0.3,15,3,3,16,JOINT,233.14885241272117,integer optimal solution,0.096507699999961
0.3,15,3,3,16,GW-ONLY,236.94826178110003,integer optimal solution,0.08513609999999971
0.3,15,3,3,16,OD-ONLY,233.14885241272117,integer optimal solution,0.015176500000052329
0.3,15,3,3,16,OD-FIRST,233.1488524127212,pass1=integer optimal solution|pass2=integer optimal solution,0.09051539999995839
0.3,15,3,3,16,GW-FIRST,236.9482617811,pass1=integer optimal solution|pass2=integer optimal solution,0.10784179999996013
0.3,15,3,3,17,JOINT,240.10055491946378,integer optimal solution,0.08052589999999782
0.3,15,3,3,17,GW-ONLY,241.08587360267447,integer optimal solution,0.066465600000015
0.3,15,3,3,17,OD-ONLY,240.10055491946378,integer optimal solution,0.0025481000000127096
0.3,15,3,3,17,OD-FIRST,240.10055491946375,pass1=integer optimal solution|pass2=integer optimal solution,0.06373169999994843
0.3,15,3,3,17,GW-FIRST,240.10055491946378,pass1=integer optimal solution|pass2=integer optimal solution,0.10312539999995352
0.3,15,3,3,18,JOINT,238.03949589310764,integer optimal solution,0.07509820000007039
0.3,15,3,3,18,GW-ONLY,251.44319983917887,integer optimal solution,0.08533220000003894
0.3,15,3,3,18,OD-ONLY,252.78913302578508,integer optimal solution,0.011111400000004323
0.3,15,3,3,18,OD-FIRST,238.0394958931076,pass1=integer optimal solution|pass2=integer optimal solution,0.07125440000004346
0.3,15,3,3,18,GW-FIRST,242.72345434682,pass1=integer optimal solution|pass2=integer optimal solution,0.1045657999999321
0.3,15,3,3,19,JOINT,251.246478079713,integer optimal solution,0.0694684000000052
0.3,15,3,3,19,GW-ONLY,251.246478079713,integer optimal solution,0.0745448000000124
0.3,15,3,3,19,OD-ONLY,269.61152870179836,integer optimal solution,0.005362400000080925
0.3,15,3,3,19,OD-FIRST,251.246478079713,pass1=integer optimal solution|pass2=integer optimal solution,0.08906279999996514
0.3,15,3,3,19,GW-FIRST,251.24647807971297,pass1=integer optimal solution|pass2=integer optimal solution,0.13260649999995167
0.3,15,3,3,20,JOINT,206.84270660347673,integer optimal solution,0.05626659999995809
0.3,15,3,3,20,GW-ONLY,207.9766161417689,integer optimal solution,0.04472310000005564
0.3,15,3,3,20,OD-ONLY,212.71140837538778,integer optimal solution,0.0033707000000049447
0.3,15,3,3,20,OD-FIRST,208.19427527872807,pass1=integer optimal solution|pass2=integer optimal solution,0.048074199999973644
0.3,15,3,3,20,GW-FIRST,207.9766161417689,pass1=integer optimal solution|pass2=integer optimal solution,0.09796200000005229
0.3,15,3,3,21,JOINT,223.83534853542682,integer optimal solution,0.04948249999995369
0.3,15,3,3,21,GW-ONLY,224.44579355421703,integer optimal solution,0.05628469999999197
0.3,15,3,3,21,OD-ONLY,228.85389987052886,integer optimal solution,0.006234800000015639
0.3,15,3,3,21,OD-FIRST,223.83534853542682,pass1=integer optimal solution|pass2=integer optimal solution,0.05124179999995704
0.3,15,3,3,21,GW-FIRST,223.83534853542685,pass1=integer optimal solution|pass2=integer optimal solution,0.09271499999999833
0.3,15,3,3,22,JOINT,249.02241646420947,integer optimal solution,0.07352519999994911
0.3,15,3,3,22,GW-ONLY,257.5704906948857,integer optimal solution,0.0915504999999257
0.3,15,3,3,22,OD-ONLY,269.9055067418541,integer optimal solution,0.008710099999916565
0.3,15,3,3,22,OD-FIRST,256.9394886364872,pass1=integer optimal solution|pass2=integer optimal solution,0.06765150000001086
0.3,15,3,3,22,GW-FIRST,256.69935166949926,pass1=integer optimal solution|pass2=integer optimal solution,0.0931370999999217
0.3,15,3,3,23,JOINT,195.8014510122771,integer optimal solution,0.07492099999990387
0.3,15,3,3,23,GW-ONLY,198.60299071140213,integer optimal solution,0.07486089999997603
0.3,15,3,3,23,OD-ONLY,198.42636423599717,integer optimal solution,0.004070099999921695
0.3,15,3,3,23,OD-FIRST,195.8014510122771,pass1=integer optimal solution|pass2=integer optimal solution,0.05756969999993089
0.3,15,3,3,23,GW-FIRST,198.60299071140216,pass1=integer optimal solution|pass2=integer optimal solution,0.09668290000001889
0.3,15,3,3,24,JOINT,268.2864640613943,integer optimal solution,0.06628720000003341
0.3,15,3,3,24,GW-ONLY,268.2864640613943,integer optimal solution,0.07207410000000891
0.3,15,3,3,24,OD-ONLY,277.7255903473236,integer optimal solution,0.0037598999999772786
0.3,15,3,3,24,OD-FIRST,268.2864640613943,pass1=integer optimal solution|pass2=integer optimal solution,0.058613400000012916
0.3,15,3,3,24,GW-FIRST,268.2864640613943,pass1=integer optimal solution|pass2=integer optimal solution,0.11006059999999707
0.3,20,2,2,0,JOINT,278.43617095942994,integer optimal solution,0.11436689999993632
0.3,20,2,2,0,GW-ONLY,283.076845335853,integer optimal solution,0.09366660000000593
0.3,20,2,2,0,OD-ONLY,302.6832445644398,integer optimal solution,0.003077499999903921
0.3,20,2,2,0,OD-FIRST,287.6568604948568,pass1=integer optimal solution|pass2=integer optimal solution,0.08161810000001424
0.3,20,2,2,0,GW-FIRST,283.076845335853,pass1=integer optimal solution|pass2=integer optimal solution,0.17229350000002341
0.3,20,2,2,1,JOINT,291.1151572139092,integer optimal solution,0.0950926000000436
0.3,20,2,2,1,GW-ONLY,291.30996267527047,integer optimal solution,0.09684809999998834
0.3,20,2,2,1,OD-ONLY,298.7345163068922,integer optimal solution,0.005597599999987324
0.3,20,2,2,1,OD-FIRST,291.42772372396644,pass1=integer optimal solution|pass2=integer optimal solution,0.07377810000002683
0.3,20,2,2,1,GW-FIRST,291.3099626752705,pass1=integer optimal solution|pass2=integer optimal solution,0.14038640000001124
0.3,20,2,2,2,JOINT,339.5038630890954,integer optimal solution,0.10760830000003807
0.3,20,2,2,2,GW-ONLY,341.1812523220548,integer optimal solution,0.10365079999996851
0.3,20,2,2,2,OD-ONLY,347.45750900457114,integer optimal solution,0.008448699999917153
0.3,20,2,2,2,OD-FIRST,339.50386308909543,pass1=integer optimal solution|pass2=integer optimal solution,0.10307399999999234
0.3,20,2,2,2,GW-FIRST,339.5038630890954,pass1=integer optimal solution|pass2=integer optimal solution,0.14935319999995045
0.3,20,2,2,3,JOINT,257.0323573270833,integer optimal solution,0.08656759999996666
0.3,20,2,2,3,GW-ONLY,257.0323573270833,integer optimal solution,0.09857349999992948
0.3,20,2,2,3,OD-ONLY,260.4638919250663,integer optimal solution,0.004714700000022276
0.3,20,2,2,3,OD-FIRST,258.5925121545127,pass1=integer optimal solution|pass2=integer optimal solution,0.10143459999994775
0.3,20,2,2,3,GW-FIRST,257.0323573270833,pass1=integer optimal solution|pass2=integer optimal solution,0.14341300000000956
0.3,20,2,2,4,JOINT,292.32865891239044,integer optimal solution,0.09463470000002872
0.3,20,2,2,4,GW-ONLY,297.66746167208345,integer optimal solution,0.10864119999996547
0.3,20,2,2,4,OD-ONLY,313.3864902452947,integer optimal solution,0.010705600000051163
0.3,20,2,2,4,OD-FIRST,296.7490350333263,pass1=integer optimal solution|pass2=integer optimal solution,0.06541210000000319
0.3,20,2,2,4,GW-FIRST,292.70308219305315,pass1=integer optimal solution|pass2=integer optimal solution,0.15202229999999872
0.3,20,2,2,5,JOINT,296.0276939433253,integer optimal solution,0.08814719999998033
0.3,20,2,2,5,GW-ONLY,300.52824141339903,integer optimal solution,0.10031019999996715
0.3,20,2,2,5,OD-ONLY,298.5776898014222,integer optimal solution,0.009661100000016631
0.3,20,2,2,5,OD-FIRST,296.0276939433253,pass1=integer optimal solution|pass2=integer optimal solution,0.08818390000010368
0.3,20,2,2,5,GW-FIRST,296.65176357100984,pass1=integer optimal solution|pass2=integer optimal solution,0.11454639999999472
0.3,20,2,2,6,JOINT,304.43105465924094,integer optimal solution,0.10755759999995007
0.3,20,2,2,6,GW-ONLY,305.9805346349524,integer optimal solution,0.09393509999995331
0.3,20,2,2,6,OD-ONLY,308.8086788349938,integer optimal solution,0.007701500000052874
0.3,20,2,2,6,OD-FIRST,308.8086788349939,pass1=integer optimal solution|pass2=integer optimal solution,0.08189609999999448
0.3,20,2,2,6,GW-FIRST,304.431054659241,pass1=integer optimal solution|pass2=integer optimal solution,0.138579400000026
0.3,20,2,2,7,JOINT,342.43211160045007,integer optimal solution,0.12142419999997855
0.3,20,2,2,7,GW-ONLY,342.43211160045007,integer optimal solution,0.11332920000006652
0.3,20,2,2,7,OD-ONLY,342.49944344319545,integer optimal solution,0.00464980000003834
0.3,20,2,2,7,OD-FIRST,342.43211160045,pass1=integer optimal solution|pass2=integer optimal solution,0.11658670000008442
0.3,20,2,2,7,GW-FIRST,342.43211160045,pass1=integer optimal solution|pass2=integer optimal solution,0.173313300000018
0.3,20,2,2,8,JOINT,332.69929379841216,integer optimal solution,0.10357669999996233
0.3,20,2,2,8,GW-ONLY,341.2643856289375,integer optimal solution,0.11988759999997001
0.3,20,2,2,8,OD-ONLY,336.3407706352301,integer optimal solution,0.012332500000070468
0.3,20,2,2,8,OD-FIRST,334.6096684999202,pass1=integer optimal solution|pass2=integer optimal solution,0.09273610000002463
0.3,20,2,2,8,GW-FIRST,332.69929379841216,pass1=integer optimal solution|pass2=integer optimal solution,0.19897489999993923
0.3,20,2,2,9,JOINT,324.36025548331054,integer optimal solution,0.11934880000001158
0.3,20,2,2,9,GW-ONLY,324.82319552829347,integer optimal solution,0.12427690000004077
0.3,20,2,2,9,OD-ONLY,330.87852369289857,integer optimal solution,0.00394559999995181
0.3,20,2,2,9,OD-FIRST,324.3602554833105,pass1=integer optimal solution|pass2=integer optimal solution,0.11552069999993364
0.3,20,2,2,9,GW-FIRST,324.82319552829347,pass1=integer optimal solution|pass2=integer optimal solution,0.19221859999993285
0.3,20,2,2,10,JOINT,299.62979275655226,integer optimal solution,0.08734329999992951
0.3,20,2,2,10,GW-ONLY,307.4073282633574,integer optimal solution,0.1449225999999726
0.3,20,2,2,10,OD-ONLY,311.0093522314269,integer optimal solution,0.006471799999985706
0.3,20,2,2,10,OD-FIRST,299.6297927565524,pass1=integer optimal solution|pass2=integer optimal solution,0.07872470000006615
0.3,20,2,2,10,GW-FIRST,307.40732826335744,pass1=integer optimal solution|pass2=integer optimal solution,0.16265569999995932
0.3,20,2,2,11,JOINT,296.19736318649524,integer optimal solution,0.13918499999999767
0.3,20,2,2,11,GW-ONLY,303.35756387531575,integer optimal solution,0.148151299999995
0.3,20,2,2,11,OD-ONLY,305.4230871589682,integer optimal solution,0.006070799999974952
0.3,20,2,2,11,OD-FIRST,296.1973631864953,pass1=integer optimal solution|pass2=integer optimal solution,0.11805809999998473
0.3,20,2,2,11,GW-FIRST,296.1973631864953,pass1=integer optimal solution|pass2=integer optimal solution,0.18406049999998686
0.3,20,2,2,12,JOINT,337.2013516842173,integer optimal solution,0.09781380000003992
0.3,20,2,2,12,GW-ONLY,344.0243453005022,integer optimal solution,0.10438759999999547
0.3,20,2,2,12,OD-ONLY,340.1690044301875,integer optimal solution,0.008937600000081147
0.3,20,2,2,12,OD-FIRST,337.2013516842173,pass1=integer optimal solution|pass2=integer optimal solution,0.0883089999999811
0.3,20,2,2,12,GW-FIRST,344.0243453005022,pass1=integer optimal solution|pass2=integer optimal solution,0.1409485000000359
0.3,20,2,2,13,JOINT,395.3021722643963,integer optimal solution,0.11126990000002479
0.3,20,2,2,13,GW-ONLY,395.3021722643963,integer optimal solution,0.16116899999997258
0.3,20,2,2,13,OD-ONLY,395.3021722643963,integer optimal solution,0.007291999999893051
0.3,20,2,2,13,OD-FIRST,395.3021722643963,pass1=integer optimal solution|pass2=integer optimal solution,0.10923639999998613
0.3,20,2,2,13,GW-FIRST,395.30217226439635,pass1=integer optimal solution|pass2=integer optimal solution,0.16894520000005286
0.3,20,2,2,14,JOINT,350.61485372603283,integer optimal solution,0.09913449999999102
0.3,20,2,2,14,GW-ONLY,350.61485372603283,integer optimal solution,0.1043442000000141
0.3,20,2,2,14,OD-ONLY,358.5886941664263,integer optimal solution,0.007462099999997918
0.3,20,2,2,14,OD-FIRST,352.76240761406,pass1=integer optimal solution|pass2=integer optimal solution,0.08643739999990885
0.3,20,2,2,14,GW-FIRST,350.61485372603283,pass1=integer optimal solution|pass2=integer optimal solution,0.147877200000039
0.3,20,2,2,15,JOINT,313.5577257372082,integer optimal solution,0.13981309999996938
0.3,20,2,2,15,GW-ONLY,313.5577257372082,integer optimal solution,0.1434095999999272
0.3,20,2,2,15,OD-ONLY,313.5577257372082,integer optimal solution,0.00563190000002578
0.3,20,2,2,15,OD-FIRST,313.5577257372082,pass1=integer optimal solution|pass2=integer optimal solution,0.13132969999992383
0.3,20,2,2,15,GW-FIRST,313.5577257372082,pass1=integer optimal solution|pass2=integer optimal solution,0.16891130000010435
0.3,20,2,2,16,JOINT,304.2075829925895,integer optimal solution,0.15590029999998478
0.3,20,2,2,16,GW-ONLY,305.2853490373139,integer optimal solution,0.12381100000004608
0.3,20,2,2,16,OD-ONLY,337.0669201532732,integer optimal solution,0.003772500000081891
0.3,20,2,2,16,OD-FIRST,304.2075829925895,pass1=integer optimal solution|pass2=integer optimal solution,0.1135193000000072
0.3,20,2,2,16,GW-FIRST,304.2075829925895,pass1=integer optimal solution|pass2=integer optimal solution,0.17508959999997842
0.3,20,2,2,17,JOINT,344.49845747516946,integer optimal solution,0.11941239999998743
0.3,20,2,2,17,GW-ONLY,344.49845747516946,integer optimal solution,0.14916379999999663
0.3,20,2,2,17,OD-ONLY,348.27160840934897,integer optimal solution,0.008669600000075661
0.3,20,2,2,17,OD-FIRST,347.2172500573534,pass1=integer optimal solution|pass2=integer optimal solution,0.12252360000002227
0.3,20,2,2,17,GW-FIRST,344.4984574751695,pass1=integer optimal solution|pass2=integer optimal solution,0.18101130000002286
0.3,20,2,2,18,JOINT,374.5503028882984,integer optimal solution,0.08748700000001008
0.3,20,2,2,18,GW-ONLY,374.5503028882984,integer optimal solution,0.102068700000018
0.3,20,2,2,18,OD-ONLY,374.5503028882984,integer optimal solution,0.008555099999966842
0.3,20,2,2,18,OD-FIRST,374.5503028882984,pass1=integer optimal solution|pass2=integer optimal solution,0.11659720000000107
0.3,20,2,2,18,GW-FIRST,374.5503028882984,pass1=integer optimal solution|pass2=integer optimal solution,0.13590260000000853
0.3,20,2,2,19,JOINT,328.2256462989909,integer optimal solution,0.11705840000001899
0.3,20,2,2,19,GW-ONLY,330.1626056818176,integer optimal solution,0.1297168999999485
0.3,20,2,2,19,OD-ONLY,328.5884004868276,integer optimal solution,0.007086500000013984
0.3,20,2,2,19,OD-FIRST,328.58039876162735,pass1=integer optimal solution|pass2=integer optimal solution,0.0951605999999856
0.3,20,2,2,19,GW-FIRST,328.2256462989909,pass1=integer optimal solution|pass2=integer optimal solution,0.18210899999996855
0.3,20,2,2,20,JOINT,290.644212330143,integer optimal solution,0.12302509999994982
0.3,20,2,2,20,GW-ONLY,301.1049360463877,integer optimal solution,0.12341299999991406
0.3,20,2,2,20,OD-ONLY,290.644212330143,integer optimal solution,0.005487000000016451
0.3,20,2,2,20,OD-FIRST,290.644212330143,pass1=integer optimal solution|pass2=integer optimal solution,0.07090070000003834
0.3,20,2,2,20,GW-FIRST,301.1049360463877,pass1=integer optimal solution|pass2=integer optimal solution,0.14766199999996843
0.3,20,2,2,21,JOINT,303.95388680544545,integer optimal solution,0.1570813000000726
0.3,20,2,2,21,GW-ONLY,305.53923995199,integer optimal solution,0.11553790000004938
0.3,20,2,2,21,OD-ONLY,312.4214725178353,integer optimal solution,0.007686000000035165
0.3,20,2,2,21,OD-FIRST,303.95388680544545,pass1=integer optimal solution|pass2=integer optimal solution,0.1014688999999862
0.3,20,2,2,21,GW-FIRST,304.92384553927303,pass1=integer optimal solution|pass2=integer optimal solution,0.16088969999998426
0.3,20,2,2,22,JOINT,293.9749565833146,integer optimal solution,0.1285977999999659
0.3,20,2,2,22,GW-ONLY,297.3518021749764,integer optimal solution,0.13451610000004166
0.3,20,2,2,22,OD-ONLY,310.31395386545364,integer optimal solution,0.009061200000019198
0.3,20,2,2,22,OD-FIRST,293.9749565833147,pass1=integer optimal solution|pass2=integer optimal solution,0.11216250000006767
0.3,20,2,2,22,GW-FIRST,297.3518021749764,pass1=integer optimal solution|pass2=integer optimal solution,0.18058659999996962
0.3,20,2,2,23,JOINT,305.87987006013884,integer optimal solution,0.09701619999998456
0.3,20,2,2,23,GW-ONLY,309.1711603924685,integer optimal solution,0.10682040000006054
0.3,20,2,2,23,OD-ONLY,319.2184478995189,integer optimal solution,0.006384300000036092
0.3,20,2,2,23,OD-FIRST,305.8798700601388,pass1=integer optimal solution|pass2=integer optimal solution,0.10585480000008829
0.3,20,2,2,23,GW-FIRST,305.87987006013884,pass1=integer optimal solution|pass2=integer optimal solution,0.14912809999998444
0.3,20,2,2,24,JOINT,333.25064568376933,integer optimal solution,0.09158980000006522
0.3,20,2,2,24,GW-ONLY,337.86661571144896,integer optimal solution,0.0884588999999778
0.3,20,2,2,24,OD-ONLY,333.25064568376933,integer optimal solution,0.004326800000058029
0.3,20,2,2,24,OD-FIRST,333.2506456837694,pass1=integer optimal solution|pass2=integer optimal solution,0.09840159999998832
0.3,20,2,2,24,GW-FIRST,337.86661571144896,pass1=integer optimal solution|pass2=integer optimal solution,0.158224099999984
0.3,20,3,2,0,JOINT,263.70465635204664,integer optimal solution,0.19499629999995705
0.3,20,3,2,0,GW-ONLY,279.31918194142884,integer optimal solution,0.1461296999999604
0.3,20,3,2,0,OD-ONLY,267.29788442279596,integer optimal solution,0.012456100000008519
0.3,20,3,2,0,OD-FIRST,264.98838247542284,pass1=integer optimal solution|pass2=integer optimal solution,0.10322209999992538
0.3,20,3,2,0,GW-FIRST,277.91430170492356,pass1=integer optimal solution|pass2=integer optimal solution,0.23829989999990175
0.3,20,3,2,1,JOINT,291.9008737630717,integer optimal solution,0.17391199999997298
0.3,20,3,2,1,GW-ONLY,292.716535149878,integer optimal solution,0.16929130000005443
0.3,20,3,2,1,OD-ONLY,311.5824774241623,integer optimal solution,0.00790889999996125
0.3,20,3,2,1,OD-FIRST,291.9008737630716,pass1=integer optimal solution|pass2=integer optimal solution,0.1580112999999983
0.3,20,3,2,1,GW-FIRST,292.3368869948214,pass1=integer optimal solution|pass2=integer optimal solution,0.24574310000002697
0.3,20,3,2,2,JOINT,294.81062360717766,integer optimal solution,0.16027920000010454
0.3,20,3,2,2,GW-ONLY,295.3270405866553,integer optimal solution,0.13124129999994238
0.3,20,3,2,2,OD-ONLY,306.80903599935556,integer optimal solution,0.005029600000057144
0.3,20,3,2,2,OD-FIRST,294.8106236071777,pass1=integer optimal solution|pass2=integer optimal solution,0.12798829999996997
0.3,20,3,2,2,GW-FIRST,294.8106236071777,pass1=integer optimal solution|pass2=integer optimal solution,0.20042790000002242
0.3,20,3,2,3,JOINT,308.2708610885648,integer optimal solution,0.14097229999993033
0.3,20,3,2,3,GW-ONLY,308.2708610885648,integer optimal solution,0.14058829999999034
0.3,20,3,2,3,OD-ONLY,312.0526919955284,integer optimal solution,0.0065464999998994244
0.3,20,3,2,3,OD-FIRST,308.27086108856486,pass1=integer optimal solution|pass2=integer optimal solution,0.13777570000002015
0.3,20,3,2,3,GW-FIRST,308.2708610885649,pass1=integer optimal solution|pass2=integer optimal solution,0.1987139999999954
0.3,20,3,2,4,JOINT,284.7184739120084,integer optimal solution,0.1633428999999751
0.3,20,3,2,4,GW-ONLY,287.93116161115483,integer optimal solution,0.17689760000007482
0.3,20,3,2,4,OD-ONLY,287.97815236084716,integer optimal solution,0.007995400000027075
0.3,20,3,2,4,OD-FIRST,284.71847391200833,pass1=integer optimal solution|pass2=integer optimal solution,0.1589952000000494
0.3,20,3,2,4,GW-FIRST,287.93116161115483,pass1=integer optimal solution|pass2=integer optimal solution,0.2649541999999201
0.3,20,3,2,5,JOINT,286.64636074050657,integer optimal solution,0.17667369999992388
0.3,20,3,2,5,GW-ONLY,286.6463607405065,integer optimal solution,0.15748359999997774
0.3,20,3,2,5,OD-ONLY,304.56476120540526,integer optimal solution,0.0038521000000173444
0.3,20,3,2,5,OD-FIRST,291.3701083530473,pass1=integer optimal solution|pass2=integer optimal solution,0.17497559999992518
0.3,20,3,2,5,GW-FIRST,286.64636074050657,pass1=integer optimal solution|pass2=integer optimal solution,0.25972600000000057
0.3,20,3,2,6,JOINT,311.70535654044653,integer optimal solution,0.22487780000005841
0.3,20,3,2,6,GW-ONLY,312.79767430923886,integer optimal solution,0.21934410000005755
0.3,20,3,2,6,OD-ONLY,314.6869691109558,integer optimal solution,0.007139000000051965
0.3,20,3,2,6,OD-FIRST,311.70535654044653,pass1=integer optimal solution|pass2=integer optimal solution,0.16392510000002858
0.3,20,3,2,6,GW-FIRST,312.7976743092389,pass1=integer optimal solution|pass2=integer optimal solution,0.24337900000000445
0.3,20,3,2,7,JOINT,277.1370468488353,integer optimal solution,0.21696410000004107
0.3,20,3,2,7,GW-ONLY,285.65328282278085,integer optimal solution,0.20239260000005288
0.3,20,3,2,7,OD-ONLY,277.1370468488353,integer optimal solution,0.00924720000000434
0.3,20,3,2,7,OD-FIRST,277.1370468488353,pass1=integer optimal solution|pass2=integer optimal solution,0.15496990000008282
0.3,20,3,2,7,GW-FIRST,285.65328282278085,pass1=integer optimal solution|pass2=integer optimal solution,0.2704504000000725
0.3,20,3,2,8,JOINT,286.21713524568474,integer optimal solution,0.14223790000005465
0.3,20,3,2,8,GW-ONLY,287.64242506644456,integer optimal solution,0.15480560000003152
0.3,20,3,2,8,OD-ONLY,297.6930836427019,integer optimal solution,0.009771199999931923
0.3,20,3,2,8,OD-FIRST,297.6930836427018,pass1=integer optimal solution|pass2=integer optimal solution,0.11591210000005958
0.3,20,3,2,8,GW-FIRST,286.21713524568474,pass1=integer optimal solution|pass2=integer optimal solution,0.21677099999999427
0.3,20,3,2,9,JOINT,321.3525998865209,integer optimal solution,0.17653219999999692
0.3,20,3,2,9,GW-ONLY,321.3525998865209,integer optimal solution,0.18700380000007044
0.3,20,3,2,9,OD-ONLY,324.3829826437408,integer optimal solution,0.004959999999982756
0.3,20,3,2,9,OD-FIRST,321.3525998865209,pass1=integer optimal solution|pass2=integer optimal solution,0.20822559999999157
0.3,20,3,2,9,GW-FIRST,321.352599886521,pass1=integer optimal solution|pass2=integer optimal solution,0.2819061000000147
0.3,20,3,2,10,JOINT,332.2332493294312,integer optimal solution,0.17359040000008008
0.3,20,3,2,10,GW-ONLY,333.90554819673866,integer optimal solution,0.20245490000002064
0.3,20,3,2,10,OD-ONLY,332.2332493294312,integer optimal solution,0.006330599999955666
0.3,20,3,2,10,OD-FIRST,332.2332493294313,pass1=integer optimal solution|pass2=integer optimal solution,0.1773527999999942
0.3,20,3,2,10,GW-FIRST,332.2332493294312,pass1=integer optimal solution|pass2=integer optimal solution,0.2870725999999877
0.3,20,3,2,11,JOINT,311.25513002967995,integer optimal solution,0.19865629999992507
0.3,20,3,2,11,GW-ONLY,315.76310111932435,integer optimal solution,0.2006384999999682
0.3,20,3,2,11,OD-ONLY,336.3427714244583,integer optimal solution,0.004136600000038015
0.3,20,3,2,11,OD-FIRST,311.8442375681329,pass1=integer optimal solution|pass2=integer optimal solution,0.15303110000002107
0.3,20,3,2,11,GW-FIRST,311.25513002968,pass1=integer optimal solution|pass2=integer optimal solution,0.28309860000001663
0.3,20,3,2,12,JOINT,267.5277278477039,integer optimal solution,0.20749150000006011
0.3,20,3,2,12,GW-ONLY,269.19104165264304,integer optimal solution,0.20547180000005483
0.3,20,3,2,12,OD-ONLY,281.26722708929435,integer optimal solution,0.007352800000035131
0.3,20,3,2,12,OD-FIRST,271.1434531076511,pass1=integer optimal solution|pass2=integer optimal solution,0.14833499999997457
0.3,20,3,2,12,GW-FIRST,267.52772784770394,pass1=integer optimal solution|pass2=integer optimal solution,0.23131699999999
0.3,20,3,2,13,JOINT,356.01243770509524,integer optimal solution,0.19027810000000045
0.3,20,3,2,13,GW-ONLY,357.6327529698141,integer optimal solution,0.22065379999992274
0.3,20,3,2,13,OD-ONLY,356.0124377050953,integer optimal solution,0.00388810000004014
0.3,20,3,2,13,OD-FIRST,356.01243770509524,pass1=integer optimal solution|pass2=integer optimal solution,0.15125030000001516
0.3,20,3,2,13,GW-FIRST,356.01243770509524,pass1=integer optimal solution|pass2=integer optimal solution,0.28179389999991145
0.3,20,3,2,14,JOINT,333.1763615249081,integer optimal solution,0.18092830000000504
0.3,20,3,2,14,GW-ONLY,333.1763615249081,integer optimal solution,0.18398019999995086
0.3,20,3,2,14,OD-ONLY,343.160559087603,integer optimal solution,0.008681099999989783
0.3,20,3,2,14,OD-FIRST,336.2070422008691,pass1=integer optimal solution|pass2=integer optimal solution,0.16721979999999803
0.3,20,3,2,14,GW-FIRST,333.1763615249082,pass1=integer optimal solution|pass2=integer optimal solution,0.25723789999995006
0.3,20,3,2,15,JOINT,314.8435683853207,integer optimal solution,0.17785839999999098
0.3,20,3,2,15,GW-ONLY,315.15724776813653,integer optimal solution,0.2073929999999109
0.3,20,3,2,15,OD-ONLY,314.84356838532074,integer optimal solution,0.005586100000073202
0.3,20,3,2,15,OD-FIRST,314.84356838532074,pass1=integer optimal solution|pass2=integer optimal solution,0.16557109999996555
0.3,20,3,2,15,GW-FIRST,315.1572477681366,pass1=integer optimal solution|pass2=integer optimal solution,0.26164889999995466
0.3,20,3,2,16,JOINT,343.42373889177725,integer optimal solution,0.13220449999994344
0.3,20,3,2,16,GW-ONLY,343.42373889177725,integer optimal solution,0.11127790000000459
0.3,20,3,2,16,OD-ONLY,343.4237388917772,integer optimal solution,0.005233400000065558
0.3,20,3,2,16,OD-FIRST,343.42373889177713,pass1=integer optimal solution|pass2=integer optimal solution,0.15844830000003185
0.3,20,3,2,16,GW-FIRST,343.4237388917771,pass1=integer optimal solution|pass2=integer optimal solution,0.21631200000001627
0.3,20,3,2,17,JOINT,293.3185325707008,integer optimal solution,0.15644899999995232
0.3,20,3,2,17,GW-ONLY,293.3185325707008,integer optimal solution,0.20752589999995052
0.3,20,3,2,17,OD-ONLY,311.77924593040643,integer optimal solution,0.007489499999906002
0.3,20,3,2,17,OD-FIRST,293.31853257070077,pass1=integer optimal solution|pass2=integer optimal solution,0.158395100000007
0.3,20,3,2,17,GW-FIRST,293.31853257070077,pass1=integer optimal solution|pass2=integer optimal solution,0.25991880000003675
0.3,20,3,2,18,JOINT,320.5872703849384,integer optimal solution,0.20816360000003442
0.3,20,3,2,18,GW-ONLY,320.5872703849384,integer optimal solution,0.18211609999991651
0.3,20,3,2,18,OD-ONLY,327.93226974947646,integer optimal solution,0.004706300000066221
0.3,20,3,2,18,OD-FIRST,320.5872703849384,pass1=integer optimal solution|pass2=integer optimal solution,0.18626230000006672
0.3,20,3,2,18,GW-FIRST,320.58727038493834,pass1=integer optimal solution|pass2=integer optimal solution,0.27070500000002085
0.3,20,3,2,19,JOINT,341.0744309570754,integer optimal solution,0.22574729999996634
0.3,20,3,2,19,GW-ONLY,341.0744309570754,integer optimal solution,0.1894839999999931
0.3,20,3,2,19,OD-ONLY,341.0744309570754,integer optimal solution,0.006309099999953105
0.3,20,3,2,19,OD-FIRST,341.0744309570754,pass1=integer optimal solution|pass2=integer optimal solution,0.2110761999999795
0.3,20,3,2,19,GW-FIRST,341.0744309570754,pass1=integer optimal solution|pass2=integer optimal solution,0.2630822999999509
0.3,20,3,2,20,JOINT,324.7597872613793,integer optimal solution,0.14170149999995374
0.3,20,3,2,20,GW-ONLY,324.7597872613793,integer optimal solution,0.16695609999999306
0.3,20,3,2,20,OD-ONLY,337.27851849601785,integer optimal solution,0.003522200000020348
0.3,20,3,2,20,OD-FIRST,324.75978726137924,pass1=integer optimal solution|pass2=integer optimal solution,0.1595878000000539
0.3,20,3,2,20,GW-FIRST,324.7597872613793,pass1=integer optimal solution|pass2=integer optimal solution,0.2488181999999597
0.3,20,3,2,21,JOINT,350.26995146686386,integer optimal solution,0.19384239999999409
0.3,20,3,2,21,GW-ONLY,352.88879074720495,integer optimal solution,0.2057602999999517
0.3,20,3,2,21,OD-ONLY,351.90597841849507,integer optimal solution,0.017729700000018056
0.3,20,3,2,21,OD-FIRST,350.26995146686386,pass1=integer optimal solution|pass2=integer optimal solution,0.15261229999998704
0.3,20,3,2,21,GW-FIRST,350.26995146686386,pass1=integer optimal solution|pass2=integer optimal solution,0.27127200000006724
0.3,20,3,2,22,JOINT,341.6818092407214,integer optimal solution,0.16366750000008778
0.3,20,3,2,22,GW-ONLY,343.66754565713023,integer optimal solution,0.21305150000000594
0.3,20,3,2,22,OD-ONLY,343.6642568181616,integer optimal solution,0.0048266000000012355
0.3,20,3,2,22,OD-FIRST,341.68180924072135,pass1=integer optimal solution|pass2=integer optimal solution,0.14702840000006745
0.3,20,3,2,22,GW-FIRST,343.6675456571302,pass1=integer optimal solution|pass2=integer optimal solution,0.2368832999999313
0.3,20,3,2,23,JOINT,313.8965671134748,integer optimal solution,0.15296139999998104
0.3,20,3,2,23,GW-ONLY,315.28139163522405,integer optimal solution,0.17241649999994024
0.3,20,3,2,23,OD-ONLY,321.9944216017641,integer optimal solution,0.004132499999968786
0.3,20,3,2,23,OD-FIRST,313.8965671134749,pass1=integer optimal solution|pass2=integer optimal solution,0.16942849999998089
0.3,20,3,2,23,GW-FIRST,315.28139163522405,pass1=integer optimal solution|pass2=integer optimal solution,0.23048080000000937
0.3,20,3,2,24,JOINT,296.08105165484506,integer optimal solution,0.16585480000003372
0.3,20,3,2,24,GW-ONLY,300.8550435663503,integer optimal solution,0.1619529000000739
0.3,20,3,2,24,OD-ONLY,296.08105165484506,integer optimal solution,0.010730899999998655
0.3,20,3,2,24,OD-FIRST,296.0810516548451,pass1=integer optimal solution|pass2=integer optimal solution,0.11639790000003813
0.3,20,3,2,24,GW-FIRST,300.8550435663503,pass1=integer optimal solution|pass2=integer optimal solution,0.22760999999991327
0.3,20,2,3,0,JOINT,318.3406806035553,integer optimal solution,0.09974140000008447
0.3,20,2,3,0,GW-ONLY,320.16943723063343,integer optimal solution,0.10095420000004651
0.3,20,2,3,0,OD-ONLY,327.73894910312254,integer optimal solution,0.0038163000000395186
0.3,20,2,3,0,OD-FIRST,318.8110779790543,pass1=integer optimal solution|pass2=integer optimal solution,0.08739800000000741
0.3,20,2,3,0,GW-FIRST,320.16943723063343,pass1=integer optimal solution|pass2=integer optimal solution,0.12933920000000398
0.3,20,2,3,1,JOINT,311.0120247508106,integer optimal solution,0.12848700000006374
0.3,20,2,3,1,GW-ONLY,311.0120247508106,integer optimal solution,0.1302146000000448
0.3,20,2,3,1,OD-ONLY,324.47213642475896,integer optimal solution,0.003571299999975963
0.3,20,2,3,1,OD-FIRST,311.0120247508106,pass1=integer optimal solution|pass2=integer optimal solution,0.1515350000000808
0.3,20,2,3,1,GW-FIRST,311.01202475081067,pass1=integer optimal solution|pass2=integer optimal solution,0.18362500000000637
0.3,20,2,3,2,JOINT,300.79930122516816,integer optimal solution,0.11874750000004042
0.3,20,2,3,2,GW-ONLY,301.2641701126849,integer optimal solution,0.12098309999998946
0.3,20,2,3,2,OD-ONLY,310.68547240339524,integer optimal solution,0.0099060999999665
0.3,20,2,3,2,OD-FIRST,300.79930122516816,pass1=integer optimal solution|pass2=integer optimal solution,0.13737979999996242
0.3,20,2,3,2,GW-FIRST,300.79930122516816,pass1=integer optimal solution|pass2=integer optimal solution,0.1966780000000199
0.3,20,2,3,3,JOINT,336.3657263759797,integer optimal solution,0.08804259999999431
0.3,20,2,3,3,GW-ONLY,344.6007463425233,integer optimal solution,0.1037640999999212
0.3,20,2,3,3,OD-ONLY,340.3960707858798,integer optimal solution,0.008624800000006871
0.3,20,2,3,3,OD-FIRST,336.36572637597965,pass1=integer optimal solution|pass2=integer optimal solution,0.0971474999998918
0.3,20,2,3,3,GW-FIRST,344.6007463425233,pass1=integer optimal solution|pass2=integer optimal solution,0.14407459999995353
0.3,20,2,3,4,JOINT,316.04868355066935,integer optimal solution,0.10842400000001362
0.3,20,2,3,4,GW-ONLY,323.7919783970929,integer optimal solution,0.10813180000002376
0.3,20,2,3,4,OD-ONLY,322.3115966667689,integer optimal solution,0.006647700000030454
0.3,20,2,3,4,OD-FIRST,319.2501091825872,pass1=integer optimal solution|pass2=integer optimal solution,0.09393469999997706
0.3,20,2,3,4,GW-FIRST,316.0486835506694,pass1=integer optimal solution|pass2=integer optimal solution,0.17245760000002974
0.3,20,2,3,5,JOINT,329.0489590756274,integer optimal solution,0.10424330000000737
0.3,20,2,3,5,GW-ONLY,333.59573815904054,integer optimal solution,0.08641719999991437
0.3,20,2,3,5,OD-ONLY,329.04895907562735,integer optimal solution,0.0042206000000533095
0.3,20,2,3,5,OD-FIRST,329.0489590756274,pass1=integer optimal solution|pass2=integer optimal solution,0.10596969999994599
0.3,20,2,3,5,GW-FIRST,331.83126910929576,pass1=integer optimal solution|pass2=integer optimal solution,0.16177559999994173
0.3,20,2,3,6,JOINT,342.9078537916647,integer optimal solution,0.09428130000003421
0.3,20,2,3,6,GW-ONLY,347.05524051859385,integer optimal solution,0.08334610000008524
0.3,20,2,3,6,OD-ONLY,342.9078537916647,integer optimal solution,0.003463899999928799
0.3,20,2,3,6,OD-FIRST,342.90785379166465,pass1=integer optimal solution|pass2=integer optimal solution,0.07096550000005664
0.3,20,2,3,6,GW-FIRST,342.9078537916646,pass1=integer optimal solution|pass2=integer optimal solution,0.16252220000001216
0.3,20,2,3,7,JOINT,340.19433612343863,integer optimal solution,0.10825810000005731
0.3,20,2,3,7,GW-ONLY,340.91415995428525,integer optimal solution,0.1186977999999499
0.3,20,2,3,7,OD-ONLY,340.19433612343863,integer optimal solution,0.005823500000019521
0.3,20,2,3,7,OD-FIRST,340.19433612343863,pass1=integer optimal solution|pass2=integer optimal solution,0.07175759999995535
0.3,20,2,3,7,GW-FIRST,340.1943361234386,pass1=integer optimal solution|pass2=integer optimal solution,0.15320940000003702
0.3,20,2,3,8,JOINT,266.730871283238,integer optimal solution,0.14259200000003602
0.3,20,2,3,8,GW-ONLY,269.01945509841573,integer optimal solution,0.13467819999993935
0.3,20,2,3,8,OD-ONLY,271.2662636181452,integer optimal solution,0.006123000000002321
0.3,20,2,3,8,OD-FIRST,266.730871283238,pass1=integer optimal solution|pass2=integer optimal solution,0.12178380000000288
0.3,20,2,3,8,GW-FIRST,268.1143040501422,pass1=integer optimal solution|pass2=integer optimal solution,0.17081159999997908
0.3,20,2,3,9,JOINT,276.2029669602047,integer optimal solution,0.10997829999996611
0.3,20,2,3,9,GW-ONLY,276.4337877442478,integer optimal solution,0.1070627000000286
0.3,20,2,3,9,OD-ONLY,294.39807114958705,integer optimal solution,0.00542089999999007
0.3,20,2,3,9,OD-FIRST,276.20296696020466,pass1=integer optimal solution|pass2=integer optimal solution,0.09264120000000275
0.3,20,2,3,9,GW-FIRST,276.4337877442478,pass1=integer optimal solution|pass2=integer optimal solution,0.13694069999996827
0.3,20,2,3,10,JOINT,390.33100566142286,integer optimal solution,0.11567660000002888
0.3,20,2,3,10,GW-ONLY,409.1023706768241,integer optimal solution,0.13730329999998503
0.3,20,2,3,10,OD-ONLY,404.9564546697425,integer optimal solution,0.005529900000055932
0.3,20,2,3,10,OD-FIRST,390.33100566142286,pass1=integer optimal solution|pass2=integer optimal solution,0.08522239999990688
0.3,20,2,3,10,GW-FIRST,409.10237067682414,pass1=integer optimal solution|pass2=integer optimal solution,0.11999040000000605
0.3,20,2,3,11,JOINT,258.89782292498643,integer optimal solution,0.10561840000002576
0.3,20,2,3,11,GW-ONLY,266.1635780869948,integer optimal solution,0.11154399999998077
0.3,20,2,3,11,OD-ONLY,270.6058421745442,integer optimal solution,0.009213199999976496
0.3,20,2,3,11,OD-FIRST,258.89782292498643,pass1=integer optimal solution|pass2=integer optimal solution,0.09324340000000575
0.3,20,2,3,11,GW-FIRST,266.16357808699485,pass1=integer optimal solution|pass2=integer optimal solution,0.16118710000000647
0.3,20,2,3,12,JOINT,353.67463380204487,integer optimal solution,0.12676109999995333
0.3,20,2,3,12,GW-ONLY,358.93411780653213,integer optimal solution,0.12798540000005687
0.3,20,2,3,12,OD-ONLY,364.2811869964352,integer optimal solution,0.01604659999998148
0.3,20,2,3,12,OD-FIRST,364.2811869964353,pass1=integer optimal solution|pass2=integer optimal solution,0.10114299999997911
0.3,20,2,3,12,GW-FIRST,353.67463380204504,pass1=integer optimal solution|pass2=integer optimal solution,0.12384529999997085
0.3,20,2,3,13,JOINT,327.02108795487,integer optimal solution,0.10488759999998365
0.3,20,2,3,13,GW-ONLY,327.9465289247861,integer optimal solution,0.09819270000002689
0.3,20,2,3,13,OD-ONLY,347.5057959607238,integer optimal solution,0.002978699999971468
0.3,20,2,3,13,OD-FIRST,327.02108795487,pass1=integer optimal solution|pass2=integer optimal solution,0.09001810000006571
0.3,20,2,3,13,GW-FIRST,327.02108795487,pass1=integer optimal solution|pass2=integer optimal solution,0.13647549999996045
0.3,20,2,3,14,JOINT,315.3365765643143,integer optimal solution,0.11427770000000237
0.3,20,2,3,14,GW-ONLY,318.9960913806471,integer optimal solution,0.10996280000006209
0.3,20,2,3,14,OD-ONLY,319.3466171375523,integer optimal solution,0.005273800000054507
0.3,20,2,3,14,OD-FIRST,315.33657656431427,pass1=integer optimal solution|pass2=integer optimal solution,0.08626860000003944
0.3,20,2,3,14,GW-FIRST,318.9960913806471,pass1=integer optimal solution|pass2=integer optimal solution,0.19575620000000526
0.3,20,2,3,15,JOINT,299.5949432397399,integer optimal solution,0.11458870000001298
0.3,20,2,3,15,GW-ONLY,299.5949432397399,integer optimal solution,0.1334702000000334
0.3,20,2,3,15,OD-ONLY,306.4899443966603,integer optimal solution,0.009701599999971222
0.3,20,2,3,15,OD-FIRST,301.8545919411905,pass1=integer optimal solution|pass2=integer optimal solution,0.12198160000002645
0.3,20,2,3,15,GW-FIRST,299.5949432397399,pass1=integer optimal solution|pass2=integer optimal solution,0.15430880000008074
0.3,20,2,3,16,JOINT,334.0261677864394,integer optimal solution,0.10493050000002313
0.3,20,2,3,16,GW-ONLY,334.700447701203,integer optimal solution,0.10423600000001443
0.3,20,2,3,16,OD-ONLY,345.619625163677,integer optimal solution,0.008288600000014412
0.3,20,2,3,16,OD-FIRST,336.7643446682132,pass1=integer optimal solution|pass2=integer optimal solution,0.0730141999999887
0.3,20,2,3,16,GW-FIRST,334.02616778643943,pass1=integer optimal solution|pass2=integer optimal solution,0.15371279999999388
0.3,20,2,3,17,JOINT,331.0969454000926,integer optimal solution,0.08947129999990011
0.3,20,2,3,17,GW-ONLY,338.0317674318799,integer optimal solution,0.10419359999991684
0.3,20,2,3,17,OD-ONLY,331.09694540009264,integer optimal solution,0.010530099999982667
0.3,20,2,3,17,OD-FIRST,331.0969454000926,pass1=integer optimal solution|pass2=integer optimal solution,0.0770178999999871
0.3,20,2,3,17,GW-FIRST,332.54014931988644,pass1=integer optimal solution|pass2=integer optimal solution,0.14172630000007302
0.3,20,2,3,18,JOINT,323.152195492848,integer optimal solution,0.1390367999999853
0.3,20,2,3,18,GW-ONLY,326.2509231409959,integer optimal solution,0.12018639999996594
0.3,20,2,3,18,OD-ONLY,324.03893450959265,integer optimal solution,0.006329800000003161
0.3,20,2,3,18,OD-FIRST,324.0389345095926,pass1=integer optimal solution|pass2=integer optimal solution,0.09773510000002261
0.3,20,2,3,18,GW-FIRST,326.2509231409959,pass1=integer optimal solution|pass2=integer optimal solution,0.15059420000000046
0.3,20,2,3,19,JOINT,301.524487244872,integer optimal solution,0.10384539999995468
0.3,20,2,3,19,GW-ONLY,303.7200713039893,integer optimal solution,0.1026845000000094
0.3,20,2,3,19,OD-ONLY,310.31489364359237,integer optimal solution,0.006617399999981899
0.3,20,2,3,19,OD-FIRST,301.524487244872,pass1=integer optimal solution|pass2=integer optimal solution,0.09691499999996722
0.3,20,2,3,19,GW-FIRST,301.52448724487203,pass1=integer optimal solution|pass2=integer optimal solution,0.13242750000006254
0.3,20,2,3,20,JOINT,251.56088197231713,integer optimal solution,0.09315370000001622
0.3,20,2,3,20,GW-ONLY,266.2331386397145,integer optimal solution,0.08586750000006305
0.3,20,2,3,20,OD-ONLY,260.0343401874998,integer optimal solution,0.005935300000032839
0.3,20,2,3,20,OD-FIRST,251.5608819723171,pass1=integer optimal solution|pass2=integer optimal solution,0.07767830000000231
0.3,20,2,3,20,GW-FIRST,251.5608819723171,pass1=integer optimal solution|pass2=integer optimal solution,0.1472147000000632
0.3,20,2,3,21,JOINT,316.49337522483387,integer optimal solution,0.11088069999993877
0.3,20,2,3,21,GW-ONLY,321.49614983668783,integer optimal solution,0.09743570000000545
0.3,20,2,3,21,OD-ONLY,316.49337522483387,integer optimal solution,0.004043700000011086
0.3,20,2,3,21,OD-FIRST,316.4933752248338,pass1=integer optimal solution|pass2=integer optimal solution,0.08121319999997922
0.3,20,2,3,21,GW-FIRST,316.49337522483387,pass1=integer optimal solution|pass2=integer optimal solution,0.1429743999999573
0.3,20,2,3,22,JOINT,319.1486287729285,integer optimal solution,0.11467379999999139
0.3,20,2,3,22,GW-ONLY,319.1486287729285,integer optimal solution,0.11273859999994329
0.3,20,2,3,22,OD-ONLY,323.3159192216749,integer optimal solution,0.008768199999963144
0.3,20,2,3,22,OD-FIRST,323.31591922167485,pass1=integer optimal solution|pass2=integer optimal solution,0.12542370000005576
0.3,20,2,3,22,GW-FIRST,319.14862877292853,pass1=integer optimal solution|pass2=integer optimal solution,0.11845519999997123
0.3,20,2,3,23,JOINT,327.55242961415956,integer optimal solution,0.1177265000000034
0.3,20,2,3,23,GW-ONLY,327.55242961415956,integer optimal solution,0.13079770000001645
0.3,20,2,3,23,OD-ONLY,339.3529572838837,integer optimal solution,0.009951499999942826
0.3,20,2,3,23,OD-FIRST,329.7713522071427,pass1=integer optimal solution|pass2=integer optimal solution,0.1323854999999412
0.3,20,2,3,23,GW-FIRST,327.55242961415956,pass1=integer optimal solution|pass2=integer optimal solution,0.1665103000000272
0.3,20,2,3,24,JOINT,334.2689150393545,integer optimal solution,0.13256969999997636
0.3,20,2,3,24,GW-ONLY,340.5767105517522,integer optimal solution,0.09833349999996699
0.3,20,2,3,24,OD-ONLY,334.2689150393545,integer optimal solution,0.006762500000036198
0.3,20,2,3,24,OD-FIRST,334.2689150393545,pass1=integer optimal solution|pass2=integer optimal solution,0.0898275999999214
0.3,20,2,3,24,GW-FIRST,334.2689150393545,pass1=integer optimal solution|pass2=integer optimal solution,0.14811310000004596
0.3,20,3,3,0,JOINT,319.5182732240559,integer optimal solution,0.13731640000003154
0.3,20,3,3,0,GW-ONLY,319.5182732240559,integer optimal solution,0.13950599999998303
0.3,20,3,3,0,OD-ONLY,320.7038849076504,integer optimal solution,0.0075813999999354564
0.3,20,3,3,0,OD-FIRST,319.5182732240559,pass1=integer optimal solution|pass2=integer optimal solution,0.16461419999995996
0.3,20,3,3,0,GW-FIRST,319.5182732240559,pass1=integer optimal solution|pass2=integer optimal solution,0.23942119999992428
0.3,20,3,3,1,JOINT,323.05571363726426,integer optimal solution,0.1879105000000436
0.3,20,3,3,1,GW-ONLY,323.05571363726426,integer optimal solution,0.17126630000007026
0.3,20,3,3,1,OD-ONLY,324.0015740414625,integer optimal solution,0.00940370000000712
0.3,20,3,3,1,OD-FIRST,324.00157404146256,pass1=integer optimal solution|pass2=integer optimal solution,0.16546519999997145
0.3,20,3,3,1,GW-FIRST,323.05571363726426,pass1=integer optimal solution|pass2=integer optimal solution,0.21964570000000094
0.3,20,3,3,2,JOINT,340.2249402838993,integer optimal solution,0.20320600000002287
0.3,20,3,3,2,GW-ONLY,340.2249402838993,integer optimal solution,0.19681259999993017
0.3,20,3,3,2,OD-ONLY,350.7462156139088,integer optimal solution,0.004909699999984696
0.3,20,3,3,2,OD-FIRST,340.2249402838993,pass1=integer optimal solution|pass2=integer optimal solution,0.2083916000000272
0.3,20,3,3,2,GW-FIRST,340.2249402838993,pass1=integer optimal solution|pass2=integer optimal solution,0.27323180000007596
0.3,20,3,3,3,JOINT,311.5021599405678,integer optimal solution,0.2029258000000027
0.3,20,3,3,3,GW-ONLY,312.9049637334555,integer optimal solution,0.2031738000000587
0.3,20,3,3,3,OD-ONLY,335.615955960561,integer optimal solution,0.006320899999991525
0.3,20,3,3,3,OD-FIRST,311.5021599405678,pass1=integer optimal solution|pass2=integer optimal solution,0.1743503000000146
0.3,20,3,3,3,GW-FIRST,312.90496373345553,pass1=integer optimal solution|pass2=integer optimal solution,0.2522145000000364
0.3,20,3,3,4,JOINT,326.8017058765997,integer optimal solution,0.17095440000002782
0.3,20,3,3,4,GW-ONLY,329.7122215317982,integer optimal solution,0.17032099999994443
0.3,20,3,3,4,OD-ONLY,344.3024784928574,integer optimal solution,0.009526199999982055
0.3,20,3,3,4,OD-FIRST,326.8017058765997,pass1=integer optimal solution|pass2=integer optimal solution,0.18539269999996577
0.3,20,3,3,4,GW-FIRST,326.8017058765997,pass1=integer optimal solution|pass2=integer optimal solution,0.30821419999995214
0.3,20,3,3,5,JOINT,342.92869194578526,integer optimal solution,0.22266400000000885
0.3,20,3,3,5,GW-ONLY,342.9286919457852,integer optimal solution,0.22296929999993154
0.3,20,3,3,5,OD-ONLY,352.6602851771206,integer optimal solution,0.00939970000001722
0.3,20,3,3,5,OD-FIRST,342.92869194578526,pass1=integer optimal solution|pass2=integer optimal solution,0.2272881999999754
0.3,20,3,3,5,GW-FIRST,342.92869194578526,pass1=integer optimal solution|pass2=integer optimal solution,0.2717581000000564
0.3,20,3,3,6,JOINT,330.8269682067504,integer optimal solution,0.15841950000003635
0.3,20,3,3,6,GW-ONLY,331.76096557081434,integer optimal solution,0.15846179999994092
0.3,20,3,3,6,OD-ONLY,339.7048026986677,integer optimal solution,0.004627400000003945
0.3,20,3,3,6,OD-FIRST,332.16003114151687,pass1=integer optimal solution|pass2=integer optimal solution,0.16492089999997006
0.3,20,3,3,6,GW-FIRST,331.76096557081434,pass1=integer optimal solution|pass2=integer optimal solution,0.27702560000000176
0.3,20,3,3,7,JOINT,355.24089255164347,integer optimal solution,0.20046049999996285
0.3,20,3,3,7,GW-ONLY,358.55927688889784,integer optimal solution,0.20469419999994898
0.3,20,3,3,7,OD-ONLY,362.24563081694396,integer optimal solution,0.005894299999908981
0.3,20,3,3,7,OD-FIRST,356.92755813157197,pass1=integer optimal solution|pass2=integer optimal solution,0.1375725999999986
0.3,20,3,3,7,GW-FIRST,356.60375466467553,pass1=integer optimal solution|pass2=integer optimal solution,0.2696654999999737
0.3,20,3,3,8,JOINT,300.7594372911168,integer optimal solution,0.19243309999990288
0.3,20,3,3,8,GW-ONLY,310.3780317087699,integer optimal solution,0.20556460000000243
0.3,20,3,3,8,OD-ONLY,317.46269587838265,integer optimal solution,0.00812139999993633
0.3,20,3,3,8,OD-FIRST,300.7594372911167,pass1=integer optimal solution|pass2=integer optimal solution,0.13645640000004278
0.3,20,3,3,8,GW-FIRST,300.7594372911167,pass1=integer optimal solution|pass2=integer optimal solution,0.2431556000000228
0.3,20,3,3,9,JOINT,329.5732394897626,integer optimal solution,0.20231539999997494
0.3,20,3,3,9,GW-ONLY,337.3642324160031,integer optimal solution,0.20043999999995776
0.3,20,3,3,9,OD-ONLY,329.5732394897626,integer optimal solution,0.005341199999975288
0.3,20,3,3,9,OD-FIRST,329.57323948976256,pass1=integer optimal solution|pass2=integer optimal solution,0.1676175999999714
0.3,20,3,3,9,GW-FIRST,329.57323948976256,pass1=integer optimal solution|pass2=integer optimal solution,0.3140539999999419
0.3,20,3,3,10,JOINT,306.70770422121655,integer optimal solution,0.16828590000000077
0.3,20,3,3,10,GW-ONLY,306.70770422121655,integer optimal solution,0.16166439999994964
0.3,20,3,3,10,OD-ONLY,308.0749518099152,integer optimal solution,0.0040715000000091095
0.3,20,3,3,10,OD-FIRST,306.70770422121655,pass1=integer optimal solution|pass2=integer optimal solution,0.1750158999999485
0.3,20,3,3,10,GW-FIRST,306.70770422121655,pass1=integer optimal solution|pass2=integer optimal solution,0.23938240000006772
0.3,20,3,3,11,JOINT,337.14969506130615,integer optimal solution,0.1612379000000601
0.3,20,3,3,11,GW-ONLY,343.4892259190245,integer optimal solution,0.13405629999999746
0.3,20,3,3,11,OD-ONLY,340.2967618048674,integer optimal solution,0.011791799999969044
0.3,20,3,3,11,OD-FIRST,338.06547834299124,pass1=integer optimal solution|pass2=integer optimal solution,0.11363040000003366
0.3,20,3,3,11,GW-FIRST,343.48922591902453,pass1=integer optimal solution|pass2=integer optimal solution,0.21564669999997932
0.3,20,3,3,12,JOINT,281.3412633742098,integer optimal solution,0.14852489999998397
0.3,20,3,3,12,GW-ONLY,291.3679086116848,integer optimal solution,0.12988659999996344
0.3,20,3,3,12,OD-ONLY,291.3457379962423,integer optimal solution,0.006620999999995547
0.3,20,3,3,12,OD-FIRST,291.34573799624224,pass1=integer optimal solution|pass2=integer optimal solution,0.0981874000000289
0.3,20,3,3,12,GW-FIRST,287.75741554926043,pass1=integer optimal solution|pass2=integer optimal solution,0.1978166000000101
0.3,20,3,3,13,JOINT,278.93811816333437,integer optimal solution,0.150573799999961
0.3,20,3,3,13,GW-ONLY,281.49542840011685,integer optimal solution,0.15926440000009734
0.3,20,3,3,13,OD-ONLY,278.93811816333437,integer optimal solution,0.010042099999964194
0.3,20,3,3,13,OD-FIRST,278.9381181633344,pass1=integer optimal solution|pass2=integer optimal solution,0.12265819999993255
0.3,20,3,3,13,GW-FIRST,279.08773886703455,pass1=integer optimal solution|pass2=integer optimal solution,0.23577530000000024
0.3,20,3,3,14,JOINT,313.94921891897167,integer optimal solution,0.15282030000003033
0.3,20,3,3,14,GW-ONLY,316.8132908387816,integer optimal solution,0.18128250000006574
0.3,20,3,3,14,OD-ONLY,321.1735762556006,integer optimal solution,0.00919900000008056
0.3,20,3,3,14,OD-FIRST,316.94236608392816,pass1=integer optimal solution|pass2=integer optimal solution,0.13340610000000197
0.3,20,3,3,14,GW-FIRST,313.9492189189717,pass1=integer optimal solution|pass2=integer optimal solution,0.22595939999996517
0.3,20,3,3,15,JOINT,287.6081004303592,integer optimal solution,0.2222134000001006
0.3,20,3,3,15,GW-ONLY,287.6081004303591,integer optimal solution,0.1715808000000152
0.3,20,3,3,15,OD-ONLY,299.43745958617984,integer optimal solution,0.012133000000062566
0.3,20,3,3,15,OD-FIRST,291.5130542038804,pass1=integer optimal solution|pass2=integer optimal solution,0.13757489999989048
0.3,20,3,3,15,GW-FIRST,287.6081004303592,pass1=integer optimal solution|pass2=integer optimal solution,0.2926489000000174
0.3,20,3,3,16,JOINT,283.7976124937075,integer optimal solution,0.20511750000002849
0.3,20,3,3,16,GW-ONLY,290.1647051495739,integer optimal solution,0.19828000000006796
0.3,20,3,3,16,OD-ONLY,293.70099544994326,integer optimal solution,0.006431599999928039
0.3,20,3,3,16,OD-FIRST,286.3357934193015,pass1=integer optimal solution|pass2=integer optimal solution,0.1889449999999897
0.3,20,3,3,16,GW-FIRST,283.79761249370756,pass1=integer optimal solution|pass2=integer optimal solution,0.25305459999992763
0.3,20,3,3,17,JOINT,298.1831822877908,integer optimal solution,0.18319599999995262
0.3,20,3,3,17,GW-ONLY,298.1831822877908,integer optimal solution,0.19744829999990543
0.3,20,3,3,17,OD-ONLY,308.97351970343476,integer optimal solution,0.006978099999969345
0.3,20,3,3,17,OD-FIRST,302.1104187416736,pass1=integer optimal solution|pass2=integer optimal solution,0.14878730000009455
0.3,20,3,3,17,GW-FIRST,298.1831822877908,pass1=integer optimal solution|pass2=integer optimal solution,0.249225000000024
0.3,20,3,3,18,JOINT,309.1993645032082,integer optimal solution,0.19884189999993396
0.3,20,3,3,18,GW-ONLY,309.26436425606875,integer optimal solution,0.18490499999984422
0.3,20,3,3,18,OD-ONLY,309.19936450320824,integer optimal solution,0.005861000000095373
0.3,20,3,3,18,OD-FIRST,309.19936450320824,pass1=integer optimal solution|pass2=integer optimal solution,0.15725980000001982
0.3,20,3,3,18,GW-FIRST,309.26436425606875,pass1=integer optimal solution|pass2=integer optimal solution,0.25258319999989
0.3,20,3,3,19,JOINT,368.3240875064163,integer optimal solution,0.18950410000002194
0.3,20,3,3,19,GW-ONLY,374.44930242196824,integer optimal solution,0.21360380000010082
0.3,20,3,3,19,OD-ONLY,368.3240875064163,integer optimal solution,0.00977669999997488
0.3,20,3,3,19,OD-FIRST,368.32408750641633,pass1=integer optimal solution|pass2=integer optimal solution,0.1497190000000046
0.3,20,3,3,19,GW-FIRST,374.4493024219683,pass1=integer optimal solution|pass2=integer optimal solution,0.23550920000002407
0.3,20,3,3,20,JOINT,290.0973107000372,integer optimal solution,0.2071582999999464
0.3,20,3,3,20,GW-ONLY,293.5797416862321,integer optimal solution,0.17726700000002893
0.3,20,3,3,20,OD-ONLY,297.27645329332915,integer optimal solution,0.011822000000165644
0.3,20,3,3,20,OD-FIRST,294.1903506356267,pass1=integer optimal solution|pass2=integer optimal solution,0.11427479999997558
0.3,20,3,3,20,GW-FIRST,293.5797416862322,pass1=integer optimal solution|pass2=integer optimal solution,0.23664700000017547
0.3,20,3,3,21,JOINT,317.2804595514585,integer optimal solution,0.18079099999999926
0.3,20,3,3,21,GW-ONLY,329.7835842561446,integer optimal solution,0.18965410000009797
0.3,20,3,3,21,OD-ONLY,327.1067061667368,integer optimal solution,0.00791420000018661
0.3,20,3,3,21,OD-FIRST,318.45440537744327,pass1=integer optimal solution|pass2=integer optimal solution,0.1452699000001303
0.3,20,3,3,21,GW-FIRST,329.61087517655386,pass1=integer optimal solution|pass2=integer optimal solution,0.2744047999999566
0.3,20,3,3,22,JOINT,332.4094507095329,integer optimal solution,0.21504379999987577
0.3,20,3,3,22,GW-ONLY,335.30232275935447,integer optimal solution,0.22696180000002641
0.3,20,3,3,22,OD-ONLY,342.7500839808332,integer optimal solution,0.007425300000022617
0.3,20,3,3,22,OD-FIRST,332.40945070953296,pass1=integer optimal solution|pass2=integer optimal solution,0.20537560000002486
0.3,20,3,3,22,GW-FIRST,332.40945070953296,pass1=integer optimal solution|pass2=integer optimal solution,0.2924407999998948
0.3,20,3,3,23,JOINT,310.14556638011294,integer optimal solution,0.18986519999998563
0.3,20,3,3,23,GW-ONLY,312.87073019211573,integer optimal solution,0.19357189999982438
0.3,20,3,3,23,OD-ONLY,314.5981792702652,integer optimal solution,0.014118400000143083
0.3,20,3,3,23,OD-FIRST,310.14556638011294,pass1=integer optimal solution|pass2=integer optimal solution,0.15637300000003052
0.3,20,3,3,23,GW-FIRST,312.87073019211573,pass1=integer optimal solution|pass2=integer optimal solution,0.29641769999989265
0.3,20,3,3,24,JOINT,398.020854592028,integer optimal solution,0.2118350000000646
0.3,20,3,3,24,GW-ONLY,398.020854592028,integer optimal solution,0.21226099999989856
0.3,20,3,3,24,OD-ONLY,403.47052611776417,integer optimal solution,0.00682169999981852
0.3,20,3,3,24,OD-FIRST,398.02085459202806,pass1=integer optimal solution|pass2=integer optimal solution,0.18974410000009811
0.3,20,3,3,24,GW-FIRST,398.020854592028,pass1=integer optimal solution|pass2=integer optimal solution,0.24078430000008666
0.5,10,2,2,0,JOINT,168.97890754279925,integer optimal solution,0.03222789999995257
0.5,10,2,2,0,GW-ONLY,170.41397746109814,integer optimal solution,0.031001099999912185
0.5,10,2,2,0,OD-ONLY,168.97890754279925,integer optimal solution,0.0028557000000546395
0.5,10,2,2,0,OD-FIRST,168.97890754279925,pass1=integer optimal solution|pass2=integer optimal solution,0.026940799999920273
0.5,10,2,2,0,GW-FIRST,168.97890754279925,pass1=integer optimal solution|pass2=integer optimal solution,0.04852789999995366
0.5,10,2,2,1,JOINT,186.927059340904,integer optimal solution,0.0337746000000152
0.5,10,2,2,1,GW-ONLY,186.927059340904,integer optimal solution,0.03667020000011689
0.5,10,2,2,1,OD-ONLY,186.927059340904,integer optimal solution,0.003018099999962942
0.5,10,2,2,1,OD-FIRST,186.927059340904,pass1=integer optimal solution|pass2=integer optimal solution,0.045120300000007774
0.5,10,2,2,1,GW-FIRST,186.927059340904,pass1=integer optimal solution|pass2=integer optimal solution,0.05248269999992772
0.5,10,2,2,2,JOINT,195.88369187715952,integer optimal solution,0.030555999999933192
0.5,10,2,2,2,GW-ONLY,195.88369187715952,integer optimal solution,0.03610800000001291
0.5,10,2,2,2,OD-ONLY,195.88369187715952,integer optimal solution,0.003318099999887636
0.5,10,2,2,2,OD-FIRST,195.88369187715952,pass1=integer optimal solution|pass2=integer optimal solution,0.038571400000137146
0.5,10,2,2,2,GW-FIRST,195.88369187715952,pass1=integer optimal solution|pass2=integer optimal solution,0.04289280000011786
0.5,10,2,2,3,JOINT,173.3538113638014,integer optimal solution,0.039907599999878585
0.5,10,2,2,3,GW-ONLY,173.3538113638014,integer optimal solution,0.038677500000176224
0.5,10,2,2,3,OD-ONLY,173.3538113638014,integer optimal solution,0.003808600000184015
0.5,10,2,2,3,OD-FIRST,173.3538113638014,pass1=integer optimal solution|pass2=integer optimal solution,0.03941120000013143
0.5,10,2,2,3,GW-FIRST,173.3538113638014,pass1=integer optimal solution|pass2=integer optimal solution,0.04663689999983944
0.5,10,2,2,4,JOINT,172.65493817398828,integer optimal solution,0.03524510000011105
0.5,10,2,2,4,GW-ONLY,172.65493817398828,integer optimal solution,0.03370659999995951
0.5,10,2,2,4,OD-ONLY,172.65493817398828,integer optimal solution,0.003975400000172158
0.5,10,2,2,4,OD-FIRST,172.65493817398828,pass1=integer optimal solution|pass2=integer optimal solution,0.03349670000011429
0.5,10,2,2,4,GW-FIRST,172.65493817398828,pass1=integer optimal solution|pass2=integer optimal solution,0.04563340000004246
0.5,10,2,2,5,JOINT,194.84432122761993,integer optimal solution,0.03502000000003136
0.5,10,2,2,5,GW-ONLY,194.84432122761993,integer optimal solution,0.03544489999990219
0.5,10,2,2,5,OD-ONLY,194.8443212276199,integer optimal solution,0.006542600000102539
0.5,10,2,2,5,OD-FIRST,194.84432122761993,pass1=integer optimal solution|pass2=integer optimal solution,0.036670800000138115
0.5,10,2,2,5,GW-FIRST,194.8443212276199,pass1=integer optimal solution|pass2=integer optimal solution,0.04894869999998264
0.5,10,2,2,6,JOINT,169.46191868439257,integer optimal solution,0.03204430000005232
0.5,10,2,2,6,GW-ONLY,169.46191868439257,integer optimal solution,0.035544800000025134
0.5,10,2,2,6,OD-ONLY,169.46191868439257,integer optimal solution,0.003242199999931472
0.5,10,2,2,6,OD-FIRST,169.46191868439257,pass1=integer optimal solution|pass2=integer optimal solution,0.04659059999994497
0.5,10,2,2,6,GW-FIRST,169.46191868439257,pass1=integer optimal solution|pass2=integer optimal solution,0.05171130000007906
0.5,10,2,2,7,JOINT,191.92512491123952,integer optimal solution,0.0451997999998639
0.5,10,2,2,7,GW-ONLY,191.92512491123952,integer optimal solution,0.04821789999982684
0.5,10,2,2,7,OD-ONLY,191.92512491123952,integer optimal solution,0.0036087000000861735
0.5,10,2,2,7,OD-FIRST,191.92512491123952,pass1=integer optimal solution|pass2=integer optimal solution,0.05330140000000938
0.5,10,2,2,7,GW-FIRST,191.92512491123952,pass1=integer optimal solution|pass2=integer optimal solution,0.0640141000001222
0.5,10,2,2,8,JOINT,167.70750679700714,integer optimal solution,0.03403339999999844
0.5,10,2,2,8,GW-ONLY,167.70750679700714,integer optimal solution,0.03493179999986751
0.5,10,2,2,8,OD-ONLY,170.7586866926625,integer optimal solution,0.0029429999999592837
0.5,10,2,2,8,OD-FIRST,167.70750679700714,pass1=integer optimal solution|pass2=integer optimal solution,0.038670899999942776
0.5,10,2,2,8,GW-FIRST,167.70750679700717,pass1=integer optimal solution|pass2=integer optimal solution,0.04040039999995315
0.5,10,2,2,9,JOINT,189.66337235188567,integer optimal solution,0.03897400000005291
0.5,10,2,2,9,GW-ONLY,189.66337235188567,integer optimal solution,0.030621300000120755
0.5,10,2,2,9,OD-ONLY,189.66337235188567,integer optimal solution,0.004826200000024983
0.5,10,2,2,9,OD-FIRST,189.66337235188567,pass1=integer optimal solution|pass2=integer optimal solution,0.048347900000180744
0.5,10,2,2,9,GW-FIRST,189.66337235188567,pass1=integer optimal solution|pass2=integer optimal solution,0.06239340000001903
0.5,10,2,2,10,JOINT,179.06662697513272,integer optimal solution,0.03895959999999832
0.5,10,2,2,10,GW-ONLY,179.06662697513272,integer optimal solution,0.038216599999941536
0.5,10,2,2,10,OD-ONLY,179.0666269751327,integer optimal solution,0.005661099999997532
0.5,10,2,2,10,OD-FIRST,179.06662697513272,pass1=integer optimal solution|pass2=integer optimal solution,0.04414069999984349
0.5,10,2,2,10,GW-FIRST,179.0666269751327,pass1=integer optimal solution|pass2=integer optimal solution,0.05220950000011726
0.5,10,2,2,11,JOINT,172.7255894933026,integer optimal solution,0.038307499999973516
0.5,10,2,2,11,GW-ONLY,172.7255894933026,integer optimal solution,0.0418688000002021
0.5,10,2,2,11,OD-ONLY,172.72558949330258,integer optimal solution,0.0023850000000038563
0.5,10,2,2,11,OD-FIRST,172.7255894933026,pass1=integer optimal solution|pass2=integer optimal solution,0.0361416000000645
0.5,10,2,2,11,GW-FIRST,172.72558949330258,pass1=integer optimal solution|pass2=integer optimal solution,0.04893820000006599
0.5,10,2,2,12,JOINT,198.55610114449075,integer optimal solution,0.03583830000002308
0.5,10,2,2,12,GW-ONLY,198.55610114449075,integer optimal solution,0.03720929999985856
0.5,10,2,2,12,OD-ONLY,198.5561011444907,integer optimal solution,0.002816400000028807
0.5,10,2,2,12,OD-FIRST,198.55610114449075,pass1=integer optimal solution|pass2=integer optimal solution,0.03185110000003988
0.5,10,2,2,12,GW-FIRST,198.5561011444907,pass1=integer optimal solution|pass2=integer optimal solution,0.06456779999984974
0.5,10,2,2,13,JOINT,185.89008825597455,integer optimal solution,0.03314690000001974
0.5,10,2,2,13,GW-ONLY,185.89008825597455,integer optimal solution,0.02521090000004733
0.5,10,2,2,13,OD-ONLY,191.81893016862432,integer optimal solution,0.002080400000068039
0.5,10,2,2,13,OD-FIRST,185.89008825597455,pass1=integer optimal solution|pass2=integer optimal solution,0.02753959999995459
0.5,10,2,2,13,GW-FIRST,185.89008825597455,pass1=integer optimal solution|pass2=integer optimal solution,0.037919900000133566
0.5,10,2,2,14,JOINT,172.16240476001158,integer optimal solution,0.03227609999999004
0.5,10,2,2,14,GW-ONLY,172.16240476001158,integer optimal solution,0.03458150000005844
0.5,10,2,2,14,OD-ONLY,172.16240476001158,integer optimal solution,0.003373999999894295
0.5,10,2,2,14,OD-FIRST,172.16240476001158,pass1=integer optimal solution|pass2=integer optimal solution,0.03436740000006466
0.5,10,2,2,14,GW-FIRST,172.16240476001158,pass1=integer optimal solution|pass2=integer optimal solution,0.04827180000006592
0.5,10,2,2,15,JOINT,211.71799884722353,integer optimal solution,0.021850799999810988
0.5,10,2,2,15,GW-ONLY,211.71799884722353,integer optimal solution,0.030095000000073924
0.5,10,2,2,15,OD-ONLY,211.71799884722353,integer optimal solution,0.0029500000000552973
0.5,10,2,2,15,OD-FIRST,211.71799884722353,pass1=integer optimal solution|pass2=integer optimal solution,0.03486369999995986
0.5,10,2,2,15,GW-FIRST,211.71799884722353,pass1=integer optimal solution|pass2=integer optimal solution,0.042223000000149113
0.5,10,2,2,16,JOINT,182.72724938649293,integer optimal solution,0.028264400000125534
0.5,10,2,2,16,GW-ONLY,182.72724938649293,integer optimal solution,0.03184699999997065
0.5,10,2,2,16,OD-ONLY,182.72724938649293,integer optimal solution,0.0031225000000176806
0.5,10,2,2,16,OD-FIRST,182.72724938649293,pass1=integer optimal solution|pass2=integer optimal solution,0.03558739999994032
0.5,10,2,2,16,GW-FIRST,182.72724938649293,pass1=integer optimal solution|pass2=integer optimal solution,0.03234680000014123
0.5,10,2,2,17,JOINT,170.04427111437033,integer optimal solution,0.027465900000152033
0.5,10,2,2,17,GW-ONLY,170.04427111437033,integer optimal solution,0.03217880000011064
0.5,10,2,2,17,OD-ONLY,170.04427111437033,integer optimal solution,0.0023097999999208696
0.5,10,2,2,17,OD-FIRST,170.04427111437033,pass1=integer optimal solution|pass2=integer optimal solution,0.033163300000069285
0.5,10,2,2,17,GW-FIRST,170.04427111437033,pass1=integer optimal solution|pass2=integer optimal solution,0.028902000000016415
0.5,10,2,2,18,JOINT,141.4077112094758,integer optimal solution,0.03534110000009605
0.5,10,2,2,18,GW-ONLY,143.05617961770344,integer optimal solution,0.028724999999894862
0.5,10,2,2,18,OD-ONLY,141.4077112094758,integer optimal solution,0.003551900000047681
0.5,10,2,2,18,OD-FIRST,141.40771120947576,pass1=integer optimal solution|pass2=integer optimal solution,0.027129900000090856
0.5,10,2,2,18,GW-FIRST,141.4077112094758,pass1=integer optimal solution|pass2=integer optimal solution,0.038398800000095434
0.5,10,2,2,19,JOINT,182.15247051574573,integer optimal solution,0.025110799999993105
0.5,10,2,2,19,GW-ONLY,182.15247051574573,integer optimal solution,0.03388670000003913
0.5,10,2,2,19,OD-ONLY,182.15247051574573,integer optimal solution,0.008922100000063438
0.5,10,2,2,19,OD-FIRST,182.15247051574573,pass1=integer optimal solution|pass2=integer optimal solution,0.03223189999994247
0.5,10,2,2,19,GW-FIRST,182.15247051574573,pass1=integer optimal solution|pass2=integer optimal solution,0.04786560000002282
0.5,10,2,2,20,JOINT,159.35701647629745,integer optimal solution,0.028379099999938262
0.5,10,2,2,20,GW-ONLY,159.35701647629745,integer optimal solution,0.025477899999941656
0.5,10,2,2,20,OD-ONLY,159.35701647629745,integer optimal solution,0.0018532999999933963
0.5,10,2,2,20,OD-FIRST,159.35701647629745,pass1=integer optimal solution|pass2=integer optimal solution,0.025685400000156733
0.5,10,2,2,20,GW-FIRST,159.35701647629745,pass1=integer optimal solution|pass2=integer optimal solution,0.0505222000001595
0.5,10,2,2,21,JOINT,191.5860698563717,integer optimal solution,0.027542900000071313
0.5,10,2,2,21,GW-ONLY,191.5860698563717,integer optimal solution,0.032853599999953076
0.5,10,2,2,21,OD-ONLY,191.5860698563717,integer optimal solution,0.002229899999974805
0.5,10,2,2,21,OD-FIRST,191.5860698563717,pass1=integer optimal solution|pass2=integer optimal solution,0.03453159999980926
0.5,10,2,2,21,GW-FIRST,191.5860698563717,pass1=integer optimal solution|pass2=integer optimal solution,0.05028570000013133
0.5,10,2,2,22,JOINT,205.14999325212335,integer optimal solution,0.039073800000096526
0.5,10,2,2,22,GW-ONLY,205.14999325212335,integer optimal solution,0.045574000000215165
0.5,10,2,2,22,OD-ONLY,213.23042775436957,integer optimal solution,0.005947599999899467
0.5,10,2,2,22,OD-FIRST,205.14999325212335,pass1=integer optimal solution|pass2=integer optimal solution,0.04782989999989695
0.5,10,2,2,22,GW-FIRST,205.14999325212335,pass1=integer optimal solution|pass2=integer optimal solution,0.0430469999998877
0.5,10,2,2,23,JOINT,150.2734699361726,integer optimal solution,0.0359992000001057
0.5,10,2,2,23,GW-ONLY,166.085482777876,integer optimal solution,0.032125600000199483
0.5,10,2,2,23,OD-ONLY,150.2734699361726,integer optimal solution,0.004165300000067873
0.5,10,2,2,23,OD-FIRST,150.2734699361726,pass1=integer optimal solution|pass2=integer optimal solution,0.028408399999989342
0.5,10,2,2,23,GW-FIRST,150.2734699361726,pass1=integer optimal solution|pass2=integer optimal solution,0.031069200000047204
0.5,10,2,2,24,JOINT,144.87374866352087,integer optimal solution,0.031476999999995314
0.5,10,2,2,24,GW-ONLY,144.87374866352087,integer optimal solution,0.03159019999998236
0.5,10,2,2,24,OD-ONLY,144.87374866352087,integer optimal solution,0.003925800000160962
0.5,10,2,2,24,OD-FIRST,144.87374866352087,pass1=integer optimal solution|pass2=integer optimal solution,0.03462779999995291
0.5,10,2,2,24,GW-FIRST,144.87374866352087,pass1=integer optimal solution|pass2=integer optimal solution,0.028949999999895226
0.5,10,3,2,0,JOINT,175.82420250408046,integer optimal solution,0.03819410000005519
0.5,10,3,2,0,GW-ONLY,175.82420250408046,integer optimal solution,0.031756199999790624
0.5,10,3,2,0,OD-ONLY,175.82420250408046,integer optimal solution,0.003516300000001138
0.5,10,3,2,0,OD-FIRST,175.82420250408046,pass1=integer optimal solution|pass2=integer optimal solution,0.03005750000011176
0.5,10,3,2,0,GW-FIRST,175.82420250408046,pass1=integer optimal solution|pass2=integer optimal solution,0.04963399999996909
0.5,10,3,2,1,JOINT,182.35125547945376,integer optimal solution,0.03414470000006986
0.5,10,3,2,1,GW-ONLY,182.35125547945376,integer optimal solution,0.034211799999866344
0.5,10,3,2,1,OD-ONLY,182.35125547945376,integer optimal solution,0.01566780000007384
0.5,10,3,2,1,OD-FIRST,182.35125547945376,pass1=integer optimal solution|pass2=integer optimal solution,0.04250460000002931
0.5,10,3,2,1,GW-FIRST,182.35125547945376,pass1=integer optimal solution|pass2=integer optimal solution,0.04157889999987674
0.5,10,3,2,2,JOINT,171.4925940717145,integer optimal solution,0.04553170000008322
0.5,10,3,2,2,GW-ONLY,171.4925940717145,integer optimal solution,0.04567999999994754
0.5,10,3,2,2,OD-ONLY,171.4925940717145,integer optimal solution,0.002955100000008315
0.5,10,3,2,2,OD-FIRST,171.4925940717145,pass1=integer optimal solution|pass2=integer optimal solution,0.05258530000014616
0.5,10,3,2,2,GW-FIRST,171.4925940717145,pass1=integer optimal solution|pass2=integer optimal solution,0.05578590000004624
0.5,10,3,2,3,JOINT,168.22036753729552,integer optimal solution,0.04012279999983548
0.5,10,3,2,3,GW-ONLY,168.22036753729552,integer optimal solution,0.04575399999998808
0.5,10,3,2,3,OD-ONLY,168.22036753729554,integer optimal solution,0.00349740000001475
0.5,10,3,2,3,OD-FIRST,168.22036753729552,pass1=integer optimal solution|pass2=integer optimal solution,0.04682120000006762
0.5,10,3,2,3,GW-FIRST,168.22036753729554,pass1=integer optimal solution|pass2=integer optimal solution,0.04975699999999961
0.5,10,3,2,4,JOINT,187.8421866220204,integer optimal solution,0.0356590999999753
0.5,10,3,2,4,GW-ONLY,187.8421866220204,integer optimal solution,0.044308900000032736
0.5,10,3,2,4,OD-ONLY,187.8421866220204,integer optimal solution,0.0036969000000226515
0.5,10,3,2,4,OD-FIRST,187.8421866220204,pass1=integer optimal solution|pass2=integer optimal solution,0.046054400000002715
0.5,10,3,2,4,GW-FIRST,187.8421866220204,pass1=integer optimal solution|pass2=integer optimal solution,0.06245170000011058
0.5,10,3,2,5,JOINT,170.5936133608642,integer optimal solution,0.03366719999985435
0.5,10,3,2,5,GW-ONLY,170.5936133608642,integer optimal solution,0.03001940000012837
0.5,10,3,2,5,OD-ONLY,170.5936133608642,integer optimal solution,0.0069356000001334905
0.5,10,3,2,5,OD-FIRST,170.5936133608642,pass1=integer optimal solution|pass2=integer optimal solution,0.04396099999985381
0.5,10,3,2,5,GW-FIRST,170.5936133608642,pass1=integer optimal solution|pass2=integer optimal solution,0.04260539999995672
0.5,10,3,2,6,JOINT,188.87192409864372,integer optimal solution,0.03836649999993824
0.5,10,3,2,6,GW-ONLY,188.87192409864372,integer optimal solution,0.034188300000096206
0.5,10,3,2,6,OD-ONLY,188.87192409864372,integer optimal solution,0.015026699999907578
0.5,10,3,2,6,OD-FIRST,188.87192409864372,pass1=integer optimal solution|pass2=integer optimal solution,0.04145949999997356
0.5,10,3,2,6,GW-FIRST,188.87192409864372,pass1=integer optimal solution|pass2=integer optimal solution,0.047739699999965524
0.5,10,3,2,7,JOINT,184.49695570570154,integer optimal solution,0.04129119999993236
0.5,10,3,2,7,GW-ONLY,184.49695570570154,integer optimal solution,0.0389233000000786
0.5,10,3,2,7,OD-ONLY,184.49695570570154,integer optimal solution,0.0026694000000588858
0.5,10,3,2,7,OD-FIRST,184.49695570570154,pass1=integer optimal solution|pass2=integer optimal solution,0.039310299999897325
0.5,10,3,2,7,GW-FIRST,184.49695570570154,pass1=integer optimal solution|pass2=integer optimal solution,0.06120709999981955
0.5,10,3,2,8,JOINT,150.3788406917334,integer optimal solution,0.028669499999978143
0.5,10,3,2,8,GW-ONLY,150.3788406917334,integer optimal solution,0.03487219999988156
0.5,10,3,2,8,OD-ONLY,150.3788406917334,integer optimal solution,0.0045292000002064015
0.5,10,3,2,8,OD-FIRST,150.3788406917334,pass1=integer optimal solution|pass2=integer optimal solution,0.043720699999994395
0.5,10,3,2,8,GW-FIRST,150.3788406917334,pass1=integer optimal solution|pass2=integer optimal solution,0.0507686000000831
0.5,10,3,2,9,JOINT,171.55427879203685,integer optimal solution,0.0343172999998842
0.5,10,3,2,9,GW-ONLY,171.55427879203685,integer optimal solution,0.030377900000075897
0.5,10,3,2,9,OD-ONLY,171.55427879203685,integer optimal solution,0.004138700000112294
0.5,10,3,2,9,OD-FIRST,171.55427879203685,pass1=integer optimal solution|pass2=integer optimal solution,0.03829789999986133
0.5,10,3,2,9,GW-FIRST,171.55427879203685,pass1=integer optimal solution|pass2=integer optimal solution,0.04880769999999757
0.5,10,3,2,10,JOINT,151.73048606806373,integer optimal solution,0.03782010000008995
0.5,10,3,2,10,GW-ONLY,151.73048606806373,integer optimal solution,0.0367022000000361
0.5,10,3,2,10,OD-ONLY,151.73048606806367,integer optimal solution,0.0038701000000855856
0.5,10,3,2,10,OD-FIRST,151.73048606806373,pass1=integer optimal solution|pass2=integer optimal solution,0.03720629999997982
0.5,10,3,2,10,GW-FIRST,151.73048606806367,pass1=integer optimal solution|pass2=integer optimal solution,0.04079619999993156
0.5,10,3,2,11,JOINT,177.0761142404258,integer optimal solution,0.024424199999884877
0.5,10,3,2,11,GW-ONLY,177.0761142404258,integer optimal solution,0.03947100000004866
0.5,10,3,2,11,OD-ONLY,182.9035529344523,integer optimal solution,0.0025865000000067084
0.5,10,3,2,11,OD-FIRST,177.0761142404258,pass1=integer optimal solution|pass2=integer optimal solution,0.03122650000000249
0.5,10,3,2,11,GW-FIRST,177.07611424042577,pass1=integer optimal solution|pass2=integer optimal solution,0.04197469999985515
0.5,10,3,2,12,JOINT,181.75746377141618,integer optimal solution,0.034243800000012925
0.5,10,3,2,12,GW-ONLY,181.75746377141618,integer optimal solution,0.024354700000003504
0.5,10,3,2,12,OD-ONLY,181.75746377141618,integer optimal solution,0.004387199999882796
0.5,10,3,2,12,OD-FIRST,181.75746377141618,pass1=integer optimal solution|pass2=integer optimal solution,0.03416730000003554
0.5,10,3,2,12,GW-FIRST,181.75746377141618,pass1=integer optimal solution|pass2=integer optimal solution,0.033477300000186005
0.5,10,3,2,13,JOINT,167.1920985663283,integer optimal solution,0.0292931999999837
0.5,10,3,2,13,GW-ONLY,167.1920985663283,integer optimal solution,0.03837759999987611
0.5,10,3,2,13,OD-ONLY,167.1920985663283,integer optimal solution,0.0025789999999688007
0.5,10,3,2,13,OD-FIRST,167.1920985663283,pass1=integer optimal solution|pass2=integer optimal solution,0.02760260000013659
0.5,10,3,2,13,GW-FIRST,167.1920985663283,pass1=integer optimal solution|pass2=integer optimal solution,0.032941799999889554
0.5,10,3,2,14,JOINT,157.13698924388677,integer optimal solution,0.03779600000007122
0.5,10,3,2,14,GW-ONLY,157.13698924388677,integer optimal solution,0.03741509999986192
0.5,10,3,2,14,OD-ONLY,157.13698924388677,integer optimal solution,0.005206099999895741
0.5,10,3,2,14,OD-FIRST,157.13698924388677,pass1=integer optimal solution|pass2=integer optimal solution,0.03971530000012535
0.5,10,3,2,14,GW-FIRST,157.13698924388677,pass1=integer optimal solution|pass2=integer optimal solution,0.039757199999939985
0.5,10,3,2,15,JOINT,161.05248211281972,integer optimal solution,0.04012729999999465
0.5,10,3,2,15,GW-ONLY,163.0605571881268,integer optimal solution,0.034841400000004796
0.5,10,3,2,15,OD-ONLY,161.0524821128197,integer optimal solution,0.004082300000163741
0.5,10,3,2,15,OD-FIRST,161.05248211281972,pass1=integer optimal solution|pass2=integer optimal solution,0.03253199999994649
0.5,10,3,2,15,GW-FIRST,163.0605571881268,pass1=integer optimal solution|pass2=integer optimal solution,0.04517009999995025
0.5,10,3,2,16,JOINT,141.01003137742381,integer optimal solution,0.028533499999866763
0.5,10,3,2,16,GW-ONLY,141.01003137742381,integer optimal solution,0.02318949999994402
0.5,10,3,2,16,OD-ONLY,141.01003137742381,integer optimal solution,0.0019520999999258493
0.5,10,3,2,16,OD-FIRST,141.01003137742381,pass1=integer optimal solution|pass2=integer optimal solution,0.031386099999963335
0.5,10,3,2,16,GW-FIRST,141.01003137742381,pass1=integer optimal solution|pass2=integer optimal solution,0.03461349999997765
0.5,10,3,2,17,JOINT,177.81707909563684,integer optimal solution,0.030104400000027454
0.5,10,3,2,17,GW-ONLY,184.29003892756114,integer optimal solution,0.03085959999998522
0.5,10,3,2,17,OD-ONLY,177.81707909563687,integer optimal solution,0.0032936999998582905
0.5,10,3,2,17,OD-FIRST,177.81707909563684,pass1=integer optimal solution|pass2=integer optimal solution,0.027973199999905773
0.5,10,3,2,17,GW-FIRST,177.81707909563687,pass1=integer optimal solution|pass2=integer optimal solution,0.04368130000011661
0.5,10,3,2,18,JOINT,146.0628804214672,integer optimal solution,0.030258199999934732
0.5,10,3,2,18,GW-ONLY,146.0628804214672,integer optimal solution,0.03495640000005551
0.5,10,3,2,18,OD-ONLY,146.0628804214672,integer optimal solution,0.0028919999999743595
0.5,10,3,2,18,OD-FIRST,146.0628804214672,pass1=integer optimal solution|pass2=integer optimal solution,0.03730250000012347
0.5,10,3,2,18,GW-FIRST,146.0628804214672,pass1=integer optimal solution|pass2=integer optimal solution,0.04940220000003137
0.5,10,3,2,19,JOINT,206.2273189255468,integer optimal solution,0.03296920000002501
0.5,10,3,2,19,GW-ONLY,206.2273189255468,integer optimal solution,0.036702699999977995
0.5,10,3,2,19,OD-ONLY,219.66417880768986,integer optimal solution,0.00724209999998493
0.5,10,3,2,19,OD-FIRST,206.2273189255468,pass1=integer optimal solution|pass2=integer optimal solution,0.04280719999997018
0.5,10,3,2,19,GW-FIRST,206.22731892554685,pass1=integer optimal solution|pass2=integer optimal solution,0.05075380000016594
0.5,10,3,2,20,JOINT,175.91891732955497,integer optimal solution,0.04095929999994041
0.5,10,3,2,20,GW-ONLY,175.91891732955497,integer optimal solution,0.03495710000015606
0.5,10,3,2,20,OD-ONLY,175.918917329555,integer optimal solution,0.003143299999919691
0.5,10,3,2,20,OD-FIRST,175.91891732955497,pass1=integer optimal solution|pass2=integer optimal solution,0.03942419999998492
0.5,10,3,2,20,GW-FIRST,175.918917329555,pass1=integer optimal solution|pass2=integer optimal solution,0.0430828000000929
0.5,10,3,2,21,JOINT,176.18424656476012,integer optimal solution,0.035564300000032745
0.5,10,3,2,21,GW-ONLY,176.18424656476012,integer optimal solution,0.03657690000000002
0.5,10,3,2,21,OD-ONLY,176.1842465647601,integer optimal solution,0.005482199999960358
0.5,10,3,2,21,OD-FIRST,176.18424656476012,pass1=integer optimal solution|pass2=integer optimal solution,0.026660800000172458
0.5,10,3,2,21,GW-FIRST,176.1842465647601,pass1=integer optimal solution|pass2=integer optimal solution,0.046071900000015376
0.5,10,3,2,22,JOINT,184.46884494137842,integer optimal solution,0.028530600000067352
0.5,10,3,2,22,GW-ONLY,184.46884494137842,integer optimal solution,0.024434700000028897
0.5,10,3,2,22,OD-ONLY,184.4688449413784,integer optimal solution,0.0034089000000676606
0.5,10,3,2,22,OD-FIRST,184.46884494137842,pass1=integer optimal solution|pass2=integer optimal solution,0.025684200000114288
0.5,10,3,2,22,GW-FIRST,184.4688449413784,pass1=integer optimal solution|pass2=integer optimal solution,0.03891369999996641
0.5,10,3,2,23,JOINT,126.04356560836024,integer optimal solution,0.028218100000003687
0.5,10,3,2,23,GW-ONLY,126.04356560836024,integer optimal solution,0.025758900000028007
0.5,10,3,2,23,OD-ONLY,126.04356560836024,integer optimal solution,0.004227299999911338
0.5,10,3,2,23,OD-FIRST,126.04356560836024,pass1=integer optimal solution|pass2=integer optimal solution,0.03987009999991642
0.5,10,3,2,23,GW-FIRST,126.04356560836024,pass1=integer optimal solution|pass2=integer optimal solution,0.039990500000158136
0.5,10,3,2,24,JOINT,183.31484243085833,integer optimal solution,0.03222069999992527
0.5,10,3,2,24,GW-ONLY,183.31484243085833,integer optimal solution,0.0323340999998436
0.5,10,3,2,24,OD-ONLY,185.2482026873905,integer optimal solution,0.008302299999968454
0.5,10,3,2,24,OD-FIRST,183.31484243085833,pass1=integer optimal solution|pass2=integer optimal solution,0.041661199999907694
0.5,10,3,2,24,GW-FIRST,183.31484243085833,pass1=integer optimal solution|pass2=integer optimal solution,0.053066299999954936
0.5,10,2,3,0,JOINT,153.49048707427193,integer optimal solution,0.029468100000030972
0.5,10,2,3,0,GW-ONLY,153.49048707427193,integer optimal solution,0.03393950000008772
0.5,10,2,3,0,OD-ONLY,153.49048707427193,integer optimal solution,0.0028586999999333784
0.5,10,2,3,0,OD-FIRST,153.49048707427193,pass1=integer optimal solution|pass2=integer optimal solution,0.04394400000001042
0.5,10,2,3,0,GW-FIRST,153.49048707427193,pass1=integer optimal solution|pass2=integer optimal solution,0.04477169999995567
0.5,10,2,3,1,JOINT,168.21694073308439,integer optimal solution,0.043882899999971414
0.5,10,2,3,1,GW-ONLY,168.21694073308439,integer optimal solution,0.043106200000011086
0.5,10,2,3,1,OD-ONLY,168.21694073308439,integer optimal solution,0.004393100000015693
0.5,10,2,3,1,OD-FIRST,168.21694073308439,pass1=integer optimal solution|pass2=integer optimal solution,0.03753039999992325
0.5,10,2,3,1,GW-FIRST,168.21694073308439,pass1=integer optimal solution|pass2=integer optimal solution,0.04362540000010995
0.5,10,2,3,2,JOINT,184.11855706364585,integer optimal solution,0.02766909999991185
0.5,10,2,3,2,GW-ONLY,184.11855706364585,integer optimal solution,0.03200169999990976
0.5,10,2,3,2,OD-ONLY,190.90657663263707,integer optimal solution,0.002621099999942089
0.5,10,2,3,2,OD-FIRST,184.11855706364585,pass1=integer optimal solution|pass2=integer optimal solution,0.03095490000009704
0.5,10,2,3,2,GW-FIRST,184.11855706364585,pass1=integer optimal solution|pass2=integer optimal solution,0.03848370000014256
0.5,10,2,3,3,JOINT,154.8195336297097,integer optimal solution,0.043914099999938117
0.5,10,2,3,3,GW-ONLY,154.8195336297097,integer optimal solution,0.03158319999988635
0.5,10,2,3,3,OD-ONLY,154.8195336297097,integer optimal solution,0.0022464000001036766
0.5,10,2,3,3,OD-FIRST,154.8195336297097,pass1=integer optimal solution|pass2=integer optimal solution,0.04169699999988552
0.5,10,2,3,3,GW-FIRST,154.8195336297097,pass1=integer optimal solution|pass2=integer optimal solution,0.050741400000106296
0.5,10,2,3,4,JOINT,151.63828257121796,integer optimal solution,0.03408799999988332
0.5,10,2,3,4,GW-ONLY,166.7344556953867,integer optimal solution,0.035079400000086025
0.5,10,2,3,4,OD-ONLY,151.63828257121796,integer optimal solution,0.0022475000000667933
0.5,10,2,3,4,OD-FIRST,151.63828257121793,pass1=integer optimal solution|pass2=integer optimal solution,0.02897110000003522
0.5,10,2,3,4,GW-FIRST,151.63828257121796,pass1=integer optimal solution|pass2=integer optimal solution,0.039842700000008335
0.5,10,2,3,5,JOINT,159.34478477429838,integer optimal solution,0.031696400000100766
0.5,10,2,3,5,GW-ONLY,159.34478477429838,integer optimal solution,0.030569400000103997
0.5,10,2,3,5,OD-ONLY,167.81372647334175,integer optimal solution,0.0034316000001126667
0.5,10,2,3,5,OD-FIRST,159.34478477429838,pass1=integer optimal solution|pass2=integer optimal solution,0.04027579999979025
0.5,10,2,3,5,GW-FIRST,159.34478477429838,pass1=integer optimal solution|pass2=integer optimal solution,0.03845350000005965
0.5,10,2,3,6,JOINT,199.12756483658416,integer optimal solution,0.04188900000008289
0.5,10,2,3,6,GW-ONLY,199.12756483658416,integer optimal solution,0.039643800000021656
0.5,10,2,3,6,OD-ONLY,199.12756483658416,integer optimal solution,0.003111499999931766
0.5,10,2,3,6,OD-FIRST,199.12756483658416,pass1=integer optimal solution|pass2=integer optimal solution,0.04335579999997208
0.5,10,2,3,6,GW-FIRST,199.12756483658416,pass1=integer optimal solution|pass2=integer optimal solution,0.04042570000001433
0.5,10,2,3,7,JOINT,177.55878898904402,integer optimal solution,0.03516359999980523
0.5,10,2,3,7,GW-ONLY,177.55878898904402,integer optimal solution,0.03401959999996507
0.5,10,2,3,7,OD-ONLY,177.55878898904405,integer optimal solution,0.0028196000000662025
0.5,10,2,3,7,OD-FIRST,177.55878898904402,pass1=integer optimal solution|pass2=integer optimal solution,0.03041979999989053
0.5,10,2,3,7,GW-FIRST,177.55878898904405,pass1=integer optimal solution|pass2=integer optimal solution,0.033697300000085306
0.5,10,2,3,8,JOINT,190.75941005613106,integer optimal solution,0.03743310000004385
0.5,10,2,3,8,GW-ONLY,196.38686194626902,integer optimal solution,0.0327694000000065
0.5,10,2,3,8,OD-ONLY,190.7594100561311,integer optimal solution,0.002615399999967849
0.5,10,2,3,8,OD-FIRST,190.75941005613103,pass1=integer optimal solution|pass2=integer optimal solution,0.02600069999994048
0.5,10,2,3,8,GW-FIRST,190.7594100561311,pass1=integer optimal solution|pass2=integer optimal solution,0.04775889999996252
0.5,10,2,3,9,JOINT,194.6600613955235,integer optimal solution,0.031219599999985803
0.5,10,2,3,9,GW-ONLY,194.6600613955235,integer optimal solution,0.03841360000001259
0.5,10,2,3,9,OD-ONLY,194.6600613955235,integer optimal solution,0.007423800000196934
0.5,10,2,3,9,OD-FIRST,194.6600613955235,pass1=integer optimal solution|pass2=integer optimal solution,0.03499329999999645
0.5,10,2,3,9,GW-FIRST,194.6600613955235,pass1=integer optimal solution|pass2=integer optimal solution,0.05230829999982234
0.5,10,2,3,10,JOINT,160.76584299591968,integer optimal solution,0.03327179999996588
0.5,10,2,3,10,GW-ONLY,160.76584299591968,integer optimal solution,0.036539200000106575
0.5,10,2,3,10,OD-ONLY,160.76584299591968,integer optimal solution,0.004230999999890628
0.5,10,2,3,10,OD-FIRST,160.76584299591968,pass1=integer optimal solution|pass2=integer optimal solution,0.03661650000003647
0.5,10,2,3,10,GW-FIRST,160.76584299591968,pass1=integer optimal solution|pass2=integer optimal solution,0.045006499999999505
0.5,10,2,3,11,JOINT,186.25160615850922,integer optimal solution,0.04584199999999328
0.5,10,2,3,11,GW-ONLY,186.25160615850922,integer optimal solution,0.040554999999812935
0.5,10,2,3,11,OD-ONLY,186.25160615850922,integer optimal solution,0.007309300000088115
0.5,10,2,3,11,OD-FIRST,186.25160615850922,pass1=integer optimal solution|pass2=integer optimal solution,0.03804919999993217
0.5,10,2,3,11,GW-FIRST,186.25160615850922,pass1=integer optimal solution|pass2=integer optimal solution,0.04639760000009119
0.5,10,2,3,12,JOINT,161.5363342667897,integer optimal solution,0.03284210000015264
0.5,10,2,3,12,GW-ONLY,161.5363342667897,integer optimal solution,0.04609419999997044
0.5,10,2,3,12,OD-ONLY,161.53633426678974,integer optimal solution,0.004257899999856818
0.5,10,2,3,12,OD-FIRST,161.5363342667897,pass1=integer optimal solution|pass2=integer optimal solution,0.032403500000100394
0.5,10,2,3,12,GW-FIRST,161.53633426678974,pass1=integer optimal solution|pass2=integer optimal solution,0.03944180000007691
0.5,10,2,3,13,JOINT,182.68856187359668,integer optimal solution,0.03416570000013053
0.5,10,2,3,13,GW-ONLY,182.68856187359668,integer optimal solution,0.02912719999994806
0.5,10,2,3,13,OD-ONLY,182.68856187359668,integer optimal solution,0.003851199999871824
0.5,10,2,3,13,OD-FIRST,182.68856187359668,pass1=integer optimal solution|pass2=integer optimal solution,0.031101799999987634
0.5,10,2,3,13,GW-FIRST,182.68856187359668,pass1=integer optimal solution|pass2=integer optimal solution,0.03687680000007276
0.5,10,2,3,14,JOINT,176.81076577631723,integer optimal solution,0.03516500000000633
0.5,10,2,3,14,GW-ONLY,176.81076577631723,integer optimal solution,0.039637399999946865
0.5,10,2,3,14,OD-ONLY,176.81076577631723,integer optimal solution,0.006560799999988376
0.5,10,2,3,14,OD-FIRST,176.81076577631723,pass1=integer optimal solution|pass2=integer optimal solution,0.046442399999932604
0.5,10,2,3,14,GW-FIRST,176.81076577631723,pass1=integer optimal solution|pass2=integer optimal solution,0.05264909999982592
0.5,10,2,3,15,JOINT,155.4568939848616,integer optimal solution,0.040803800000048795
0.5,10,2,3,15,GW-ONLY,156.99913582384778,integer optimal solution,0.031566099999963626
0.5,10,2,3,15,OD-ONLY,155.4568939848616,integer optimal solution,0.0043252999998912856
0.5,10,2,3,15,OD-FIRST,155.45689398486158,pass1=integer optimal solution|pass2=integer optimal solution,0.02489519999994627
0.5,10,2,3,15,GW-FIRST,155.4568939848616,pass1=integer optimal solution|pass2=integer optimal solution,0.04654890000006162
0.5,10,2,3,16,JOINT,166.74711233953522,integer optimal solution,0.027152600000135863
0.5,10,2,3,16,GW-ONLY,166.74711233953522,integer optimal solution,0.03801019999991695
0.5,10,2,3,16,OD-ONLY,166.74711233953522,integer optimal solution,0.002816899999970701
0.5,10,2,3,16,OD-FIRST,166.74711233953522,pass1=integer optimal solution|pass2=integer optimal solution,0.0341065999998591
0.5,10,2,3,16,GW-FIRST,166.74711233953522,pass1=integer optimal solution|pass2=integer optimal solution,0.04784949999998389
0.5,10,2,3,17,JOINT,196.77431468077845,integer optimal solution,0.03646270000012919
0.5,10,2,3,17,GW-ONLY,196.77431468077845,integer optimal solution,0.035761800000045696
0.5,10,2,3,17,OD-ONLY,197.3644308061336,integer optimal solution,0.007567300000118848
0.5,10,2,3,17,OD-FIRST,196.77431468077845,pass1=integer optimal solution|pass2=integer optimal solution,0.046922700000095574
0.5,10,2,3,17,GW-FIRST,196.77431468077845,pass1=integer optimal solution|pass2=integer optimal solution,0.04108310000015081
0.5,10,2,3,18,JOINT,182.68139759902698,integer optimal solution,0.04260169999997743
0.5,10,2,3,18,GW-ONLY,182.68139759902698,integer optimal solution,0.0390936999999667
0.5,10,2,3,18,OD-ONLY,182.68139759902698,integer optimal solution,0.002741900000046371
0.5,10,2,3,18,OD-FIRST,182.68139759902698,pass1=integer optimal solution|pass2=integer optimal solution,0.03618680000022323
0.5,10,2,3,18,GW-FIRST,182.68139759902698,pass1=integer optimal solution|pass2=integer optimal solution,0.059971000000132335
0.5,10,2,3,19,JOINT,165.14730175631433,integer optimal solution,0.0422444999999243
0.5,10,2,3,19,GW-ONLY,165.14730175631433,integer optimal solution,0.047086499999977605
0.5,10,2,3,19,OD-ONLY,165.14730175631433,integer optimal solution,0.002476300000125775
0.5,10,2,3,19,OD-FIRST,165.14730175631433,pass1=integer optimal solution|pass2=integer optimal solution,0.05662080000001879
0.5,10,2,3,19,GW-FIRST,165.14730175631433,pass1=integer optimal solution|pass2=integer optimal solution,0.06077230000005329
0.5,10,2,3,20,JOINT,205.40508997702403,integer optimal solution,0.038300100000014936
0.5,10,2,3,20,GW-ONLY,205.40508997702403,integer optimal solution,0.04457249999995838
0.5,10,2,3,20,OD-ONLY,205.40508997702403,integer optimal solution,0.002656699999988632
0.5,10,2,3,20,OD-FIRST,205.40508997702403,pass1=integer optimal solution|pass2=integer optimal solution,0.03918470000007801
0.5,10,2,3,20,GW-FIRST,205.40508997702403,pass1=integer optimal solution|pass2=integer optimal solution,0.04855079999992995
0.5,10,2,3,21,JOINT,185.9608290350342,integer optimal solution,0.03885490000016034
0.5,10,2,3,21,GW-ONLY,185.9608290350342,integer optimal solution,0.041683400000010806
0.5,10,2,3,21,OD-ONLY,185.9608290350342,integer optimal solution,0.0062642000000323605
0.5,10,2,3,21,OD-FIRST,185.9608290350342,pass1=integer optimal solution|pass2=integer optimal solution,0.04641759999981332
0.5,10,2,3,21,GW-FIRST,185.9608290350342,pass1=integer optimal solution|pass2=integer optimal solution,0.041150100000095335
0.5,10,2,3,22,JOINT,180.70721950804648,integer optimal solution,0.029027499999983775
0.5,10,2,3,22,GW-ONLY,184.48538702857388,integer optimal solution,0.03158630000007179
0.5,10,2,3,22,OD-ONLY,180.70721950804648,integer optimal solution,0.003695599999900878
0.5,10,2,3,22,OD-FIRST,180.70721950804645,pass1=integer optimal solution|pass2=integer optimal solution,0.03584690000002411
0.5,10,2,3,22,GW-FIRST,180.70721950804648,pass1=integer optimal solution|pass2=integer optimal solution,0.044809299999997165
0.5,10,2,3,23,JOINT,157.9203203841646,integer optimal solution,0.03239090000010947
0.5,10,2,3,23,GW-ONLY,157.9203203841646,integer optimal solution,0.03701320000004671
0.5,10,2,3,23,OD-ONLY,157.9203203841646,integer optimal solution,0.002941199999895616
0.5,10,2,3,23,OD-FIRST,157.9203203841646,pass1=integer optimal solution|pass2=integer optimal solution,0.03490309999983765
0.5,10,2,3,23,GW-FIRST,157.9203203841646,pass1=integer optimal solution|pass2=integer optimal solution,0.0440785999999207
0.5,10,2,3,24,JOINT,181.46958377004933,integer optimal solution,0.03806089999989126
0.5,10,2,3,24,GW-ONLY,181.46958377004933,integer optimal solution,0.04046599999992395
0.5,10,2,3,24,OD-ONLY,181.4695837700493,integer optimal solution,0.0032181999999920663
0.5,10,2,3,24,OD-FIRST,181.46958377004933,pass1=integer optimal solution|pass2=integer optimal solution,0.03848850000008497
0.5,10,2,3,24,GW-FIRST,181.4695837700493,pass1=integer optimal solution|pass2=integer optimal solution,0.04604360000007546
0.5,10,3,3,0,JOINT,212.70797034732647,integer optimal solution,0.036072800000056304
0.5,10,3,3,0,GW-ONLY,212.77592006816988,integer optimal solution,0.030727500000011787
0.5,10,3,3,0,OD-ONLY,212.7079703473265,integer optimal solution,0.0026694000000588858
0.5,10,3,3,0,OD-FIRST,212.7079703473265,pass1=integer optimal solution|pass2=integer optimal solution,0.03742729999999028
0.5,10,3,3,0,GW-FIRST,212.7079703473265,pass1=integer optimal solution|pass2=integer optimal solution,0.06531399999994392
0.5,10,3,3,1,JOINT,148.43585448417042,integer optimal solution,0.04485730000010335
0.5,10,3,3,1,GW-ONLY,148.43585448417042,integer optimal solution,0.038880899999867324
0.5,10,3,3,1,OD-ONLY,148.43585448417042,integer optimal solution,0.0035640999999486667
0.5,10,3,3,1,OD-FIRST,148.43585448417042,pass1=integer optimal solution|pass2=integer optimal solution,0.04676200000017161
0.5,10,3,3,1,GW-FIRST,148.43585448417042,pass1=integer optimal solution|pass2=integer optimal solution,0.04433950000020559
0.5,10,3,3,2,JOINT,144.7286606371713,integer optimal solution,0.03627760000017588
0.5,10,3,3,2,GW-ONLY,145.9174987980149,integer optimal solution,0.04466000000002168
0.5,10,3,3,2,OD-ONLY,144.7286606371713,integer optimal solution,0.004060999999865089
0.5,10,3,3,2,OD-FIRST,144.7286606371713,pass1=integer optimal solution|pass2=integer optimal solution,0.03741079999986141
0.5,10,3,3,2,GW-FIRST,144.81364433381464,pass1=integer optimal solution|pass2=integer optimal solution,0.04634889999988445
0.5,10,3,3,3,JOINT,202.53541753683854,integer optimal solution,0.05231269999990218
0.5,10,3,3,3,GW-ONLY,202.53541753683854,integer optimal solution,0.04754830000001675
0.5,10,3,3,3,OD-ONLY,202.53541753683848,integer optimal solution,0.006387399999994159
0.5,10,3,3,3,OD-FIRST,202.53541753683854,pass1=integer optimal solution|pass2=integer optimal solution,0.05153969999992114
0.5,10,3,3,3,GW-FIRST,202.53541753683848,pass1=integer optimal solution|pass2=integer optimal solution,0.055286700000124256
0.5,10,3,3,4,JOINT,178.85708553138087,integer optimal solution,0.040116800000078
0.5,10,3,3,4,GW-ONLY,183.42394058148145,integer optimal solution,0.04577859999994871
0.5,10,3,3,4,OD-ONLY,178.85708553138087,integer optimal solution,0.004306300000052943
0.5,10,3,3,4,OD-FIRST,178.85708553138087,pass1=integer optimal solution|pass2=integer optimal solution,0.037023399999952744
0.5,10,3,3,4,GW-FIRST,178.85708553138087,pass1=integer optimal solution|pass2=integer optimal solution,0.04575420000014674
0.5,10,3,3,5,JOINT,163.08904513662895,integer optimal solution,0.03373379999993631
0.5,10,3,3,5,GW-ONLY,163.08904513662895,integer optimal solution,0.04504740000015772
0.5,10,3,3,5,OD-ONLY,163.08904513662895,integer optimal solution,0.003940999999940686
0.5,10,3,3,5,OD-FIRST,163.08904513662895,pass1=integer optimal solution|pass2=integer optimal solution,0.04152939999994487
0.5,10,3,3,5,GW-FIRST,163.08904513662895,pass1=integer optimal solution|pass2=integer optimal solution,0.05114189999994778
0.5,10,3,3,6,JOINT,166.56147951744958,integer optimal solution,0.035811000000194326
0.5,10,3,3,6,GW-ONLY,166.56147951744958,integer optimal solution,0.032301999999845066
0.5,10,3,3,6,OD-ONLY,167.22539196148836,integer optimal solution,0.0032544999999117863
0.5,10,3,3,6,OD-FIRST,166.56147951744958,pass1=integer optimal solution|pass2=integer optimal solution,0.03062980000004245
0.5,10,3,3,6,GW-FIRST,166.5614795174496,pass1=integer optimal solution|pass2=integer optimal solution,0.047991400000000795
0.5,10,3,3,7,JOINT,192.37366491036636,integer optimal solution,0.03340129999992314
0.5,10,3,3,7,GW-ONLY,192.37366491036636,integer optimal solution,0.037996300000031624
0.5,10,3,3,7,OD-ONLY,192.37366491036636,integer optimal solution,0.0057928000001084
0.5,10,3,3,7,OD-FIRST,192.37366491036636,pass1=integer optimal solution|pass2=integer optimal solution,0.037710199999992255
0.5,10,3,3,7,GW-FIRST,192.37366491036636,pass1=integer optimal solution|pass2=integer optimal solution,0.05522160000009535
0.5,10,3,3,8,JOINT,182.6904111765197,integer optimal solution,0.04372490000014295
0.5,10,3,3,8,GW-ONLY,182.6904111765197,integer optimal solution,0.035440800000060335
0.5,10,3,3,8,OD-ONLY,184.00723207985206,integer optimal solution,0.002771599999960017
0.5,10,3,3,8,OD-FIRST,182.6904111765197,pass1=integer optimal solution|pass2=integer optimal solution,0.04121250000002874
0.5,10,3,3,8,GW-FIRST,182.6904111765197,pass1=integer optimal solution|pass2=integer optimal solution,0.038341799999898285
0.5,10,3,3,9,JOINT,154.2223421344821,integer optimal solution,0.03219100000001163
0.5,10,3,3,9,GW-ONLY,154.2223421344821,integer optimal solution,0.0410113000000365
0.5,10,3,3,9,OD-ONLY,154.2223421344821,integer optimal solution,0.006799000000000888
0.5,10,3,3,9,OD-FIRST,154.2223421344821,pass1=integer optimal solution|pass2=integer optimal solution,0.032107300000006944
0.5,10,3,3,9,GW-FIRST,154.2223421344821,pass1=integer optimal solution|pass2=integer optimal solution,0.05766630000016448
0.5,10,3,3,10,JOINT,198.86044214574235,integer optimal solution,0.037092999999913445
0.5,10,3,3,10,GW-ONLY,198.86044214574235,integer optimal solution,0.04718529999991006
0.5,10,3,3,10,OD-ONLY,198.86044214574235,integer optimal solution,0.007428899999922578
0.5,10,3,3,10,OD-FIRST,198.86044214574235,pass1=integer optimal solution|pass2=integer optimal solution,0.053080099999988306
0.5,10,3,3,10,GW-FIRST,198.86044214574235,pass1=integer optimal solution|pass2=integer optimal solution,0.06041570000002139
0.5,10,3,3,11,JOINT,168.93002911965027,integer optimal solution,0.03580939999983457
0.5,10,3,3,11,GW-ONLY,168.93002911965027,integer optimal solution,0.034093299999995
0.5,10,3,3,11,OD-ONLY,168.93002911965027,integer optimal solution,0.007558399999879839
0.5,10,3,3,11,OD-FIRST,168.93002911965027,pass1=integer optimal solution|pass2=integer optimal solution,0.03313619999994444
0.5,10,3,3,11,GW-FIRST,168.93002911965027,pass1=integer optimal solution|pass2=integer optimal solution,0.03748840000002929
0.5,10,3,3,12,JOINT,181.67413752531152,integer optimal solution,0.03358769999999822
0.5,10,3,3,12,GW-ONLY,181.67413752531152,integer optimal solution,0.03542100000004211
0.5,10,3,3,12,OD-ONLY,181.67413752531152,integer optimal solution,0.00306910000017524
0.5,10,3,3,12,OD-FIRST,181.67413752531152,pass1=integer optimal solution|pass2=integer optimal solution,0.04723269999999502
0.5,10,3,3,12,GW-FIRST,181.67413752531152,pass1=integer optimal solution|pass2=integer optimal solution,0.05877050000003692
0.5,10,3,3,13,JOINT,158.03564689046104,integer optimal solution,0.03480419999982587
0.5,10,3,3,13,GW-ONLY,158.03564689046104,integer optimal solution,0.03187430000002678
0.5,10,3,3,13,OD-ONLY,158.03564689046104,integer optimal solution,0.0027581000001646316
0.5,10,3,3,13,OD-FIRST,158.03564689046104,pass1=integer optimal solution|pass2=integer optimal solution,0.03164139999989857
0.5,10,3,3,13,GW-FIRST,158.03564689046104,pass1=integer optimal solution|pass2=integer optimal solution,0.04837989999987258
0.5,10,3,3,14,JOINT,188.4172842960125,integer optimal solution,0.038718100000096456
0.5,10,3,3,14,GW-ONLY,188.4172842960125,integer optimal solution,0.03523840000002565
0.5,10,3,3,14,OD-ONLY,188.4172842960125,integer optimal solution,0.003796599999986938
0.5,10,3,3,14,OD-FIRST,188.4172842960125,pass1=integer optimal solution|pass2=integer optimal solution,0.049889599999914935
0.5,10,3,3,14,GW-FIRST,188.4172842960125,pass1=integer optimal solution|pass2=integer optimal solution,0.04812689999994291
0.5,10,3,3,15,JOINT,173.37585878227884,integer optimal solution,0.052359400000113965
0.5,10,3,3,15,GW-ONLY,173.37585878227884,integer optimal solution,0.05434400000012829
0.5,10,3,3,15,OD-ONLY,173.37585878227884,integer optimal solution,0.0037679000001844543
0.5,10,3,3,15,OD-FIRST,173.37585878227884,pass1=integer optimal solution|pass2=integer optimal solution,0.04118919999996251
0.5,10,3,3,15,GW-FIRST,173.37585878227884,pass1=integer optimal solution|pass2=integer optimal solution,0.04183330000000751
0.5,10,3,3,16,JOINT,169.74023102606716,integer optimal solution,0.04648100000008526
0.5,10,3,3,16,GW-ONLY,169.74023102606716,integer optimal solution,0.03923720000011599
0.5,10,3,3,16,OD-ONLY,169.74023102606716,integer optimal solution,0.009042300000146497
0.5,10,3,3,16,OD-FIRST,169.74023102606716,pass1=integer optimal solution|pass2=integer optimal solution,0.05600989999993544
0.5,10,3,3,16,GW-FIRST,169.74023102606716,pass1=integer optimal solution|pass2=integer optimal solution,0.06796359999998458
0.5,10,3,3,17,JOINT,153.77378054150913,integer optimal solution,0.030545600000095874
0.5,10,3,3,17,GW-ONLY,153.77378054150913,integer optimal solution,0.032448200000089855
0.5,10,3,3,17,OD-ONLY,153.77378054150913,integer optimal solution,0.005299400000012611
0.5,10,3,3,17,OD-FIRST,153.77378054150913,pass1=integer optimal solution|pass2=integer optimal solution,0.03156500000000051
0.5,10,3,3,17,GW-FIRST,153.77378054150913,pass1=integer optimal solution|pass2=integer optimal solution,0.03979529999992337
0.5,10,3,3,18,JOINT,192.00742822235225,integer optimal solution,0.03848880000009558
0.5,10,3,3,18,GW-ONLY,192.00742822235225,integer optimal solution,0.031377400000110356
0.5,10,3,3,18,OD-ONLY,192.00742822235225,integer optimal solution,0.004574100000127146
0.5,10,3,3,18,OD-FIRST,192.00742822235225,pass1=integer optimal solution|pass2=integer optimal solution,0.03803149999998823
0.5,10,3,3,18,GW-FIRST,192.00742822235225,pass1=integer optimal solution|pass2=integer optimal solution,0.05531210000003739
0.5,10,3,3,19,JOINT,202.75273609916732,integer optimal solution,0.03535420000002887
0.5,10,3,3,19,GW-ONLY,202.75273609916732,integer optimal solution,0.03605199999992692
0.5,10,3,3,19,OD-ONLY,202.75273609916732,integer optimal solution,0.0023797000001195556
0.5,10,3,3,19,OD-FIRST,202.75273609916732,pass1=integer optimal solution|pass2=integer optimal solution,0.033222399999885965
0.5,10,3,3,19,GW-FIRST,202.75273609916732,pass1=integer optimal solution|pass2=integer optimal solution,0.0567370999999639
0.5,10,3,3,20,JOINT,151.33768055983995,integer optimal solution,0.031040300000086063
0.5,10,3,3,20,GW-ONLY,151.33768055983995,integer optimal solution,0.10650919999989128
0.5,10,3,3,20,OD-ONLY,151.33768055983995,integer optimal solution,0.004897000000028129
0.5,10,3,3,20,OD-FIRST,151.33768055983995,pass1=integer optimal solution|pass2=integer optimal solution,0.1637009000000944
0.5,10,3,3,20,GW-FIRST,151.33768055983995,pass1=integer optimal solution|pass2=integer optimal solution,0.07599549999986266
0.5,10,3,3,21,JOINT,196.37766443705362,integer optimal solution,0.03312499999992724
0.5,10,3,3,21,GW-ONLY,196.37766443705362,integer optimal solution,0.03945989999988342
0.5,10,3,3,21,OD-ONLY,196.37766443705362,integer optimal solution,0.003428600000006554
0.5,10,3,3,21,OD-FIRST,196.37766443705362,pass1=integer optimal solution|pass2=integer optimal solution,0.044637299999976676
0.5,10,3,3,21,GW-FIRST,196.37766443705362,pass1=integer optimal solution|pass2=integer optimal solution,0.05180799999993724
0.5,10,3,3,22,JOINT,187.29630122226789,integer optimal solution,0.03439760000014758
0.5,10,3,3,22,GW-ONLY,187.29630122226789,integer optimal solution,0.04274289999989378
0.5,10,3,3,22,OD-ONLY,187.29630122226786,integer optimal solution,0.004446400000006179
0.5,10,3,3,22,OD-FIRST,187.29630122226789,pass1=integer optimal solution|pass2=integer optimal solution,0.05285909999997784
0.5,10,3,3,22,GW-FIRST,187.29630122226786,pass1=integer optimal solution|pass2=integer optimal solution,0.05503839999983029
0.5,10,3,3,23,JOINT,167.55458402084327,integer optimal solution,0.03825720000008914
0.5,10,3,3,23,GW-ONLY,167.55458402084327,integer optimal solution,0.028923900000108915
0.5,10,3,3,23,OD-ONLY,167.55458402084327,integer optimal solution,0.00662689999990107
0.5,10,3,3,23,OD-FIRST,167.55458402084327,pass1=integer optimal solution|pass2=integer optimal solution,0.03259809999985919
0.5,10,3,3,23,GW-FIRST,167.55458402084327,pass1=integer optimal solution|pass2=integer optimal solution,0.043839600000183054
0.5,10,3,3,24,JOINT,167.78389995607586,integer optimal solution,0.03726249999999709
0.5,10,3,3,24,GW-ONLY,167.78389995607586,integer optimal solution,0.03587229999993724
0.5,10,3,3,24,OD-ONLY,167.78389995607583,integer optimal solution,0.007304299999987052
0.5,10,3,3,24,OD-FIRST,167.78389995607586,pass1=integer optimal solution|pass2=integer optimal solution,0.04383159999997588
0.5,10,3,3,24,GW-FIRST,167.78389995607583,pass1=integer optimal solution|pass2=integer optimal solution,0.05582619999995586
0.5,15,2,2,0,JOINT,223.97667511599772,integer optimal solution,0.04480039999998553
0.5,15,2,2,0,GW-ONLY,227.70118965716,integer optimal solution,0.0446102000000792
0.5,15,2,2,0,OD-ONLY,223.97667511599772,integer optimal solution,0.0028018999998948857
0.5,15,2,2,0,OD-FIRST,223.9766751159977,pass1=integer optimal solution|pass2=integer optimal solution,0.07911749999993845
0.5,15,2,2,0,GW-FIRST,227.70118965716,pass1=integer optimal solution|pass2=integer optimal solution,0.0798152999998365
0.5,15,2,2,1,JOINT,253.82989951592785,integer optimal solution,0.05620829999998023
0.5,15,2,2,1,GW-ONLY,253.82989951592785,integer optimal solution,0.06299680000006447
0.5,15,2,2,1,OD-ONLY,253.82989951592785,integer optimal solution,0.0042180000000371365
0.5,15,2,2,1,OD-FIRST,253.82989951592785,pass1=integer optimal solution|pass2=integer optimal solution,0.06038869999997587
0.5,15,2,2,1,GW-FIRST,253.82989951592785,pass1=integer optimal solution|pass2=integer optimal solution,0.07810589999985496
0.5,15,2,2,2,JOINT,244.4651031441948,integer optimal solution,0.060496300000068004
0.5,15,2,2,2,GW-ONLY,244.4651031441948,integer optimal solution,0.05608859999983906
0.5,15,2,2,2,OD-ONLY,244.4651031441948,integer optimal solution,0.004060500000150569
0.5,15,2,2,2,OD-FIRST,244.4651031441948,pass1=integer optimal solution|pass2=integer optimal solution,0.05602410000005875
0.5,15,2,2,2,GW-FIRST,244.4651031441948,pass1=integer optimal solution|pass2=integer optimal solution,0.0747871999999461
0.5,15,2,2,3,JOINT,262.88479709061426,integer optimal solution,0.061487499999884676
0.5,15,2,2,3,GW-ONLY,262.88479709061426,integer optimal solution,0.05884949999995115
0.5,15,2,2,3,OD-ONLY,262.88479709061426,integer optimal solution,0.003511800000069343
0.5,15,2,2,3,OD-FIRST,262.88479709061426,pass1=integer optimal solution|pass2=integer optimal solution,0.06060120000006464
0.5,15,2,2,3,GW-FIRST,262.88479709061426,pass1=integer optimal solution|pass2=integer optimal solution,0.07522479999988718
0.5,15,2,2,4,JOINT,286.45151972680264,integer optimal solution,0.04419759999996131
0.5,15,2,2,4,GW-ONLY,287.78115562974364,integer optimal solution,0.05333180000002358
0.5,15,2,2,4,OD-ONLY,286.45151972680264,integer optimal solution,0.0022771000001284847
0.5,15,2,2,4,OD-FIRST,286.45151972680264,pass1=integer optimal solution|pass2=integer optimal solution,0.059333199999855424
0.5,15,2,2,4,GW-FIRST,286.45151972680264,pass1=integer optimal solution|pass2=integer optimal solution,0.08309380000014244
0.5,15,2,2,5,JOINT,241.31452046839317,integer optimal solution,0.04681140000002415
0.5,15,2,2,5,GW-ONLY,241.31452046839317,integer optimal solution,0.0464144000000033
0.5,15,2,2,5,OD-ONLY,241.31452046839314,integer optimal solution,0.00462640000000647
0.5,15,2,2,5,OD-FIRST,241.31452046839317,pass1=integer optimal solution|pass2=integer optimal solution,0.05215180000004693
0.5,15,2,2,5,GW-FIRST,241.31452046839314,pass1=integer optimal solution|pass2=integer optimal solution,0.07837259999996604
0.5,15,2,2,6,JOINT,267.4918505751667,integer optimal solution,0.047740299999986746
0.5,15,2,2,6,GW-ONLY,267.4918505751667,integer optimal solution,0.04526439999995091
0.5,15,2,2,6,OD-ONLY,267.4918505751667,integer optimal solution,0.0018477000000984845
0.5,15,2,2,6,OD-FIRST,267.4918505751667,pass1=integer optimal solution|pass2=integer optimal solution,0.04577399999993759
0.5,15,2,2,6,GW-FIRST,267.4918505751667,pass1=integer optimal solution|pass2=integer optimal solution,0.08829209999998966
0.5,15,2,2,7,JOINT,272.70787317425146,integer optimal solution,0.04175030000010338
0.5,15,2,2,7,GW-ONLY,272.70787317425146,integer optimal solution,0.052782700000079785
0.5,15,2,2,7,OD-ONLY,272.7078731742514,integer optimal solution,0.006090299999868876
0.5,15,2,2,7,OD-FIRST,272.70787317425146,pass1=integer optimal solution|pass2=integer optimal solution,0.07508069999994404
0.5,15,2,2,7,GW-FIRST,272.7078731742514,pass1=integer optimal solution|pass2=integer optimal solution,0.07656789999987268
0.5,15,2,2,8,JOINT,235.43981627082815,integer optimal solution,0.052652699999953256
0.5,15,2,2,8,GW-ONLY,235.43981627082815,integer optimal solution,0.0495427999999265
0.5,15,2,2,8,OD-ONLY,235.43981627082815,integer optimal solution,0.0030947000000196567
0.5,15,2,2,8,OD-FIRST,235.43981627082815,pass1=integer optimal solution|pass2=integer optimal solution,0.05344700000000557
0.5,15,2,2,8,GW-FIRST,235.43981627082815,pass1=integer optimal solution|pass2=integer optimal solution,0.06994989999998324
0.5,15,2,2,9,JOINT,315.4910965105839,integer optimal solution,0.05163640000000669
0.5,15,2,2,9,GW-ONLY,315.4910965105839,integer optimal solution,0.04771660000005795
0.5,15,2,2,9,OD-ONLY,316.44835199833096,integer optimal solution,0.002717600000096354
0.5,15,2,2,9,OD-FIRST,315.4910965105839,pass1=integer optimal solution|pass2=integer optimal solution,0.06293909999999414
0.5,15,2,2,9,GW-FIRST,315.49109651058393,pass1=integer optimal solution|pass2=integer optimal solution,0.08640460000015082
0.5,15,2,2,10,JOINT,256.2697183884479,integer optimal solution,0.05697890000010375
0.5,15,2,2,10,GW-ONLY,257.1707126962616,integer optimal solution,0.04214400000000751
0.5,15,2,2,10,OD-ONLY,256.2697183884479,integer optimal solution,0.0036078999999062944
0.5,15,2,2,10,OD-FIRST,256.2697183884479,pass1=integer optimal solution|pass2=integer optimal solution,0.055134899999984555
0.5,15,2,2,10,GW-FIRST,256.2697183884479,pass1=integer optimal solution|pass2=integer optimal solution,0.08511290000001281
0.5,15,2,2,11,JOINT,283.7377930972106,integer optimal solution,0.06769349999990482
0.5,15,2,2,11,GW-ONLY,283.7377930972106,integer optimal solution,0.06805149999991045
0.5,15,2,2,11,OD-ONLY,283.7377930972106,integer optimal solution,0.0034448999999767693
0.5,15,2,2,11,OD-FIRST,283.7377930972106,pass1=integer optimal solution|pass2=integer optimal solution,0.07401019999997516
0.5,15,2,2,11,GW-FIRST,283.7377930972106,pass1=integer optimal solution|pass2=integer optimal solution,0.0854021999998622
0.5,15,2,2,12,JOINT,275.3198710227337,integer optimal solution,0.06099640000002182
0.5,15,2,2,12,GW-ONLY,275.3198710227337,integer optimal solution,0.06464199999982156
0.5,15,2,2,12,OD-ONLY,275.31987102273376,integer optimal solution,0.0040765000001101726
0.5,15,2,2,12,OD-FIRST,275.3198710227337,pass1=integer optimal solution|pass2=integer optimal solution,0.0660734999999022
0.5,15,2,2,12,GW-FIRST,275.31987102273376,pass1=integer optimal solution|pass2=integer optimal solution,0.07633570000007239
0.5,15,2,2,13,JOINT,235.8794911880786,integer optimal solution,0.05208089999996446
0.5,15,2,2,13,GW-ONLY,237.8918350296894,integer optimal solution,0.05757610000000568
0.5,15,2,2,13,OD-ONLY,235.8794911880786,integer optimal solution,0.0023345000001882
0.5,15,2,2,13,OD-FIRST,235.8794911880786,pass1=integer optimal solution|pass2=integer optimal solution,0.04267089999984819
0.5,15,2,2,13,GW-FIRST,237.8918350296894,pass1=integer optimal solution|pass2=integer optimal solution,0.06129699999996774
0.5,15,2,2,14,JOINT,256.4461810791164,integer optimal solution,0.033527699999922334
0.5,15,2,2,14,GW-ONLY,256.4461810791164,integer optimal solution,0.03381930000000466
0.5,15,2,2,14,OD-ONLY,256.4461810791164,integer optimal solution,0.0030257999999321328
0.5,15,2,2,14,OD-FIRST,256.4461810791164,pass1=integer optimal solution|pass2=integer optimal solution,0.03498220000005858
0.5,15,2,2,14,GW-FIRST,256.4461810791164,pass1=integer optimal solution|pass2=integer optimal solution,0.049184299999978975
0.5,15,2,2,15,JOINT,229.17821304945284,integer optimal solution,0.03715399999987312
0.5,15,2,2,15,GW-ONLY,229.17821304945286,integer optimal solution,0.055517799999961426
0.5,15,2,2,15,OD-ONLY,237.5774996178999,integer optimal solution,0.002844300000106159
0.5,15,2,2,15,OD-FIRST,231.68027570283087,pass1=integer optimal solution|pass2=integer optimal solution,0.05134570000018357
0.5,15,2,2,15,GW-FIRST,229.17821304945286,pass1=integer optimal solution|pass2=integer optimal solution,0.1016156000000592
0.5,15,2,2,16,JOINT,203.83784711904377,integer optimal solution,0.03851089999989199
0.5,15,2,2,16,GW-ONLY,203.83784711904377,integer optimal solution,0.04313980000006268
0.5,15,2,2,16,OD-ONLY,206.40490297124936,integer optimal solution,0.0027583999999478692
0.5,15,2,2,16,OD-FIRST,203.83784711904377,pass1=integer optimal solution|pass2=integer optimal solution,0.05393809999986843
0.5,15,2,2,16,GW-FIRST,203.83784711904374,pass1=integer optimal solution|pass2=integer optimal solution,0.08222999999998137
0.5,15,2,2,17,JOINT,294.54206218641133,integer optimal solution,0.047175599999945916
0.5,15,2,2,17,GW-ONLY,295.8204061996463,integer optimal solution,0.047151799999937793
0.5,15,2,2,17,OD-ONLY,294.5420621864114,integer optimal solution,0.0035155000000486325
0.5,15,2,2,17,OD-FIRST,294.5420621864114,pass1=integer optimal solution|pass2=integer optimal solution,0.06924819999994725
0.5,15,2,2,17,GW-FIRST,294.5420621864114,pass1=integer optimal solution|pass2=integer optimal solution,0.06615280000005441
0.5,15,2,2,18,JOINT,254.75783814632624,integer optimal solution,0.030819399999927555
0.5,15,2,2,18,GW-ONLY,254.75783814632624,integer optimal solution,0.038426100000151564
0.5,15,2,2,18,OD-ONLY,254.75783814632624,integer optimal solution,0.002309000000195738
0.5,15,2,2,18,OD-FIRST,254.75783814632624,pass1=integer optimal solution|pass2=integer optimal solution,0.05047300000001087
0.5,15,2,2,18,GW-FIRST,254.75783814632624,pass1=integer optimal solution|pass2=integer optimal solution,0.07138239999994767
0.5,15,2,2,19,JOINT,276.8542378944752,integer optimal solution,0.049354700000094454
0.5,15,2,2,19,GW-ONLY,276.8542378944752,integer optimal solution,0.05134879999991426
0.5,15,2,2,19,OD-ONLY,276.8542378944752,integer optimal solution,0.0026573000000098546
0.5,15,2,2,19,OD-FIRST,276.8542378944752,pass1=integer optimal solution|pass2=integer optimal solution,0.051861899999948946
0.5,15,2,2,19,GW-FIRST,276.8542378944752,pass1=integer optimal solution|pass2=integer optimal solution,0.07517219999999725
0.5,15,2,2,20,JOINT,250.13450481022937,integer optimal solution,0.040547999999944295
0.5,15,2,2,20,GW-ONLY,250.13450481022937,integer optimal solution,0.04788590000021031
0.5,15,2,2,20,OD-ONLY,250.32471296318272,integer optimal solution,0.003197400000090056
0.5,15,2,2,20,OD-FIRST,250.13450481022937,pass1=integer optimal solution|pass2=integer optimal solution,0.04754329999991569
0.5,15,2,2,20,GW-FIRST,250.1345048102294,pass1=integer optimal solution|pass2=integer optimal solution,0.07522670000003018
0.5,15,2,2,21,JOINT,253.27548854758766,integer optimal solution,0.063615400000117
0.5,15,2,2,21,GW-ONLY,253.27548854758766,integer optimal solution,0.05491260000007969
0.5,15,2,2,21,OD-ONLY,253.27548854758766,integer optimal solution,0.003889999999955762
0.5,15,2,2,21,OD-FIRST,253.27548854758766,pass1=integer optimal solution|pass2=integer optimal solution,0.06372179999993932
0.5,15,2,2,21,GW-FIRST,253.27548854758766,pass1=integer optimal solution|pass2=integer optimal solution,0.07702130000006946
0.5,15,2,2,22,JOINT,240.52107041175145,integer optimal solution,0.07629350000001978
0.5,15,2,2,22,GW-ONLY,240.52107041175145,integer optimal solution,0.050825900000063484
0.5,15,2,2,22,OD-ONLY,240.52107041175145,integer optimal solution,0.003393400000049951
0.5,15,2,2,22,OD-FIRST,240.52107041175145,pass1=integer optimal solution|pass2=integer optimal solution,0.060892199999898367
0.5,15,2,2,22,GW-FIRST,240.52107041175145,pass1=integer optimal solution|pass2=integer optimal solution,0.0693164000001616
0.5,15,2,2,23,JOINT,256.38338814131237,integer optimal solution,0.05666839999980766
0.5,15,2,2,23,GW-ONLY,263.7343446172026,integer optimal solution,0.0598606999999447
0.5,15,2,2,23,OD-ONLY,256.38338814131237,integer optimal solution,0.0027786000000560307
0.5,15,2,2,23,OD-FIRST,256.38338814131237,pass1=integer optimal solution|pass2=integer optimal solution,0.0518222999999125
0.5,15,2,2,23,GW-FIRST,256.38338814131237,pass1=integer optimal solution|pass2=integer optimal solution,0.07016209999983403
0.5,15,2,2,24,JOINT,249.25956815855588,integer optimal solution,0.04798379999988356
0.5,15,2,2,24,GW-ONLY,249.25956815855588,integer optimal solution,0.047434800000019095
0.5,15,2,2,24,OD-ONLY,249.25956815855588,integer optimal solution,0.0025504000000182714
0.5,15,2,2,24,OD-FIRST,249.25956815855588,pass1=integer optimal solution|pass2=integer optimal solution,0.07159709999996267
0.5,15,2,2,24,GW-FIRST,249.25956815855588,pass1=integer optimal solution|pass2=integer optimal solution,0.08958490000009078
0.5,15,3,2,0,JOINT,243.98445159669376,integer optimal solution,0.08757409999998345
0.5,15,3,2,0,GW-ONLY,249.37813714729748,integer optimal solution,0.08400560000018231
0.5,15,3,2,0,OD-ONLY,243.98445159669376,integer optimal solution,0.005433300000049712
0.5,15,3,2,0,OD-FIRST,243.9844515966938,pass1=integer optimal solution|pass2=integer optimal solution,0.06545920000007754
0.5,15,3,2,0,GW-FIRST,243.98445159669376,pass1=integer optimal solution|pass2=integer optimal solution,0.10581050000018877
0.5,15,3,2,1,JOINT,261.8383811778474,integer optimal solution,0.07105890000002546
0.5,15,3,2,1,GW-ONLY,261.8383811778474,integer optimal solution,0.08226100000001679
0.5,15,3,2,1,OD-ONLY,261.8383811778474,integer optimal solution,0.007155999999895357
0.5,15,3,2,1,OD-FIRST,261.8383811778474,pass1=integer optimal solution|pass2=integer optimal solution,0.0640510999999151
0.5,15,3,2,1,GW-FIRST,261.8383811778474,pass1=integer optimal solution|pass2=integer optimal solution,0.09686469999996916
0.5,15,3,2,2,JOINT,263.8954802352927,integer optimal solution,0.06367359999990185
0.5,15,3,2,2,GW-ONLY,263.8954802352927,integer optimal solution,0.07210860000009234
0.5,15,3,2,2,OD-ONLY,263.8954802352928,integer optimal solution,0.002727000000049884
0.5,15,3,2,2,OD-FIRST,263.8954802352927,pass1=integer optimal solution|pass2=integer optimal solution,0.083445200000142
0.5,15,3,2,2,GW-FIRST,263.8954802352928,pass1=integer optimal solution|pass2=integer optimal solution,0.1312564999998358
0.5,15,3,2,3,JOINT,264.9502663557184,integer optimal solution,0.07871219999992718
0.5,15,3,2,3,GW-ONLY,264.9502663557184,integer optimal solution,0.06617979999987256
0.5,15,3,2,3,OD-ONLY,264.9502663557184,integer optimal solution,0.00522000000000844
0.5,15,3,2,3,OD-FIRST,264.9502663557184,pass1=integer optimal solution|pass2=integer optimal solution,0.0856584999999086
0.5,15,3,2,3,GW-FIRST,264.9502663557184,pass1=integer optimal solution|pass2=integer optimal solution,0.14198650000003
0.5,15,3,2,4,JOINT,287.532328496807,integer optimal solution,0.08183669999993981
0.5,15,3,2,4,GW-ONLY,287.532328496807,integer optimal solution,0.07810549999999239
0.5,15,3,2,4,OD-ONLY,287.532328496807,integer optimal solution,0.0025736000000051718
0.5,15,3,2,4,OD-FIRST,287.532328496807,pass1=integer optimal solution|pass2=integer optimal solution,0.07880149999982677
0.5,15,3,2,4,GW-FIRST,287.532328496807,pass1=integer optimal solution|pass2=integer optimal solution,0.10008479999987685
0.5,15,3,2,5,JOINT,267.45231230875913,integer optimal solution,0.0668315000000348
0.5,15,3,2,5,GW-ONLY,267.45231230875913,integer optimal solution,0.08040919999984908
0.5,15,3,2,5,OD-ONLY,267.45231230875913,integer optimal solution,0.0029726999998729298
0.5,15,3,2,5,OD-FIRST,267.45231230875913,pass1=integer optimal solution|pass2=integer optimal solution,0.080833900000016
0.5,15,3,2,5,GW-FIRST,267.45231230875913,pass1=integer optimal solution|pass2=integer optimal solution,0.11342830000012327
0.5,15,3,2,6,JOINT,261.23982166428584,integer optimal solution,0.07558679999988271
0.5,15,3,2,6,GW-ONLY,261.23982166428584,integer optimal solution,0.07271270000001095
0.5,15,3,2,6,OD-ONLY,267.3272437302061,integer optimal solution,0.007672300000194809
0.5,15,3,2,6,OD-FIRST,261.23982166428584,pass1=integer optimal solution|pass2=integer optimal solution,0.07872689999999238
0.5,15,3,2,6,GW-FIRST,261.23982166428584,pass1=integer optimal solution|pass2=integer optimal solution,0.10943279999992228
0.5,15,3,2,7,JOINT,273.16144316394326,integer optimal solution,0.07098810000002231
0.5,15,3,2,7,GW-ONLY,273.16144316394326,integer optimal solution,0.09291399999983696
0.5,15,3,2,7,OD-ONLY,273.16144316394326,integer optimal solution,0.0047300999999606574
0.5,15,3,2,7,OD-FIRST,273.16144316394326,pass1=integer optimal solution|pass2=integer optimal solution,0.08126720000018395
0.5,15,3,2,7,GW-FIRST,273.16144316394326,pass1=integer optimal solution|pass2=integer optimal solution,0.1044521999999688
0.5,15,3,2,8,JOINT,269.4487603659895,integer optimal solution,0.07400940000002265
0.5,15,3,2,8,GW-ONLY,269.44876036598953,integer optimal solution,0.08574769999995624
0.5,15,3,2,8,OD-ONLY,276.83299096670015,integer optimal solution,0.008999099999982718
0.5,15,3,2,8,OD-FIRST,269.44876036598953,pass1=integer optimal solution|pass2=integer optimal solution,0.09562780000010207
0.5,15,3,2,8,GW-FIRST,269.44876036598953,pass1=integer optimal solution|pass2=integer optimal solution,0.11867050000000745
0.5,15,3,2,9,JOINT,271.50586210417157,integer optimal solution,0.09721530000001621
0.5,15,3,2,9,GW-ONLY,271.50586210417157,integer optimal solution,0.08846709999988889
0.5,15,3,2,9,OD-ONLY,271.50586210417157,integer optimal solution,0.005757900000162408
0.5,15,3,2,9,OD-FIRST,271.50586210417157,pass1=integer optimal solution|pass2=integer optimal solution,0.10172639999996136
0.5,15,3,2,9,GW-FIRST,271.50586210417157,pass1=integer optimal solution|pass2=integer optimal solution,0.11998459999995248
0.5,15,3,2,10,JOINT,292.66759206676034,integer optimal solution,0.07699200000001838
0.5,15,3,2,10,GW-ONLY,292.66759206676034,integer optimal solution,0.07990539999991597
0.5,15,3,2,10,OD-ONLY,292.67597752286457,integer optimal solution,0.006837600000153543
0.5,15,3,2,10,OD-FIRST,292.66759206676034,pass1=integer optimal solution|pass2=integer optimal solution,0.07700449999992998
0.5,15,3,2,10,GW-FIRST,292.6675920667604,pass1=integer optimal solution|pass2=integer optimal solution,0.12340210000002116
0.5,15,3,2,11,JOINT,258.20882079408625,integer optimal solution,0.08708599999999933
0.5,15,3,2,11,GW-ONLY,258.20882079408625,integer optimal solution,0.066626099999894
0.5,15,3,2,11,OD-ONLY,260.78595599813485,integer optimal solution,0.004358299999921655
0.5,15,3,2,11,OD-FIRST,258.20882079408625,pass1=integer optimal solution|pass2=integer optimal solution,0.07862779999982195
0.5,15,3,2,11,GW-FIRST,258.20882079408625,pass1=integer optimal solution|pass2=integer optimal solution,0.09955860000013672
0.5,15,3,2,12,JOINT,218.38732378765212,integer optimal solution,0.06896830000005139
0.5,15,3,2,12,GW-ONLY,221.05242037775417,integer optimal solution,0.0836512999999286
0.5,15,3,2,12,OD-ONLY,225.41711894595272,integer optimal solution,0.004283400000076654
0.5,15,3,2,12,OD-FIRST,225.4171189459527,pass1=integer optimal solution|pass2=integer optimal solution,0.060368299999936426
0.5,15,3,2,12,GW-FIRST,221.0524203777542,pass1=integer optimal solution|pass2=integer optimal solution,0.12053999999989173
0.5,15,3,2,13,JOINT,248.9563578090673,integer optimal solution,0.08657979999998133
0.5,15,3,2,13,GW-ONLY,248.9563578090673,integer optimal solution,0.09586600000011458
0.5,15,3,2,13,OD-ONLY,248.9563578090673,integer optimal solution,0.0066716000001179054
0.5,15,3,2,13,OD-FIRST,248.9563578090673,pass1=integer optimal solution|pass2=integer optimal solution,0.10207390000005034
0.5,15,3,2,13,GW-FIRST,248.9563578090673,pass1=integer optimal solution|pass2=integer optimal solution,0.13852910000014163
0.5,15,3,2,14,JOINT,280.64826561120657,integer optimal solution,0.061601699999982884
0.5,15,3,2,14,GW-ONLY,280.64826561120657,integer optimal solution,0.07683780000002116
0.5,15,3,2,14,OD-ONLY,280.64826561120657,integer optimal solution,0.003277299999808747
0.5,15,3,2,14,OD-FIRST,280.64826561120657,pass1=integer optimal solution|pass2=integer optimal solution,0.07805130000019744
0.5,15,3,2,14,GW-FIRST,280.64826561120657,pass1=integer optimal solution|pass2=integer optimal solution,0.11831409999990683
0.5,15,3,2,15,JOINT,254.52448164949408,integer optimal solution,0.07544579999989764
0.5,15,3,2,15,GW-ONLY,254.52448164949408,integer optimal solution,0.0897124000000531
0.5,15,3,2,15,OD-ONLY,254.52448164949408,integer optimal solution,0.0053572000001622655
0.5,15,3,2,15,OD-FIRST,254.52448164949408,pass1=integer optimal solution|pass2=integer optimal solution,0.08407239999996818
0.5,15,3,2,15,GW-FIRST,254.52448164949408,pass1=integer optimal solution|pass2=integer optimal solution,0.13588909999998577
0.5,15,3,2,16,JOINT,291.6290236034985,integer optimal solution,0.07483350000006794
0.5,15,3,2,16,GW-ONLY,291.6290236034985,integer optimal solution,0.0671769000000495
0.5,15,3,2,16,OD-ONLY,297.56101880984835,integer optimal solution,0.007008299999824885
0.5,15,3,2,16,OD-FIRST,291.6290236034985,pass1=integer optimal solution|pass2=integer optimal solution,0.07511310000018057
0.5,15,3,2,16,GW-FIRST,291.6290236034985,pass1=integer optimal solution|pass2=integer optimal solution,0.1231783999999152
0.5,15,3,2,17,JOINT,276.22493608768406,integer optimal solution,0.06852279999998245
0.5,15,3,2,17,GW-ONLY,276.22493608768406,integer optimal solution,0.08525669999994534
0.5,15,3,2,17,OD-ONLY,276.22493608768406,integer optimal solution,0.00473639999995612
0.5,15,3,2,17,OD-FIRST,276.22493608768406,pass1=integer optimal solution|pass2=integer optimal solution,0.07741559999999481
0.5,15,3,2,17,GW-FIRST,276.22493608768406,pass1=integer optimal solution|pass2=integer optimal solution,0.10388809999994919
0.5,15,3,2,18,JOINT,249.79374662143783,integer optimal solution,0.07116420000011203
0.5,15,3,2,18,GW-ONLY,249.79374662143783,integer optimal solution,0.08287680000012188
0.5,15,3,2,18,OD-ONLY,249.79374662143783,integer optimal solution,0.016248700000005556
0.5,15,3,2,18,OD-FIRST,249.79374662143783,pass1=integer optimal solution|pass2=integer optimal solution,0.07313859999999295
0.5,15,3,2,18,GW-FIRST,249.79374662143783,pass1=integer optimal solution|pass2=integer optimal solution,0.1158880999998928
0.5,15,3,2,19,JOINT,247.09269693457193,integer optimal solution,0.0651969000000463
0.5,15,3,2,19,GW-ONLY,247.09269693457193,integer optimal solution,0.06246870000018134
0.5,15,3,2,19,OD-ONLY,247.09269693457193,integer optimal solution,0.003593000000137181
0.5,15,3,2,19,OD-FIRST,247.09269693457193,pass1=integer optimal solution|pass2=integer optimal solution,0.07182239999997364
0.5,15,3,2,19,GW-FIRST,247.09269693457193,pass1=integer optimal solution|pass2=integer optimal solution,0.10439699999983532
0.5,15,3,2,20,JOINT,245.0825742900246,integer optimal solution,0.06992239999999583
0.5,15,3,2,20,GW-ONLY,245.0825742900246,integer optimal solution,0.05954010000004928
0.5,15,3,2,20,OD-ONLY,259.0420498553402,integer optimal solution,0.004119499999887921
0.5,15,3,2,20,OD-FIRST,245.0825742900246,pass1=integer optimal solution|pass2=integer optimal solution,0.08642480000003161
0.5,15,3,2,20,GW-FIRST,245.08257429002464,pass1=integer optimal solution|pass2=integer optimal solution,0.10462389999997868
0.5,15,3,2,21,JOINT,264.2445997181986,integer optimal solution,0.05691720000004352
0.5,15,3,2,21,GW-ONLY,264.2445997181986,integer optimal solution,0.0829959999998664
0.5,15,3,2,21,OD-ONLY,273.4299732355598,integer optimal solution,0.004313599999932194
0.5,15,3,2,21,OD-FIRST,264.2445997181986,pass1=integer optimal solution|pass2=integer optimal solution,0.07348360000014509
0.5,15,3,2,21,GW-FIRST,264.2445997181985,pass1=integer optimal solution|pass2=integer optimal solution,0.11583760000007715
0.5,15,3,2,22,JOINT,252.17614959916995,integer optimal solution,0.08095590000016273
0.5,15,3,2,22,GW-ONLY,252.17614959916995,integer optimal solution,0.06703800000013871
0.5,15,3,2,22,OD-ONLY,252.17614959916997,integer optimal solution,0.0028124999998908606
0.5,15,3,2,22,OD-FIRST,252.17614959916995,pass1=integer optimal solution|pass2=integer optimal solution,0.0748964999997952
0.5,15,3,2,22,GW-FIRST,252.17614959916997,pass1=integer optimal solution|pass2=integer optimal solution,0.115604299999859
0.5,15,3,2,23,JOINT,246.85706129314843,integer optimal solution,0.08892679999985376
0.5,15,3,2,23,GW-ONLY,246.85706129314843,integer optimal solution,0.08599389999994855
0.5,15,3,2,23,OD-ONLY,246.8570612931484,integer optimal solution,0.004827899999781948
0.5,15,3,2,23,OD-FIRST,246.85706129314843,pass1=integer optimal solution|pass2=integer optimal solution,0.08827180000002954
0.5,15,3,2,23,GW-FIRST,246.8570612931484,pass1=integer optimal solution|pass2=integer optimal solution,0.14237619999994422
0.5,15,3,2,24,JOINT,276.38789411349836,integer optimal solution,0.07890909999991891
0.5,15,3,2,24,GW-ONLY,276.38789411349836,integer optimal solution,0.08186320000004343
0.5,15,3,2,24,OD-ONLY,276.38789411349836,integer optimal solution,0.005665199999839388
0.5,15,3,2,24,OD-FIRST,276.38789411349836,pass1=integer optimal solution|pass2=integer optimal solution,0.07938860000012937
0.5,15,3,2,24,GW-FIRST,276.38789411349836,pass1=integer optimal solution|pass2=integer optimal solution,0.11205470000004425
0.5,15,2,3,0,JOINT,259.1597160934539,integer optimal solution,0.06525570000007974
0.5,15,2,3,0,GW-ONLY,259.1597160934539,integer optimal solution,0.05714809999994941
0.5,15,2,3,0,OD-ONLY,259.15971609345394,integer optimal solution,0.0031779000000824453
0.5,15,2,3,0,OD-FIRST,259.1597160934539,pass1=integer optimal solution|pass2=integer optimal solution,0.060586800000010044
0.5,15,2,3,0,GW-FIRST,259.15971609345394,pass1=integer optimal solution|pass2=integer optimal solution,0.08580140000003667
0.5,15,2,3,1,JOINT,267.374386079521,integer optimal solution,0.05225499999983185
0.5,15,2,3,1,GW-ONLY,267.374386079521,integer optimal solution,0.058170900000050096
0.5,15,2,3,1,OD-ONLY,269.5124852747512,integer optimal solution,0.002814299999954528
0.5,15,2,3,1,OD-FIRST,267.374386079521,pass1=integer optimal solution|pass2=integer optimal solution,0.04870400000004338
0.5,15,2,3,1,GW-FIRST,267.374386079521,pass1=integer optimal solution|pass2=integer optimal solution,0.07332079999991947
0.5,15,2,3,2,JOINT,250.66484857935217,integer optimal solution,0.05747760000008384
0.5,15,2,3,2,GW-ONLY,250.6874113990018,integer optimal solution,0.058725500000036845
0.5,15,2,3,2,OD-ONLY,250.66484857935217,integer optimal solution,0.002515799999855517
0.5,15,2,3,2,OD-FIRST,250.66484857935217,pass1=integer optimal solution|pass2=integer optimal solution,0.06733710000003157
0.5,15,2,3,2,GW-FIRST,250.66484857935217,pass1=integer optimal solution|pass2=integer optimal solution,0.07089760000008027
0.5,15,2,3,3,JOINT,268.4273151053067,integer optimal solution,0.04507899999998699
0.5,15,2,3,3,GW-ONLY,268.4273151053067,integer optimal solution,0.05194850000020779
0.5,15,2,3,3,OD-ONLY,268.4273151053067,integer optimal solution,0.002923699999882956
0.5,15,2,3,3,OD-FIRST,268.4273151053067,pass1=integer optimal solution|pass2=integer optimal solution,0.05914100000018152
0.5,15,2,3,3,GW-FIRST,268.4273151053067,pass1=integer optimal solution|pass2=integer optimal solution,0.07334199999991142
0.5,15,2,3,4,JOINT,272.4689417350144,integer optimal solution,0.04876790000002984
0.5,15,2,3,4,GW-ONLY,272.4689417350144,integer optimal solution,0.05160559999990255
0.5,15,2,3,4,OD-ONLY,273.3546306091008,integer optimal solution,0.004411899999922753
0.5,15,2,3,4,OD-FIRST,272.4689417350144,pass1=integer optimal solution|pass2=integer optimal solution,0.05826530000013008
0.5,15,2,3,4,GW-FIRST,272.4689417350145,pass1=integer optimal solution|pass2=integer optimal solution,0.07288510000012138
0.5,15,2,3,5,JOINT,249.21092435912993,integer optimal solution,0.07423449999987497
0.5,15,2,3,5,GW-ONLY,249.21092435912993,integer optimal solution,0.0756956000000173
0.5,15,2,3,5,OD-ONLY,249.21092435912996,integer optimal solution,0.006528399999979229
0.5,15,2,3,5,OD-FIRST,249.21092435912993,pass1=integer optimal solution|pass2=integer optimal solution,0.06987979999985328
0.5,15,2,3,5,GW-FIRST,249.21092435912996,pass1=integer optimal solution|pass2=integer optimal solution,0.07895359999997709
0.5,15,2,3,6,JOINT,273.0174714265743,integer optimal solution,0.05617219999999179
0.5,15,2,3,6,GW-ONLY,273.0174714265742,integer optimal solution,0.06043780000004517
0.5,15,2,3,6,OD-ONLY,273.0174714265743,integer optimal solution,0.003403299999945375
0.5,15,2,3,6,OD-FIRST,273.0174714265742,pass1=integer optimal solution|pass2=integer optimal solution,0.06406470000001718
0.5,15,2,3,6,GW-FIRST,273.0174714265743,pass1=integer optimal solution|pass2=integer optimal solution,0.0724964999999429
0.5,15,2,3,7,JOINT,292.55780345968265,integer optimal solution,0.057927400000153284
0.5,15,2,3,7,GW-ONLY,292.55780345968265,integer optimal solution,0.048030400000016016
0.5,15,2,3,7,OD-ONLY,293.5081669812024,integer optimal solution,0.003493200000093566
0.5,15,2,3,7,OD-FIRST,293.5081669812024,pass1=integer optimal solution|pass2=integer optimal solution,0.06675790000008419
0.5,15,2,3,7,GW-FIRST,292.55780345968265,pass1=integer optimal solution|pass2=integer optimal solution,0.06952000000001135
0.5,15,2,3,8,JOINT,286.1260133391724,integer optimal solution,0.05851099999995313
0.5,15,2,3,8,GW-ONLY,286.1260133391724,integer optimal solution,0.044074299999920186
0.5,15,2,3,8,OD-ONLY,286.1260133391724,integer optimal solution,0.0024953999998160725
0.5,15,2,3,8,OD-FIRST,286.1260133391724,pass1=integer optimal solution|pass2=integer optimal solution,0.056005200000072364
0.5,15,2,3,8,GW-FIRST,286.1260133391724,pass1=integer optimal solution|pass2=integer optimal solution,0.08435980000012933
0.5,15,2,3,9,JOINT,300.0228383128353,integer optimal solution,0.04613330000006499
0.5,15,2,3,9,GW-ONLY,300.0228383128353,integer optimal solution,0.06127740000010817
0.5,15,2,3,9,OD-ONLY,301.8534592493122,integer optimal solution,0.003439599999865095
0.5,15,2,3,9,OD-FIRST,300.0228383128353,pass1=integer optimal solution|pass2=integer optimal solution,0.06519249999996646
0.5,15,2,3,9,GW-FIRST,300.02283831283535,pass1=integer optimal solution|pass2=integer optimal solution,0.07295279999993909
0.5,15,2,3,10,JOINT,218.98058742621743,integer optimal solution,0.04824940000003153
0.5,15,2,3,10,GW-ONLY,221.87732896531392,integer optimal solution,0.051649199999928896
0.5,15,2,3,10,OD-ONLY,222.43923855844858,integer optimal solution,0.007850299999972776
0.5,15,2,3,10,OD-FIRST,218.98058742621743,pass1=integer optimal solution|pass2=integer optimal solution,0.05357419999995727
0.5,15,2,3,10,GW-FIRST,218.98058742621745,pass1=integer optimal solution|pass2=integer optimal solution,0.06344120000017028
0.5,15,2,3,11,JOINT,280.74954338176246,integer optimal solution,0.054118000000016764
0.5,15,2,3,11,GW-ONLY,280.74954338176246,integer optimal solution,0.057451500000070155
0.5,15,2,3,11,OD-ONLY,280.7495433817624,integer optimal solution,0.006225100000165185
0.5,15,2,3,11,OD-FIRST,280.74954338176246,pass1=integer optimal solution|pass2=integer optimal solution,0.05536489999985861
0.5,15,2,3,11,GW-FIRST,280.7495433817624,pass1=integer optimal solution|pass2=integer optimal solution,0.0885489999998299
0.5,15,2,3,12,JOINT,254.9305442011974,integer optimal solution,0.06431330000009439
0.5,15,2,3,12,GW-ONLY,267.67244566416423,integer optimal solution,0.06762190000017654
0.5,15,2,3,12,OD-ONLY,254.9305442011974,integer optimal solution,0.0035548999999264197
0.5,15,2,3,12,OD-FIRST,254.93054420119742,pass1=integer optimal solution|pass2=integer optimal solution,0.07386509999992086
0.5,15,2,3,12,GW-FIRST,267.6724456641643,pass1=integer optimal solution|pass2=integer optimal solution,0.08886749999987842
0.5,15,2,3,13,JOINT,250.97014712357498,integer optimal solution,0.046367800000098214
0.5,15,2,3,13,GW-ONLY,251.94347071615925,integer optimal solution,0.05440900000007787
0.5,15,2,3,13,OD-ONLY,250.97014712357498,integer optimal solution,0.003164599999990969
0.5,15,2,3,13,OD-FIRST,250.97014712357498,pass1=integer optimal solution|pass2=integer optimal solution,0.06287510000015573
0.5,15,2,3,13,GW-FIRST,250.97014712357498,pass1=integer optimal solution|pass2=integer optimal solution,0.06944339999995464
0.5,15,2,3,14,JOINT,206.6966226568517,integer optimal solution,0.06718729999988682
0.5,15,2,3,14,GW-ONLY,211.23533090178478,integer optimal solution,0.04762520000008408
0.5,15,2,3,14,OD-ONLY,206.69662265685173,integer optimal solution,0.0060789999999997235
0.5,15,2,3,14,OD-FIRST,206.69662265685173,pass1=integer optimal solution|pass2=integer optimal solution,0.08443619999980001
0.5,15,2,3,14,GW-FIRST,206.69662265685173,pass1=integer optimal solution|pass2=integer optimal solution,0.06954769999993005
0.5,15,2,3,15,JOINT,225.35303851455015,integer optimal solution,0.037984499999993204
0.5,15,2,3,15,GW-ONLY,225.35303851455012,integer optimal solution,0.06923970000002555
0.5,15,2,3,15,OD-ONLY,225.35303851455012,integer optimal solution,0.005194800000026589
0.5,15,2,3,15,OD-FIRST,225.35303851455012,pass1=integer optimal solution|pass2=integer optimal solution,0.05201810000016849
0.5,15,2,3,15,GW-FIRST,225.35303851455012,pass1=integer optimal solution|pass2=integer optimal solution,0.06488599999988764
0.5,15,2,3,16,JOINT,260.5726202779081,integer optimal solution,0.04431339999996453
0.5,15,2,3,16,GW-ONLY,260.5726202779081,integer optimal solution,0.04033619999995608
0.5,15,2,3,16,OD-ONLY,260.5726202779081,integer optimal solution,0.003901100000121005
0.5,15,2,3,16,OD-FIRST,260.5726202779081,pass1=integer optimal solution|pass2=integer optimal solution,0.05393000000003667
0.5,15,2,3,16,GW-FIRST,260.5726202779081,pass1=integer optimal solution|pass2=integer optimal solution,0.06790960000012092
0.5,15,2,3,17,JOINT,260.5321356239181,integer optimal solution,0.059703700000000026
0.5,15,2,3,17,GW-ONLY,260.5321356239181,integer optimal solution,0.05043129999990015
0.5,15,2,3,17,OD-ONLY,260.53213562391807,integer optimal solution,0.0032049999999799184
0.5,15,2,3,17,OD-FIRST,260.5321356239181,pass1=integer optimal solution|pass2=integer optimal solution,0.05531719999999041
0.5,15,2,3,17,GW-FIRST,260.53213562391807,pass1=integer optimal solution|pass2=integer optimal solution,0.07808799999997973
0.5,15,2,3,18,JOINT,276.9024961726186,integer optimal solution,0.05582049999998162
0.5,15,2,3,18,GW-ONLY,276.9024961726186,integer optimal solution,0.05986980000011499
0.5,15,2,3,18,OD-ONLY,276.9024961726186,integer optimal solution,0.00672090000011849
0.5,15,2,3,18,OD-FIRST,276.9024961726186,pass1=integer optimal solution|pass2=integer optimal solution,0.06454329999996844
0.5,15,2,3,18,GW-FIRST,276.9024961726186,pass1=integer optimal solution|pass2=integer optimal solution,0.08237689999987197
0.5,15,2,3,19,JOINT,252.0216405369072,integer optimal solution,0.06116739999993115
0.5,15,2,3,19,GW-ONLY,256.7366735807948,integer optimal solution,0.052950699999883
0.5,15,2,3,19,OD-ONLY,252.02164053690717,integer optimal solution,0.0040638999998918734
0.5,15,2,3,19,OD-FIRST,252.02164053690717,pass1=integer optimal solution|pass2=integer optimal solution,0.05221350000010716
0.5,15,2,3,19,GW-FIRST,252.02164053690717,pass1=integer optimal solution|pass2=integer optimal solution,0.08076819999996587
0.5,15,2,3,20,JOINT,270.5985813095252,integer optimal solution,0.05103329999997186
0.5,15,2,3,20,GW-ONLY,270.5985813095252,integer optimal solution,0.04930540000009387
0.5,15,2,3,20,OD-ONLY,270.5985813095252,integer optimal solution,0.0032967999998163577
0.5,15,2,3,20,OD-FIRST,270.5985813095252,pass1=integer optimal solution|pass2=integer optimal solution,0.059585199999901306
0.5,15,2,3,20,GW-FIRST,270.5985813095252,pass1=integer optimal solution|pass2=integer optimal solution,0.07064040000000205
0.5,15,2,3,21,JOINT,253.7875318921129,integer optimal solution,0.05263809999996738
0.5,15,2,3,21,GW-ONLY,253.7875318921129,integer optimal solution,0.036138899999969
0.5,15,2,3,21,OD-ONLY,253.78753189211292,integer optimal solution,0.0018752999999378517
0.5,15,2,3,21,OD-FIRST,253.7875318921129,pass1=integer optimal solution|pass2=integer optimal solution,0.0427766000000247
0.5,15,2,3,21,GW-FIRST,253.78753189211292,pass1=integer optimal solution|pass2=integer optimal solution,0.07858269999996992
0.5,15,2,3,22,JOINT,253.52195970354927,integer optimal solution,0.04482430000007298
0.5,15,2,3,22,GW-ONLY,253.52195970354927,integer optimal solution,0.05955930000004628
0.5,15,2,3,22,OD-ONLY,268.0018055297647,integer optimal solution,0.002113900000040303
0.5,15,2,3,22,OD-FIRST,253.52195970354927,pass1=integer optimal solution|pass2=integer optimal solution,0.045392799999945055
0.5,15,2,3,22,GW-FIRST,253.52195970354927,pass1=integer optimal solution|pass2=integer optimal solution,0.06995310000002064
0.5,15,2,3,23,JOINT,265.6862938048308,integer optimal solution,0.06736590000014075
0.5,15,2,3,23,GW-ONLY,265.6862938048308,integer optimal solution,0.0514379999999619
0.5,15,2,3,23,OD-ONLY,265.6862938048308,integer optimal solution,0.0026072999999087187
0.5,15,2,3,23,OD-FIRST,265.6862938048308,pass1=integer optimal solution|pass2=integer optimal solution,0.04782040000009147
0.5,15,2,3,23,GW-FIRST,265.6862938048308,pass1=integer optimal solution|pass2=integer optimal solution,0.06812540000009903
0.5,15,2,3,24,JOINT,254.578893104512,integer optimal solution,0.05024439999988317
0.5,15,2,3,24,GW-ONLY,254.578893104512,integer optimal solution,0.05326239999999416
0.5,15,2,3,24,OD-ONLY,254.578893104512,integer optimal solution,0.003053899999940768
0.5,15,2,3,24,OD-FIRST,254.578893104512,pass1=integer optimal solution|pass2=integer optimal solution,0.054332299999941824
0.5,15,2,3,24,GW-FIRST,254.578893104512,pass1=integer optimal solution|pass2=integer optimal solution,0.07561449999980141
0.5,15,3,3,0,JOINT,266.9642462992616,integer optimal solution,0.07248290000006818
0.5,15,3,3,0,GW-ONLY,266.9642462992616,integer optimal solution,0.06924939999998969
0.5,15,3,3,0,OD-ONLY,266.9642462992616,integer optimal solution,0.0037165000001095905
0.5,15,3,3,0,OD-FIRST,266.9642462992616,pass1=integer optimal solution|pass2=integer optimal solution,0.07012359999998807
0.5,15,3,3,0,GW-FIRST,266.9642462992616,pass1=integer optimal solution|pass2=integer optimal solution,0.10112469999990026
0.5,15,3,3,1,JOINT,249.7989043865649,integer optimal solution,0.08272540000007211
0.5,15,3,3,1,GW-ONLY,249.7989043865649,integer optimal solution,0.08536009999988892
0.5,15,3,3,1,OD-ONLY,249.7989043865649,integer optimal solution,0.004228000000011889
0.5,15,3,3,1,OD-FIRST,249.7989043865649,pass1=integer optimal solution|pass2=integer optimal solution,0.078420000000051
0.5,15,3,3,1,GW-FIRST,249.7989043865649,pass1=integer optimal solution|pass2=integer optimal solution,0.14229410000007192
0.5,15,3,3,2,JOINT,238.7988076712835,integer optimal solution,0.0740193999999974
0.5,15,3,3,2,GW-ONLY,238.7988076712835,integer optimal solution,0.06374410000012176
0.5,15,3,3,2,OD-ONLY,238.79880767128347,integer optimal solution,0.007807200000115699
0.5,15,3,3,2,OD-FIRST,238.7988076712835,pass1=integer optimal solution|pass2=integer optimal solution,0.08071539999991728
0.5,15,3,3,2,GW-FIRST,238.79880767128347,pass1=integer optimal solution|pass2=integer optimal solution,0.10443949999989854
0.5,15,3,3,3,JOINT,246.71850165748324,integer optimal solution,0.06302630000004683
0.5,15,3,3,3,GW-ONLY,246.71850165748324,integer optimal solution,0.07544339999981275
0.5,15,3,3,3,OD-ONLY,248.21503100847374,integer optimal solution,0.004458999999997104
0.5,15,3,3,3,OD-FIRST,246.71850165748324,pass1=integer optimal solution|pass2=integer optimal solution,0.07852390000016385
0.5,15,3,3,3,GW-FIRST,246.71850165748322,pass1=integer optimal solution|pass2=integer optimal solution,0.11979580000001988
0.5,15,3,3,4,JOINT,234.97326955852583,integer optimal solution,0.07510449999995217
0.5,15,3,3,4,GW-ONLY,234.97326955852583,integer optimal solution,0.05983549999996285
0.5,15,3,3,4,OD-ONLY,234.97326955852577,integer optimal solution,0.003706199999896853
0.5,15,3,3,4,OD-FIRST,234.97326955852583,pass1=integer optimal solution|pass2=integer optimal solution,0.07562999999981912
0.5,15,3,3,4,GW-FIRST,234.97326955852577,pass1=integer optimal solution|pass2=integer optimal solution,0.09033740000018042
0.5,15,3,3,5,JOINT,270.70969404198684,integer optimal solution,0.0897296999999071
0.5,15,3,3,5,GW-ONLY,270.70969404198684,integer optimal solution,0.07414760000006027
0.5,15,3,3,5,OD-ONLY,270.70969404198684,integer optimal solution,0.006004099999927348
0.5,15,3,3,5,OD-FIRST,270.70969404198684,pass1=integer optimal solution|pass2=integer optimal solution,0.08035040000004301
0.5,15,3,3,5,GW-FIRST,270.70969404198684,pass1=integer optimal solution|pass2=integer optimal solution,0.09949369999981172
0.5,15,3,3,6,JOINT,286.33021784696086,integer optimal solution,0.10346799999979339
0.5,15,3,3,6,GW-ONLY,286.33021784696086,integer optimal solution,0.1064117000000806
0.5,15,3,3,6,OD-ONLY,286.3302178469608,integer optimal solution,0.00870800000006966
0.5,15,3,3,6,OD-FIRST,286.33021784696086,pass1=integer optimal solution|pass2=integer optimal solution,0.09652330000017173
0.5,15,3,3,6,GW-FIRST,286.3302178469608,pass1=integer optimal solution|pass2=integer optimal solution,0.15317819999995663
0.5,15,3,3,7,JOINT,281.6055021291675,integer optimal solution,0.07828509999990274
0.5,15,3,3,7,GW-ONLY,281.6055021291675,integer optimal solution,0.08315530000004401
0.5,15,3,3,7,OD-ONLY,281.6055021291675,integer optimal solution,0.005251399999906425
0.5,15,3,3,7,OD-FIRST,281.6055021291675,pass1=integer optimal solution|pass2=integer optimal solution,0.10224170000014965
0.5,15,3,3,7,GW-FIRST,281.6055021291675,pass1=integer optimal solution|pass2=integer optimal solution,0.12839819999999236
0.5,15,3,3,8,JOINT,255.28962024045904,integer optimal solution,0.07882410000001983
0.5,15,3,3,8,GW-ONLY,255.28962024045904,integer optimal solution,0.06304969999996501
0.5,15,3,3,8,OD-ONLY,255.289620240459,integer optimal solution,0.0040582999999969616
0.5,15,3,3,8,OD-FIRST,255.28962024045904,pass1=integer optimal solution|pass2=integer optimal solution,0.08949150000012196
0.5,15,3,3,8,GW-FIRST,255.289620240459,pass1=integer optimal solution|pass2=integer optimal solution,0.12518840000007003
0.5,15,3,3,9,JOINT,268.44698601406674,integer optimal solution,0.07896469999991496
0.5,15,3,3,9,GW-ONLY,268.44698601406674,integer optimal solution,0.06928399999992507
0.5,15,3,3,9,OD-ONLY,268.44698601406674,integer optimal solution,0.004162799999903655
0.5,15,3,3,9,OD-FIRST,268.44698601406674,pass1=integer optimal solution|pass2=integer optimal solution,0.08451500000001033
0.5,15,3,3,9,GW-FIRST,268.44698601406674,pass1=integer optimal solution|pass2=integer optimal solution,0.09720979999997326
0.5,15,3,3,10,JOINT,258.65841287666535,integer optimal solution,0.06870800000001509
0.5,15,3,3,10,GW-ONLY,258.65841287666535,integer optimal solution,0.052902099999982966
0.5,15,3,3,10,OD-ONLY,261.12149302552723,integer optimal solution,0.0031749999998282874
0.5,15,3,3,10,OD-FIRST,258.65841287666535,pass1=integer optimal solution|pass2=integer optimal solution,0.07118199999990793
0.5,15,3,3,10,GW-FIRST,258.65841287666535,pass1=integer optimal solution|pass2=integer optimal solution,0.09921359999998458
0.5,15,3,3,11,JOINT,260.8285946195292,integer optimal solution,0.07978789999992841
0.5,15,3,3,11,GW-ONLY,263.3636882013164,integer optimal solution,0.06959420000021055
0.5,15,3,3,11,OD-ONLY,260.8285946195292,integer optimal solution,0.009034899999960544
0.5,15,3,3,11,OD-FIRST,260.8285946195292,pass1=integer optimal solution|pass2=integer optimal solution,0.07865560000004734
0.5,15,3,3,11,GW-FIRST,263.36368820131645,pass1=integer optimal solution|pass2=integer optimal solution,0.0973261999999977
0.5,15,3,3,12,JOINT,286.57084955446084,integer optimal solution,0.06726509999998598
0.5,15,3,3,12,GW-ONLY,286.57084955446084,integer optimal solution,0.07168419999993603
0.5,15,3,3,12,OD-ONLY,289.60349151787767,integer optimal solution,0.004857199999833028
0.5,15,3,3,12,OD-FIRST,286.57084955446084,pass1=integer optimal solution|pass2=integer optimal solution,0.07641630000011901
0.5,15,3,3,12,GW-FIRST,286.57084955446084,pass1=integer optimal solution|pass2=integer optimal solution,0.10087270000008175
0.5,15,3,3,13,JOINT,281.6549468086444,integer optimal solution,0.07667259999993803
0.5,15,3,3,13,GW-ONLY,282.9964736297765,integer optimal solution,0.06644639999990432
0.5,15,3,3,13,OD-ONLY,282.3594936917566,integer optimal solution,0.00317470000004505
0.5,15,3,3,13,OD-FIRST,281.6549468086444,pass1=integer optimal solution|pass2=integer optimal solution,0.04804910000007112
0.5,15,3,3,13,GW-FIRST,282.99647362977646,pass1=integer optimal solution|pass2=integer optimal solution,0.08150030000001607
0.5,15,3,3,14,JOINT,292.1784434433761,integer optimal solution,0.07603479999988849
0.5,15,3,3,14,GW-ONLY,292.1784434433761,integer optimal solution,0.0654679000001579
0.5,15,3,3,14,OD-ONLY,292.1784434433761,integer optimal solution,0.005736800000022413
0.5,15,3,3,14,OD-FIRST,292.1784434433761,pass1=integer optimal solution|pass2=integer optimal solution,0.09237680000001092
0.5,15,3,3,14,GW-FIRST,292.1784434433761,pass1=integer optimal solution|pass2=integer optimal solution,0.1112609000001612
0.5,15,3,3,15,JOINT,263.66438255219447,integer optimal solution,0.10168690000000424
0.5,15,3,3,15,GW-ONLY,263.66438255219447,integer optimal solution,0.10456179999982851
0.5,15,3,3,15,OD-ONLY,263.66438255219447,integer optimal solution,0.005468300000075033
0.5,15,3,3,15,OD-FIRST,263.66438255219447,pass1=integer optimal solution|pass2=integer optimal solution,0.10736510000015187
0.5,15,3,3,15,GW-FIRST,263.66438255219447,pass1=integer optimal solution|pass2=integer optimal solution,0.15207910000003722
0.5,15,3,3,16,JOINT,265.79700655901314,integer optimal solution,0.09981470000002446
0.5,15,3,3,16,GW-ONLY,265.79700655901314,integer optimal solution,0.09069509999994807
0.5,15,3,3,16,OD-ONLY,265.7970065590131,integer optimal solution,0.0042063999999299995
0.5,15,3,3,16,OD-FIRST,265.79700655901314,pass1=integer optimal solution|pass2=integer optimal solution,0.06479659999990872
0.5,15,3,3,16,GW-FIRST,265.7970065590131,pass1=integer optimal solution|pass2=integer optimal solution,0.13313799999991716
0.5,15,3,3,17,JOINT,248.26797588380444,integer optimal solution,0.06535520000011275
0.5,15,3,3,17,GW-ONLY,252.23790895570647,integer optimal solution,0.08248800000001211
0.5,15,3,3,17,OD-ONLY,249.75948618391755,integer optimal solution,0.0025656999998773244
0.5,15,3,3,17,OD-FIRST,248.26797588380447,pass1=integer optimal solution|pass2=integer optimal solution,0.06791229999998905
0.5,15,3,3,17,GW-FIRST,248.26797588380447,pass1=integer optimal solution|pass2=integer optimal solution,0.10253209999996216
0.5,15,3,3,18,JOINT,258.34245279336443,integer optimal solution,0.06561600000009093
0.5,15,3,3,18,GW-ONLY,258.34245279336443,integer optimal solution,0.05404839999982869
0.5,15,3,3,18,OD-ONLY,258.34245279336443,integer optimal solution,0.003427399999964109
0.5,15,3,3,18,OD-FIRST,258.34245279336443,pass1=integer optimal solution|pass2=integer optimal solution,0.0510117999999693
0.5,15,3,3,18,GW-FIRST,258.34245279336443,pass1=integer optimal solution|pass2=integer optimal solution,0.0795832999999675
0.5,15,3,3,19,JOINT,239.73736757485875,integer optimal solution,0.06541949999996177
0.5,15,3,3,19,GW-ONLY,241.7547048794078,integer optimal solution,0.07272750000015549
0.5,15,3,3,19,OD-ONLY,240.23845198671637,integer optimal solution,0.004101499999933367
0.5,15,3,3,19,OD-FIRST,239.73736757485875,pass1=integer optimal solution|pass2=integer optimal solution,0.0638582999999926
0.5,15,3,3,19,GW-FIRST,239.73736757485875,pass1=integer optimal solution|pass2=integer optimal solution,0.09696039999994355
0.5,15,3,3,20,JOINT,290.36099013196457,integer optimal solution,0.08382399999982226
0.5,15,3,3,20,GW-ONLY,290.36099013196457,integer optimal solution,0.07654939999997623
0.5,15,3,3,20,OD-ONLY,290.36099013196457,integer optimal solution,0.003299299999980576
0.5,15,3,3,20,OD-FIRST,290.36099013196457,pass1=integer optimal solution|pass2=integer optimal solution,0.08803340000008575
0.5,15,3,3,20,GW-FIRST,290.36099013196457,pass1=integer optimal solution|pass2=integer optimal solution,0.12879999999995562
0.5,15,3,3,21,JOINT,257.1750359996784,integer optimal solution,0.07604199999991579
0.5,15,3,3,21,GW-ONLY,257.1750359996784,integer optimal solution,0.06880489999980455
0.5,15,3,3,21,OD-ONLY,260.19184241912376,integer optimal solution,0.0053778999999849475
0.5,15,3,3,21,OD-FIRST,257.1750359996784,pass1=integer optimal solution|pass2=integer optimal solution,0.07669349999991937
0.5,15,3,3,21,GW-FIRST,257.17503599967836,pass1=integer optimal solution|pass2=integer optimal solution,0.07587570000009691
0.5,15,3,3,22,JOINT,248.5293614847144,integer optimal solution,0.06244399999991401
0.5,15,3,3,22,GW-ONLY,248.5293614847144,integer optimal solution,0.07038099999999758
0.5,15,3,3,22,OD-ONLY,255.82376925154426,integer optimal solution,0.002556000000140557
0.5,15,3,3,22,OD-FIRST,248.5293614847144,pass1=integer optimal solution|pass2=integer optimal solution,0.06795200000010482
0.5,15,3,3,22,GW-FIRST,248.5293614847144,pass1=integer optimal solution|pass2=integer optimal solution,0.08614990000000944
0.5,15,3,3,23,JOINT,215.58851667346846,integer optimal solution,0.058340099999895756
0.5,15,3,3,23,GW-ONLY,227.62984300406944,integer optimal solution,0.06252920000019913
0.5,15,3,3,23,OD-ONLY,215.58851667346846,integer optimal solution,0.003845400000045629
0.5,15,3,3,23,OD-FIRST,215.5885166734685,pass1=integer optimal solution|pass2=integer optimal solution,0.06355919999987236
0.5,15,3,3,23,GW-FIRST,227.62984300406947,pass1=integer optimal solution|pass2=integer optimal solution,0.10437069999989035
0.5,15,3,3,24,JOINT,276.8306429869441,integer optimal solution,0.06598300000018753
0.5,15,3,3,24,GW-ONLY,281.16739385853964,integer optimal solution,0.06365259999984119
0.5,15,3,3,24,OD-ONLY,276.8306429869441,integer optimal solution,0.00404090000006363
0.5,15,3,3,24,OD-FIRST,276.8306429869441,pass1=integer optimal solution|pass2=integer optimal solution,0.05278870000006464
0.5,15,3,3,24,GW-FIRST,281.1673938585397,pass1=integer optimal solution|pass2=integer optimal solution,0.08377219999988483
0.5,20,2,2,0,JOINT,419.88611121975396,integer optimal solution,0.10806320000006053
0.5,20,2,2,0,GW-ONLY,419.88611121975396,integer optimal solution,0.10217209999996157
0.5,20,2,2,0,OD-ONLY,419.886111219754,integer optimal solution,0.007614800000055766
0.5,20,2,2,0,OD-FIRST,419.88611121975396,pass1=integer optimal solution|pass2=integer optimal solution,0.10561880000000201
0.5,20,2,2,0,GW-FIRST,419.88611121975396,pass1=integer optimal solution|pass2=integer optimal solution,0.17770330000007561
0.5,20,2,2,1,JOINT,351.9511713839535,integer optimal solution,0.11576369999988856
0.5,20,2,2,1,GW-ONLY,351.9511713839535,integer optimal solution,0.12097419999986414
0.5,20,2,2,1,OD-ONLY,355.6833117081806,integer optimal solution,0.0048760999998194166
0.5,20,2,2,1,OD-FIRST,351.9511713839536,pass1=integer optimal solution|pass2=integer optimal solution,0.12466240000003381
0.5,20,2,2,1,GW-FIRST,351.95117138395347,pass1=integer optimal solution|pass2=integer optimal solution,0.16312470000002577
0.5,20,2,2,2,JOINT,341.5622426596036,integer optimal solution,0.09795580000013615
0.5,20,2,2,2,GW-ONLY,341.5622426596036,integer optimal solution,0.12730469999996785
0.5,20,2,2,2,OD-ONLY,341.56224265960356,integer optimal solution,0.0047405000000253494
0.5,20,2,2,2,OD-FIRST,341.56224265960356,pass1=integer optimal solution|pass2=integer optimal solution,0.14416660000006232
0.5,20,2,2,2,GW-FIRST,341.5622426596035,pass1=integer optimal solution|pass2=integer optimal solution,0.14907719999996516
0.5,20,2,2,3,JOINT,348.94671096878,integer optimal solution,0.09588559999997415
0.5,20,2,2,3,GW-ONLY,348.94671096878,integer optimal solution,0.10585800000012568
0.5,20,2,2,3,OD-ONLY,348.9467109687799,integer optimal solution,0.005100999999967826
0.5,20,2,2,3,OD-FIRST,348.94671096877994,pass1=integer optimal solution|pass2=integer optimal solution,0.1267941000000974
0.5,20,2,2,3,GW-FIRST,348.94671096878,pass1=integer optimal solution|pass2=integer optimal solution,0.14376849999985097
0.5,20,2,2,4,JOINT,354.0433485789923,integer optimal solution,0.1127200000000812
0.5,20,2,2,4,GW-ONLY,354.0433485789923,integer optimal solution,0.11474650000013753
0.5,20,2,2,4,OD-ONLY,368.80225444200994,integer optimal solution,0.006149499999992258
0.5,20,2,2,4,OD-FIRST,354.04334857899227,pass1=integer optimal solution|pass2=integer optimal solution,0.12639100000001235
0.5,20,2,2,4,GW-FIRST,354.0433485789923,pass1=integer optimal solution|pass2=integer optimal solution,0.15920619999997143
0.5,20,2,2,5,JOINT,343.86431769988985,integer optimal solution,0.12108029999990322
0.5,20,2,2,5,GW-ONLY,343.86431769988985,integer optimal solution,0.10994810000011057
0.5,20,2,2,5,OD-ONLY,343.8643176998899,integer optimal solution,0.007205099999964659
0.5,20,2,2,5,OD-FIRST,343.8643176998899,pass1=integer optimal solution|pass2=integer optimal solution,0.1399883999999929
0.5,20,2,2,5,GW-FIRST,343.8643176998899,pass1=integer optimal solution|pass2=integer optimal solution,0.14963729999999487
0.5,20,2,2,6,JOINT,360.0065262180468,integer optimal solution,0.1207484999999906
0.5,20,2,2,6,GW-ONLY,360.0065262180468,integer optimal solution,0.12405459999990853
0.5,20,2,2,6,OD-ONLY,360.0065262180468,integer optimal solution,0.00594409999985146
0.5,20,2,2,6,OD-FIRST,360.0065262180469,pass1=integer optimal solution|pass2=integer optimal solution,0.13230429999998705
0.5,20,2,2,6,GW-FIRST,360.0065262180469,pass1=integer optimal solution|pass2=integer optimal solution,0.18727119999994102
0.5,20,2,2,7,JOINT,336.1210286439165,integer optimal solution,0.11082650000003014
0.5,20,2,2,7,GW-ONLY,336.1210286439165,integer optimal solution,0.11344920000010461
0.5,20,2,2,7,OD-ONLY,336.1210286439165,integer optimal solution,0.007416599999942264
0.5,20,2,2,7,OD-FIRST,336.1210286439165,pass1=integer optimal solution|pass2=integer optimal solution,0.11287109999989298
0.5,20,2,2,7,GW-FIRST,336.1210286439165,pass1=integer optimal solution|pass2=integer optimal solution,0.16833550000001196
0.5,20,2,2,8,JOINT,321.62406242616925,integer optimal solution,0.12229139999999461
0.5,20,2,2,8,GW-ONLY,321.62406242616925,integer optimal solution,0.11907650000011927
0.5,20,2,2,8,OD-ONLY,323.08126262126,integer optimal solution,0.004005699999879653
0.5,20,2,2,8,OD-FIRST,321.62406242616925,pass1=integer optimal solution|pass2=integer optimal solution,0.10300489999985984
0.5,20,2,2,8,GW-FIRST,321.62406242616925,pass1=integer optimal solution|pass2=integer optimal solution,0.1445451999998113
0.5,20,2,2,9,JOINT,337.2670469640975,integer optimal solution,0.114927200000011
0.5,20,2,2,9,GW-ONLY,337.2670469640975,integer optimal solution,0.1169662000002063
0.5,20,2,2,9,OD-ONLY,352.0011302676441,integer optimal solution,0.004433500000004642
0.5,20,2,2,9,OD-FIRST,337.2670469640975,pass1=integer optimal solution|pass2=integer optimal solution,0.10652110000000903
0.5,20,2,2,9,GW-FIRST,337.2670469640975,pass1=integer optimal solution|pass2=integer optimal solution,0.15468669999995655
0.5,20,2,2,10,JOINT,349.0309281902955,integer optimal solution,0.11700819999987289
0.5,20,2,2,10,GW-ONLY,349.0309281902955,integer optimal solution,0.09669589999998607
0.5,20,2,2,10,OD-ONLY,357.33839397198517,integer optimal solution,0.00515810000001693
0.5,20,2,2,10,OD-FIRST,349.0309281902955,pass1=integer optimal solution|pass2=integer optimal solution,0.10074389999999767
0.5,20,2,2,10,GW-FIRST,349.0309281902955,pass1=integer optimal solution|pass2=integer optimal solution,0.17154069999992316
0.5,20,2,2,11,JOINT,326.23168117427406,integer optimal solution,0.08878320000007989
0.5,20,2,2,11,GW-ONLY,326.23168117427406,integer optimal solution,0.10496100000000297
0.5,20,2,2,11,OD-ONLY,326.23168117427406,integer optimal solution,0.005593299999873125
0.5,20,2,2,11,OD-FIRST,326.231681174274,pass1=integer optimal solution|pass2=integer optimal solution,0.1003969999999299
0.5,20,2,2,11,GW-FIRST,326.231681174274,pass1=integer optimal solution|pass2=integer optimal solution,0.14686729999993986
0.5,20,2,2,12,JOINT,375.8444994160992,integer optimal solution,0.12901110000007066
0.5,20,2,2,12,GW-ONLY,375.8444994160992,integer optimal solution,0.12369999999987158
0.5,20,2,2,12,OD-ONLY,375.8444994160992,integer optimal solution,0.008111500000040905
0.5,20,2,2,12,OD-FIRST,375.8444994160991,pass1=integer optimal solution|pass2=integer optimal solution,0.1400978000001487
0.5,20,2,2,12,GW-FIRST,375.8444994160991,pass1=integer optimal solution|pass2=integer optimal solution,0.19018149999988054
0.5,20,2,2,13,JOINT,335.45446989634604,integer optimal solution,0.10886469999991277
0.5,20,2,2,13,GW-ONLY,335.45446989634604,integer optimal solution,0.1083969999999681
0.5,20,2,2,13,OD-ONLY,335.45446989634604,integer optimal solution,0.0072274000001470995
0.5,20,2,2,13,OD-FIRST,335.45446989634604,pass1=integer optimal solution|pass2=integer optimal solution,0.11801989999980833
0.5,20,2,2,13,GW-FIRST,335.45446989634604,pass1=integer optimal solution|pass2=integer optimal solution,0.15143160000002354
0.5,20,2,2,14,JOINT,326.0938179083499,integer optimal solution,0.10646689999998671
0.5,20,2,2,14,GW-ONLY,326.0938179083499,integer optimal solution,0.1132155000000239
0.5,20,2,2,14,OD-ONLY,326.0938179083499,integer optimal solution,0.008309800000006362
0.5,20,2,2,14,OD-FIRST,326.0938179083499,pass1=integer optimal solution|pass2=integer optimal solution,0.10500090000005002
0.5,20,2,2,14,GW-FIRST,326.0938179083499,pass1=integer optimal solution|pass2=integer optimal solution,0.23321740000005775
0.5,20,2,2,15,JOINT,329.3780710725001,integer optimal solution,0.10952429999997548
0.5,20,2,2,15,GW-ONLY,329.5992031444609,integer optimal solution,0.12749359999997978
0.5,20,2,2,15,OD-ONLY,329.37807107250006,integer optimal solution,0.01030110000010609
0.5,20,2,2,15,OD-FIRST,329.3780710725001,pass1=integer optimal solution|pass2=integer optimal solution,0.1260415000001558
0.5,20,2,2,15,GW-FIRST,329.3780710725001,pass1=integer optimal solution|pass2=integer optimal solution,0.19383259999995062
0.5,20,2,2,16,JOINT,349.03267909610355,integer optimal solution,0.10756309999987934
0.5,20,2,2,16,GW-ONLY,349.03267909610355,integer optimal solution,0.12818029999993996
0.5,20,2,2,16,OD-ONLY,367.08097958247953,integer optimal solution,0.007612699999981487
0.5,20,2,2,16,OD-FIRST,349.0326790961036,pass1=integer optimal solution|pass2=integer optimal solution,0.10399970000003123
0.5,20,2,2,16,GW-FIRST,349.0326790961036,pass1=integer optimal solution|pass2=integer optimal solution,0.16754009999999653
0.5,20,2,2,17,JOINT,356.9132305027365,integer optimal solution,0.09174090000010438
0.5,20,2,2,17,GW-ONLY,356.9132305027365,integer optimal solution,0.10129589999996824
0.5,20,2,2,17,OD-ONLY,359.11996241165065,integer optimal solution,0.009662100000014107
0.5,20,2,2,17,OD-FIRST,356.9132305027365,pass1=integer optimal solution|pass2=integer optimal solution,0.10669000000007145
0.5,20,2,2,17,GW-FIRST,356.9132305027365,pass1=integer optimal solution|pass2=integer optimal solution,0.14825999999993655
0.5,20,2,2,18,JOINT,368.08278015291967,integer optimal solution,0.131098700000166
0.5,20,2,2,18,GW-ONLY,368.08278015291967,integer optimal solution,0.12149939999994785
0.5,20,2,2,18,OD-ONLY,369.3500697821093,integer optimal solution,0.01015319999987696
0.5,20,2,2,18,OD-FIRST,368.08278015291967,pass1=integer optimal solution|pass2=integer optimal solution,0.10896939999997812
0.5,20,2,2,18,GW-FIRST,368.0827801529196,pass1=integer optimal solution|pass2=integer optimal solution,0.19138139999995474
0.5,20,2,2,19,JOINT,327.68662502912076,integer optimal solution,0.09718679999991764
0.5,20,2,2,19,GW-ONLY,327.68662502912076,integer optimal solution,0.10965769999984332
0.5,20,2,2,19,OD-ONLY,327.6866250291208,integer optimal solution,0.008488199999874269
0.5,20,2,2,19,OD-FIRST,327.68662502912076,pass1=integer optimal solution|pass2=integer optimal solution,0.10819369999990158
0.5,20,2,2,19,GW-FIRST,327.68662502912076,pass1=integer optimal solution|pass2=integer optimal solution,0.1545213000001695
0.5,20,2,2,20,JOINT,327.40126505439997,integer optimal solution,0.09174419999999373
0.5,20,2,2,20,GW-ONLY,327.40126505439997,integer optimal solution,0.10084290000008878
0.5,20,2,2,20,OD-ONLY,327.40126505439997,integer optimal solution,0.007707900000013979
0.5,20,2,2,20,OD-FIRST,327.40126505439997,pass1=integer optimal solution|pass2=integer optimal solution,0.10825819999990927
0.5,20,2,2,20,GW-FIRST,327.4012650544,pass1=integer optimal solution|pass2=integer optimal solution,0.12938080000003538
0.5,20,2,2,21,JOINT,351.63105628326286,integer optimal solution,0.13046230000009018
0.5,20,2,2,21,GW-ONLY,351.63105628326286,integer optimal solution,0.11982890000012958
0.5,20,2,2,21,OD-ONLY,351.6310562832628,integer optimal solution,0.005924600000071223
0.5,20,2,2,21,OD-FIRST,351.6310562832628,pass1=integer optimal solution|pass2=integer optimal solution,0.10973770000009608
0.5,20,2,2,21,GW-FIRST,351.63105628326286,pass1=integer optimal solution|pass2=integer optimal solution,0.17962880000004589
0.5,20,2,2,22,JOINT,335.40264952356307,integer optimal solution,0.18189319999987674
0.5,20,2,2,22,GW-ONLY,335.40264952356307,integer optimal solution,0.1680015000001731
0.5,20,2,2,22,OD-ONLY,335.40264952356307,integer optimal solution,0.004674400000112655
0.5,20,2,2,22,OD-FIRST,335.40264952356307,pass1=integer optimal solution|pass2=integer optimal solution,0.17366590000006
0.5,20,2,2,22,GW-FIRST,335.402649523563,pass1=integer optimal solution|pass2=integer optimal solution,0.22868510000012066
0.5,20,2,2,23,JOINT,307.92971264687856,integer optimal solution,0.10362969999982852
0.5,20,2,2,23,GW-ONLY,307.92971264687856,integer optimal solution,0.11316800000008698
0.5,20,2,2,23,OD-ONLY,328.42980614014397,integer optimal solution,0.007522299999891402
0.5,20,2,2,23,OD-FIRST,307.9297126468786,pass1=integer optimal solution|pass2=integer optimal solution,0.14349810000021535
0.5,20,2,2,23,GW-FIRST,307.9297126468786,pass1=integer optimal solution|pass2=integer optimal solution,0.15854699999999866
0.5,20,2,2,24,JOINT,297.19347941017185,integer optimal solution,0.09889399999997295
0.5,20,2,2,24,GW-ONLY,297.19347941017185,integer optimal solution,0.11757069999998748
0.5,20,2,2,24,OD-ONLY,297.19347941017185,integer optimal solution,0.005114399999911257
0.5,20,2,2,24,OD-FIRST,297.1934794101718,pass1=integer optimal solution|pass2=integer optimal solution,0.1454281000001174
0.5,20,2,2,24,GW-FIRST,297.1934794101718,pass1=integer optimal solution|pass2=integer optimal solution,0.16550230000007105
0.5,20,3,2,0,JOINT,360.95149240934177,integer optimal solution,0.18166939999991882
0.5,20,3,2,0,GW-ONLY,360.95149240934165,integer optimal solution,0.15933959999983927
0.5,20,3,2,0,OD-ONLY,361.32765814942775,integer optimal solution,0.005018300000074305
0.5,20,3,2,0,OD-FIRST,361.32765814942775,pass1=integer optimal solution|pass2=integer optimal solution,0.17124669999998332
0.5,20,3,2,0,GW-FIRST,360.95149240934177,pass1=integer optimal solution|pass2=integer optimal solution,0.2791139999999359
0.5,20,3,2,1,JOINT,345.66865228740176,integer optimal solution,0.18128469999987828
0.5,20,3,2,1,GW-ONLY,345.66865228740176,integer optimal solution,0.16675179999992906
0.5,20,3,2,1,OD-ONLY,345.66865228740176,integer optimal solution,0.003708599999981743
0.5,20,3,2,1,OD-FIRST,345.6686522874017,pass1=integer optimal solution|pass2=integer optimal solution,0.18964049999999588
0.5,20,3,2,1,GW-FIRST,345.6686522874017,pass1=integer optimal solution|pass2=integer optimal solution,0.21520750000013322
0.5,20,3,2,2,JOINT,369.049996103785,integer optimal solution,0.16130210000005718
0.5,20,3,2,2,GW-ONLY,369.049996103785,integer optimal solution,0.15683449999983168
0.5,20,3,2,2,OD-ONLY,369.049996103785,integer optimal solution,0.010262499999953434
0.5,20,3,2,2,OD-FIRST,369.049996103785,pass1=integer optimal solution|pass2=integer optimal solution,0.17027009999992515
0.5,20,3,2,2,GW-FIRST,369.049996103785,pass1=integer optimal solution|pass2=integer optimal solution,0.22573060000013356
0.5,20,3,2,3,JOINT,365.78154344346865,integer optimal solution,0.16844709999986662
0.5,20,3,2,3,GW-ONLY,365.78154344346865,integer optimal solution,0.15574150000020381
0.5,20,3,2,3,OD-ONLY,365.7815434434687,integer optimal solution,0.004186899999922389
0.5,20,3,2,3,OD-FIRST,365.7815434434687,pass1=integer optimal solution|pass2=integer optimal solution,0.1602428000001055
0.5,20,3,2,3,GW-FIRST,365.7815434434687,pass1=integer optimal solution|pass2=integer optimal solution,0.24012549999997646
0.5,20,3,2,4,JOINT,316.7189324471473,integer optimal solution,0.15088650000006965
0.5,20,3,2,4,GW-ONLY,321.2349193830969,integer optimal solution,0.13962519999995493
0.5,20,3,2,4,OD-ONLY,316.71893244714727,integer optimal solution,0.009391199999981836
0.5,20,3,2,4,OD-FIRST,316.7189324471474,pass1=integer optimal solution|pass2=integer optimal solution,0.13583760000005896
0.5,20,3,2,4,GW-FIRST,316.7189324471473,pass1=integer optimal solution|pass2=integer optimal solution,0.26012809999997444
0.5,20,3,2,5,JOINT,353.85453636566575,integer optimal solution,0.1979236000001947
0.5,20,3,2,5,GW-ONLY,353.8545363656658,integer optimal solution,0.192228299999897
0.5,20,3,2,5,OD-ONLY,373.60503687986346,integer optimal solution,0.006373700000040117
0.5,20,3,2,5,OD-FIRST,360.0467648117589,pass1=integer optimal solution|pass2=integer optimal solution,0.17252430000007735
0.5,20,3,2,5,GW-FIRST,353.85453636566575,pass1=integer optimal solution|pass2=integer optimal solution,0.2826018999999178
0.5,20,3,2,6,JOINT,356.81232721359,integer optimal solution,0.17228079999995316
0.5,20,3,2,6,GW-ONLY,356.81232721359,integer optimal solution,0.12032479999993484
0.5,20,3,2,6,OD-ONLY,370.03139702278304,integer optimal solution,0.008907299999918905
0.5,20,3,2,6,OD-FIRST,356.81232721359,pass1=integer optimal solution|pass2=integer optimal solution,0.15532130000019606
0.5,20,3,2,6,GW-FIRST,356.81232721359004,pass1=integer optimal solution|pass2=integer optimal solution,0.17247680000014043
0.5,20,3,2,7,JOINT,356.6542025922878,integer optimal solution,0.1459932000000208
0.5,20,3,2,7,GW-ONLY,356.6542025922878,integer optimal solution,0.1764973999997892
0.5,20,3,2,7,OD-ONLY,356.65420259228773,integer optimal solution,0.006977900000038062
0.5,20,3,2,7,OD-FIRST,356.6542025922878,pass1=integer optimal solution|pass2=integer optimal solution,0.1568465999998807
0.5,20,3,2,7,GW-FIRST,356.6542025922878,pass1=integer optimal solution|pass2=integer optimal solution,0.20784490000005462
0.5,20,3,2,8,JOINT,389.4254162608891,integer optimal solution,0.1681401000000733
0.5,20,3,2,8,GW-ONLY,389.4254162608891,integer optimal solution,0.19012709999992694
0.5,20,3,2,8,OD-ONLY,391.02731106253214,integer optimal solution,0.004850999999916894
0.5,20,3,2,8,OD-FIRST,389.42541626088916,pass1=integer optimal solution|pass2=integer optimal solution,0.19312749999994594
0.5,20,3,2,8,GW-FIRST,389.4254162608891,pass1=integer optimal solution|pass2=integer optimal solution,0.28337580000015805
0.5,20,3,2,9,JOINT,321.715053395869,integer optimal solution,0.15065300000014759
0.5,20,3,2,9,GW-ONLY,328.00864784641766,integer optimal solution,0.17000989999996818
0.5,20,3,2,9,OD-ONLY,321.71505339586906,integer optimal solution,0.008693199999925127
0.5,20,3,2,9,OD-FIRST,321.715053395869,pass1=integer optimal solution|pass2=integer optimal solution,0.13754770000014105
0.5,20,3,2,9,GW-FIRST,328.00864784641766,pass1=integer optimal solution|pass2=integer optimal solution,0.26472790000002533
0.5,20,3,2,10,JOINT,329.8896447315946,integer optimal solution,0.19650539999997818
0.5,20,3,2,10,GW-ONLY,329.8896447315946,integer optimal solution,0.20545960000004015
0.5,20,3,2,10,OD-ONLY,329.8896447315947,integer optimal solution,0.006326599999965765
0.5,20,3,2,10,OD-FIRST,329.8896447315947,pass1=integer optimal solution|pass2=integer optimal solution,0.1702231000001575
0.5,20,3,2,10,GW-FIRST,329.8896447315947,pass1=integer optimal solution|pass2=integer optimal solution,0.23572619999981725
0.5,20,3,2,11,JOINT,387.2671881094844,integer optimal solution,0.2112414999999146
0.5,20,3,2,11,GW-ONLY,387.2671881094844,integer optimal solution,0.200227600000062
0.5,20,3,2,11,OD-ONLY,387.2671881094844,integer optimal solution,0.008892199999991135
0.5,20,3,2,11,OD-FIRST,387.2671881094843,pass1=integer optimal solution|pass2=integer optimal solution,0.18032530000004954
0.5,20,3,2,11,GW-FIRST,387.26718810948427,pass1=integer optimal solution|pass2=integer optimal solution,0.30311630000005607
0.5,20,3,2,12,JOINT,344.3787880714947,integer optimal solution,0.18784759999994094
0.5,20,3,2,12,GW-ONLY,344.3787880714947,integer optimal solution,0.17906410000000506
0.5,20,3,2,12,OD-ONLY,344.3787880714947,integer optimal solution,0.005110099999910744
0.5,20,3,2,12,OD-FIRST,344.37878807149474,pass1=integer optimal solution|pass2=integer optimal solution,0.22409469999979592
0.5,20,3,2,12,GW-FIRST,344.37878807149474,pass1=integer optimal solution|pass2=integer optimal solution,0.30741469999998117
0.5,20,3,2,13,JOINT,345.74677610301904,integer optimal solution,0.16206959999999526
0.5,20,3,2,13,GW-ONLY,345.74677610301904,integer optimal solution,0.16712580000012167
0.5,20,3,2,13,OD-ONLY,345.7467761030191,integer optimal solution,0.005987700000105178
0.5,20,3,2,13,OD-FIRST,345.74677610301904,pass1=integer optimal solution|pass2=integer optimal solution,0.17423969999981637
0.5,20,3,2,13,GW-FIRST,345.74677610301904,pass1=integer optimal solution|pass2=integer optimal solution,0.2501752000000579
0.5,20,3,2,14,JOINT,377.88263301323286,integer optimal solution,0.18729309999980615
0.5,20,3,2,14,GW-ONLY,377.88263301323286,integer optimal solution,0.19926650000002155
0.5,20,3,2,14,OD-ONLY,377.88263301323286,integer optimal solution,0.006175700000085271
0.5,20,3,2,14,OD-FIRST,377.8826330132328,pass1=integer optimal solution|pass2=integer optimal solution,0.2078520000000026
0.5,20,3,2,14,GW-FIRST,377.8826330132328,pass1=integer optimal solution|pass2=integer optimal solution,0.23245999999994638
0.5,20,3,2,15,JOINT,327.96952957539327,integer optimal solution,0.16877799999997478
0.5,20,3,2,15,GW-ONLY,327.96952957539327,integer optimal solution,0.15630269999996926
0.5,20,3,2,15,OD-ONLY,328.11560879608925,integer optimal solution,0.00617429999988417
0.5,20,3,2,15,OD-FIRST,327.9695295753933,pass1=integer optimal solution|pass2=integer optimal solution,0.1536525999999867
0.5,20,3,2,15,GW-FIRST,327.96952957539327,pass1=integer optimal solution|pass2=integer optimal solution,0.22057569999992666
0.5,20,3,2,16,JOINT,375.2302176870842,integer optimal solution,0.1582444000000578
0.5,20,3,2,16,GW-ONLY,375.2302176870842,integer optimal solution,0.1872865999998794
0.5,20,3,2,16,OD-ONLY,375.2302176870841,integer optimal solution,0.006907299999966199
0.5,20,3,2,16,OD-FIRST,375.2302176870842,pass1=integer optimal solution|pass2=integer optimal solution,0.18606950000003053
0.5,20,3,2,16,GW-FIRST,375.2302176870842,pass1=integer optimal solution|pass2=integer optimal solution,0.2260186999999405
0.5,20,3,2,17,JOINT,294.13719341342653,integer optimal solution,0.20807839999997668
0.5,20,3,2,17,GW-ONLY,294.13719341342653,integer optimal solution,0.1911878999999317
0.5,20,3,2,17,OD-ONLY,294.13719341342653,integer optimal solution,0.0058976000000257045
0.5,20,3,2,17,OD-FIRST,294.13719341342653,pass1=integer optimal solution|pass2=integer optimal solution,0.2204385000000002
0.5,20,3,2,17,GW-FIRST,294.13719341342653,pass1=integer optimal solution|pass2=integer optimal solution,0.3080006999998659
0.5,20,3,2,18,JOINT,361.714147308823,integer optimal solution,0.14815629999998237
0.5,20,3,2,18,GW-ONLY,361.714147308823,integer optimal solution,0.16693099999997685
0.5,20,3,2,18,OD-ONLY,369.241868285015,integer optimal solution,0.0036675999999715714
0.5,20,3,2,18,OD-FIRST,361.714147308823,pass1=integer optimal solution|pass2=integer optimal solution,0.14772740000012163
0.5,20,3,2,18,GW-FIRST,361.71414730882304,pass1=integer optimal solution|pass2=integer optimal solution,0.23676709999995182
0.5,20,3,2,19,JOINT,346.72213529916525,integer optimal solution,0.17934379999996963
0.5,20,3,2,19,GW-ONLY,346.85254288453586,integer optimal solution,0.16194919999998092
0.5,20,3,2,19,OD-ONLY,350.3501623825479,integer optimal solution,0.0059948000000531465
0.5,20,3,2,19,OD-FIRST,346.7221352991652,pass1=integer optimal solution|pass2=integer optimal solution,0.17287009999995462
0.5,20,3,2,19,GW-FIRST,346.72213529916525,pass1=integer optimal solution|pass2=integer optimal solution,0.2670918999999685
0.5,20,3,2,20,JOINT,350.3740615802922,integer optimal solution,0.16209379999986595
0.5,20,3,2,20,GW-ONLY,350.3740615802922,integer optimal solution,0.1840869999998631
0.5,20,3,2,20,OD-ONLY,350.3740615802922,integer optimal solution,0.005519100000128674
0.5,20,3,2,20,OD-FIRST,350.3740615802923,pass1=integer optimal solution|pass2=integer optimal solution,0.15878169999996317
0.5,20,3,2,20,GW-FIRST,350.3740615802922,pass1=integer optimal solution|pass2=integer optimal solution,0.23355990000004567
0.5,20,3,2,21,JOINT,334.2688272989127,integer optimal solution,0.19416339999997945
0.5,20,3,2,21,GW-ONLY,334.2688272989127,integer optimal solution,0.20447879999983343
0.5,20,3,2,21,OD-ONLY,334.26882729891275,integer optimal solution,0.010388400000010733
0.5,20,3,2,21,OD-FIRST,334.2688272989127,pass1=integer optimal solution|pass2=integer optimal solution,0.21456510000007256
0.5,20,3,2,21,GW-FIRST,334.2688272989127,pass1=integer optimal solution|pass2=integer optimal solution,0.2219254000001456
0.5,20,3,2,22,JOINT,333.321486733383,integer optimal solution,0.15803150000010646
0.5,20,3,2,22,GW-ONLY,333.321486733383,integer optimal solution,0.145248600000059
0.5,20,3,2,22,OD-ONLY,333.321486733383,integer optimal solution,0.008402699999805918
0.5,20,3,2,22,OD-FIRST,333.321486733383,pass1=integer optimal solution|pass2=integer optimal solution,0.18335129999991295
0.5,20,3,2,22,GW-FIRST,333.321486733383,pass1=integer optimal solution|pass2=integer optimal solution,0.3551047999999355
0.5,20,3,2,23,JOINT,351.04688326609687,integer optimal solution,0.168560399999933
0.5,20,3,2,23,GW-ONLY,351.04688326609687,integer optimal solution,0.15384020000010423
0.5,20,3,2,23,OD-ONLY,351.04688326609687,integer optimal solution,0.00915460000010171
0.5,20,3,2,23,OD-FIRST,351.0468832660968,pass1=integer optimal solution|pass2=integer optimal solution,0.17264490000002297
0.5,20,3,2,23,GW-FIRST,351.04688326609676,pass1=integer optimal solution|pass2=integer optimal solution,0.266775300000063
0.5,20,3,2,24,JOINT,345.92583089706153,integer optimal solution,0.16830789999994522
0.5,20,3,2,24,GW-ONLY,345.92583089706153,integer optimal solution,0.14553539999997156
0.5,20,3,2,24,OD-ONLY,345.92583089706153,integer optimal solution,0.004738699999961682
0.5,20,3,2,24,OD-FIRST,345.92583089706164,pass1=integer optimal solution|pass2=integer optimal solution,0.20583329999999478
0.5,20,3,2,24,GW-FIRST,345.92583089706164,pass1=integer optimal solution|pass2=integer optimal solution,0.23249060000011923
0.5,20,2,3,0,JOINT,307.0961601668602,integer optimal solution,0.10791679999988446
0.5,20,2,3,0,GW-ONLY,315.23673402376016,integer optimal solution,0.1178052000000207
0.5,20,2,3,0,OD-ONLY,315.1661473103652,integer optimal solution,0.003295699999853241
0.5,20,2,3,0,OD-FIRST,307.0961601668603,pass1=integer optimal solution|pass2=integer optimal solution,0.09658520000016324
0.5,20,2,3,0,GW-FIRST,315.23673402376016,pass1=integer optimal solution|pass2=integer optimal solution,0.16763190000006034
0.5,20,2,3,1,JOINT,317.9011833331974,integer optimal solution,0.1293682999998964
0.5,20,2,3,1,GW-ONLY,317.9011833331974,integer optimal solution,0.14182279999999992
0.5,20,2,3,1,OD-ONLY,340.7697874502469,integer optimal solution,0.004532299999937095
0.5,20,2,3,1,OD-FIRST,317.9011833331974,pass1=integer optimal solution|pass2=integer optimal solution,0.10999569999989944
0.5,20,2,3,1,GW-FIRST,317.90118333319737,pass1=integer optimal solution|pass2=integer optimal solution,0.15066670000010163
0.5,20,2,3,2,JOINT,345.6697100242954,integer optimal solution,0.10916869999982737
0.5,20,2,3,2,GW-ONLY,345.6697100242954,integer optimal solution,0.10627849999991668
0.5,20,2,3,2,OD-ONLY,345.66971002429534,integer optimal solution,0.006434099999978571
0.5,20,2,3,2,OD-FIRST,345.6697100242954,pass1=integer optimal solution|pass2=integer optimal solution,0.10149230000001808
0.5,20,2,3,2,GW-FIRST,345.6697100242954,pass1=integer optimal solution|pass2=integer optimal solution,0.1663893999998436
0.5,20,2,3,3,JOINT,357.7836642439737,integer optimal solution,0.09540759999981674
0.5,20,2,3,3,GW-ONLY,357.7836642439737,integer optimal solution,0.17724479999992582
0.5,20,2,3,3,OD-ONLY,371.02238784106515,integer optimal solution,0.010175599999911356
0.5,20,2,3,3,OD-FIRST,357.7836642439737,pass1=integer optimal solution|pass2=integer optimal solution,0.18450430000007145
0.5,20,2,3,3,GW-FIRST,357.78366424397365,pass1=integer optimal solution|pass2=integer optimal solution,0.15077399999995578
0.5,20,2,3,4,JOINT,324.3109057718549,integer optimal solution,0.1223805000001903
0.5,20,2,3,4,GW-ONLY,329.60856691212604,integer optimal solution,0.11591339999995398
0.5,20,2,3,4,OD-ONLY,327.3187504613945,integer optimal solution,0.007401500000014494
0.5,20,2,3,4,OD-FIRST,327.31875046139453,pass1=integer optimal solution|pass2=integer optimal solution,0.08758220000004258
0.5,20,2,3,4,GW-FIRST,324.31090577185495,pass1=integer optimal solution|pass2=integer optimal solution,0.16084799999998722
0.5,20,2,3,5,JOINT,315.5965018909177,integer optimal solution,0.09613310000008823
0.5,20,2,3,5,GW-ONLY,315.5965018909177,integer optimal solution,0.10747199999991608
0.5,20,2,3,5,OD-ONLY,315.5965018909177,integer optimal solution,0.005897900000036316
0.5,20,2,3,5,OD-FIRST,315.59650189091764,pass1=integer optimal solution|pass2=integer optimal solution,0.11716360000013992
0.5,20,2,3,5,GW-FIRST,315.59650189091764,pass1=integer optimal solution|pass2=integer optimal solution,0.11213380000003781
0.5,20,2,3,6,JOINT,364.11191107851135,integer optimal solution,0.12584130000004734
0.5,20,2,3,6,GW-ONLY,364.11191107851135,integer optimal solution,0.12021320000008018
0.5,20,2,3,6,OD-ONLY,373.63039461939263,integer optimal solution,0.005944600000020728
0.5,20,2,3,6,OD-FIRST,364.11191107851135,pass1=integer optimal solution|pass2=integer optimal solution,0.11313519999998789
0.5,20,2,3,6,GW-FIRST,364.11191107851135,pass1=integer optimal solution|pass2=integer optimal solution,0.16732409999985975
0.5,20,2,3,7,JOINT,333.6170593442723,integer optimal solution,0.10075849999998354
0.5,20,2,3,7,GW-ONLY,333.6170593442723,integer optimal solution,0.10409899999990557
0.5,20,2,3,7,OD-ONLY,333.6170593442723,integer optimal solution,0.0032650000000558066
0.5,20,2,3,7,OD-FIRST,333.6170593442722,pass1=integer optimal solution|pass2=integer optimal solution,0.09029239999995298
0.5,20,2,3,7,GW-FIRST,333.6170593442722,pass1=integer optimal solution|pass2=integer optimal solution,0.14039560000014717
0.5,20,2,3,8,JOINT,374.5989498104025,integer optimal solution,0.09128420000001825
0.5,20,2,3,8,GW-ONLY,374.5989498104025,integer optimal solution,0.10449349999998958
0.5,20,2,3,8,OD-ONLY,378.7863504913208,integer optimal solution,0.0027675000001181616
0.5,20,2,3,8,OD-FIRST,375.2640648314619,pass1=integer optimal solution|pass2=integer optimal solution,0.10469480000006115
0.5,20,2,3,8,GW-FIRST,374.59894981040253,pass1=integer optimal solution|pass2=integer optimal solution,0.1549625999998625
0.5,20,2,3,9,JOINT,393.03344928807184,integer optimal solution,0.11262839999994867
0.5,20,2,3,9,GW-ONLY,393.03344928807184,integer optimal solution,0.11736310000014782
0.5,20,2,3,9,OD-ONLY,393.03344928807184,integer optimal solution,0.004225500000075044
0.5,20,2,3,9,OD-FIRST,393.03344928807184,pass1=integer optimal solution|pass2=integer optimal solution,0.19629620000000614
0.5,20,2,3,9,GW-FIRST,393.03344928807184,pass1=integer optimal solution|pass2=integer optimal solution,0.25857479999990574
0.5,20,2,3,10,JOINT,312.40465073961144,integer optimal solution,0.08860989999993762
0.5,20,2,3,10,GW-ONLY,312.40465073961144,integer optimal solution,0.09486500000002707
0.5,20,2,3,10,OD-ONLY,314.73300857533076,integer optimal solution,0.002978700000085155
0.5,20,2,3,10,OD-FIRST,312.40465073961144,pass1=integer optimal solution|pass2=integer optimal solution,0.09374460000003637
0.5,20,2,3,10,GW-FIRST,312.40465073961144,pass1=integer optimal solution|pass2=integer optimal solution,0.14700310000011996
0.5,20,2,3,11,JOINT,339.81160193142733,integer optimal solution,0.09721660000013799
0.5,20,2,3,11,GW-ONLY,342.057276478213,integer optimal solution,0.08637060000000929
0.5,20,2,3,11,OD-ONLY,344.16352838688675,integer optimal solution,0.003531399999928908
0.5,20,2,3,11,OD-FIRST,339.81160193142733,pass1=integer optimal solution|pass2=integer optimal solution,0.09022389999995539
0.5,20,2,3,11,GW-FIRST,339.8116019314274,pass1=integer optimal solution|pass2=integer optimal solution,0.16221229999996467
0.5,20,2,3,12,JOINT,293.41056031532787,integer optimal solution,0.14955669999994825
0.5,20,2,3,12,GW-ONLY,293.4105603153278,integer optimal solution,0.0982438999999431
0.5,20,2,3,12,OD-ONLY,311.66846961569496,integer optimal solution,0.003274500000088665
0.5,20,2,3,12,OD-FIRST,293.41056031532787,pass1=integer optimal solution|pass2=integer optimal solution,0.08102859999985412
0.5,20,2,3,12,GW-FIRST,293.41056031532787,pass1=integer optimal solution|pass2=integer optimal solution,0.13390630000003512
0.5,20,2,3,13,JOINT,328.5735809283084,integer optimal solution,0.11410810000006677
0.5,20,2,3,13,GW-ONLY,328.5735809283084,integer optimal solution,0.11273619999997209
0.5,20,2,3,13,OD-ONLY,328.7808614558867,integer optimal solution,0.004279600000018036
0.5,20,2,3,13,OD-FIRST,328.78086145588674,pass1=integer optimal solution|pass2=integer optimal solution,0.11638169999991987
0.5,20,2,3,13,GW-FIRST,328.5735809283084,pass1=integer optimal solution|pass2=integer optimal solution,0.15535819999990963
0.5,20,2,3,14,JOINT,381.7099851191325,integer optimal solution,0.12499700000012126
0.5,20,2,3,14,GW-ONLY,388.1104382317018,integer optimal solution,0.1218185000000176
0.5,20,2,3,14,OD-ONLY,381.7099851191325,integer optimal solution,0.00945200000001023
0.5,20,2,3,14,OD-FIRST,381.70998511913257,pass1=integer optimal solution|pass2=integer optimal solution,0.11072330000001784
0.5,20,2,3,14,GW-FIRST,388.1104382317017,pass1=integer optimal solution|pass2=integer optimal solution,0.18777699999986908
0.5,20,2,3,15,JOINT,365.6600376452949,integer optimal solution,0.10121619999995346
0.5,20,2,3,15,GW-ONLY,365.6600376452949,integer optimal solution,0.12973990000000413
0.5,20,2,3,15,OD-ONLY,365.66003764529495,integer optimal solution,0.010306700000001001
0.5,20,2,3,15,OD-FIRST,365.6600376452949,pass1=integer optimal solution|pass2=integer optimal solution,0.13916919999996935
0.5,20,2,3,15,GW-FIRST,365.660037645295,pass1=integer optimal solution|pass2=integer optimal solution,0.2126938000001246
0.5,20,2,3,16,JOINT,320.48071703051096,integer optimal solution,0.08749450000004799
0.5,20,2,3,16,GW-ONLY,320.48071703051096,integer optimal solution,0.10355209999988801
0.5,20,2,3,16,OD-ONLY,320.4807170305109,integer optimal solution,0.003933899999992718
0.5,20,2,3,16,OD-FIRST,320.48071703051096,pass1=integer optimal solution|pass2=integer optimal solution,0.09929609999994682
0.5,20,2,3,16,GW-FIRST,320.4807170305109,pass1=integer optimal solution|pass2=integer optimal solution,0.13021089999983815
0.5,20,2,3,17,JOINT,343.81590027439853,integer optimal solution,0.11026130000004741
0.5,20,2,3,17,GW-ONLY,343.81590027439853,integer optimal solution,0.11140170000021499
0.5,20,2,3,17,OD-ONLY,346.1325022988929,integer optimal solution,0.0076876000000538625
0.5,20,2,3,17,OD-FIRST,343.81590027439853,pass1=integer optimal solution|pass2=integer optimal solution,0.12203700000009121
0.5,20,2,3,17,GW-FIRST,343.8159002743984,pass1=integer optimal solution|pass2=integer optimal solution,0.1581923999999617
0.5,20,2,3,18,JOINT,373.24304480479367,integer optimal solution,0.10052259999997659
0.5,20,2,3,18,GW-ONLY,373.24304480479367,integer optimal solution,0.08478560000003199
0.5,20,2,3,18,OD-ONLY,375.97935828554876,integer optimal solution,0.004612899999983711
0.5,20,2,3,18,OD-FIRST,373.2430448047937,pass1=integer optimal solution|pass2=integer optimal solution,0.07857629999989513
0.5,20,2,3,18,GW-FIRST,373.2430448047936,pass1=integer optimal solution|pass2=integer optimal solution,0.1412055999999211
0.5,20,2,3,19,JOINT,326.1824746637776,integer optimal solution,0.10863160000008065
0.5,20,2,3,19,GW-ONLY,326.18247466377755,integer optimal solution,0.1063426000000618
0.5,20,2,3,19,OD-ONLY,340.5369532747041,integer optimal solution,0.0037001999999120017
0.5,20,2,3,19,OD-FIRST,326.1824746637776,pass1=integer optimal solution|pass2=integer optimal solution,0.1334411000000273
0.5,20,2,3,19,GW-FIRST,326.1824746637776,pass1=integer optimal solution|pass2=integer optimal solution,0.20524379999983466
0.5,20,2,3,20,JOINT,337.99069366063713,integer optimal solution,0.12582789999987654
0.5,20,2,3,20,GW-ONLY,337.99069366063713,integer optimal solution,0.13884569999981977
0.5,20,2,3,20,OD-ONLY,337.99069366063713,integer optimal solution,0.008792200000016237
0.5,20,2,3,20,OD-FIRST,337.99069366063713,pass1=integer optimal solution|pass2=integer optimal solution,0.13161589999981516
0.5,20,2,3,20,GW-FIRST,337.99069366063713,pass1=integer optimal solution|pass2=integer optimal solution,0.17700740000009318
0.5,20,2,3,21,JOINT,319.00181902374845,integer optimal solution,0.09880019999991418
0.5,20,2,3,21,GW-ONLY,319.00181902374845,integer optimal solution,0.09001239999997779
0.5,20,2,3,21,OD-ONLY,320.0705815639435,integer optimal solution,0.005780499999900712
0.5,20,2,3,21,OD-FIRST,319.00181902374845,pass1=integer optimal solution|pass2=integer optimal solution,0.10076049999997849
0.5,20,2,3,21,GW-FIRST,319.00181902374845,pass1=integer optimal solution|pass2=integer optimal solution,0.14006080000012844
0.5,20,2,3,22,JOINT,336.090731820743,integer optimal solution,0.11056619999999384
0.5,20,2,3,22,GW-ONLY,336.090731820743,integer optimal solution,0.09920409999995172
0.5,20,2,3,22,OD-ONLY,353.69651797449217,integer optimal solution,0.002932300000111354
0.5,20,2,3,22,OD-FIRST,336.09073182074303,pass1=integer optimal solution|pass2=integer optimal solution,0.08740719999991597
0.5,20,2,3,22,GW-FIRST,336.09073182074303,pass1=integer optimal solution|pass2=integer optimal solution,0.15044480000005933
0.5,20,2,3,23,JOINT,312.69971067404356,integer optimal solution,0.09271429999989778
0.5,20,2,3,23,GW-ONLY,312.69971067404356,integer optimal solution,0.10466250000013133
0.5,20,2,3,23,OD-ONLY,312.6997106740435,integer optimal solution,0.0031879000000571978
0.5,20,2,3,23,OD-FIRST,312.69971067404356,pass1=integer optimal solution|pass2=integer optimal solution,0.09124259999998685
0.5,20,2,3,23,GW-FIRST,312.69971067404356,pass1=integer optimal solution|pass2=integer optimal solution,0.12100820000000567
0.5,20,2,3,24,JOINT,329.0386853148549,integer optimal solution,0.08433540000009998
0.5,20,2,3,24,GW-ONLY,329.0386853148549,integer optimal solution,0.11553050000020448
0.5,20,2,3,24,OD-ONLY,329.0386853148549,integer optimal solution,0.006178899999895293
0.5,20,2,3,24,OD-FIRST,329.03868531485494,pass1=integer optimal solution|pass2=integer optimal solution,0.11012289999985114
0.5,20,2,3,24,GW-FIRST,329.038685314855,pass1=integer optimal solution|pass2=integer optimal solution,0.1456673000000137
0.5,20,3,3,0,JOINT,366.4757168525002,integer optimal solution,0.19512889999987237
0.5,20,3,3,0,GW-ONLY,366.4757168525002,integer optimal solution,0.18271359999994274
0.5,20,3,3,0,OD-ONLY,366.4757168525002,integer optimal solution,0.008417099999860511
0.5,20,3,3,0,OD-FIRST,366.4757168525002,pass1=integer optimal solution|pass2=integer optimal solution,0.26220809999995254
0.5,20,3,3,0,GW-FIRST,366.4757168525002,pass1=integer optimal solution|pass2=integer optimal solution,0.3172084000000268
0.5,20,3,3,1,JOINT,367.7952688656345,integer optimal solution,0.17364740000016354
0.5,20,3,3,1,GW-ONLY,371.43771930962265,integer optimal solution,0.18739639999989777
0.5,20,3,3,1,OD-ONLY,367.79526886563457,integer optimal solution,0.007523199999923236
0.5,20,3,3,1,OD-FIRST,367.7952688656345,pass1=integer optimal solution|pass2=integer optimal solution,0.1593886000000566
0.5,20,3,3,1,GW-FIRST,367.7952688656345,pass1=integer optimal solution|pass2=integer optimal solution,0.24968769999986762
0.5,20,3,3,2,JOINT,363.5627784499044,integer optimal solution,0.14508630000000267
0.5,20,3,3,2,GW-ONLY,363.5627784499044,integer optimal solution,0.1608376000001499
0.5,20,3,3,2,OD-ONLY,363.5627784499044,integer optimal solution,0.004755000000159271
0.5,20,3,3,2,OD-FIRST,363.5627784499043,pass1=integer optimal solution|pass2=integer optimal solution,0.15123309999989942
0.5,20,3,3,2,GW-FIRST,363.5627784499043,pass1=integer optimal solution|pass2=integer optimal solution,0.2216621000000032
0.5,20,3,3,3,JOINT,341.93206073150174,integer optimal solution,0.21129220000011628
0.5,20,3,3,3,GW-ONLY,341.9320607315018,integer optimal solution,0.27887940000005074
0.5,20,3,3,3,OD-ONLY,347.18710318904846,integer optimal solution,0.004043599999931757
0.5,20,3,3,3,OD-FIRST,345.2179777888126,pass1=integer optimal solution|pass2=integer optimal solution,0.10752009999987422
0.5,20,3,3,3,GW-FIRST,341.9320607315018,pass1=integer optimal solution|pass2=integer optimal solution,0.20324879999998302
0.5,20,3,3,4,JOINT,381.26643353517443,integer optimal solution,0.146175299999868
0.5,20,3,3,4,GW-ONLY,381.26643353517443,integer optimal solution,0.13278280000008635
0.5,20,3,3,4,OD-ONLY,381.26643353517443,integer optimal solution,0.003601500000058877
0.5,20,3,3,4,OD-FIRST,381.26643353517443,pass1=integer optimal solution|pass2=integer optimal solution,0.16738410000016302
0.5,20,3,3,4,GW-FIRST,381.26643353517443,pass1=integer optimal solution|pass2=integer optimal solution,0.2032733000000917
0.5,20,3,3,5,JOINT,360.4025381803781,integer optimal solution,0.1993981000000531
0.5,20,3,3,5,GW-ONLY,360.4025381803781,integer optimal solution,0.17671790000008514
0.5,20,3,3,5,OD-ONLY,378.5042620035272,integer optimal solution,0.00567999999998392
0.5,20,3,3,5,OD-FIRST,360.4025381803782,pass1=integer optimal solution|pass2=integer optimal solution,0.18474619999983588
0.5,20,3,3,5,GW-FIRST,360.4025381803781,pass1=integer optimal solution|pass2=integer optimal solution,0.25928899999985333
0.5,20,3,3,6,JOINT,327.6928920523226,integer optimal solution,0.18903409999984433
0.5,20,3,3,6,GW-ONLY,327.6928920523226,integer optimal solution,0.15001540000002933
0.5,20,3,3,6,OD-ONLY,327.6928920523225,integer optimal solution,0.017029299999876457
0.5,20,3,3,6,OD-FIRST,327.6928920523225,pass1=integer optimal solution|pass2=integer optimal solution,0.1531999999999698
0.5,20,3,3,6,GW-FIRST,327.6928920523225,pass1=integer optimal solution|pass2=integer optimal solution,0.23042039999995723
0.5,20,3,3,7,JOINT,357.9698069288525,integer optimal solution,0.15716029999998682
0.5,20,3,3,7,GW-ONLY,357.9698069288525,integer optimal solution,0.15484079999987443
0.5,20,3,3,7,OD-ONLY,357.9698069288525,integer optimal solution,0.006018600000061269
0.5,20,3,3,7,OD-FIRST,357.96980692885256,pass1=integer optimal solution|pass2=integer optimal solution,0.1719377000001714
0.5,20,3,3,7,GW-FIRST,357.9698069288525,pass1=integer optimal solution|pass2=integer optimal solution,0.22869439999999486
0.5,20,3,3,8,JOINT,369.55109174436205,integer optimal solution,0.14560690000007526
0.5,20,3,3,8,GW-ONLY,369.55109174436205,integer optimal solution,0.15420730000005278
0.5,20,3,3,8,OD-ONLY,369.55109174436205,integer optimal solution,0.005285800000137897
0.5,20,3,3,8,OD-FIRST,369.551091744362,pass1=integer optimal solution|pass2=integer optimal solution,0.209298600000011
0.5,20,3,3,8,GW-FIRST,369.55109174436205,pass1=integer optimal solution|pass2=integer optimal solution,0.19422000000008666
0.5,20,3,3,9,JOINT,350.6439747669184,integer optimal solution,0.1874883000000409
0.5,20,3,3,9,GW-ONLY,350.6439747669184,integer optimal solution,0.1860110000000077
0.5,20,3,3,9,OD-ONLY,350.6439747669184,integer optimal solution,0.00395610000009583
0.5,20,3,3,9,OD-FIRST,350.6439747669184,pass1=integer optimal solution|pass2=integer optimal solution,0.18431390000000647
0.5,20,3,3,9,GW-FIRST,350.6439747669183,pass1=integer optimal solution|pass2=integer optimal solution,0.2856827999999041
0.5,20,3,3,10,JOINT,357.7282115567879,integer optimal solution,0.14280559999997422
0.5,20,3,3,10,GW-ONLY,357.7282115567879,integer optimal solution,0.1688565000001745
0.5,20,3,3,10,OD-ONLY,361.75746485522814,integer optimal solution,0.0058896000000459026
0.5,20,3,3,10,OD-FIRST,357.7282115567879,pass1=integer optimal solution|pass2=integer optimal solution,0.1488701000000674
0.5,20,3,3,10,GW-FIRST,357.72821155678787,pass1=integer optimal solution|pass2=integer optimal solution,0.21549419999996644
0.5,20,3,3,11,JOINT,384.54827304356445,integer optimal solution,0.21631749999983185
0.5,20,3,3,11,GW-ONLY,384.54827304356445,integer optimal solution,0.1906048999999257
0.5,20,3,3,11,OD-ONLY,384.54827304356445,integer optimal solution,0.0051770999998552725
0.5,20,3,3,11,OD-FIRST,384.54827304356434,pass1=integer optimal solution|pass2=integer optimal solution,0.17495060000010199
0.5,20,3,3,11,GW-FIRST,384.54827304356434,pass1=integer optimal solution|pass2=integer optimal solution,0.2936769999998887
0.5,20,3,3,12,JOINT,361.5276566873787,integer optimal solution,0.2189567000000352
0.5,20,3,3,12,GW-ONLY,361.5276566873787,integer optimal solution,0.19624509999994189
0.5,20,3,3,12,OD-ONLY,361.5276566873787,integer optimal solution,0.004651700000067649
0.5,20,3,3,12,OD-FIRST,361.5276566873786,pass1=integer optimal solution|pass2=integer optimal solution,0.18730869999990318
0.5,20,3,3,12,GW-FIRST,361.5276566873786,pass1=integer optimal solution|pass2=integer optimal solution,0.2389189999998962
0.5,20,3,3,13,JOINT,349.49508029371464,integer optimal solution,0.20098630000006779
0.5,20,3,3,13,GW-ONLY,349.49508029371464,integer optimal solution,0.17920550000008006
0.5,20,3,3,13,OD-ONLY,350.1551878530307,integer optimal solution,0.004434100000025865
0.5,20,3,3,13,OD-FIRST,349.4950802937147,pass1=integer optimal solution|pass2=integer optimal solution,0.16358770000010736
0.5,20,3,3,13,GW-FIRST,349.4950802937147,pass1=integer optimal solution|pass2=integer optimal solution,0.27838569999994434
0.5,20,3,3,14,JOINT,303.5087400339304,integer optimal solution,0.16870010000002367
0.5,20,3,3,14,GW-ONLY,303.5087400339304,integer optimal solution,0.16949499999986983
0.5,20,3,3,14,OD-ONLY,303.5087400339304,integer optimal solution,0.007215999999971245
0.5,20,3,3,14,OD-FIRST,303.5087400339304,pass1=integer optimal solution|pass2=integer optimal solution,0.2128172000000177
0.5,20,3,3,14,GW-FIRST,303.5087400339304,pass1=integer optimal solution|pass2=integer optimal solution,0.40107510000007096
0.5,20,3,3,15,JOINT,355.11693817799386,integer optimal solution,0.14910250000002634
0.5,20,3,3,15,GW-ONLY,355.11693817799386,integer optimal solution,0.14636829999994916
0.5,20,3,3,15,OD-ONLY,355.11693817799386,integer optimal solution,0.004392699999925753
0.5,20,3,3,15,OD-FIRST,355.1169381779938,pass1=integer optimal solution|pass2=integer optimal solution,0.13341289999993933
0.5,20,3,3,15,GW-FIRST,355.11693817799375,pass1=integer optimal solution|pass2=integer optimal solution,0.2289107999999942
0.5,20,3,3,16,JOINT,336.4822324512278,integer optimal solution,0.13672989999986385
0.5,20,3,3,16,GW-ONLY,336.4822324512278,integer optimal solution,0.13778180000008433
0.5,20,3,3,16,OD-ONLY,338.19345519236646,integer optimal solution,0.005586999999877662
0.5,20,3,3,16,OD-FIRST,336.4822324512278,pass1=integer optimal solution|pass2=integer optimal solution,0.15406239999992977
0.5,20,3,3,16,GW-FIRST,336.48223245122784,pass1=integer optimal solution|pass2=integer optimal solution,0.21717100000000755
0.5,20,3,3,17,JOINT,347.442051694356,integer optimal solution,0.14918820000002597
0.5,20,3,3,17,GW-ONLY,347.442051694356,integer optimal solution,0.15868399999999383
0.5,20,3,3,17,OD-ONLY,347.44205169435605,integer optimal solution,0.005314400000088426
0.5,20,3,3,17,OD-FIRST,347.44205169435605,pass1=integer optimal solution|pass2=integer optimal solution,0.13797730000010233
0.5,20,3,3,17,GW-FIRST,347.44205169435605,pass1=integer optimal solution|pass2=integer optimal solution,0.20415079999997943
0.5,20,3,3,18,JOINT,355.09546565588033,integer optimal solution,0.19683549999990646
0.5,20,3,3,18,GW-ONLY,355.09546565588033,integer optimal solution,0.1933188999998947
0.5,20,3,3,18,OD-ONLY,355.09546565588033,integer optimal solution,0.009937000000036278
0.5,20,3,3,18,OD-FIRST,355.09546565588033,pass1=integer optimal solution|pass2=integer optimal solution,0.19604309999999714
0.5,20,3,3,18,GW-FIRST,355.09546565588033,pass1=integer optimal solution|pass2=integer optimal solution,0.2666907000000265
0.5,20,3,3,19,JOINT,318.95600298359295,integer optimal solution,0.1693731000000298
0.5,20,3,3,19,GW-ONLY,325.51881960308344,integer optimal solution,0.14654610000002322
0.5,20,3,3,19,OD-ONLY,336.66092560860716,integer optimal solution,0.005026300000054107
0.5,20,3,3,19,OD-FIRST,318.95600298359295,pass1=integer optimal solution|pass2=integer optimal solution,0.16373690000000352
0.5,20,3,3,19,GW-FIRST,325.51881960308344,pass1=integer optimal solution|pass2=integer optimal solution,0.26498319999996056
0.5,20,3,3,20,JOINT,323.4740878308551,integer optimal solution,0.15322489999994104
0.5,20,3,3,20,GW-ONLY,323.4740878308551,integer optimal solution,0.15539530000000923
0.5,20,3,3,20,OD-ONLY,329.65841773976445,integer optimal solution,0.005951899999899979
0.5,20,3,3,20,OD-FIRST,323.4740878308552,pass1=integer optimal solution|pass2=integer optimal solution,0.1476786999999149
0.5,20,3,3,20,GW-FIRST,323.4740878308552,pass1=integer optimal solution|pass2=integer optimal solution,0.2107658000002175
0.5,20,3,3,21,JOINT,381.6388426680719,integer optimal solution,0.17290920000004917
0.5,20,3,3,21,GW-ONLY,381.6388426680719,integer optimal solution,0.16094139999995605
0.5,20,3,3,21,OD-ONLY,381.6388426680719,integer optimal solution,0.00526439999998729
0.5,20,3,3,21,OD-FIRST,381.6388426680719,pass1=integer optimal solution|pass2=integer optimal solution,0.17276560000004793
0.5,20,3,3,21,GW-FIRST,381.63884266807185,pass1=integer optimal solution|pass2=integer optimal solution,0.30809759999988273
0.5,20,3,3,22,JOINT,320.864263209986,integer optimal solution,0.2095861000000241
0.5,20,3,3,22,GW-ONLY,320.864263209986,integer optimal solution,0.23555230000010852
0.5,20,3,3,22,OD-ONLY,320.864263209986,integer optimal solution,0.011988900000005742
0.5,20,3,3,22,OD-FIRST,320.86426320998606,pass1=integer optimal solution|pass2=integer optimal solution,0.22516129999985424
0.5,20,3,3,22,GW-FIRST,320.86426320998606,pass1=integer optimal solution|pass2=integer optimal solution,0.2572080999998434
0.5,20,3,3,23,JOINT,316.9945774621,integer optimal solution,0.15585109999983615
0.5,20,3,3,23,GW-ONLY,316.9945774621,integer optimal solution,0.14528310000014244
0.5,20,3,3,23,OD-ONLY,316.9945774620999,integer optimal solution,0.0032506999998531683
0.5,20,3,3,23,OD-FIRST,316.9945774620999,pass1=integer optimal solution|pass2=integer optimal solution,0.14875289999986308
0.5,20,3,3,23,GW-FIRST,316.9945774620999,pass1=integer optimal solution|pass2=integer optimal solution,0.20585449999998673
0.5,20,3,3,24,JOINT,326.6023202614423,integer optimal solution,0.1466714000000593
0.5,20,3,3,24,GW-ONLY,329.96295933692465,integer optimal solution,0.1515693999999712
0.5,20,3,3,24,OD-ONLY,336.30007904159453,integer optimal solution,0.0068787000000156695
0.5,20,3,3,24,OD-FIRST,328.75076450409466,pass1=integer optimal solution|pass2=integer optimal solution,0.16233629999987897
0.5,20,3,3,24,GW-FIRST,329.96295933692465,pass1=integer optimal solution|pass2=integer optimal solution,0.2676757000001544
0.7,10,2,2,0,JOINT,154.446803494967,integer optimal solution,0.035622500000044965
0.7,10,2,2,0,GW-ONLY,158.8437082661258,integer optimal solution,0.027266199999985474
0.7,10,2,2,0,OD-ONLY,154.446803494967,integer optimal solution,0.0068889000001490786
0.7,10,2,2,0,OD-FIRST,154.446803494967,pass1=integer optimal solution|pass2=integer optimal solution,0.0310532000000876
0.7,10,2,2,0,GW-FIRST,154.446803494967,pass1=integer optimal solution|pass2=integer optimal solution,0.04160760000013397
0.7,10,2,2,1,JOINT,124.47671466959864,integer optimal solution,0.033370300000115094
0.7,10,2,2,1,GW-ONLY,124.47671466959864,integer optimal solution,0.044040999999879205
0.7,10,2,2,1,OD-ONLY,124.47671466959864,integer optimal solution,0.004537300000038158
0.7,10,2,2,1,OD-FIRST,124.47671466959864,pass1=integer optimal solution|pass2=integer optimal solution,0.03595420000010563
0.7,10,2,2,1,GW-FIRST,124.47671466959864,pass1=integer optimal solution|pass2=integer optimal solution,0.032853599999953076
0.7,10,2,2,2,JOINT,137.97950662781298,integer optimal solution,0.02762780000011844
0.7,10,2,2,2,GW-ONLY,137.97950662781298,integer optimal solution,0.029158399999914764
0.7,10,2,2,2,OD-ONLY,137.97950662781298,integer optimal solution,0.006320899999991525
0.7,10,2,2,2,OD-FIRST,137.97950662781298,pass1=integer optimal solution|pass2=integer optimal solution,0.03343849999987469
0.7,10,2,2,2,GW-FIRST,137.97950662781298,pass1=integer optimal solution|pass2=integer optimal solution,0.037481299999853945
0.7,10,2,2,3,JOINT,112.01342462387827,integer optimal solution,0.025570900000047914
0.7,10,2,2,3,GW-ONLY,117.14334351663024,integer optimal solution,0.02666030000000319
0.7,10,2,2,3,OD-ONLY,112.01342462387827,integer optimal solution,0.006815700000061042
0.7,10,2,2,3,OD-FIRST,112.01342462387827,pass1=integer optimal solution|pass2=integer optimal solution,0.017542300000059186
0.7,10,2,2,3,GW-FIRST,117.14334351663024,pass1=integer optimal solution|pass2=integer optimal solution,0.041025900000022375
0.7,10,2,2,4,JOINT,156.0569884839861,integer optimal solution,0.04294230000004973
0.7,10,2,2,4,GW-ONLY,156.0569884839861,integer optimal solution,0.0249828000000889
0.7,10,2,2,4,OD-ONLY,173.93100028847226,integer optimal solution,0.003032200000006924
0.7,10,2,2,4,OD-FIRST,156.0569884839861,pass1=integer optimal solution|pass2=integer optimal solution,0.055296200000157114
0.7,10,2,2,4,GW-FIRST,156.0569884839861,pass1=integer optimal solution|pass2=integer optimal solution,0.04316659999994954
0.7,10,2,2,5,JOINT,140.93854467328745,integer optimal solution,0.033318500000177664
0.7,10,2,2,5,GW-ONLY,145.6567000479295,integer optimal solution,0.04089079999994283
0.7,10,2,2,5,OD-ONLY,146.73443158265644,integer optimal solution,0.0037038000000393367
0.7,10,2,2,5,OD-FIRST,143.83628819562736,pass1=integer optimal solution|pass2=integer optimal solution,0.025101700000050187
0.7,10,2,2,5,GW-FIRST,140.93854467328745,pass1=integer optimal solution|pass2=integer optimal solution,0.05692690000000766
0.7,10,2,2,6,JOINT,123.8439254496846,integer optimal solution,0.037856000000147105
0.7,10,2,2,6,GW-ONLY,127.99880070556975,integer optimal solution,0.04549459999998362
0.7,10,2,2,6,OD-ONLY,125.17623615967362,integer optimal solution,0.011019600000054197
0.7,10,2,2,6,OD-FIRST,123.84392544968459,pass1=integer optimal solution|pass2=integer optimal solution,0.025558999999930165
0.7,10,2,2,6,GW-FIRST,125.13648910833089,pass1=integer optimal solution|pass2=integer optimal solution,0.037639499999841064
0.7,10,2,2,7,JOINT,123.34855951546452,integer optimal solution,0.030455000000074506
0.7,10,2,2,7,GW-ONLY,134.11193773142043,integer optimal solution,0.03018530000008468
0.7,10,2,2,7,OD-ONLY,134.94253671823415,integer optimal solution,0.0045070000001032895
0.7,10,2,2,7,OD-FIRST,123.34855951546453,pass1=integer optimal solution|pass2=integer optimal solution,0.020927300000039395
0.7,10,2,2,7,GW-FIRST,134.11193773142043,pass1=integer optimal solution|pass2=integer optimal solution,0.034884900000179186
0.7,10,2,2,8,JOINT,88.03048606501245,integer optimal solution,0.029640900000003967
0.7,10,2,2,8,GW-ONLY,97.02200369012962,integer optimal solution,0.026027099999964776
0.7,10,2,2,8,OD-ONLY,88.03048606501244,integer optimal solution,0.005845600000156992
0.7,10,2,2,8,OD-FIRST,88.03048606501244,pass1=integer optimal solution|pass2=integer optimal solution,0.013535100000126477
0.7,10,2,2,8,GW-FIRST,91.35222126100588,pass1=integer optimal solution|pass2=integer optimal solution,0.04353199999991375
0.7,10,2,2,9,JOINT,126.63422871294773,integer optimal solution,0.03600379999988945
0.7,10,2,2,9,GW-ONLY,126.63422871294773,integer optimal solution,0.04133840000008604
0.7,10,2,2,9,OD-ONLY,126.63422871294773,integer optimal solution,0.0037666999999146356
0.7,10,2,2,9,OD-FIRST,126.63422871294773,pass1=integer optimal solution|pass2=integer optimal solution,0.03400640000018029
0.7,10,2,2,9,GW-FIRST,126.63422871294773,pass1=integer optimal solution|pass2=integer optimal solution,0.04324629999996432
0.7,10,2,2,10,JOINT,157.03519482652285,integer optimal solution,0.03192740000008598
0.7,10,2,2,10,GW-ONLY,157.03519482652285,integer optimal solution,0.03160950000005869
0.7,10,2,2,10,OD-ONLY,162.92944976931244,integer optimal solution,0.010894499999949403
0.7,10,2,2,10,OD-FIRST,159.68087991383,pass1=integer optimal solution|pass2=integer optimal solution,0.028270800000200325
0.7,10,2,2,10,GW-FIRST,157.03519482652288,pass1=integer optimal solution|pass2=integer optimal solution,0.03604449999988901
0.7,10,2,2,11,JOINT,143.7359986195385,integer optimal solution,0.03963799999996809
0.7,10,2,2,11,GW-ONLY,143.7359986195385,integer optimal solution,0.03751729999999043
0.7,10,2,2,11,OD-ONLY,146.38685213190922,integer optimal solution,0.00392680000004475
0.7,10,2,2,11,OD-FIRST,143.7359986195385,pass1=integer optimal solution|pass2=integer optimal solution,0.03535019999981159
0.7,10,2,2,11,GW-FIRST,143.7359986195385,pass1=integer optimal solution|pass2=integer optimal solution,0.0399278999998387
0.7,10,2,2,12,JOINT,126.72257005993454,integer optimal solution,0.032467400000086855
0.7,10,2,2,12,GW-ONLY,132.01312089715677,integer optimal solution,0.034363900000016656
0.7,10,2,2,12,OD-ONLY,133.40386960034533,integer optimal solution,0.0041895000001659355
0.7,10,2,2,12,OD-FIRST,126.72257005993455,pass1=integer optimal solution|pass2=integer optimal solution,0.03044010000007802
0.7,10,2,2,12,GW-FIRST,132.01312089715677,pass1=integer optimal solution|pass2=integer optimal solution,0.049487499999941065
0.7,10,2,2,13,JOINT,132.29468329476293,integer optimal solution,0.03546430000005785
0.7,10,2,2,13,GW-ONLY,138.54125147232998,integer optimal solution,0.02643290000014531
0.7,10,2,2,13,OD-ONLY,132.29468329476293,integer optimal solution,0.005776700000069468
0.7,10,2,2,13,OD-FIRST,132.2946832947629,pass1=integer optimal solution|pass2=integer optimal solution,0.028531899999961752
0.7,10,2,2,13,GW-FIRST,132.29468329476293,pass1=integer optimal solution|pass2=integer optimal solution,0.042235000000118816
0.7,10,2,2,14,JOINT,126.51130476467353,integer optimal solution,0.03287199999999757
0.7,10,2,2,14,GW-ONLY,133.2256045397893,integer optimal solution,0.03153440000005503
0.7,10,2,2,14,OD-ONLY,126.51130476467353,integer optimal solution,0.0044238999998924555
0.7,10,2,2,14,OD-FIRST,126.51130476467354,pass1=integer optimal solution|pass2=integer optimal solution,0.0216310999999223
0.7,10,2,2,14,GW-FIRST,133.2256045397893,pass1=integer optimal solution|pass2=integer optimal solution,0.03881369999999151
0.7,10,2,2,15,JOINT,142.17743571604063,integer optimal solution,0.031859499999882246
0.7,10,2,2,15,GW-ONLY,142.17743571604063,integer optimal solution,0.027578499999890482
0.7,10,2,2,15,OD-ONLY,144.10617627313704,integer optimal solution,0.0035952000000634143
0.7,10,2,2,15,OD-FIRST,143.42707705208267,pass1=integer optimal solution|pass2=integer optimal solution,0.02947489999996833
0.7,10,2,2,15,GW-FIRST,142.17743571604063,pass1=integer optimal solution|pass2=integer optimal solution,0.035264399999960006
0.7,10,2,2,16,JOINT,123.86642278817105,integer optimal solution,0.034806800000069416
0.7,10,2,2,16,GW-ONLY,135.03113500368747,integer optimal solution,0.03193839999994452
0.7,10,2,2,16,OD-ONLY,134.18037357459738,integer optimal solution,0.006220400000074733
0.7,10,2,2,16,OD-FIRST,123.86642278817106,pass1=integer optimal solution|pass2=integer optimal solution,0.02469780000001265
0.7,10,2,2,16,GW-FIRST,135.0311350036875,pass1=integer optimal solution|pass2=integer optimal solution,0.03977409999993142
0.7,10,2,2,17,JOINT,125.23825841685738,integer optimal solution,0.033428100000037375
0.7,10,2,2,17,GW-ONLY,128.82345868025268,integer optimal solution,0.026973399999860703
0.7,10,2,2,17,OD-ONLY,127.66953450281682,integer optimal solution,0.004765000000134023
0.7,10,2,2,17,OD-FIRST,125.23825841685738,pass1=integer optimal solution|pass2=integer optimal solution,0.021228600000085862
0.7,10,2,2,17,GW-FIRST,127.28725515554225,pass1=integer optimal solution|pass2=integer optimal solution,0.03760400000010122
0.7,10,2,2,18,JOINT,153.59206416229046,integer optimal solution,0.03497620000007373
0.7,10,2,2,18,GW-ONLY,154.07526657023791,integer optimal solution,0.03164639999999963
0.7,10,2,2,18,OD-ONLY,153.59206416229048,integer optimal solution,0.004086299999926268
0.7,10,2,2,18,OD-FIRST,153.59206416229048,pass1=integer optimal solution|pass2=integer optimal solution,0.032210300000087955
0.7,10,2,2,18,GW-FIRST,153.59206416229048,pass1=integer optimal solution|pass2=integer optimal solution,0.03990490000001046
0.7,10,2,2,19,JOINT,123.376471577437,integer optimal solution,0.029203699999925448
0.7,10,2,2,19,GW-ONLY,129.42769717446788,integer optimal solution,0.026945099999920785
0.7,10,2,2,19,OD-ONLY,123.376471577437,integer optimal solution,0.004251000000067506
0.7,10,2,2,19,OD-FIRST,123.376471577437,pass1=integer optimal solution|pass2=integer optimal solution,0.01825919999987491
0.7,10,2,2,19,GW-FIRST,123.376471577437,pass1=integer optimal solution|pass2=integer optimal solution,0.038826500000141095
0.7,10,2,2,20,JOINT,108.91036928396153,integer optimal solution,0.029992199999924196
0.7,10,2,2,20,GW-ONLY,115.37766087742779,integer optimal solution,0.030592700000170225
0.7,10,2,2,20,OD-ONLY,108.91036928396153,integer optimal solution,0.007751500000040323
0.7,10,2,2,20,OD-FIRST,108.91036928396153,pass1=integer optimal solution|pass2=integer optimal solution,0.018029200000000856
0.7,10,2,2,20,GW-FIRST,112.42401968723127,pass1=integer optimal solution|pass2=integer optimal solution,0.036347700000078476
0.7,10,2,2,21,JOINT,135.221841858031,integer optimal solution,0.0367334000000028
0.7,10,2,2,21,GW-ONLY,144.24955330902557,integer optimal solution,0.03301550000014686
0.7,10,2,2,21,OD-ONLY,135.221841858031,integer optimal solution,0.006895299999996496
0.7,10,2,2,21,OD-FIRST,135.221841858031,pass1=integer optimal solution|pass2=integer optimal solution,0.023199200000135534
0.7,10,2,2,21,GW-FIRST,143.95951095662184,pass1=integer optimal solution|pass2=integer optimal solution,0.03867859999991197
0.7,10,2,2,22,JOINT,134.38478017683622,integer optimal solution,0.033602800000153366
0.7,10,2,2,22,GW-ONLY,150.81798071338656,integer optimal solution,0.03175790000000234
0.7,10,2,2,22,OD-ONLY,134.38478017683622,integer optimal solution,0.006162000000131229
0.7,10,2,2,22,OD-FIRST,134.38478017683622,pass1=integer optimal solution|pass2=integer optimal solution,0.0183463999999276
0.7,10,2,2,22,GW-FIRST,144.8024271643837,pass1=integer optimal solution|pass2=integer optimal solution,0.03652239999996709
0.7,10,2,2,23,JOINT,140.47041152823851,integer optimal solution,0.033351400000128706
0.7,10,2,2,23,GW-ONLY,140.51229008225172,integer optimal solution,0.03281559999982164
0.7,10,2,2,23,OD-ONLY,141.97707086859157,integer optimal solution,0.00395410000010088
0.7,10,2,2,23,OD-FIRST,140.47041152823851,pass1=integer optimal solution|pass2=integer optimal solution,0.02909959999988132
0.7,10,2,2,23,GW-FIRST,140.47041152823851,pass1=integer optimal solution|pass2=integer optimal solution,0.0401756999999634
0.7,10,2,2,24,JOINT,154.86053925628002,integer optimal solution,0.029682399999956033
0.7,10,2,2,24,GW-ONLY,154.86053925628002,integer optimal solution,0.03283970000006775
0.7,10,2,2,24,OD-ONLY,154.86053925628002,integer optimal solution,0.00430329999994683
0.7,10,2,2,24,OD-FIRST,154.86053925628002,pass1=integer optimal solution|pass2=integer optimal solution,0.03560399999992114
0.7,10,2,2,24,GW-FIRST,154.86053925628002,pass1=integer optimal solution|pass2=integer optimal solution,0.035914199999979246
0.7,10,3,2,0,JOINT,141.5676220040681,integer optimal solution,0.036545799999885276
0.7,10,3,2,0,GW-ONLY,147.6944259239567,integer optimal solution,0.04921329999979207
0.7,10,3,2,0,OD-ONLY,153.35820223549527,integer optimal solution,0.005084399999986999
0.7,10,3,2,0,OD-FIRST,143.88560087052693,pass1=integer optimal solution|pass2=integer optimal solution,0.038623200000074576
0.7,10,3,2,0,GW-FIRST,141.5676220040681,pass1=integer optimal solution|pass2=integer optimal solution,0.04680319999988569
0.7,10,3,2,1,JOINT,132.93342182069784,integer optimal solution,0.030220200000030673
0.7,10,3,2,1,GW-ONLY,134.29454024650863,integer optimal solution,0.02846199999999044
0.7,10,3,2,1,OD-ONLY,138.70224757767866,integer optimal solution,0.0038380000000870496
0.7,10,3,2,1,OD-FIRST,138.70224757767866,pass1=integer optimal solution|pass2=integer optimal solution,0.025143500000012864
0.7,10,3,2,1,GW-FIRST,132.93342182069784,pass1=integer optimal solution|pass2=integer optimal solution,0.046258699999953024
0.7,10,3,2,2,JOINT,115.86878693598422,integer optimal solution,0.039782399999921836
0.7,10,3,2,2,GW-ONLY,120.37702455933767,integer optimal solution,0.03820639999980813
0.7,10,3,2,2,OD-ONLY,118.91041534533403,integer optimal solution,0.002740399999993315
0.7,10,3,2,2,OD-FIRST,115.86878693598422,pass1=integer optimal solution|pass2=integer optimal solution,0.02867910000009033
0.7,10,3,2,2,GW-FIRST,116.62191578772487,pass1=integer optimal solution|pass2=integer optimal solution,0.044362699999965116
0.7,10,3,2,3,JOINT,136.0937762768121,integer optimal solution,0.030715200000031473
0.7,10,3,2,3,GW-ONLY,145.03991553698984,integer optimal solution,0.03639060000000427
0.7,10,3,2,3,OD-ONLY,136.0937762768121,integer optimal solution,0.0074489000000994565
0.7,10,3,2,3,OD-FIRST,136.0937762768121,pass1=integer optimal solution|pass2=integer optimal solution,0.025586499999917578
0.7,10,3,2,3,GW-FIRST,145.0399155369898,pass1=integer optimal solution|pass2=integer optimal solution,0.04588069999999789
0.7,10,3,2,4,JOINT,148.47216439022256,integer optimal solution,0.04519570000002204
0.7,10,3,2,4,GW-ONLY,157.3984953061985,integer optimal solution,0.05153980000000047
0.7,10,3,2,4,OD-ONLY,148.47216439022253,integer optimal solution,0.006611199999952078
0.7,10,3,2,4,OD-FIRST,148.47216439022253,pass1=integer optimal solution|pass2=integer optimal solution,0.023226599999816244
0.7,10,3,2,4,GW-FIRST,148.47216439022253,pass1=integer optimal solution|pass2=integer optimal solution,0.05490110000005188
0.7,10,3,2,5,JOINT,151.0087838017467,integer optimal solution,0.034383100000013656
0.7,10,3,2,5,GW-ONLY,154.91688067938156,integer optimal solution,0.034641799999917566
0.7,10,3,2,5,OD-ONLY,151.0087838017467,integer optimal solution,0.003477900000007139
0.7,10,3,2,5,OD-FIRST,151.0087838017467,pass1=integer optimal solution|pass2=integer optimal solution,0.035229399999934685
0.7,10,3,2,5,GW-FIRST,151.0087838017467,pass1=integer optimal solution|pass2=integer optimal solution,0.04404300000010153
0.7,10,3,2,6,JOINT,158.9833556867431,integer optimal solution,0.03411550000009811
0.7,10,3,2,6,GW-ONLY,164.4960901812467,integer optimal solution,0.03416530000004059
0.7,10,3,2,6,OD-ONLY,162.28629848755025,integer optimal solution,0.003485700000055658
0.7,10,3,2,6,OD-FIRST,158.98335568674312,pass1=integer optimal solution|pass2=integer optimal solution,0.027213399999936883
0.7,10,3,2,6,GW-FIRST,158.9833556867431,pass1=integer optimal solution|pass2=integer optimal solution,0.03755630000000565
0.7,10,3,2,7,JOINT,123.0085775657335,integer optimal solution,0.045483100000183185
0.7,10,3,2,7,GW-ONLY,124.47150669514743,integer optimal solution,0.037452200000188896
0.7,10,3,2,7,OD-ONLY,146.77026117611655,integer optimal solution,0.0058715999998639745
0.7,10,3,2,7,OD-FIRST,123.29564497510268,pass1=integer optimal solution|pass2=integer optimal solution,0.03156160000003183
0.7,10,3,2,7,GW-FIRST,123.00857756573353,pass1=integer optimal solution|pass2=integer optimal solution,0.03764200000000528
0.7,10,3,2,8,JOINT,156.19059612199868,integer optimal solution,0.04149219999999332
0.7,10,3,2,8,GW-ONLY,166.14202712127397,integer optimal solution,0.032046899999841116
0.7,10,3,2,8,OD-ONLY,156.19059612199868,integer optimal solution,0.004948199999944336
0.7,10,3,2,8,OD-FIRST,156.19059612199868,pass1=integer optimal solution|pass2=integer optimal solution,0.028969800000140822
0.7,10,3,2,8,GW-FIRST,166.14202712127397,pass1=integer optimal solution|pass2=integer optimal solution,0.04710849999992206
0.7,10,3,2,9,JOINT,149.5913853610984,integer optimal solution,0.0363687999999911
0.7,10,3,2,9,GW-ONLY,153.41501619730457,integer optimal solution,0.041878700000097524
0.7,10,3,2,9,OD-ONLY,151.05577611565016,integer optimal solution,0.005883900000071662
0.7,10,3,2,9,OD-FIRST,149.59138536109842,pass1=integer optimal solution|pass2=integer optimal solution,0.0342967999999928
0.7,10,3,2,9,GW-FIRST,153.41501619730457,pass1=integer optimal solution|pass2=integer optimal solution,0.04398880000007921
0.7,10,3,2,10,JOINT,114.44014960117296,integer optimal solution,0.04523979999999028
0.7,10,3,2,10,GW-ONLY,118.35752309950512,integer optimal solution,0.03396530000009079
0.7,10,3,2,10,OD-ONLY,118.9934593819864,integer optimal solution,0.006673999999975422
0.7,10,3,2,10,OD-FIRST,115.84827481229482,pass1=integer optimal solution|pass2=integer optimal solution,0.037534300000061194
0.7,10,3,2,10,GW-FIRST,118.35752309950513,pass1=integer optimal solution|pass2=integer optimal solution,0.04633600000011029
0.7,10,3,2,11,JOINT,125.18472826239483,integer optimal solution,0.03580439999996088
0.7,10,3,2,11,GW-ONLY,135.02996490472214,integer optimal solution,0.04150329999993119
0.7,10,3,2,11,OD-ONLY,133.025763491018,integer optimal solution,0.007721999999830587
0.7,10,3,2,11,OD-FIRST,125.18472826239483,pass1=integer optimal solution|pass2=integer optimal solution,0.024889100000109465
0.7,10,3,2,11,GW-FIRST,125.18472826239483,pass1=integer optimal solution|pass2=integer optimal solution,0.048767100000077335
0.7,10,3,2,12,JOINT,130.76232534808634,integer optimal solution,0.030821699999933116
0.7,10,3,2,12,GW-ONLY,130.76232534808634,integer optimal solution,0.04021779999993669
0.7,10,3,2,12,OD-ONLY,134.970784219893,integer optimal solution,0.0035001999999622058
0.7,10,3,2,12,OD-FIRST,130.76232534808634,pass1=integer optimal solution|pass2=integer optimal solution,0.04588160000002972
0.7,10,3,2,12,GW-FIRST,130.76232534808634,pass1=integer optimal solution|pass2=integer optimal solution,0.05321619999995164
0.7,10,3,2,13,JOINT,139.1624537237529,integer optimal solution,0.03608599999984108
0.7,10,3,2,13,GW-ONLY,141.22854589442798,integer optimal solution,0.04227160000004915
0.7,10,3,2,13,OD-ONLY,139.1624537237529,integer optimal solution,0.005409300000110306
0.7,10,3,2,13,OD-FIRST,139.1624537237529,pass1=integer optimal solution|pass2=integer optimal solution,0.041644099999984974
0.7,10,3,2,13,GW-FIRST,139.1624537237529,pass1=integer optimal solution|pass2=integer optimal solution,0.05760709999981373
0.7,10,3,2,14,JOINT,125.76044819457692,integer optimal solution,0.03445749999991676
0.7,10,3,2,14,GW-ONLY,132.97715679272721,integer optimal solution,0.04268350000006649
0.7,10,3,2,14,OD-ONLY,128.11193788593013,integer optimal solution,0.0066249000001334934
0.7,10,3,2,14,OD-FIRST,125.76044819457691,pass1=integer optimal solution|pass2=integer optimal solution,0.023128499999984342
0.7,10,3,2,14,GW-FIRST,129.20545110959313,pass1=integer optimal solution|pass2=integer optimal solution,0.0398694999998952
0.7,10,3,2,15,JOINT,136.59795125324234,integer optimal solution,0.03576329999987138
0.7,10,3,2,15,GW-ONLY,149.92728620193077,integer optimal solution,0.03171580000002905
0.7,10,3,2,15,OD-ONLY,136.59795125324234,integer optimal solution,0.005598200000122233
0.7,10,3,2,15,OD-FIRST,136.59795125324237,pass1=integer optimal solution|pass2=integer optimal solution,0.027937900000097216
0.7,10,3,2,15,GW-FIRST,149.92728620193077,pass1=integer optimal solution|pass2=integer optimal solution,0.03858020000006945
0.7,10,3,2,16,JOINT,121.46473407278002,integer optimal solution,0.031013000000029933
0.7,10,3,2,16,GW-ONLY,125.30836375290414,integer optimal solution,0.03175830000009228
0.7,10,3,2,16,OD-ONLY,125.28635557507701,integer optimal solution,0.0050072999999883905
0.7,10,3,2,16,OD-FIRST,121.46473407278003,pass1=integer optimal solution|pass2=integer optimal solution,0.028792000000066764
0.7,10,3,2,16,GW-FIRST,124.28566063112407,pass1=integer optimal solution|pass2=integer optimal solution,0.03425129999982346
0.7,10,3,2,17,JOINT,108.13598767610883,integer optimal solution,0.03240049999999428
0.7,10,3,2,17,GW-ONLY,114.84191365346962,integer optimal solution,0.031224899999870104
0.7,10,3,2,17,OD-ONLY,108.69063127015752,integer optimal solution,0.0035396000000673666
0.7,10,3,2,17,OD-FIRST,108.13598767610884,pass1=integer optimal solution|pass2=integer optimal solution,0.022068400000080146
0.7,10,3,2,17,GW-FIRST,113.05650206292927,pass1=integer optimal solution|pass2=integer optimal solution,0.04468399999996109
0.7,10,3,2,18,JOINT,139.5632656803125,integer optimal solution,0.041853800000126284
0.7,10,3,2,18,GW-ONLY,141.1371394009097,integer optimal solution,0.0430297000000337
0.7,10,3,2,18,OD-ONLY,145.99495656871625,integer optimal solution,0.0042817000000923144
0.7,10,3,2,18,OD-FIRST,139.56326568031253,pass1=integer optimal solution|pass2=integer optimal solution,0.037177600000177335
0.7,10,3,2,18,GW-FIRST,139.56326568031253,pass1=integer optimal solution|pass2=integer optimal solution,0.0473991000001206
0.7,10,3,2,19,JOINT,130.9801725878308,integer optimal solution,0.03763019999996686
0.7,10,3,2,19,GW-ONLY,135.41835228937774,integer optimal solution,0.05083540000009634
0.7,10,3,2,19,OD-ONLY,136.84938275054242,integer optimal solution,0.0060416999999688414
0.7,10,3,2,19,OD-FIRST,130.9801725878308,pass1=integer optimal solution|pass2=integer optimal solution,0.05205640000008316
0.7,10,3,2,19,GW-FIRST,130.9801725878308,pass1=integer optimal solution|pass2=integer optimal solution,0.05832009999994625
0.7,10,3,2,20,JOINT,164.77924707476657,integer optimal solution,0.03117459999998573
0.7,10,3,2,20,GW-ONLY,177.12128835094794,integer optimal solution,0.034934700000121666
0.7,10,3,2,20,OD-ONLY,164.77924707476657,integer optimal solution,0.0040478999999322696
0.7,10,3,2,20,OD-FIRST,164.77924707476657,pass1=integer optimal solution|pass2=integer optimal solution,0.034453200000143624
0.7,10,3,2,20,GW-FIRST,177.12128835094794,pass1=integer optimal solution|pass2=integer optimal solution,0.05434730000001764
0.7,10,3,2,21,JOINT,161.05529724235294,integer optimal solution,0.03148039999996399
0.7,10,3,2,21,GW-ONLY,163.10049122395077,integer optimal solution,0.03507009999998445
0.7,10,3,2,21,OD-ONLY,165.52232514884383,integer optimal solution,0.0034129000000575616
0.7,10,3,2,21,OD-FIRST,161.0552972423529,pass1=integer optimal solution|pass2=integer optimal solution,0.029671300000018164
0.7,10,3,2,21,GW-FIRST,162.49704778574352,pass1=integer optimal solution|pass2=integer optimal solution,0.04616999999984728
0.7,10,3,2,22,JOINT,101.95821038556076,integer optimal solution,0.026668300000210365
0.7,10,3,2,22,GW-ONLY,113.91808357432798,integer optimal solution,0.02655559999993784
0.7,10,3,2,22,OD-ONLY,104.30501927703742,integer optimal solution,0.008461699999998018
0.7,10,3,2,22,OD-FIRST,101.95821038556075,pass1=integer optimal solution|pass2=integer optimal solution,0.02096209999990606
0.7,10,3,2,22,GW-FIRST,104.68553441414711,pass1=integer optimal solution|pass2=integer optimal solution,0.040095800000017334
0.7,10,3,2,23,JOINT,109.71450941644036,integer optimal solution,0.035631599999987884
0.7,10,3,2,23,GW-ONLY,115.85922751689841,integer optimal solution,0.027230900000176916
0.7,10,3,2,23,OD-ONLY,109.71450941644036,integer optimal solution,0.005121099999996659
0.7,10,3,2,23,OD-FIRST,109.71450941644036,pass1=integer optimal solution|pass2=integer optimal solution,0.02620840000008684
0.7,10,3,2,23,GW-FIRST,115.85922751689841,pass1=integer optimal solution|pass2=integer optimal solution,0.039771999999857144
0.7,10,3,2,24,JOINT,118.51389546328046,integer optimal solution,0.03229849999979706
0.7,10,3,2,24,GW-ONLY,123.43400731031028,integer optimal solution,0.02813349999996717
0.7,10,3,2,24,OD-ONLY,118.51389546328046,integer optimal solution,0.014895800000203963
0.7,10,3,2,24,OD-FIRST,118.51389546328048,pass1=integer optimal solution|pass2=integer optimal solution,0.030509500000107437
0.7,10,3,2,24,GW-FIRST,123.43400731031029,pass1=integer optimal solution|pass2=integer optimal solution,0.039925799999991796
0.7,10,2,3,0,JOINT,132.7798107926859,integer optimal solution,0.040954600000077335
0.7,10,2,3,0,GW-ONLY,143.28798586376504,integer optimal solution,0.03205409999986841
0.7,10,2,3,0,OD-ONLY,132.7798107926859,integer optimal solution,0.007613999999875887
0.7,10,2,3,0,OD-FIRST,132.7798107926859,pass1=integer optimal solution|pass2=integer optimal solution,0.025529699999879085
0.7,10,2,3,0,GW-FIRST,132.7798107926859,pass1=integer optimal solution|pass2=integer optimal solution,0.043075700000144934
0.7,10,2,3,1,JOINT,127.85731529150536,integer optimal solution,0.03069750000008753
0.7,10,2,3,1,GW-ONLY,144.68216360668862,integer optimal solution,0.028963700000076642
0.7,10,2,3,1,OD-ONLY,128.96693995922314,integer optimal solution,0.004809999999906722
0.7,10,2,3,1,OD-FIRST,128.96693995922314,pass1=integer optimal solution|pass2=integer optimal solution,0.020865700000058496
0.7,10,2,3,1,GW-FIRST,127.85731529150534,pass1=integer optimal solution|pass2=integer optimal solution,0.037262599999849044
0.7,10,2,3,2,JOINT,179.54697175714895,integer optimal solution,0.028950099999974555
0.7,10,2,3,2,GW-ONLY,187.01262219462117,integer optimal solution,0.03616439999996146
0.7,10,2,3,2,OD-ONLY,179.54697175714895,integer optimal solution,0.0040701000000353815
0.7,10,2,3,2,OD-FIRST,179.54697175714892,pass1=integer optimal solution|pass2=integer optimal solution,0.03376329999991867
0.7,10,2,3,2,GW-FIRST,187.01262219462117,pass1=integer optimal solution|pass2=integer optimal solution,0.060967699999991964
0.7,10,2,3,3,JOINT,152.24712544862734,integer optimal solution,0.033113699999830715
0.7,10,2,3,3,GW-ONLY,155.6823169791116,integer optimal solution,0.03378589999988435
0.7,10,2,3,3,OD-ONLY,152.24712544862734,integer optimal solution,0.003316999999924519
0.7,10,2,3,3,OD-FIRST,152.24712544862737,pass1=integer optimal solution|pass2=integer optimal solution,0.03585150000003523
0.7,10,2,3,3,GW-FIRST,152.24712544862734,pass1=integer optimal solution|pass2=integer optimal solution,0.045093299999962255
0.7,10,2,3,4,JOINT,131.29921656855015,integer optimal solution,0.042648200000030556
0.7,10,2,3,4,GW-ONLY,140.45192543767698,integer optimal solution,0.0375941000002058
0.7,10,2,3,4,OD-ONLY,140.83271243870726,integer optimal solution,0.0060743999999886
0.7,10,2,3,4,OD-FIRST,131.29921656855015,pass1=integer optimal solution|pass2=integer optimal solution,0.029232999999976528
0.7,10,2,3,4,GW-FIRST,131.29921656855015,pass1=integer optimal solution|pass2=integer optimal solution,0.05321260000005168
0.7,10,2,3,5,JOINT,158.74913263112194,integer optimal solution,0.045346699999981865
0.7,10,2,3,5,GW-ONLY,161.9277309807919,integer optimal solution,0.04124619999993229
0.7,10,2,3,5,OD-ONLY,158.74913263112197,integer optimal solution,0.00352670000006583
0.7,10,2,3,5,OD-FIRST,158.74913263112197,pass1=integer optimal solution|pass2=integer optimal solution,0.03533840000000055
0.7,10,2,3,5,GW-FIRST,158.74913263112197,pass1=integer optimal solution|pass2=integer optimal solution,0.04544939999982489
0.7,10,2,3,6,JOINT,121.81651893579318,integer optimal solution,0.030551799999784635
0.7,10,2,3,6,GW-ONLY,134.70979077101666,integer optimal solution,0.0346825000001445
0.7,10,2,3,6,OD-ONLY,122.80107351112733,integer optimal solution,0.01445899999998801
0.7,10,2,3,6,OD-FIRST,121.81651893579318,pass1=integer optimal solution|pass2=integer optimal solution,0.019318399999974645
0.7,10,2,3,6,GW-FIRST,127.24428075162554,pass1=integer optimal solution|pass2=integer optimal solution,0.03997810000009849
0.7,10,2,3,7,JOINT,138.1126194597606,integer optimal solution,0.03978729999994357
0.7,10,2,3,7,GW-ONLY,147.8915908609634,integer optimal solution,0.049636299999974653
0.7,10,2,3,7,OD-ONLY,138.1126194597606,integer optimal solution,0.006656799999973373
0.7,10,2,3,7,OD-FIRST,138.1126194597606,pass1=integer optimal solution|pass2=integer optimal solution,0.020806200000151875
0.7,10,2,3,7,GW-FIRST,138.1126194597606,pass1=integer optimal solution|pass2=integer optimal solution,0.04412269999988894
0.7,10,2,3,8,JOINT,145.22684367334583,integer optimal solution,0.040774900000087655
0.7,10,2,3,8,GW-ONLY,149.22119826196865,integer optimal solution,0.037680899999941175
0.7,10,2,3,8,OD-ONLY,145.22684367334583,integer optimal solution,0.004089600000042992
0.7,10,2,3,8,OD-FIRST,145.22684367334585,pass1=integer optimal solution|pass2=integer optimal solution,0.02559190000010858
0.7,10,2,3,8,GW-FIRST,145.22684367334583,pass1=integer optimal solution|pass2=integer optimal solution,0.05687430000011773
0.7,10,2,3,9,JOINT,140.615272590507,integer optimal solution,0.031483100000059494
0.7,10,2,3,9,GW-ONLY,145.82365095817948,integer optimal solution,0.03825449999999364
0.7,10,2,3,9,OD-ONLY,140.615272590507,integer optimal solution,0.005387199999859149
0.7,10,2,3,9,OD-FIRST,140.615272590507,pass1=integer optimal solution|pass2=integer optimal solution,0.03828970000017762
0.7,10,2,3,9,GW-FIRST,140.615272590507,pass1=integer optimal solution|pass2=integer optimal solution,0.032761999999820546
0.7,10,2,3,10,JOINT,157.44002841830817,integer optimal solution,0.031501499999876614
0.7,10,2,3,10,GW-ONLY,163.06517757605647,integer optimal solution,0.0339317000000392
0.7,10,2,3,10,OD-ONLY,157.4400284183082,integer optimal solution,0.005860999999868
0.7,10,2,3,10,OD-FIRST,157.44002841830823,pass1=integer optimal solution|pass2=integer optimal solution,0.024377299999969182
0.7,10,2,3,10,GW-FIRST,159.23009562555012,pass1=integer optimal solution|pass2=integer optimal solution,0.037281200000052195
0.7,10,2,3,11,JOINT,134.34914959223318,integer optimal solution,0.035520799999858355
0.7,10,2,3,11,GW-ONLY,138.54017269248976,integer optimal solution,0.03084460000013678
0.7,10,2,3,11,OD-ONLY,134.34914959223318,integer optimal solution,0.004004499999837208
0.7,10,2,3,11,OD-FIRST,134.34914959223318,pass1=integer optimal solution|pass2=integer optimal solution,0.028268199999956778
0.7,10,2,3,11,GW-FIRST,134.34914959223318,pass1=integer optimal solution|pass2=integer optimal solution,0.045598800000107076
0.7,10,2,3,12,JOINT,110.30049643227782,integer optimal solution,0.03384750000009262
0.7,10,2,3,12,GW-ONLY,110.30049643227781,integer optimal solution,0.0362660999999207
0.7,10,2,3,12,OD-ONLY,112.40703177319241,integer optimal solution,0.008793199999900025
0.7,10,2,3,12,OD-FIRST,110.30049643227781,pass1=integer optimal solution|pass2=integer optimal solution,0.03251700000009805
0.7,10,2,3,12,GW-FIRST,110.30049643227781,pass1=integer optimal solution|pass2=integer optimal solution,0.034918199999992794
0.7,10,2,3,13,JOINT,118.03418907334907,integer optimal solution,0.03239109999981338
0.7,10,2,3,13,GW-ONLY,128.15707338502887,integer optimal solution,0.02583379999987301
0.7,10,2,3,13,OD-ONLY,118.03418907334908,integer optimal solution,0.0034646999999949912
0.7,10,2,3,13,OD-FIRST,118.03418907334908,pass1=integer optimal solution|pass2=integer optimal solution,0.014119299999947543
0.7,10,2,3,13,GW-FIRST,123.02231330176551,pass1=integer optimal solution|pass2=integer optimal solution,0.044948599999997896
0.7,10,2,3,14,JOINT,103.26673157173383,integer optimal solution,0.02623870000002171
0.7,10,2,3,14,GW-ONLY,110.94540840070752,integer optimal solution,0.0385959999998704
0.7,10,2,3,14,OD-ONLY,103.26673157173383,integer optimal solution,0.005497099999956845
0.7,10,2,3,14,OD-FIRST,103.26673157173384,pass1=integer optimal solution|pass2=integer optimal solution,0.013564599999881466
0.7,10,2,3,14,GW-FIRST,110.92073137446914,pass1=integer optimal solution|pass2=integer optimal solution,0.03247929999997723
0.7,10,2,3,15,JOINT,131.5326653905304,integer optimal solution,0.02953299999990122
0.7,10,2,3,15,GW-ONLY,138.62342757300382,integer optimal solution,0.029749600000059218
0.7,10,2,3,15,OD-ONLY,131.5340124350915,integer optimal solution,0.004994399999986854
0.7,10,2,3,15,OD-FIRST,131.5326653905304,pass1=integer optimal solution|pass2=integer optimal solution,0.02014499999995678
0.7,10,2,3,15,GW-FIRST,132.30507171465177,pass1=integer optimal solution|pass2=integer optimal solution,0.04062900000008085
0.7,10,2,3,16,JOINT,163.93688910392083,integer optimal solution,0.030344900000045527
0.7,10,2,3,16,GW-ONLY,163.93688910392083,integer optimal solution,0.03277169999978469
0.7,10,2,3,16,OD-ONLY,165.5353450298633,integer optimal solution,0.007045900000093752
0.7,10,2,3,16,OD-FIRST,163.93688910392083,pass1=integer optimal solution|pass2=integer optimal solution,0.042425900000125694
0.7,10,2,3,16,GW-FIRST,163.9368891039208,pass1=integer optimal solution|pass2=integer optimal solution,0.044858500000145796
0.7,10,2,3,17,JOINT,145.92540628355985,integer optimal solution,0.031740600000148333
0.7,10,2,3,17,GW-ONLY,145.92540628355985,integer optimal solution,0.030033000000003085
0.7,10,2,3,17,OD-ONLY,150.65632268145976,integer optimal solution,0.0026807999997799925
0.7,10,2,3,17,OD-FIRST,145.92540628355985,pass1=integer optimal solution|pass2=integer optimal solution,0.034846200000174576
0.7,10,2,3,17,GW-FIRST,145.92540628355982,pass1=integer optimal solution|pass2=integer optimal solution,0.04470250000008491
0.7,10,2,3,18,JOINT,130.6996314298645,integer optimal solution,0.03528350000010505
0.7,10,2,3,18,GW-ONLY,131.49261972311447,integer optimal solution,0.04081010000004426
0.7,10,2,3,18,OD-ONLY,140.95515072739698,integer optimal solution,0.0036757999998826563
0.7,10,2,3,18,OD-FIRST,132.16805652137126,pass1=integer optimal solution|pass2=integer optimal solution,0.017685400000118534
0.7,10,2,3,18,GW-FIRST,130.6996314298645,pass1=integer optimal solution|pass2=integer optimal solution,0.0452752999999575
0.7,10,2,3,19,JOINT,157.46770855729216,integer optimal solution,0.03139259999989008
0.7,10,2,3,19,GW-ONLY,157.46770855729216,integer optimal solution,0.03958569999986139
0.7,10,2,3,19,OD-ONLY,159.7656987400071,integer optimal solution,0.005731299999979456
0.7,10,2,3,19,OD-FIRST,157.46770855729216,pass1=integer optimal solution|pass2=integer optimal solution,0.04268999999999323
0.7,10,2,3,19,GW-FIRST,157.46770855729218,pass1=integer optimal solution|pass2=integer optimal solution,0.04332180000005792
0.7,10,2,3,20,JOINT,148.43023416431845,integer optimal solution,0.03139609999993809
0.7,10,2,3,20,GW-ONLY,148.65739808149107,integer optimal solution,0.03792250000014974
0.7,10,2,3,20,OD-ONLY,148.43023416431845,integer optimal solution,0.0036953999999695952
0.7,10,2,3,20,OD-FIRST,148.43023416431848,pass1=integer optimal solution|pass2=integer optimal solution,0.033222399999885965
0.7,10,2,3,20,GW-FIRST,148.43023416431845,pass1=integer optimal solution|pass2=integer optimal solution,0.04747700000007171
0.7,10,2,3,21,JOINT,142.88540195831112,integer optimal solution,0.04620339999996759
0.7,10,2,3,21,GW-ONLY,154.22954474629438,integer optimal solution,0.03225209999982326
0.7,10,2,3,21,OD-ONLY,145.5717346172185,integer optimal solution,0.004885000000058426
0.7,10,2,3,21,OD-FIRST,144.82660197499385,pass1=integer optimal solution|pass2=integer optimal solution,0.03202710000005027
0.7,10,2,3,21,GW-FIRST,142.88540195831112,pass1=integer optimal solution|pass2=integer optimal solution,0.036475200000040786
0.7,10,2,3,22,JOINT,114.2978899330422,integer optimal solution,0.027629499999875407
0.7,10,2,3,22,GW-ONLY,129.6193393635902,integer optimal solution,0.031504300000051444
0.7,10,2,3,22,OD-ONLY,116.94498119954349,integer optimal solution,0.004905499999949825
0.7,10,2,3,22,OD-FIRST,114.2978899330422,pass1=integer optimal solution|pass2=integer optimal solution,0.020308999999997468
0.7,10,2,3,22,GW-FIRST,129.6193393635902,pass1=integer optimal solution|pass2=integer optimal solution,0.036560999999892374
0.7,10,2,3,23,JOINT,138.8982195110384,integer optimal solution,0.038487199999963195
0.7,10,2,3,23,GW-ONLY,145.88490969391674,integer optimal solution,0.0233023000000685
0.7,10,2,3,23,OD-ONLY,138.8982195110384,integer optimal solution,0.0030111000000943022
0.7,10,2,3,23,OD-FIRST,138.89821951103843,pass1=integer optimal solution|pass2=integer optimal solution,0.027037100000143255
0.7,10,2,3,23,GW-FIRST,138.8982195110384,pass1=integer optimal solution|pass2=integer optimal solution,0.04112110000005487
0.7,10,2,3,24,JOINT,142.86617772157217,integer optimal solution,0.03634749999991982
0.7,10,2,3,24,GW-ONLY,145.9054463930707,integer optimal solution,0.04308519999995042
0.7,10,2,3,24,OD-ONLY,142.86617772157217,integer optimal solution,0.011251500000071246
0.7,10,2,3,24,OD-FIRST,142.86617772157217,pass1=integer optimal solution|pass2=integer optimal solution,0.02827049999996234
0.7,10,2,3,24,GW-FIRST,142.86617772157217,pass1=integer optimal solution|pass2=integer optimal solution,0.057612100000142163
0.7,10,3,3,0,JOINT,127.86022372953808,integer optimal solution,0.030939399999851958
0.7,10,3,3,0,GW-ONLY,133.3514011926203,integer optimal solution,0.034499799999821334
0.7,10,3,3,0,OD-ONLY,127.86022372953809,integer optimal solution,0.0052208999998129
0.7,10,3,3,0,OD-FIRST,127.86022372953809,pass1=integer optimal solution|pass2=integer optimal solution,0.017493299999841838
0.7,10,3,3,0,GW-FIRST,130.48761911616174,pass1=integer optimal solution|pass2=integer optimal solution,0.04391489999989062
0.7,10,3,3,1,JOINT,144.84135853627217,integer optimal solution,0.033684799999946335
0.7,10,3,3,1,GW-ONLY,150.7878603794072,integer optimal solution,0.028947799999968993
0.7,10,3,3,1,OD-ONLY,161.95519889057707,integer optimal solution,0.017240799999854062
0.7,10,3,3,1,OD-FIRST,155.30309985189928,pass1=integer optimal solution|pass2=integer optimal solution,0.026043599999866274
0.7,10,3,3,1,GW-FIRST,144.84135853627217,pass1=integer optimal solution|pass2=integer optimal solution,0.053351400000110516
0.7,10,3,3,2,JOINT,171.13631328864125,integer optimal solution,0.03477169999996477
0.7,10,3,3,2,GW-ONLY,173.90739943515644,integer optimal solution,0.03286460000003899
0.7,10,3,3,2,OD-ONLY,171.13631328864128,integer optimal solution,0.0030218000001696055
0.7,10,3,3,2,OD-FIRST,171.13631328864125,pass1=integer optimal solution|pass2=integer optimal solution,0.032262100000025384
0.7,10,3,3,2,GW-FIRST,171.13631328864128,pass1=integer optimal solution|pass2=integer optimal solution,0.03938889999994899
0.7,10,3,3,3,JOINT,155.86789157918037,integer optimal solution,0.033897799999976996
0.7,10,3,3,3,GW-ONLY,161.64971336574297,integer optimal solution,0.031718599999976504
0.7,10,3,3,3,OD-ONLY,155.86789157918037,integer optimal solution,0.00483410000015283
0.7,10,3,3,3,OD-FIRST,155.86789157918037,pass1=integer optimal solution|pass2=integer optimal solution,0.02988520000008066
0.7,10,3,3,3,GW-FIRST,155.86789157918037,pass1=integer optimal solution|pass2=integer optimal solution,0.041906799999878785
0.7,10,3,3,4,JOINT,139.72377145540096,integer optimal solution,0.025756300000011834
0.7,10,3,3,4,GW-ONLY,149.30872180522667,integer optimal solution,0.036986699999943085
0.7,10,3,3,4,OD-ONLY,139.723771455401,integer optimal solution,0.006188199999996868
0.7,10,3,3,4,OD-FIRST,139.72377145540096,pass1=integer optimal solution|pass2=integer optimal solution,0.029825599999867336
0.7,10,3,3,4,GW-FIRST,139.723771455401,pass1=integer optimal solution|pass2=integer optimal solution,0.04084330000000591
0.7,10,3,3,5,JOINT,139.89766429207805,integer optimal solution,0.034022999999933745
0.7,10,3,3,5,GW-ONLY,148.48886071631932,integer optimal solution,0.042139700000007
0.7,10,3,3,5,OD-ONLY,139.89766429207805,integer optimal solution,0.006101599999965401
0.7,10,3,3,5,OD-FIRST,139.89766429207805,pass1=integer optimal solution|pass2=integer optimal solution,0.015799900000047273
0.7,10,3,3,5,GW-FIRST,148.48886071631932,pass1=integer optimal solution|pass2=integer optimal solution,0.05117049999989831
0.7,10,3,3,6,JOINT,128.57012782698467,integer optimal solution,0.03483479999999872
0.7,10,3,3,6,GW-ONLY,133.05220119382528,integer optimal solution,0.0430164000001696
0.7,10,3,3,6,OD-ONLY,129.57516831657287,integer optimal solution,0.005797199999960867
0.7,10,3,3,6,OD-FIRST,129.5751683165729,pass1=integer optimal solution|pass2=integer optimal solution,0.027263500000117347
0.7,10,3,3,6,GW-FIRST,128.57012782698467,pass1=integer optimal solution|pass2=integer optimal solution,0.05057590000001255
0.7,10,3,3,7,JOINT,100.93126896763701,integer optimal solution,0.029278600000225197
0.7,10,3,3,7,GW-ONLY,109.53303549611165,integer optimal solution,0.037923300000102245
0.7,10,3,3,7,OD-ONLY,100.93126896763701,integer optimal solution,0.006779999999935171
0.7,10,3,3,7,OD-FIRST,100.93126896763701,pass1=integer optimal solution|pass2=integer optimal solution,0.020656700000017736
0.7,10,3,3,7,GW-FIRST,107.98171647056452,pass1=integer optimal solution|pass2=integer optimal solution,0.03552130000002762
0.7,10,3,3,8,JOINT,149.23913454530822,integer optimal solution,0.04212899999993169
0.7,10,3,3,8,GW-ONLY,150.96660614639964,integer optimal solution,0.033204000000068845
0.7,10,3,3,8,OD-ONLY,149.23913454530822,integer optimal solution,0.0036953999999695952
0.7,10,3,3,8,OD-FIRST,149.23913454530822,pass1=integer optimal solution|pass2=integer optimal solution,0.045381299999917246
0.7,10,3,3,8,GW-FIRST,149.23913454530822,pass1=integer optimal solution|pass2=integer optimal solution,0.0509230000000116
0.7,10,3,3,9,JOINT,123.15406055821796,integer optimal solution,0.03476750000004358
0.7,10,3,3,9,GW-ONLY,134.83519500508203,integer optimal solution,0.029565000000047803
0.7,10,3,3,9,OD-ONLY,123.15406055821796,integer optimal solution,0.0034991999998510437
0.7,10,3,3,9,OD-FIRST,123.15406055821799,pass1=integer optimal solution|pass2=integer optimal solution,0.016541500000130327
0.7,10,3,3,9,GW-FIRST,127.75610316192267,pass1=integer optimal solution|pass2=integer optimal solution,0.045739099999991595
0.7,10,3,3,10,JOINT,128.9344500353037,integer optimal solution,0.033263900000065405
0.7,10,3,3,10,GW-ONLY,136.15904414949466,integer optimal solution,0.033778699999857054
0.7,10,3,3,10,OD-ONLY,128.93445003530374,integer optimal solution,0.014027500000111104
0.7,10,3,3,10,OD-FIRST,128.93445003530374,pass1=integer optimal solution|pass2=integer optimal solution,0.03036470000006375
0.7,10,3,3,10,GW-FIRST,128.93445003530374,pass1=integer optimal solution|pass2=integer optimal solution,0.043499899999915215
0.7,10,3,3,11,JOINT,120.27319986498411,integer optimal solution,0.037037499999996726
0.7,10,3,3,11,GW-ONLY,122.42216896588504,integer optimal solution,0.03315280000015264
0.7,10,3,3,11,OD-ONLY,123.42378037591583,integer optimal solution,0.004890599999953338
0.7,10,3,3,11,OD-FIRST,120.27319986498412,pass1=integer optimal solution|pass2=integer optimal solution,0.033018200000014986
0.7,10,3,3,11,GW-FIRST,122.42216896588505,pass1=integer optimal solution|pass2=integer optimal solution,0.038257100000009814
0.7,10,3,3,12,JOINT,148.7369995671953,integer optimal solution,0.03438149999988127
0.7,10,3,3,12,GW-ONLY,151.9735536705777,integer optimal solution,0.034808399999974426
0.7,10,3,3,12,OD-ONLY,148.7369995671953,integer optimal solution,0.0051642000000811095
0.7,10,3,3,12,OD-FIRST,148.73699956719534,pass1=integer optimal solution|pass2=integer optimal solution,0.03005380000013247
0.7,10,3,3,12,GW-FIRST,148.7369995671953,pass1=integer optimal solution|pass2=integer optimal solution,0.04365209999991748
0.7,10,3,3,13,JOINT,102.9894086415337,integer optimal solution,0.02993830000013986
0.7,10,3,3,13,GW-ONLY,119.77132079426255,integer optimal solution,0.030005399999936344
0.7,10,3,3,13,OD-ONLY,103.06171498772362,integer optimal solution,0.005802500000072541
0.7,10,3,3,13,OD-FIRST,103.06171498772362,pass1=integer optimal solution|pass2=integer optimal solution,0.02102359999980763
0.7,10,3,3,13,GW-FIRST,119.77132079426255,pass1=integer optimal solution|pass2=integer optimal solution,0.044337900000073205
0.7,10,3,3,14,JOINT,142.75636825999456,integer optimal solution,0.0430746999998064
0.7,10,3,3,14,GW-ONLY,151.84664736428687,integer optimal solution,0.04319009999994705
0.7,10,3,3,14,OD-ONLY,148.84479815659444,integer optimal solution,0.0058977999999569874
0.7,10,3,3,14,OD-FIRST,145.43176489526996,pass1=integer optimal solution|pass2=integer optimal solution,0.02628820000018095
0.7,10,3,3,14,GW-FIRST,142.75636825999453,pass1=integer optimal solution|pass2=integer optimal solution,0.03991130000008525
0.7,10,3,3,15,JOINT,142.69661392387235,integer optimal solution,0.037872699999979886
0.7,10,3,3,15,GW-ONLY,147.54138370984901,integer optimal solution,0.032031199999892124
0.7,10,3,3,15,OD-ONLY,142.69661392387232,integer optimal solution,0.0040727000000515545
0.7,10,3,3,15,OD-FIRST,142.69661392387232,pass1=integer optimal solution|pass2=integer optimal solution,0.0332589999998163
0.7,10,3,3,15,GW-FIRST,147.54138370984904,pass1=integer optimal solution|pass2=integer optimal solution,0.05049919999987651
0.7,10,3,3,16,JOINT,144.46300358959962,integer optimal solution,0.03449270000010074
0.7,10,3,3,16,GW-ONLY,147.17505586570195,integer optimal solution,0.03032389999998486
0.7,10,3,3,16,OD-ONLY,144.46300358959962,integer optimal solution,0.0038944000000356027
0.7,10,3,3,16,OD-FIRST,144.46300358959962,pass1=integer optimal solution|pass2=integer optimal solution,0.029403100000081395
0.7,10,3,3,16,GW-FIRST,147.17505586570192,pass1=integer optimal solution|pass2=integer optimal solution,0.052408399999876565
0.7,10,3,3,17,JOINT,135.74471633492428,integer optimal solution,0.03543409999997493
0.7,10,3,3,17,GW-ONLY,140.63813033698938,integer optimal solution,0.04111560000001191
0.7,10,3,3,17,OD-ONLY,135.7447163349243,integer optimal solution,0.007812699999931283
0.7,10,3,3,17,OD-FIRST,135.7447163349243,pass1=integer optimal solution|pass2=integer optimal solution,0.039216500000065935
0.7,10,3,3,17,GW-FIRST,135.7447163349243,pass1=integer optimal solution|pass2=integer optimal solution,0.062445000000025175
0.7,10,3,3,18,JOINT,170.5974155032839,integer optimal solution,0.04073259999995571
0.7,10,3,3,18,GW-ONLY,170.5974155032839,integer optimal solution,0.04013469999995323
0.7,10,3,3,18,OD-ONLY,170.5974155032839,integer optimal solution,0.006279999999833308
0.7,10,3,3,18,OD-FIRST,170.5974155032839,pass1=integer optimal solution|pass2=integer optimal solution,0.047913599999901635
0.7,10,3,3,18,GW-FIRST,170.5974155032839,pass1=integer optimal solution|pass2=integer optimal solution,0.06197610000003806
0.7,10,3,3,19,JOINT,135.29494666641773,integer optimal solution,0.04786510000008093
0.7,10,3,3,19,GW-ONLY,145.12206992161296,integer optimal solution,0.0508581999999933
0.7,10,3,3,19,OD-ONLY,139.39184251895344,integer optimal solution,0.008650199999920005
0.7,10,3,3,19,OD-FIRST,137.2986427123808,pass1=integer optimal solution|pass2=integer optimal solution,0.035740199999963806
0.7,10,3,3,19,GW-FIRST,145.12206992161293,pass1=integer optimal solution|pass2=integer optimal solution,0.06472759999996924
0.7,10,3,3,20,JOINT,135.74761766335257,integer optimal solution,0.05063139999992927
0.7,10,3,3,20,GW-ONLY,135.74761766335257,integer optimal solution,0.0484515000000556
0.7,10,3,3,20,OD-ONLY,135.74761766335257,integer optimal solution,0.002366100000017468
0.7,10,3,3,20,OD-FIRST,135.74761766335257,pass1=integer optimal solution|pass2=integer optimal solution,0.03384409999989657
0.7,10,3,3,20,GW-FIRST,135.74761766335257,pass1=integer optimal solution|pass2=integer optimal solution,0.04296799999997347
0.7,10,3,3,21,JOINT,115.3493695369454,integer optimal solution,0.028733599999895887
0.7,10,3,3,21,GW-ONLY,121.41151882913198,integer optimal solution,0.03579790000003413
0.7,10,3,3,21,OD-ONLY,117.38351915447777,integer optimal solution,0.005740000000059808
0.7,10,3,3,21,OD-FIRST,115.3493695369454,pass1=integer optimal solution|pass2=integer optimal solution,0.027920100000073944
0.7,10,3,3,21,GW-FIRST,121.41151882913198,pass1=integer optimal solution|pass2=integer optimal solution,0.03990879999992103
0.7,10,3,3,22,JOINT,110.13356489801146,integer optimal solution,0.04078890000005231
0.7,10,3,3,22,GW-ONLY,110.13356489801147,integer optimal solution,0.040524099999856844
0.7,10,3,3,22,OD-ONLY,110.13356489801147,integer optimal solution,0.003032100000154969
0.7,10,3,3,22,OD-FIRST,110.13356489801147,pass1=integer optimal solution|pass2=integer optimal solution,0.035342200000059165
0.7,10,3,3,22,GW-FIRST,110.13356489801147,pass1=integer optimal solution|pass2=integer optimal solution,0.046739600000137216
0.7,10,3,3,23,JOINT,140.11230487252487,integer optimal solution,0.04091219999986606
0.7,10,3,3,23,GW-ONLY,145.97696510392416,integer optimal solution,0.03672620000020288
0.7,10,3,3,23,OD-ONLY,140.11230487252487,integer optimal solution,0.00864000000001397
0.7,10,3,3,23,OD-FIRST,140.11230487252487,pass1=integer optimal solution|pass2=integer optimal solution,0.034414999999853535
0.7,10,3,3,23,GW-FIRST,145.97696510392416,pass1=integer optimal solution|pass2=integer optimal solution,0.06087419999994381
0.7,10,3,3,24,JOINT,132.76926998305058,integer optimal solution,0.0369029999999384
0.7,10,3,3,24,GW-ONLY,135.0971665834537,integer optimal solution,0.049857400000064445
0.7,10,3,3,24,OD-ONLY,132.76926998305058,integer optimal solution,0.006408400000054826
0.7,10,3,3,24,OD-FIRST,132.76926998305058,pass1=integer optimal solution|pass2=integer optimal solution,0.028109200000017154
0.7,10,3,3,24,GW-FIRST,135.0971665834537,pass1=integer optimal solution|pass2=integer optimal solution,0.042583599999943544
0.7,15,2,2,0,JOINT,229.99881426539443,integer optimal solution,0.047673400000121546
0.7,15,2,2,0,GW-ONLY,245.97928870496753,integer optimal solution,0.05840349999994032
0.7,15,2,2,0,OD-ONLY,229.99881426539443,integer optimal solution,0.005751999999802138
0.7,15,2,2,0,OD-FIRST,229.99881426539443,pass1=integer optimal solution|pass2=integer optimal solution,0.04038100000002487
0.7,15,2,2,0,GW-FIRST,233.94860711236728,pass1=integer optimal solution|pass2=integer optimal solution,0.05887269999993805
0.7,15,2,2,1,JOINT,191.11466898923746,integer optimal solution,0.05931759999998576
0.7,15,2,2,1,GW-ONLY,196.30865932651008,integer optimal solution,0.06641319999994266
0.7,15,2,2,1,OD-ONLY,195.52839985502226,integer optimal solution,0.006277100000033897
0.7,15,2,2,1,OD-FIRST,191.11466898923743,pass1=integer optimal solution|pass2=integer optimal solution,0.06759460000012041
0.7,15,2,2,1,GW-FIRST,196.30865932651008,pass1=integer optimal solution|pass2=integer optimal solution,0.05584590000012213
0.7,15,2,2,2,JOINT,226.32912747044946,integer optimal solution,0.04818230000000767
0.7,15,2,2,2,GW-ONLY,226.32912747044946,integer optimal solution,0.04994280000005347
0.7,15,2,2,2,OD-ONLY,226.3291274704495,integer optimal solution,0.0034913999998025247
0.7,15,2,2,2,OD-FIRST,226.32912747044946,pass1=integer optimal solution|pass2=integer optimal solution,0.04671609999991233
0.7,15,2,2,2,GW-FIRST,226.3291274704495,pass1=integer optimal solution|pass2=integer optimal solution,0.06876050000005307
0.7,15,2,2,3,JOINT,198.23277850390997,integer optimal solution,0.03950149999991481
0.7,15,2,2,3,GW-ONLY,209.0912012897283,integer optimal solution,0.04377119999981005
0.7,15,2,2,3,OD-ONLY,201.15207406267916,integer optimal solution,0.006166900000152964
0.7,15,2,2,3,OD-FIRST,200.32321321918639,pass1=integer optimal solution|pass2=integer optimal solution,0.034589399999958914
0.7,15,2,2,3,GW-FIRST,201.81891254110454,pass1=integer optimal solution|pass2=integer optimal solution,0.06904289999988578
0.7,15,2,2,4,JOINT,220.60697170611348,integer optimal solution,0.04757880000011028
0.7,15,2,2,4,GW-ONLY,224.704920212313,integer optimal solution,0.044991999999865584
0.7,15,2,2,4,OD-ONLY,223.12280329817477,integer optimal solution,0.005162200000086159
0.7,15,2,2,4,OD-FIRST,220.94578755598815,pass1=integer optimal solution|pass2=integer optimal solution,0.0449341999999433
0.7,15,2,2,4,GW-FIRST,224.70492021231303,pass1=integer optimal solution|pass2=integer optimal solution,0.06364789999997811
0.7,15,2,2,5,JOINT,201.15811469616668,integer optimal solution,0.04166339999983393
0.7,15,2,2,5,GW-ONLY,204.8734353560513,integer optimal solution,0.048503199999913704
0.7,15,2,2,5,OD-ONLY,202.47610924202297,integer optimal solution,0.004713300000048548
0.7,15,2,2,5,OD-FIRST,202.47610924202297,pass1=integer optimal solution|pass2=integer optimal solution,0.042200000000093496
0.7,15,2,2,5,GW-FIRST,201.1581146961667,pass1=integer optimal solution|pass2=integer optimal solution,0.05793050000011135
0.7,15,2,2,6,JOINT,202.96113437367458,integer optimal solution,0.055669899999884365
0.7,15,2,2,6,GW-ONLY,205.3329781773099,integer optimal solution,0.05273239999996804
0.7,15,2,2,6,OD-ONLY,204.92393057864288,integer optimal solution,0.006331100000124934
0.7,15,2,2,6,OD-FIRST,204.92393057864285,pass1=integer optimal solution|pass2=integer optimal solution,0.054609600000048886
0.7,15,2,2,6,GW-FIRST,202.96113437367455,pass1=integer optimal solution|pass2=integer optimal solution,0.056491100000130245
0.7,15,2,2,7,JOINT,217.3920733394364,integer optimal solution,0.04036220000011781
0.7,15,2,2,7,GW-ONLY,228.2651948542571,integer optimal solution,0.039755199999945035
0.7,15,2,2,7,OD-ONLY,217.3920733394364,integer optimal solution,0.005164799999874958
0.7,15,2,2,7,OD-FIRST,217.39207333943642,pass1=integer optimal solution|pass2=integer optimal solution,0.044053500000018175
0.7,15,2,2,7,GW-FIRST,228.26519485425712,pass1=integer optimal solution|pass2=integer optimal solution,0.05203710000000683
0.7,15,2,2,8,JOINT,187.87931464194853,integer optimal solution,0.04259019999994962
0.7,15,2,2,8,GW-ONLY,187.87931464194855,integer optimal solution,0.04534590000002936
0.7,15,2,2,8,OD-ONLY,191.96028074547795,integer optimal solution,0.005235699999957433
0.7,15,2,2,8,OD-FIRST,187.87931464194855,pass1=integer optimal solution|pass2=integer optimal solution,0.060552400000005946
0.7,15,2,2,8,GW-FIRST,187.87931464194853,pass1=integer optimal solution|pass2=integer optimal solution,0.048206900000195674
0.7,15,2,2,9,JOINT,182.96539357664562,integer optimal solution,0.06302920000007362
0.7,15,2,2,9,GW-ONLY,189.88937468463536,integer optimal solution,0.05914500000017142
0.7,15,2,2,9,OD-ONLY,182.96539357664557,integer optimal solution,0.007493699999940873
0.7,15,2,2,9,OD-FIRST,182.96539357664557,pass1=integer optimal solution|pass2=integer optimal solution,0.06626670000014201
0.7,15,2,2,9,GW-FIRST,182.96539357664557,pass1=integer optimal solution|pass2=integer optimal solution,0.07238429999983964
0.7,15,2,2,10,JOINT,214.3199500342873,integer optimal solution,0.038277899999911824
0.7,15,2,2,10,GW-ONLY,227.84166165654582,integer optimal solution,0.0407654000000548
0.7,15,2,2,10,OD-ONLY,214.3199500342873,integer optimal solution,0.005181999999877007
0.7,15,2,2,10,OD-FIRST,214.31995003428733,pass1=integer optimal solution|pass2=integer optimal solution,0.039728599999989456
0.7,15,2,2,10,GW-FIRST,219.04630002709865,pass1=integer optimal solution|pass2=integer optimal solution,0.05719709999993938
0.7,15,2,2,11,JOINT,212.60809249194386,integer optimal solution,0.060541700000158016
0.7,15,2,2,11,GW-ONLY,217.03268296607206,integer optimal solution,0.06090100000005805
0.7,15,2,2,11,OD-ONLY,212.60809249194386,integer optimal solution,0.01022489999991194
0.7,15,2,2,11,OD-FIRST,212.60809249194386,pass1=integer optimal solution|pass2=integer optimal solution,0.055185800000117524
0.7,15,2,2,11,GW-FIRST,212.60809249194386,pass1=integer optimal solution|pass2=integer optimal solution,0.08698540000000321
0.7,15,2,2,12,JOINT,205.214097146692,integer optimal solution,0.059701800000084404
0.7,15,2,2,12,GW-ONLY,205.21409714669198,integer optimal solution,0.05951069999991887
0.7,15,2,2,12,OD-ONLY,207.44552698055614,integer optimal solution,0.006347900000037043
0.7,15,2,2,12,OD-FIRST,207.36875249764176,pass1=integer optimal solution|pass2=integer optimal solution,0.06636709999997947
0.7,15,2,2,12,GW-FIRST,205.21409714669198,pass1=integer optimal solution|pass2=integer optimal solution,0.09024490000001606
0.7,15,2,2,13,JOINT,216.84374068414488,integer optimal solution,0.048203100000137056
0.7,15,2,2,13,GW-ONLY,219.85824355781673,integer optimal solution,0.04895970000006855
0.7,15,2,2,13,OD-ONLY,216.84374068414485,integer optimal solution,0.006517799999983254
0.7,15,2,2,13,OD-FIRST,216.84374068414485,pass1=integer optimal solution|pass2=integer optimal solution,0.05660100000000057
0.7,15,2,2,13,GW-FIRST,219.8582435578167,pass1=integer optimal solution|pass2=integer optimal solution,0.091961000000083
0.7,15,2,2,14,JOINT,198.6107756540742,integer optimal solution,0.045311999999967156
0.7,15,2,2,14,GW-ONLY,200.8874128696684,integer optimal solution,0.04503409999983887
0.7,15,2,2,14,OD-ONLY,202.07524847531073,integer optimal solution,0.005300099999885788
0.7,15,2,2,14,OD-FIRST,198.61077565407416,pass1=integer optimal solution|pass2=integer optimal solution,0.05055550000020048
0.7,15,2,2,14,GW-FIRST,200.88741286966842,pass1=integer optimal solution|pass2=integer optimal solution,0.07055800000011914
0.7,15,2,2,15,JOINT,173.57467474440296,integer optimal solution,0.044121600000153194
0.7,15,2,2,15,GW-ONLY,182.1794566862506,integer optimal solution,0.0400372999999945
0.7,15,2,2,15,OD-ONLY,173.57467474440296,integer optimal solution,0.008186199999954624
0.7,15,2,2,15,OD-FIRST,173.57467474440296,pass1=integer optimal solution|pass2=integer optimal solution,0.04048899999997957
0.7,15,2,2,15,GW-FIRST,182.1794566862506,pass1=integer optimal solution|pass2=integer optimal solution,0.06181000000015047
0.7,15,2,2,16,JOINT,220.97802381222317,integer optimal solution,0.04717630000004647
0.7,15,2,2,16,GW-ONLY,226.76431415656435,integer optimal solution,0.045453400000042166
0.7,15,2,2,16,OD-ONLY,223.12762420925472,integer optimal solution,0.006001699999842458
0.7,15,2,2,16,OD-FIRST,220.97802381222317,pass1=integer optimal solution|pass2=integer optimal solution,0.05020820000004278
0.7,15,2,2,16,GW-FIRST,224.0177477252677,pass1=integer optimal solution|pass2=integer optimal solution,0.06338839999989432
0.7,15,2,2,17,JOINT,211.860924796046,integer optimal solution,0.04713719999995192
0.7,15,2,2,17,GW-ONLY,219.6448532749288,integer optimal solution,0.05297560000008161
0.7,15,2,2,17,OD-ONLY,216.34905110491667,integer optimal solution,0.005233400000179245
0.7,15,2,2,17,OD-FIRST,211.860924796046,pass1=integer optimal solution|pass2=integer optimal solution,0.04264480000006188
0.7,15,2,2,17,GW-FIRST,216.55646119617586,pass1=integer optimal solution|pass2=integer optimal solution,0.06764139999995677
0.7,15,2,2,18,JOINT,223.13134953155918,integer optimal solution,0.049266500000157976
0.7,15,2,2,18,GW-ONLY,230.82236573004138,integer optimal solution,0.054532300000118994
0.7,15,2,2,18,OD-ONLY,223.13134953155918,integer optimal solution,0.0045481999998173706
0.7,15,2,2,18,OD-FIRST,223.13134953155918,pass1=integer optimal solution|pass2=integer optimal solution,0.05725610000013148
0.7,15,2,2,18,GW-FIRST,230.82236573004138,pass1=integer optimal solution|pass2=integer optimal solution,0.08023800000000847
0.7,15,2,2,19,JOINT,214.86861888376092,integer optimal solution,0.04933490000007623
0.7,15,2,2,19,GW-ONLY,221.51178103076992,integer optimal solution,0.046215300000085335
0.7,15,2,2,19,OD-ONLY,214.86861888376092,integer optimal solution,0.006546000000071217
0.7,15,2,2,19,OD-FIRST,214.8686188837609,pass1=integer optimal solution|pass2=integer optimal solution,0.05164280000008148
0.7,15,2,2,19,GW-FIRST,221.51178103076995,pass1=integer optimal solution|pass2=integer optimal solution,0.08019180000019333
0.7,15,2,2,20,JOINT,250.53259938469805,integer optimal solution,0.04609810000010839
0.7,15,2,2,20,GW-ONLY,250.53259938469805,integer optimal solution,0.045896700000184865
0.7,15,2,2,20,OD-ONLY,262.46630043708956,integer optimal solution,0.0027866000000358326
0.7,15,2,2,20,OD-FIRST,250.53259938469805,pass1=integer optimal solution|pass2=integer optimal solution,0.05730330000005779
0.7,15,2,2,20,GW-FIRST,250.53259938469807,pass1=integer optimal solution|pass2=integer optimal solution,0.06930639999995947
0.7,15,2,2,21,JOINT,231.01395610008083,integer optimal solution,0.04408889999990606
0.7,15,2,2,21,GW-ONLY,237.89451802911432,integer optimal solution,0.048855600000024424
0.7,15,2,2,21,OD-ONLY,243.33758656091092,integer optimal solution,0.005473799999890616
0.7,15,2,2,21,OD-FIRST,231.01395610008083,pass1=integer optimal solution|pass2=integer optimal solution,0.058066300000064075
0.7,15,2,2,21,GW-FIRST,231.01395610008083,pass1=integer optimal solution|pass2=integer optimal solution,0.06339760000014394
0.7,15,2,2,22,JOINT,180.27349088952968,integer optimal solution,0.044959999999946376
0.7,15,2,2,22,GW-ONLY,180.27349088952968,integer optimal solution,0.035237499999993815
0.7,15,2,2,22,OD-ONLY,186.06607321177475,integer optimal solution,0.0050020999999560445
0.7,15,2,2,22,OD-FIRST,181.239832323605,pass1=integer optimal solution|pass2=integer optimal solution,0.04391049999981078
0.7,15,2,2,22,GW-FIRST,180.2734908895297,pass1=integer optimal solution|pass2=integer optimal solution,0.06140909999999167
0.7,15,2,2,23,JOINT,186.9491662952845,integer optimal solution,0.04498069999999643
0.7,15,2,2,23,GW-ONLY,194.67077045230872,integer optimal solution,0.040865999999823543
0.7,15,2,2,23,OD-ONLY,193.99526361792076,integer optimal solution,0.0043761000001723005
0.7,15,2,2,23,OD-FIRST,186.9491662952845,pass1=integer optimal solution|pass2=integer optimal solution,0.04014899999992849
0.7,15,2,2,23,GW-FIRST,190.79030608542962,pass1=integer optimal solution|pass2=integer optimal solution,0.050587899999982255
0.7,15,2,2,24,JOINT,214.15452283238506,integer optimal solution,0.04902239999978519
0.7,15,2,2,24,GW-ONLY,217.3221128699688,integer optimal solution,0.050453000000061365
0.7,15,2,2,24,OD-ONLY,222.46212712689987,integer optimal solution,0.006057599999849117
0.7,15,2,2,24,OD-FIRST,214.2665150289391,pass1=integer optimal solution|pass2=integer optimal solution,0.04536029999985658
0.7,15,2,2,24,GW-FIRST,217.3221128699688,pass1=integer optimal solution|pass2=integer optimal solution,0.07265540000003057
0.7,15,3,2,0,JOINT,186.43200795587222,integer optimal solution,0.06216380000000754
0.7,15,3,2,0,GW-ONLY,189.56145741708727,integer optimal solution,0.0674452000000656
0.7,15,3,2,0,OD-ONLY,194.04026517215254,integer optimal solution,0.003076099999816506
0.7,15,3,2,0,OD-FIRST,186.43200795587225,pass1=integer optimal solution|pass2=integer optimal solution,0.052857700000004115
0.7,15,3,2,0,GW-FIRST,189.56145741708727,pass1=integer optimal solution|pass2=integer optimal solution,0.08029220000003079
0.7,15,3,2,1,JOINT,215.5018588327786,integer optimal solution,0.07146069999998872
0.7,15,3,2,1,GW-ONLY,227.98705783068775,integer optimal solution,0.06849810000016987
0.7,15,3,2,1,OD-ONLY,226.50477258992044,integer optimal solution,0.006974099999979444
0.7,15,3,2,1,OD-FIRST,215.50185883277854,pass1=integer optimal solution|pass2=integer optimal solution,0.057049000000006345
0.7,15,3,2,1,GW-FIRST,227.12193694198268,pass1=integer optimal solution|pass2=integer optimal solution,0.10794780000014725
0.7,15,3,2,2,JOINT,199.2420177136362,integer optimal solution,0.06713270000000193
0.7,15,3,2,2,GW-ONLY,199.24201771363622,integer optimal solution,0.06332339999994474
0.7,15,3,2,2,OD-ONLY,199.2420177136362,integer optimal solution,0.003266499999881489
0.7,15,3,2,2,OD-FIRST,199.24201771363622,pass1=integer optimal solution|pass2=integer optimal solution,0.0675340000000233
0.7,15,3,2,2,GW-FIRST,199.2420177136362,pass1=integer optimal solution|pass2=integer optimal solution,0.09975809999991725
0.7,15,3,2,3,JOINT,279.86841010876117,integer optimal solution,0.06498269999997319
0.7,15,3,2,3,GW-ONLY,281.62093703715425,integer optimal solution,0.06316990000004807
0.7,15,3,2,3,OD-ONLY,285.91373929364994,integer optimal solution,0.00512990000015634
0.7,15,3,2,3,OD-FIRST,279.86841010876117,pass1=integer optimal solution|pass2=integer optimal solution,0.058761799999956565
0.7,15,3,2,3,GW-FIRST,279.86841010876117,pass1=integer optimal solution|pass2=integer optimal solution,0.09391699999991943
0.7,15,3,2,4,JOINT,234.9929620655648,integer optimal solution,0.060791299999891635
0.7,15,3,2,4,GW-ONLY,239.6478881818572,integer optimal solution,0.06672630000002755
0.7,15,3,2,4,OD-ONLY,235.8722924475089,integer optimal solution,0.008403099999895858
0.7,15,3,2,4,OD-FIRST,235.8722924475089,pass1=integer optimal solution|pass2=integer optimal solution,0.05617490000008729
0.7,15,3,2,4,GW-FIRST,234.99296206556483,pass1=integer optimal solution|pass2=integer optimal solution,0.0819789000001947
0.7,15,3,2,5,JOINT,209.05838586860887,integer optimal solution,0.09219400000006317
0.7,15,3,2,5,GW-ONLY,218.70160763760293,integer optimal solution,0.07976279999979852
0.7,15,3,2,5,OD-ONLY,214.50464491517772,integer optimal solution,0.010037600000032398
0.7,15,3,2,5,OD-FIRST,211.82654478275165,pass1=integer optimal solution|pass2=integer optimal solution,0.052397800000107964
0.7,15,3,2,5,GW-FIRST,218.70160763760293,pass1=integer optimal solution|pass2=integer optimal solution,0.09858550000012656
0.7,15,3,2,6,JOINT,210.3123524448622,integer optimal solution,0.06576909999989766
0.7,15,3,2,6,GW-ONLY,213.93962065670956,integer optimal solution,0.06712880000009136
0.7,15,3,2,6,OD-ONLY,214.85846156923128,integer optimal solution,0.006643799999892508
0.7,15,3,2,6,OD-FIRST,210.31235244486223,pass1=integer optimal solution|pass2=integer optimal solution,0.057025399999929505
0.7,15,3,2,6,GW-FIRST,213.93962065670956,pass1=integer optimal solution|pass2=integer optimal solution,0.09027280000009341
0.7,15,3,2,7,JOINT,176.96260705897438,integer optimal solution,0.06227119999994102
0.7,15,3,2,7,GW-ONLY,177.77221228753402,integer optimal solution,0.06897299999991446
0.7,15,3,2,7,OD-ONLY,179.25650166072944,integer optimal solution,0.006624399999964226
0.7,15,3,2,7,OD-FIRST,179.25650166072944,pass1=integer optimal solution|pass2=integer optimal solution,0.05861389999995481
0.7,15,3,2,7,GW-FIRST,177.06382915415793,pass1=integer optimal solution|pass2=integer optimal solution,0.08154549999994742
0.7,15,3,2,8,JOINT,215.38168821961295,integer optimal solution,0.08306360000005952
0.7,15,3,2,8,GW-ONLY,218.84526226467807,integer optimal solution,0.09119840000016666
0.7,15,3,2,8,OD-ONLY,223.59064621941525,integer optimal solution,0.0064666000000670465
0.7,15,3,2,8,OD-FIRST,220.05918420217594,pass1=integer optimal solution|pass2=integer optimal solution,0.0587355000000116
0.7,15,3,2,8,GW-FIRST,218.8452622646781,pass1=integer optimal solution|pass2=integer optimal solution,0.08798700000011195
0.7,15,3,2,9,JOINT,206.15942884206578,integer optimal solution,0.04764399999999114
0.7,15,3,2,9,GW-ONLY,208.97295647385724,integer optimal solution,0.05333130000008168
0.7,15,3,2,9,OD-ONLY,206.1594288420658,integer optimal solution,0.0070474000001468085
0.7,15,3,2,9,OD-FIRST,206.15942884206578,pass1=integer optimal solution|pass2=integer optimal solution,0.057141900000033274
0.7,15,3,2,9,GW-FIRST,206.1594288420658,pass1=integer optimal solution|pass2=integer optimal solution,0.09408339999981763
0.7,15,3,2,10,JOINT,210.95123113070235,integer optimal solution,0.07840009999995345
0.7,15,3,2,10,GW-ONLY,217.1162081363973,integer optimal solution,0.08077880000018922
0.7,15,3,2,10,OD-ONLY,210.95123113070235,integer optimal solution,0.008503899999823261
0.7,15,3,2,10,OD-FIRST,210.95123113070235,pass1=integer optimal solution|pass2=integer optimal solution,0.05861690000006092
0.7,15,3,2,10,GW-FIRST,210.95123113070235,pass1=integer optimal solution|pass2=integer optimal solution,0.09587129999999888
0.7,15,3,2,11,JOINT,211.00436742126234,integer optimal solution,0.06939620000002833
0.7,15,3,2,11,GW-ONLY,211.00436742126234,integer optimal solution,0.0696923999998944
0.7,15,3,2,11,OD-ONLY,211.63331521823542,integer optimal solution,0.005986200000052122
0.7,15,3,2,11,OD-FIRST,211.00436742126234,pass1=integer optimal solution|pass2=integer optimal solution,0.07260280000014063
0.7,15,3,2,11,GW-FIRST,211.00436742126234,pass1=integer optimal solution|pass2=integer optimal solution,0.10032180000007429
0.7,15,3,2,12,JOINT,182.77318918875685,integer optimal solution,0.0650321000000531
0.7,15,3,2,12,GW-ONLY,198.0947053752919,integer optimal solution,0.05128289999993285
0.7,15,3,2,12,OD-ONLY,191.23462056347879,integer optimal solution,0.0045084000000770175
0.7,15,3,2,12,OD-FIRST,182.77318918875685,pass1=integer optimal solution|pass2=integer optimal solution,0.03549360000010893
0.7,15,3,2,12,GW-FIRST,188.71094111361194,pass1=integer optimal solution|pass2=integer optimal solution,0.08367119999979877
0.7,15,3,2,13,JOINT,215.9141608627127,integer optimal solution,0.059361699999954
0.7,15,3,2,13,GW-ONLY,227.4086611372776,integer optimal solution,0.0864933000000292
0.7,15,3,2,13,OD-ONLY,218.76931423502447,integer optimal solution,0.004854799999975512
0.7,15,3,2,13,OD-FIRST,215.91416086271266,pass1=integer optimal solution|pass2=integer optimal solution,0.055935500000032334
0.7,15,3,2,13,GW-FIRST,227.0671460021659,pass1=integer optimal solution|pass2=integer optimal solution,0.10730050000006486
0.7,15,3,2,14,JOINT,215.10632668635006,integer optimal solution,0.06522959999983868
0.7,15,3,2,14,GW-ONLY,222.498433833038,integer optimal solution,0.07098599999994804
0.7,15,3,2,14,OD-ONLY,225.3969714372181,integer optimal solution,0.009935499999983222
0.7,15,3,2,14,OD-FIRST,215.10632668635006,pass1=integer optimal solution|pass2=integer optimal solution,0.05152359999988221
0.7,15,3,2,14,GW-FIRST,217.8775782936687,pass1=integer optimal solution|pass2=integer optimal solution,0.09840910000002623
0.7,15,3,2,15,JOINT,155.97324169858746,integer optimal solution,0.05777760000000853
0.7,15,3,2,15,GW-ONLY,164.76618216476027,integer optimal solution,0.052688100000068516
0.7,15,3,2,15,OD-ONLY,177.59076886756563,integer optimal solution,0.008630799999991723
0.7,15,3,2,15,OD-FIRST,156.91812388982623,pass1=integer optimal solution|pass2=integer optimal solution,0.049877000000151384
0.7,15,3,2,15,GW-FIRST,164.76618216476024,pass1=integer optimal solution|pass2=integer optimal solution,0.06700350000005528
0.7,15,3,2,16,JOINT,225.96179832658433,integer optimal solution,0.06901040000002467
0.7,15,3,2,16,GW-ONLY,231.0500104958243,integer optimal solution,0.07615480000004027
0.7,15,3,2,16,OD-ONLY,229.32024120251683,integer optimal solution,0.0061878000001343025
0.7,15,3,2,16,OD-FIRST,229.32024120251685,pass1=integer optimal solution|pass2=integer optimal solution,0.049095800000031886
0.7,15,3,2,16,GW-FIRST,225.96179832658436,pass1=integer optimal solution|pass2=integer optimal solution,0.09024920000001657
0.7,15,3,2,17,JOINT,178.52849003416384,integer optimal solution,0.05444820000002437
0.7,15,3,2,17,GW-ONLY,178.82365859029528,integer optimal solution,0.04833960000019033
0.7,15,3,2,17,OD-ONLY,181.83583305760203,integer optimal solution,0.005279100000052495
0.7,15,3,2,17,OD-FIRST,178.8442022945488,pass1=integer optimal solution|pass2=integer optimal solution,0.03999119999980394
0.7,15,3,2,17,GW-FIRST,178.52849003416384,pass1=integer optimal solution|pass2=integer optimal solution,0.06658220000008441
0.7,15,3,2,18,JOINT,187.84974873594507,integer optimal solution,0.06820490000018253
0.7,15,3,2,18,GW-ONLY,198.6049871538319,integer optimal solution,0.0553343000001405
0.7,15,3,2,18,OD-ONLY,194.41039214696895,integer optimal solution,0.004660000000058062
0.7,15,3,2,18,OD-FIRST,189.01835830412926,pass1=integer optimal solution|pass2=integer optimal solution,0.05233999999995831
0.7,15,3,2,18,GW-FIRST,198.60498715383193,pass1=integer optimal solution|pass2=integer optimal solution,0.06758669999999256
0.7,15,3,2,19,JOINT,222.17262816629972,integer optimal solution,0.05632130000003599
0.7,15,3,2,19,GW-ONLY,225.93481540502995,integer optimal solution,0.05491130000018529
0.7,15,3,2,19,OD-ONLY,223.0658636056305,integer optimal solution,0.0043216000001393695
0.7,15,3,2,19,OD-FIRST,222.17262816629972,pass1=integer optimal solution|pass2=integer optimal solution,0.04690970000001471
0.7,15,3,2,19,GW-FIRST,222.1726281662997,pass1=integer optimal solution|pass2=integer optimal solution,0.06996430000003784
0.7,15,3,2,20,JOINT,205.7067153744964,integer optimal solution,0.0578502999999273
0.7,15,3,2,20,GW-ONLY,222.93994763841715,integer optimal solution,0.053043399999978647
0.7,15,3,2,20,OD-ONLY,212.01460019948686,integer optimal solution,0.005821800000148869
0.7,15,3,2,20,OD-FIRST,208.01709728837392,pass1=integer optimal solution|pass2=integer optimal solution,0.0485534000001735
0.7,15,3,2,20,GW-FIRST,219.64262809273112,pass1=integer optimal solution|pass2=integer optimal solution,0.09204819999990832
0.7,15,3,2,21,JOINT,172.5075915152918,integer optimal solution,0.06907929999988482
0.7,15,3,2,21,GW-ONLY,175.30874018813338,integer optimal solution,0.07009519999996883
0.7,15,3,2,21,OD-ONLY,179.30629515432895,integer optimal solution,0.0060335000000577566
0.7,15,3,2,21,OD-FIRST,172.50759151529184,pass1=integer optimal solution|pass2=integer optimal solution,0.06389250000006541
0.7,15,3,2,21,GW-FIRST,175.30874018813338,pass1=integer optimal solution|pass2=integer optimal solution,0.10797840000009273
0.7,15,3,2,22,JOINT,190.45172380319613,integer optimal solution,0.08551990000000842
0.7,15,3,2,22,GW-ONLY,210.9199856753864,integer optimal solution,0.09819800000013856
0.7,15,3,2,22,OD-ONLY,205.33110298877128,integer optimal solution,0.003818700000010722
0.7,15,3,2,22,OD-FIRST,190.45172380319613,pass1=integer optimal solution|pass2=integer optimal solution,0.05665780000003906
0.7,15,3,2,22,GW-FIRST,195.69882195935406,pass1=integer optimal solution|pass2=integer optimal solution,0.12849049999999806
0.7,15,3,2,23,JOINT,232.72808075872496,integer optimal solution,0.06797679999999673
0.7,15,3,2,23,GW-ONLY,235.04349007786465,integer optimal solution,0.05578890000015235
0.7,15,3,2,23,OD-ONLY,238.16964918304382,integer optimal solution,0.0063044999999419815
0.7,15,3,2,23,OD-FIRST,235.11662497199046,pass1=integer optimal solution|pass2=integer optimal solution,0.047381300000097326
0.7,15,3,2,23,GW-FIRST,235.04349007786467,pass1=integer optimal solution|pass2=integer optimal solution,0.06934460000002218
0.7,15,3,2,24,JOINT,190.90463678656866,integer optimal solution,0.05514469999980065
0.7,15,3,2,24,GW-ONLY,205.01252644072162,integer optimal solution,0.05042630000002646
0.7,15,3,2,24,OD-ONLY,202.0541774647146,integer optimal solution,0.016426099999989674
0.7,15,3,2,24,OD-FIRST,190.9046367865687,pass1=integer optimal solution|pass2=integer optimal solution,0.06283509999980197
0.7,15,3,2,24,GW-FIRST,205.0125264407216,pass1=integer optimal solution|pass2=integer optimal solution,0.10023040000010042
0.7,15,2,3,0,JOINT,241.85028787410303,integer optimal solution,0.06330680000019129
0.7,15,2,3,0,GW-ONLY,245.22988966029786,integer optimal solution,0.057453500000065105
0.7,15,2,3,0,OD-ONLY,247.40564647508643,integer optimal solution,0.00520949999986442
0.7,15,2,3,0,OD-FIRST,247.40564647508646,pass1=integer optimal solution|pass2=integer optimal solution,0.057216899999957604
0.7,15,2,3,0,GW-FIRST,245.22988966029783,pass1=integer optimal solution|pass2=integer optimal solution,0.08189010000000962
0.7,15,2,3,1,JOINT,226.37269377171089,integer optimal solution,0.038262699999904726
0.7,15,2,3,1,GW-ONLY,226.37269377171089,integer optimal solution,0.04455869999992501
0.7,15,2,3,1,OD-ONLY,227.09901327857833,integer optimal solution,0.003987900000083755
0.7,15,2,3,1,OD-FIRST,227.09901327857835,pass1=integer optimal solution|pass2=integer optimal solution,0.05549029999997401
0.7,15,2,3,1,GW-FIRST,226.37269377171089,pass1=integer optimal solution|pass2=integer optimal solution,0.07878789999995206
0.7,15,2,3,2,JOINT,175.45517993205027,integer optimal solution,0.0590484000001652
0.7,15,2,3,2,GW-ONLY,176.90525596614927,integer optimal solution,0.038593900000023496
0.7,15,2,3,2,OD-ONLY,179.02415145863844,integer optimal solution,0.0020552999999381427
0.7,15,2,3,2,OD-FIRST,175.4551799320503,pass1=integer optimal solution|pass2=integer optimal solution,0.03745060000005651
0.7,15,2,3,2,GW-FIRST,176.9052559661493,pass1=integer optimal solution|pass2=integer optimal solution,0.06505620000007184
0.7,15,2,3,3,JOINT,199.59895511853813,integer optimal solution,0.037945799999988594
0.7,15,2,3,3,GW-ONLY,211.08482156936043,integer optimal solution,0.04243369999994684
0.7,15,2,3,3,OD-ONLY,199.77030284885376,integer optimal solution,0.011128499999813357
0.7,15,2,3,3,OD-FIRST,199.59895511853816,pass1=integer optimal solution|pass2=integer optimal solution,0.04038359999981367
0.7,15,2,3,3,GW-FIRST,201.20019264810196,pass1=integer optimal solution|pass2=integer optimal solution,0.06517929999995431
0.7,15,2,3,4,JOINT,227.0139748719118,integer optimal solution,0.03790589999994154
0.7,15,2,3,4,GW-ONLY,230.0245289791497,integer optimal solution,0.04457130000014331
0.7,15,2,3,4,OD-ONLY,227.0139748719118,integer optimal solution,0.004106000000092536
0.7,15,2,3,4,OD-FIRST,227.0139748719118,pass1=integer optimal solution|pass2=integer optimal solution,0.0481552000001102
0.7,15,2,3,4,GW-FIRST,227.0139748719118,pass1=integer optimal solution|pass2=integer optimal solution,0.06144130000006953
0.7,15,2,3,5,JOINT,227.30051786391908,integer optimal solution,0.04350239999985206
0.7,15,2,3,5,GW-ONLY,227.33408458345158,integer optimal solution,0.04830660000015996
0.7,15,2,3,5,OD-ONLY,227.30051786391908,integer optimal solution,0.00521759999992355
0.7,15,2,3,5,OD-FIRST,227.3005178639191,pass1=integer optimal solution|pass2=integer optimal solution,0.0407873000001473
0.7,15,2,3,5,GW-FIRST,227.33408458345158,pass1=integer optimal solution|pass2=integer optimal solution,0.059814100000039616
0.7,15,2,3,6,JOINT,248.6913769172383,integer optimal solution,0.051736900000150854
0.7,15,2,3,6,GW-ONLY,249.41073500910355,integer optimal solution,0.0552440999999817
0.7,15,2,3,6,OD-ONLY,253.64317023812035,integer optimal solution,0.003170800000134477
0.7,15,2,3,6,OD-FIRST,248.6913769172383,pass1=integer optimal solution|pass2=integer optimal solution,0.04850659999988238
0.7,15,2,3,6,GW-FIRST,248.6913769172383,pass1=integer optimal solution|pass2=integer optimal solution,0.06616800000006151
0.7,15,2,3,7,JOINT,202.9971614546186,integer optimal solution,0.03872959999989689
0.7,15,2,3,7,GW-ONLY,215.30305367438396,integer optimal solution,0.029751100000112274
0.7,15,2,3,7,OD-ONLY,206.9864568483383,integer optimal solution,0.003577899999982037
0.7,15,2,3,7,OD-FIRST,202.9971614546186,pass1=integer optimal solution|pass2=integer optimal solution,0.0350760999999693
0.7,15,2,3,7,GW-FIRST,215.30305367438396,pass1=integer optimal solution|pass2=integer optimal solution,0.05270679999989625
0.7,15,2,3,8,JOINT,224.55476582596359,integer optimal solution,0.04194469999993089
0.7,15,2,3,8,GW-ONLY,224.55476582596356,integer optimal solution,0.05024210000010498
0.7,15,2,3,8,OD-ONLY,226.81559815990354,integer optimal solution,0.007931399999961286
0.7,15,2,3,8,OD-FIRST,225.2702919021214,pass1=integer optimal solution|pass2=integer optimal solution,0.05670559999998659
0.7,15,2,3,8,GW-FIRST,224.55476582596356,pass1=integer optimal solution|pass2=integer optimal solution,0.06333719999997811
0.7,15,2,3,9,JOINT,210.15704534928378,integer optimal solution,0.04680740000003425
0.7,15,2,3,9,GW-ONLY,228.7685476559952,integer optimal solution,0.04836709999995037
0.7,15,2,3,9,OD-ONLY,210.15704534928378,integer optimal solution,0.00922050000008312
0.7,15,2,3,9,OD-FIRST,210.1570453492838,pass1=integer optimal solution|pass2=integer optimal solution,0.03846870000006675
0.7,15,2,3,9,GW-FIRST,224.33989334318312,pass1=integer optimal solution|pass2=integer optimal solution,0.06482080000000678
0.7,15,2,3,10,JOINT,243.82387335170017,integer optimal solution,0.04361210000001847
0.7,15,2,3,10,GW-ONLY,255.2070191833613,integer optimal solution,0.041163500000038766
0.7,15,2,3,10,OD-ONLY,243.82387335170017,integer optimal solution,0.004777199999807635
0.7,15,2,3,10,OD-FIRST,243.82387335170017,pass1=integer optimal solution|pass2=integer optimal solution,0.034978099999989354
0.7,15,2,3,10,GW-FIRST,243.82387335170017,pass1=integer optimal solution|pass2=integer optimal solution,0.05761930000016946
0.7,15,2,3,11,JOINT,222.832967482025,integer optimal solution,0.04305659999999989
0.7,15,2,3,11,GW-ONLY,224.84969744852492,integer optimal solution,0.04065019999984543
0.7,15,2,3,11,OD-ONLY,222.832967482025,integer optimal solution,0.003396500000008018
0.7,15,2,3,11,OD-FIRST,222.83296748202497,pass1=integer optimal solution|pass2=integer optimal solution,0.04029919999993581
0.7,15,2,3,11,GW-FIRST,224.84969744852492,pass1=integer optimal solution|pass2=integer optimal solution,0.05658180000000357
0.7,15,2,3,12,JOINT,189.55125099901113,integer optimal solution,0.04770109999981287
0.7,15,2,3,12,GW-ONLY,189.5512509990111,integer optimal solution,0.040485100000068996
0.7,15,2,3,12,OD-ONLY,191.89213576543307,integer optimal solution,0.004134400000111782
0.7,15,2,3,12,OD-FIRST,191.38578413748496,pass1=integer optimal solution|pass2=integer optimal solution,0.039709099999981845
0.7,15,2,3,12,GW-FIRST,189.55125099901113,pass1=integer optimal solution|pass2=integer optimal solution,0.06647420000012971
0.7,15,2,3,13,JOINT,197.0861525357522,integer optimal solution,0.04529299999990144
0.7,15,2,3,13,GW-ONLY,215.41136836539667,integer optimal solution,0.054027900000164664
0.7,15,2,3,13,OD-ONLY,197.08615253575215,integer optimal solution,0.00855760000013106
0.7,15,2,3,13,OD-FIRST,197.0861525357522,pass1=integer optimal solution|pass2=integer optimal solution,0.05574490000003607
0.7,15,2,3,13,GW-FIRST,208.61370238134072,pass1=integer optimal solution|pass2=integer optimal solution,0.07973549999996976
0.7,15,2,3,14,JOINT,218.4521536284336,integer optimal solution,0.04583890000003521
0.7,15,2,3,14,GW-ONLY,228.4496144897384,integer optimal solution,0.05556660000002012
0.7,15,2,3,14,OD-ONLY,218.4521536284336,integer optimal solution,0.010817500000030122
0.7,15,2,3,14,OD-FIRST,218.4521536284336,pass1=integer optimal solution|pass2=integer optimal solution,0.039923399999906906
0.7,15,2,3,14,GW-FIRST,218.4521536284336,pass1=integer optimal solution|pass2=integer optimal solution,0.07322820000013053
0.7,15,2,3,15,JOINT,190.18490511783142,integer optimal solution,0.04411189999996168
0.7,15,2,3,15,GW-ONLY,197.72796591655376,integer optimal solution,0.03909180000005108
0.7,15,2,3,15,OD-ONLY,191.4379523480744,integer optimal solution,0.004932700000154
0.7,15,2,3,15,OD-FIRST,190.18490511783142,pass1=integer optimal solution|pass2=integer optimal solution,0.023652399999946283
0.7,15,2,3,15,GW-FIRST,190.46981004468074,pass1=integer optimal solution|pass2=integer optimal solution,0.0514120999998795
0.7,15,2,3,16,JOINT,238.33693811138275,integer optimal solution,0.042707500000005894
0.7,15,2,3,16,GW-ONLY,243.78026501697295,integer optimal solution,0.043467199999895456
0.7,15,2,3,16,OD-ONLY,238.33693811138272,integer optimal solution,0.005910500000027241
0.7,15,2,3,16,OD-FIRST,238.33693811138275,pass1=integer optimal solution|pass2=integer optimal solution,0.03192150000018046
0.7,15,2,3,16,GW-FIRST,243.19208858111972,pass1=integer optimal solution|pass2=integer optimal solution,0.04592569999999796
0.7,15,2,3,17,JOINT,198.06707279089494,integer optimal solution,0.04184439999994538
0.7,15,2,3,17,GW-ONLY,203.21768549196628,integer optimal solution,0.0391048999999839
0.7,15,2,3,17,OD-ONLY,198.06707279089497,integer optimal solution,0.004225700000006327
0.7,15,2,3,17,OD-FIRST,198.06707279089497,pass1=integer optimal solution|pass2=integer optimal solution,0.04398880000007921
0.7,15,2,3,17,GW-FIRST,199.96146560267053,pass1=integer optimal solution|pass2=integer optimal solution,0.05785259999993286
0.7,15,2,3,18,JOINT,220.45288224804256,integer optimal solution,0.07425009999997201
0.7,15,2,3,18,GW-ONLY,229.19415067054604,integer optimal solution,0.05399090000014439
0.7,15,2,3,18,OD-ONLY,225.36660488726704,integer optimal solution,0.00840809999999692
0.7,15,2,3,18,OD-FIRST,220.45288224804256,pass1=integer optimal solution|pass2=integer optimal solution,0.04911569999990206
0.7,15,2,3,18,GW-FIRST,224.8179629154505,pass1=integer optimal solution|pass2=integer optimal solution,0.08171609999999419
0.7,15,2,3,19,JOINT,188.54448178449715,integer optimal solution,0.04208969999990586
0.7,15,2,3,19,GW-ONLY,197.1732476637565,integer optimal solution,0.04618629999981749
0.7,15,2,3,19,OD-ONLY,190.8463110413108,integer optimal solution,0.005254500000091866
0.7,15,2,3,19,OD-FIRST,190.77488582406804,pass1=integer optimal solution|pass2=integer optimal solution,0.04016660000002048
0.7,15,2,3,19,GW-FIRST,191.94255281427067,pass1=integer optimal solution|pass2=integer optimal solution,0.07093899999995301
0.7,15,2,3,20,JOINT,244.5982033332551,integer optimal solution,0.04614579999997659
0.7,15,2,3,20,GW-ONLY,265.24312328475844,integer optimal solution,0.04875159999983225
0.7,15,2,3,20,OD-ONLY,244.5982033332551,integer optimal solution,0.00477639999985513
0.7,15,2,3,20,OD-FIRST,244.5982033332551,pass1=integer optimal solution|pass2=integer optimal solution,0.04067669999994905
0.7,15,2,3,20,GW-FIRST,265.24312328475844,pass1=integer optimal solution|pass2=integer optimal solution,0.05983680000008462
0.7,15,2,3,21,JOINT,187.35605054156906,integer optimal solution,0.045046899999988455
0.7,15,2,3,21,GW-ONLY,192.91110321914203,integer optimal solution,0.058635999999978594
0.7,15,2,3,21,OD-ONLY,187.35605054156906,integer optimal solution,0.004253799999787589
0.7,15,2,3,21,OD-FIRST,187.35605054156906,pass1=integer optimal solution|pass2=integer optimal solution,0.03906960000017534
0.7,15,2,3,21,GW-FIRST,187.5346576039738,pass1=integer optimal solution|pass2=integer optimal solution,0.05932719999987057
0.7,15,2,3,22,JOINT,237.19183443765746,integer optimal solution,0.04764249999993808
0.7,15,2,3,22,GW-ONLY,245.6268377351295,integer optimal solution,0.049328299999842784
0.7,15,2,3,22,OD-ONLY,237.19183443765746,integer optimal solution,0.00415330000009817
0.7,15,2,3,22,OD-FIRST,237.1918344376575,pass1=integer optimal solution|pass2=integer optimal solution,0.050388999999995576
0.7,15,2,3,22,GW-FIRST,243.2503600829327,pass1=integer optimal solution|pass2=integer optimal solution,0.06073489999994308
0.7,15,2,3,23,JOINT,222.61687484939864,integer optimal solution,0.05386280000016086
0.7,15,2,3,23,GW-ONLY,222.74692544388114,integer optimal solution,0.06107049999991432
0.7,15,2,3,23,OD-ONLY,222.61687484939867,integer optimal solution,0.005326200000126846
0.7,15,2,3,23,OD-FIRST,222.6168748493987,pass1=integer optimal solution|pass2=integer optimal solution,0.047640100000080565
0.7,15,2,3,23,GW-FIRST,222.74692544388114,pass1=integer optimal solution|pass2=integer optimal solution,0.07819880000010926
0.7,15,2,3,24,JOINT,131.662172043995,integer optimal solution,0.03677219999985937
0.7,15,2,3,24,GW-ONLY,151.572676695457,integer optimal solution,0.04290020000007644
0.7,15,2,3,24,OD-ONLY,139.22272332982396,integer optimal solution,0.00529059999985293
0.7,15,2,3,24,OD-FIRST,135.60425667011123,pass1=integer optimal solution|pass2=integer optimal solution,0.03311009999993075
0.7,15,2,3,24,GW-FIRST,133.24516257202373,pass1=integer optimal solution|pass2=integer optimal solution,0.07507329999998547
0.7,15,3,3,0,JOINT,207.11346181380512,integer optimal solution,0.05742710000004081
0.7,15,3,3,0,GW-ONLY,221.26405511551323,integer optimal solution,0.055884299999888754
0.7,15,3,3,0,OD-ONLY,211.42365959203735,integer optimal solution,0.006979199999932462
0.7,15,3,3,0,OD-FIRST,207.11346181380512,pass1=integer optimal solution|pass2=integer optimal solution,0.04882889999998952
0.7,15,3,3,0,GW-FIRST,221.26405511551326,pass1=integer optimal solution|pass2=integer optimal solution,0.09245549999991454
0.7,15,3,3,1,JOINT,205.65644595743478,integer optimal solution,0.06901109999989785
0.7,15,3,3,1,GW-ONLY,208.38526311367005,integer optimal solution,0.07199979999995776
0.7,15,3,3,1,OD-ONLY,210.47511713986583,integer optimal solution,0.01247719999992114
0.7,15,3,3,1,OD-FIRST,205.65644595743478,pass1=integer optimal solution|pass2=integer optimal solution,0.06331969999996545
0.7,15,3,3,1,GW-FIRST,205.6564459574348,pass1=integer optimal solution|pass2=integer optimal solution,0.07232400000020789
0.7,15,3,3,2,JOINT,169.57884484908607,integer optimal solution,0.07905580000010559
0.7,15,3,3,2,GW-ONLY,175.92828075535343,integer optimal solution,0.06331180000006498
0.7,15,3,3,2,OD-ONLY,175.84768701494966,integer optimal solution,0.009482299999945099
0.7,15,3,3,2,OD-FIRST,170.21680087346886,pass1=integer optimal solution|pass2=integer optimal solution,0.03915439999991577
0.7,15,3,3,2,GW-FIRST,175.92828075535346,pass1=integer optimal solution|pass2=integer optimal solution,0.08115120000002207
0.7,15,3,3,3,JOINT,187.53993467221943,integer optimal solution,0.075941499999999
0.7,15,3,3,3,GW-ONLY,190.80343416167128,integer optimal solution,0.07368950000000041
0.7,15,3,3,3,OD-ONLY,196.17228334200598,integer optimal solution,0.005289200000106575
0.7,15,3,3,3,OD-FIRST,193.5756300796761,pass1=integer optimal solution|pass2=integer optimal solution,0.06169969999996283
0.7,15,3,3,3,GW-FIRST,190.8034341616713,pass1=integer optimal solution|pass2=integer optimal solution,0.08669339999983094
0.7,15,3,3,4,JOINT,234.72418583867866,integer optimal solution,0.07356189999995877
0.7,15,3,3,4,GW-ONLY,243.53729986577312,integer optimal solution,0.06855200000018158
0.7,15,3,3,4,OD-ONLY,239.4122281638862,integer optimal solution,0.004729200000156197
0.7,15,3,3,4,OD-FIRST,234.7241858386787,pass1=integer optimal solution|pass2=integer optimal solution,0.0518514000000323
0.7,15,3,3,4,GW-FIRST,240.59590361967327,pass1=integer optimal solution|pass2=integer optimal solution,0.10066919999985657
0.7,15,3,3,5,JOINT,204.3971473482876,integer optimal solution,0.0645049999998264
0.7,15,3,3,5,GW-ONLY,216.9678062751876,integer optimal solution,0.060756599999876926
0.7,15,3,3,5,OD-ONLY,207.86125616859744,integer optimal solution,0.005834000000049855
0.7,15,3,3,5,OD-FIRST,204.3971473482876,pass1=integer optimal solution|pass2=integer optimal solution,0.053396399999883215
0.7,15,3,3,5,GW-FIRST,216.96780627518766,pass1=integer optimal solution|pass2=integer optimal solution,0.09854870000003757
0.7,15,3,3,6,JOINT,201.12337207162008,integer optimal solution,0.06278290000000197
0.7,15,3,3,6,GW-ONLY,210.17521730380113,integer optimal solution,0.06299930000000131
0.7,15,3,3,6,OD-ONLY,201.12337207162008,integer optimal solution,0.006182000000080734
0.7,15,3,3,6,OD-FIRST,201.12337207162008,pass1=integer optimal solution|pass2=integer optimal solution,0.043124999999918145
0.7,15,3,3,6,GW-FIRST,207.8540123427217,pass1=integer optimal solution|pass2=integer optimal solution,0.09448919999999816
0.7,15,3,3,7,JOINT,171.51820740951288,integer optimal solution,0.062006200000041645
0.7,15,3,3,7,GW-ONLY,190.41560287260376,integer optimal solution,0.08329639999988103
0.7,15,3,3,7,OD-ONLY,172.79855498597541,integer optimal solution,0.01539760000014212
0.7,15,3,3,7,OD-FIRST,172.79855498597544,pass1=integer optimal solution|pass2=integer optimal solution,0.05778420000001461
0.7,15,3,3,7,GW-FIRST,189.074654506968,pass1=integer optimal solution|pass2=integer optimal solution,0.10101890000009917
0.7,15,3,3,8,JOINT,183.79130221752146,integer optimal solution,0.07753560000014659
0.7,15,3,3,8,GW-ONLY,192.5726585652696,integer optimal solution,0.07220060000008743
0.7,15,3,3,8,OD-ONLY,187.01201201260682,integer optimal solution,0.016079400000080568
0.7,15,3,3,8,OD-FIRST,183.7913022175215,pass1=integer optimal solution|pass2=integer optimal solution,0.06116879999990488
0.7,15,3,3,8,GW-FIRST,185.74811231655227,pass1=integer optimal solution|pass2=integer optimal solution,0.09320189999994
0.7,15,3,3,9,JOINT,172.14044731711556,integer optimal solution,0.049237799999900744
0.7,15,3,3,9,GW-ONLY,184.3266272755171,integer optimal solution,0.06009740000013153
0.7,15,3,3,9,OD-ONLY,172.14044731711556,integer optimal solution,0.006588700000065728
0.7,15,3,3,9,OD-FIRST,172.14044731711556,pass1=integer optimal solution|pass2=integer optimal solution,0.03917760000013004
0.7,15,3,3,9,GW-FIRST,178.37836362796128,pass1=integer optimal solution|pass2=integer optimal solution,0.09412950000000819
0.7,15,3,3,10,JOINT,179.60037241411234,integer optimal solution,0.06611969999994471
0.7,15,3,3,10,GW-ONLY,185.7874610974956,integer optimal solution,0.08193179999989297
0.7,15,3,3,10,OD-ONLY,184.08973167697093,integer optimal solution,0.0039081999998415995
0.7,15,3,3,10,OD-FIRST,182.76759795240514,pass1=integer optimal solution|pass2=integer optimal solution,0.05799969999998211
0.7,15,3,3,10,GW-FIRST,185.7874610974956,pass1=integer optimal solution|pass2=integer optimal solution,0.06649070000003121
0.7,15,3,3,11,JOINT,253.2066402458068,integer optimal solution,0.058054099999935715
0.7,15,3,3,11,GW-ONLY,256.94287702795475,integer optimal solution,0.05835079999997106
0.7,15,3,3,11,OD-ONLY,256.4502451981142,integer optimal solution,0.007235300000047573
0.7,15,3,3,11,OD-FIRST,253.20664024580682,pass1=integer optimal solution|pass2=integer optimal solution,0.06796480000002703
0.7,15,3,3,11,GW-FIRST,256.94287702795475,pass1=integer optimal solution|pass2=integer optimal solution,0.08607050000000527
0.7,15,3,3,12,JOINT,167.3370928020263,integer optimal solution,0.06230149999987589
0.7,15,3,3,12,GW-ONLY,173.53091537470578,integer optimal solution,0.0775648999999703
0.7,15,3,3,12,OD-ONLY,183.092501732953,integer optimal solution,0.017833000000109678
0.7,15,3,3,12,OD-FIRST,167.3370928020263,pass1=integer optimal solution|pass2=integer optimal solution,0.060525099999949816
0.7,15,3,3,12,GW-FIRST,173.5309153747058,pass1=integer optimal solution|pass2=integer optimal solution,0.09210639999992054
0.7,15,3,3,13,JOINT,241.54376991416015,integer optimal solution,0.0533735000001343
0.7,15,3,3,13,GW-ONLY,248.94276109778315,integer optimal solution,0.05672309999999925
0.7,15,3,3,13,OD-ONLY,251.6628959215982,integer optimal solution,0.004554600000119535
0.7,15,3,3,13,OD-FIRST,241.54376991416018,pass1=integer optimal solution|pass2=integer optimal solution,0.06102750000013657
0.7,15,3,3,13,GW-FIRST,243.90803286580885,pass1=integer optimal solution|pass2=integer optimal solution,0.10076560000015888
0.7,15,3,3,14,JOINT,212.18914682315557,integer optimal solution,0.07749699999999393
0.7,15,3,3,14,GW-ONLY,227.4553916899418,integer optimal solution,0.06969919999983176
0.7,15,3,3,14,OD-ONLY,212.18914682315557,integer optimal solution,0.005346599999938917
0.7,15,3,3,14,OD-FIRST,212.18914682315557,pass1=integer optimal solution|pass2=integer optimal solution,0.036828900000045905
0.7,15,3,3,14,GW-FIRST,218.84665225415833,pass1=integer optimal solution|pass2=integer optimal solution,0.07903589999978067
0.7,15,3,3,15,JOINT,187.92421632666682,integer optimal solution,0.08451200000013159
0.7,15,3,3,15,GW-ONLY,190.7333452337585,integer optimal solution,0.06641659999991134
0.7,15,3,3,15,OD-ONLY,189.71252184120297,integer optimal solution,0.005644099999926766
0.7,15,3,3,15,OD-FIRST,187.92421632666685,pass1=integer optimal solution|pass2=integer optimal solution,0.05449990000010985
0.7,15,3,3,15,GW-FIRST,190.73334523375854,pass1=integer optimal solution|pass2=integer optimal solution,0.08076770000002398
0.7,15,3,3,16,JOINT,242.75096004837505,integer optimal solution,0.0626107000000502
0.7,15,3,3,16,GW-ONLY,243.6686735978915,integer optimal solution,0.0636655000000701
0.7,15,3,3,16,OD-ONLY,242.75096004837505,integer optimal solution,0.0027788999998392683
0.7,15,3,3,16,OD-FIRST,242.75096004837505,pass1=integer optimal solution|pass2=integer optimal solution,0.05786650000004556
0.7,15,3,3,16,GW-FIRST,242.75096004837505,pass1=integer optimal solution|pass2=integer optimal solution,0.08876050000003488
0.7,15,3,3,17,JOINT,205.35201304301586,integer optimal solution,0.06243019999988064
0.7,15,3,3,17,GW-ONLY,214.22218972111813,integer optimal solution,0.06703219999985777
0.7,15,3,3,17,OD-ONLY,205.35201304301583,integer optimal solution,0.005455299999994168
0.7,15,3,3,17,OD-FIRST,205.35201304301586,pass1=integer optimal solution|pass2=integer optimal solution,0.05104609999989407
0.7,15,3,3,17,GW-FIRST,214.22218972111816,pass1=integer optimal solution|pass2=integer optimal solution,0.09661879999998746
0.7,15,3,3,18,JOINT,192.5249345333532,integer optimal solution,0.06979079999996429
0.7,15,3,3,18,GW-ONLY,199.0194789722923,integer optimal solution,0.062457699999868055
0.7,15,3,3,18,OD-ONLY,192.52493453335325,integer optimal solution,0.004609800000025643
0.7,15,3,3,18,OD-FIRST,192.52493453335322,pass1=integer optimal solution|pass2=integer optimal solution,0.05225789999985864
0.7,15,3,3,18,GW-FIRST,196.73264241141274,pass1=integer optimal solution|pass2=integer optimal solution,0.0907099000000926
0.7,15,3,3,19,JOINT,213.22062928897333,integer optimal solution,0.0695379999999659
0.7,15,3,3,19,GW-ONLY,213.2206292889733,integer optimal solution,0.06804190000002563
0.7,15,3,3,19,OD-ONLY,215.15827628495404,integer optimal solution,0.004257199999983641
0.7,15,3,3,19,OD-FIRST,214.68997681718162,pass1=integer optimal solution|pass2=integer optimal solution,0.05235379999999168
0.7,15,3,3,19,GW-FIRST,213.22062928897336,pass1=integer optimal solution|pass2=integer optimal solution,0.07829579999997804
0.7,15,3,3,20,JOINT,215.03088815896513,integer optimal solution,0.06418550000012146
0.7,15,3,3,20,GW-ONLY,219.03961850734993,integer optimal solution,0.07563089999985095
0.7,15,3,3,20,OD-ONLY,215.03088815896513,integer optimal solution,0.006148800000119081
0.7,15,3,3,20,OD-FIRST,215.03088815896515,pass1=integer optimal solution|pass2=integer optimal solution,0.05064830000014808
0.7,15,3,3,20,GW-FIRST,215.03088815896513,pass1=integer optimal solution|pass2=integer optimal solution,0.11561350000010862
0.7,15,3,3,21,JOINT,198.72292237909488,integer optimal solution,0.06881819999989602
0.7,15,3,3,21,GW-ONLY,201.82413188534576,integer optimal solution,0.06273509999982707
0.7,15,3,3,21,OD-ONLY,199.3859848695819,integer optimal solution,0.003530500000124448
0.7,15,3,3,21,OD-FIRST,199.3859848695819,pass1=integer optimal solution|pass2=integer optimal solution,0.05111949999991339
0.7,15,3,3,21,GW-FIRST,201.48468209256987,pass1=integer optimal solution|pass2=integer optimal solution,0.08809130000008736
0.7,15,3,3,22,JOINT,220.15796927675112,integer optimal solution,0.06932209999990846
0.7,15,3,3,22,GW-ONLY,223.31914558071853,integer optimal solution,0.07293160000017451
0.7,15,3,3,22,OD-ONLY,223.8182599485326,integer optimal solution,0.005168400000002293
0.7,15,3,3,22,OD-FIRST,220.15796927675115,pass1=integer optimal solution|pass2=integer optimal solution,0.06742709999980434
0.7,15,3,3,22,GW-FIRST,220.15796927675115,pass1=integer optimal solution|pass2=integer optimal solution,0.10882280000009814
0.7,15,3,3,23,JOINT,197.19757912889781,integer optimal solution,0.05853010000009817
0.7,15,3,3,23,GW-ONLY,198.71201844134774,integer optimal solution,0.06813179999994645
0.7,15,3,3,23,OD-ONLY,204.51705161045805,integer optimal solution,0.004668400000127804
0.7,15,3,3,23,OD-FIRST,197.19757912889781,pass1=integer optimal solution|pass2=integer optimal solution,0.058204799999884926
0.7,15,3,3,23,GW-FIRST,197.19757912889781,pass1=integer optimal solution|pass2=integer optimal solution,0.08598250000000007
0.7,15,3,3,24,JOINT,213.14523165172787,integer optimal solution,0.054003399999828616
0.7,15,3,3,24,GW-ONLY,215.6376624482984,integer optimal solution,0.06220389999998588
0.7,15,3,3,24,OD-ONLY,223.3135498989443,integer optimal solution,0.006242100000008577
0.7,15,3,3,24,OD-FIRST,218.06380930742841,pass1=integer optimal solution|pass2=integer optimal solution,0.04554410000014286
0.7,15,3,3,24,GW-FIRST,213.1452316517279,pass1=integer optimal solution|pass2=integer optimal solution,0.09376029999998536
0.7,20,2,2,0,JOINT,254.25444924723712,integer optimal solution,0.10582629999998971
0.7,20,2,2,0,GW-ONLY,269.7190486508417,integer optimal solution,0.0948195000000851
0.7,20,2,2,0,OD-ONLY,276.3327717425199,integer optimal solution,0.004955999999992855
0.7,20,2,2,0,OD-FIRST,254.25444924723712,pass1=integer optimal solution|pass2=integer optimal solution,0.07231660000002194
0.7,20,2,2,0,GW-FIRST,258.23197500623985,pass1=integer optimal solution|pass2=integer optimal solution,0.15021969999997964
0.7,20,2,2,1,JOINT,265.7264280490794,integer optimal solution,0.10060939999993934
0.7,20,2,2,1,GW-ONLY,285.2074335875842,integer optimal solution,0.08138510000003407
0.7,20,2,2,1,OD-ONLY,282.9308419587728,integer optimal solution,0.006553799999892362
0.7,20,2,2,1,OD-FIRST,265.7264280490794,pass1=integer optimal solution|pass2=integer optimal solution,0.06317680000006476
0.7,20,2,2,1,GW-FIRST,277.25418408833707,pass1=integer optimal solution|pass2=integer optimal solution,0.17634459999999308
0.7,20,2,2,2,JOINT,217.13766639843067,integer optimal solution,0.11693960000002335
0.7,20,2,2,2,GW-ONLY,221.80393820117513,integer optimal solution,0.109837399999833
0.7,20,2,2,2,OD-ONLY,226.4698165780651,integer optimal solution,0.012776000000030763
0.7,20,2,2,2,OD-FIRST,217.13766639843067,pass1=integer optimal solution|pass2=integer optimal solution,0.08316239999999198
0.7,20,2,2,2,GW-FIRST,221.4800195543034,pass1=integer optimal solution|pass2=integer optimal solution,0.1399612000000161
0.7,20,2,2,3,JOINT,322.79446124038094,integer optimal solution,0.11384300000008807
0.7,20,2,2,3,GW-ONLY,331.8969527163956,integer optimal solution,0.15203259999998409
0.7,20,2,2,3,OD-ONLY,340.6175770273259,integer optimal solution,0.007327100000111386
0.7,20,2,2,3,OD-FIRST,322.794461240381,pass1=integer optimal solution|pass2=integer optimal solution,0.08914610000010725
0.7,20,2,2,3,GW-FIRST,331.8969527163956,pass1=integer optimal solution|pass2=integer optimal solution,0.1922824999999193
0.7,20,2,2,4,JOINT,271.3176612935597,integer optimal solution,0.09597069999995256
0.7,20,2,2,4,GW-ONLY,276.28178353814684,integer optimal solution,0.10701700000004166
0.7,20,2,2,4,OD-ONLY,289.6665186201636,integer optimal solution,0.0020337999999355816
0.7,20,2,2,4,OD-FIRST,271.31766129355975,pass1=integer optimal solution|pass2=integer optimal solution,0.08059899999989284
0.7,20,2,2,4,GW-FIRST,271.31766129355975,pass1=integer optimal solution|pass2=integer optimal solution,0.1372196999998323
0.7,20,2,2,5,JOINT,216.03807020722383,integer optimal solution,0.12937680000004548
0.7,20,2,2,5,GW-ONLY,229.90326252237384,integer optimal solution,0.09600369999998293
0.7,20,2,2,5,OD-ONLY,223.8674087175041,integer optimal solution,0.008945099999891681
0.7,20,2,2,5,OD-FIRST,216.9223110227141,pass1=integer optimal solution|pass2=integer optimal solution,0.06357499999990068
0.7,20,2,2,5,GW-FIRST,216.0380702072238,pass1=integer optimal solution|pass2=integer optimal solution,0.142421000000013
0.7,20,2,2,6,JOINT,258.97213185153066,integer optimal solution,0.08335909999982505
0.7,20,2,2,6,GW-ONLY,262.45076949246163,integer optimal solution,0.07852210000010018
0.7,20,2,2,6,OD-ONLY,258.97213185153066,integer optimal solution,0.005307800000082352
0.7,20,2,2,6,OD-FIRST,258.97213185153066,pass1=integer optimal solution|pass2=integer optimal solution,0.07646710000017265
0.7,20,2,2,6,GW-FIRST,262.4507694924617,pass1=integer optimal solution|pass2=integer optimal solution,0.11361269999997603
0.7,20,2,2,7,JOINT,237.54074073569194,integer optimal solution,0.14435190000017428
0.7,20,2,2,7,GW-ONLY,267.6297408170012,integer optimal solution,0.15077880000012556
0.7,20,2,2,7,OD-ONLY,281.43399803907926,integer optimal solution,0.011158499999964988
0.7,20,2,2,7,OD-FIRST,237.54074073569197,pass1=integer optimal solution|pass2=integer optimal solution,0.1022265999999945
0.7,20,2,2,7,GW-FIRST,248.44218101697476,pass1=integer optimal solution|pass2=integer optimal solution,0.2114545999997972
0.7,20,2,2,8,JOINT,277.02923825719466,integer optimal solution,0.1468512000001283
0.7,20,2,2,8,GW-ONLY,283.36155428284945,integer optimal solution,0.1472555000000284
0.7,20,2,2,8,OD-ONLY,288.6948637261481,integer optimal solution,0.006206300000030751
0.7,20,2,2,8,OD-FIRST,277.0292382571946,pass1=integer optimal solution|pass2=integer optimal solution,0.09234070000002248
0.7,20,2,2,8,GW-FIRST,277.0292382571946,pass1=integer optimal solution|pass2=integer optimal solution,0.15865700000017569
0.7,20,2,2,9,JOINT,268.4953861670612,integer optimal solution,0.11572019999994154
0.7,20,2,2,9,GW-ONLY,281.572961210035,integer optimal solution,0.134020400000054
0.7,20,2,2,9,OD-ONLY,288.45747484726115,integer optimal solution,0.00665049999997791
0.7,20,2,2,9,OD-FIRST,270.6399704821444,pass1=integer optimal solution|pass2=integer optimal solution,0.060235400000010486
0.7,20,2,2,9,GW-FIRST,271.03464641186224,pass1=integer optimal solution|pass2=integer optimal solution,0.157088000000158
0.7,20,2,2,10,JOINT,242.06923203283716,integer optimal solution,0.1058863000000656
0.7,20,2,2,10,GW-ONLY,257.1415129153055,integer optimal solution,0.12369639999997162
0.7,20,2,2,10,OD-ONLY,245.37210193657975,integer optimal solution,0.010010099999817612
0.7,20,2,2,10,OD-FIRST,244.4740652039563,pass1=integer optimal solution|pass2=integer optimal solution,0.08770810000009988
0.7,20,2,2,10,GW-FIRST,254.0293703092757,pass1=integer optimal solution|pass2=integer optimal solution,0.13693110000008346
0.7,20,2,2,11,JOINT,235.50267593560474,integer optimal solution,0.13693499999999403
0.7,20,2,2,11,GW-ONLY,242.97950591672043,integer optimal solution,0.13346469999987676
0.7,20,2,2,11,OD-ONLY,239.42135784700088,integer optimal solution,0.012347000000090702
0.7,20,2,2,11,OD-FIRST,235.89021225410823,pass1=integer optimal solution|pass2=integer optimal solution,0.0960883999998714
0.7,20,2,2,11,GW-FIRST,242.82396111018153,pass1=integer optimal solution|pass2=integer optimal solution,0.18741049999994175
0.7,20,2,2,12,JOINT,294.3238554814976,integer optimal solution,0.12072600000010425
0.7,20,2,2,12,GW-ONLY,297.9284029315415,integer optimal solution,0.1149364999998852
0.7,20,2,2,12,OD-ONLY,300.56515237637154,integer optimal solution,0.009923999999955413
0.7,20,2,2,12,OD-FIRST,294.3238554814976,pass1=integer optimal solution|pass2=integer optimal solution,0.0895104999999603
0.7,20,2,2,12,GW-FIRST,296.9680207709456,pass1=integer optimal solution|pass2=integer optimal solution,0.1542031000001316
0.7,20,2,2,13,JOINT,324.22627090482996,integer optimal solution,0.15113559999986137
0.7,20,2,2,13,GW-ONLY,327.2254137577423,integer optimal solution,0.12170299999979761
0.7,20,2,2,13,OD-ONLY,331.8451822732844,integer optimal solution,0.009987200000068697
0.7,20,2,2,13,OD-FIRST,325.1673033723173,pass1=integer optimal solution|pass2=integer optimal solution,0.0953330999998343
0.7,20,2,2,13,GW-FIRST,326.388179780195,pass1=integer optimal solution|pass2=integer optimal solution,0.18917179999994005
0.7,20,2,2,14,JOINT,271.41987120881447,integer optimal solution,0.10106219999988753
0.7,20,2,2,14,GW-ONLY,279.8718950918152,integer optimal solution,0.08325129999980163
0.7,20,2,2,14,OD-ONLY,276.35785811626744,integer optimal solution,0.0075982000000749395
0.7,20,2,2,14,OD-FIRST,271.41987120881447,pass1=integer optimal solution|pass2=integer optimal solution,0.06599610000012035
0.7,20,2,2,14,GW-FIRST,273.85732098069,pass1=integer optimal solution|pass2=integer optimal solution,0.17060409999999138
0.7,20,2,2,15,JOINT,286.8816644182759,integer optimal solution,0.09905720000006113
0.7,20,2,2,15,GW-ONLY,293.1633344567845,integer optimal solution,0.10865739999985635
0.7,20,2,2,15,OD-ONLY,287.7977414954732,integer optimal solution,0.004804499999863765
0.7,20,2,2,15,OD-FIRST,286.8816644182758,pass1=integer optimal solution|pass2=integer optimal solution,0.07480080000004818
0.7,20,2,2,15,GW-FIRST,291.3873260466004,pass1=integer optimal solution|pass2=integer optimal solution,0.11819659999991927
0.7,20,2,2,16,JOINT,284.3236380899141,integer optimal solution,0.09134649999987232
0.7,20,2,2,16,GW-ONLY,289.3864390174782,integer optimal solution,0.14757720000011432
0.7,20,2,2,16,OD-ONLY,305.74543515352104,integer optimal solution,0.005996399999958157
0.7,20,2,2,16,OD-FIRST,284.32363808991414,pass1=integer optimal solution|pass2=integer optimal solution,0.07908489999999802
0.7,20,2,2,16,GW-FIRST,284.3236380899141,pass1=integer optimal solution|pass2=integer optimal solution,0.14123459999996157
0.7,20,2,2,17,JOINT,314.41971910352584,integer optimal solution,0.1011510000000726
0.7,20,2,2,17,GW-ONLY,327.6184187730945,integer optimal solution,0.07192899999995461
0.7,20,2,2,17,OD-ONLY,315.93539552560605,integer optimal solution,0.003677599999946324
0.7,20,2,2,17,OD-FIRST,315.46767366586505,pass1=integer optimal solution|pass2=integer optimal solution,0.06982410000000527
0.7,20,2,2,17,GW-FIRST,327.6184187730945,pass1=integer optimal solution|pass2=integer optimal solution,0.12851190000014867
0.7,20,2,2,18,JOINT,251.00448968956292,integer optimal solution,0.07487330000003567
0.7,20,2,2,18,GW-ONLY,269.83435884189765,integer optimal solution,0.0696506000001591
0.7,20,2,2,18,OD-ONLY,255.893538775041,integer optimal solution,0.009946800000079747
0.7,20,2,2,18,OD-FIRST,251.00448968956292,pass1=integer optimal solution|pass2=integer optimal solution,0.06733029999986684
0.7,20,2,2,18,GW-FIRST,257.59173281734667,pass1=integer optimal solution|pass2=integer optimal solution,0.13096229999996467
0.7,20,2,2,19,JOINT,244.5268144499515,integer optimal solution,0.08719769999993332
0.7,20,2,2,19,GW-ONLY,251.39810798923006,integer optimal solution,0.08195040000009612
0.7,20,2,2,19,OD-ONLY,252.54021472291964,integer optimal solution,0.00842689999990398
0.7,20,2,2,19,OD-FIRST,244.52681444995147,pass1=integer optimal solution|pass2=integer optimal solution,0.08040019999998549
0.7,20,2,2,19,GW-FIRST,246.7870732567867,pass1=integer optimal solution|pass2=integer optimal solution,0.15837229999988267
0.7,20,2,2,20,JOINT,245.52868119584835,integer optimal solution,0.07924520000005941
0.7,20,2,2,20,GW-ONLY,250.52573864931762,integer optimal solution,0.08258860000000823
0.7,20,2,2,20,OD-ONLY,260.77739282323597,integer optimal solution,0.0062800000000606815
0.7,20,2,2,20,OD-FIRST,245.52868119584832,pass1=integer optimal solution|pass2=integer optimal solution,0.0811877999999524
0.7,20,2,2,20,GW-FIRST,245.52868119584832,pass1=integer optimal solution|pass2=integer optimal solution,0.09755670000004102
0.7,20,2,2,21,JOINT,271.83095487879564,integer optimal solution,0.10913419999997132
0.7,20,2,2,21,GW-ONLY,274.2309044684363,integer optimal solution,0.09524690000012015
0.7,20,2,2,21,OD-ONLY,276.4326957528216,integer optimal solution,0.0070175999999264604
0.7,20,2,2,21,OD-FIRST,272.5936526021123,pass1=integer optimal solution|pass2=integer optimal solution,0.07905830000004244
0.7,20,2,2,21,GW-FIRST,271.83095487879564,pass1=integer optimal solution|pass2=integer optimal solution,0.12610610000001543
0.7,20,2,2,22,JOINT,242.6898967054576,integer optimal solution,0.10300210000013976
0.7,20,2,2,22,GW-ONLY,254.29022346558153,integer optimal solution,0.08127940000008493
0.7,20,2,2,22,OD-ONLY,253.91950402298647,integer optimal solution,0.007673999999951775
0.7,20,2,2,22,OD-FIRST,242.68989670545758,pass1=integer optimal solution|pass2=integer optimal solution,0.06655000000000655
0.7,20,2,2,22,GW-FIRST,252.36542053633957,pass1=integer optimal solution|pass2=integer optimal solution,0.1457206000000042
0.7,20,2,2,23,JOINT,291.7547555904568,integer optimal solution,0.10702720000017507
0.7,20,2,2,23,GW-ONLY,300.40354809763113,integer optimal solution,0.09276629999999386
0.7,20,2,2,23,OD-ONLY,297.57244538293895,integer optimal solution,0.006136200000128156
0.7,20,2,2,23,OD-FIRST,291.84860475689504,pass1=integer optimal solution|pass2=integer optimal solution,0.07109999999988759
0.7,20,2,2,23,GW-FIRST,296.2100829638896,pass1=integer optimal solution|pass2=integer optimal solution,0.120730599999888
0.7,20,2,2,24,JOINT,285.4939160342427,integer optimal solution,0.07622299999979987
0.7,20,2,2,24,GW-ONLY,294.37978934556855,integer optimal solution,0.10388770000008662
0.7,20,2,2,24,OD-ONLY,293.7919796521927,integer optimal solution,0.006320000000187065
0.7,20,2,2,24,OD-FIRST,287.75325118660186,pass1=integer optimal solution|pass2=integer optimal solution,0.07568730000002688
0.7,20,2,2,24,GW-FIRST,285.4939160342428,pass1=integer optimal solution|pass2=integer optimal solution,0.12122580000004746
0.7,20,3,2,0,JOINT,208.6002166123307,integer optimal solution,0.1510324999999284
0.7,20,3,2,0,GW-ONLY,214.03009490657283,integer optimal solution,0.15175139999996645
0.7,20,3,2,0,OD-ONLY,214.30080908734803,integer optimal solution,0.006763699999964956
0.7,20,3,2,0,OD-FIRST,209.27525926706284,pass1=integer optimal solution|pass2=integer optimal solution,0.08734679999997752
0.7,20,3,2,0,GW-FIRST,210.84819935161758,pass1=integer optimal solution|pass2=integer optimal solution,0.20011890000000676
0.7,20,3,2,1,JOINT,196.55153925611262,integer optimal solution,0.17685959999994338
0.7,20,3,2,1,GW-ONLY,204.47511739039905,integer optimal solution,0.11926399999993009
0.7,20,3,2,1,OD-ONLY,204.25161186272464,integer optimal solution,0.01168439999992188
0.7,20,3,2,1,OD-FIRST,198.0700770885881,pass1=integer optimal solution|pass2=integer optimal solution,0.07383429999981672
0.7,20,3,2,1,GW-FIRST,199.6442591832236,pass1=integer optimal solution|pass2=integer optimal solution,0.1785363999999845
0.7,20,3,2,2,JOINT,248.25754691456274,integer optimal solution,0.12287510000010116
0.7,20,3,2,2,GW-ONLY,254.03341739494726,integer optimal solution,0.13938759999996364
0.7,20,3,2,2,OD-ONLY,255.0658829333886,integer optimal solution,0.005110800000011295
0.7,20,3,2,2,OD-FIRST,248.25754691456274,pass1=integer optimal solution|pass2=integer optimal solution,0.07811100000003535
0.7,20,3,2,2,GW-FIRST,251.48836686007866,pass1=integer optimal solution|pass2=integer optimal solution,0.18214549999993324
0.7,20,3,2,3,JOINT,287.62961456858693,integer optimal solution,0.15912119999984498
0.7,20,3,2,3,GW-ONLY,287.629614568587,integer optimal solution,0.1528086999999232
0.7,20,3,2,3,OD-ONLY,300.2888821911379,integer optimal solution,0.009519499999896652
0.7,20,3,2,3,OD-FIRST,287.629614568587,pass1=integer optimal solution|pass2=integer optimal solution,0.16240680000009888
0.7,20,3,2,3,GW-FIRST,287.629614568587,pass1=integer optimal solution|pass2=integer optimal solution,0.24289380000004712
0.7,20,3,2,4,JOINT,311.70620159185245,integer optimal solution,0.13492889999997715
0.7,20,3,2,4,GW-ONLY,324.5790699361723,integer optimal solution,0.1303234000001794
0.7,20,3,2,4,OD-ONLY,318.5815690872371,integer optimal solution,0.008655399999952351
0.7,20,3,2,4,OD-FIRST,312.4384793897682,pass1=integer optimal solution|pass2=integer optimal solution,0.09352979999994204
0.7,20,3,2,4,GW-FIRST,317.5609910805978,pass1=integer optimal solution|pass2=integer optimal solution,0.2091597000001002
0.7,20,3,2,5,JOINT,232.09505557095153,integer optimal solution,0.18426500000009582
0.7,20,3,2,5,GW-ONLY,241.51513483295236,integer optimal solution,0.13389989999996033
0.7,20,3,2,5,OD-ONLY,240.10452893252307,integer optimal solution,0.010181699999975535
0.7,20,3,2,5,OD-FIRST,237.45993825546452,pass1=integer optimal solution|pass2=integer optimal solution,0.08599840000010772
0.7,20,3,2,5,GW-FIRST,234.1901596310858,pass1=integer optimal solution|pass2=integer optimal solution,0.2025724000000082
0.7,20,3,2,6,JOINT,252.37270977583353,integer optimal solution,0.13032720000001063
0.7,20,3,2,6,GW-ONLY,253.14168054715861,integer optimal solution,0.14763910000010583
0.7,20,3,2,6,OD-ONLY,259.70121397939084,integer optimal solution,0.0046792000000550615
0.7,20,3,2,6,OD-FIRST,253.36554843504965,pass1=integer optimal solution|pass2=integer optimal solution,0.09716180000009444
0.7,20,3,2,6,GW-FIRST,252.37270977583353,pass1=integer optimal solution|pass2=integer optimal solution,0.1759342000000288
0.7,20,3,2,7,JOINT,256.2145065283024,integer optimal solution,0.13934000000017477
0.7,20,3,2,7,GW-ONLY,263.626093014991,integer optimal solution,0.15048440000009577
0.7,20,3,2,7,OD-ONLY,262.27120078595107,integer optimal solution,0.010563999999931184
0.7,20,3,2,7,OD-FIRST,256.2145065283024,pass1=integer optimal solution|pass2=integer optimal solution,0.1042218000000048
0.7,20,3,2,7,GW-FIRST,257.10302024198603,pass1=integer optimal solution|pass2=integer optimal solution,0.17530629999987468
0.7,20,3,2,8,JOINT,237.99277204818617,integer optimal solution,0.13780100000008133
0.7,20,3,2,8,GW-ONLY,250.1702271918025,integer optimal solution,0.1218272999999499
0.7,20,3,2,8,OD-ONLY,241.40144712825776,integer optimal solution,0.006952700000056211
0.7,20,3,2,8,OD-FIRST,237.99277204818617,pass1=integer optimal solution|pass2=integer optimal solution,0.08489690000010341
0.7,20,3,2,8,GW-FIRST,250.1702271918025,pass1=integer optimal solution|pass2=integer optimal solution,0.17750410000007832
0.7,20,3,2,9,JOINT,341.0527309786446,integer optimal solution,0.15824739999993653
0.7,20,3,2,9,GW-ONLY,343.4887549314614,integer optimal solution,0.18184219999989182
0.7,20,3,2,9,OD-ONLY,354.83471295896106,integer optimal solution,0.007455400000026202
0.7,20,3,2,9,OD-FIRST,344.99191565716427,pass1=integer optimal solution|pass2=integer optimal solution,0.11206609999999273
0.7,20,3,2,9,GW-FIRST,341.05273097864466,pass1=integer optimal solution|pass2=integer optimal solution,0.21777090000000499
0.7,20,3,2,10,JOINT,274.2972222063154,integer optimal solution,0.1471615999998903
0.7,20,3,2,10,GW-ONLY,286.30563589813585,integer optimal solution,0.15204670000002807
0.7,20,3,2,10,OD-ONLY,286.3193477560019,integer optimal solution,0.009230699999989156
0.7,20,3,2,10,OD-FIRST,283.24092792703794,pass1=integer optimal solution|pass2=integer optimal solution,0.11212520000003678
0.7,20,3,2,10,GW-FIRST,283.4535575406735,pass1=integer optimal solution|pass2=integer optimal solution,0.217931500000077
0.7,20,3,2,11,JOINT,273.9049553393875,integer optimal solution,0.2255435000001853
0.7,20,3,2,11,GW-ONLY,274.44115046918347,integer optimal solution,0.23724430000015673
0.7,20,3,2,11,OD-ONLY,296.96876180685604,integer optimal solution,0.008726199999955497
0.7,20,3,2,11,OD-FIRST,275.3886315978394,pass1=integer optimal solution|pass2=integer optimal solution,0.13017300000001342
0.7,20,3,2,11,GW-FIRST,274.44115046918347,pass1=integer optimal solution|pass2=integer optimal solution,0.29860819999998967
0.7,20,3,2,12,JOINT,296.82452120979747,integer optimal solution,0.1566382999999405
0.7,20,3,2,12,GW-ONLY,301.6540723846598,integer optimal solution,0.18890299999998206
0.7,20,3,2,12,OD-ONLY,296.8245212097974,integer optimal solution,0.009203699999943638
0.7,20,3,2,12,OD-FIRST,296.82452120979747,pass1=integer optimal solution|pass2=integer optimal solution,0.09375439999985247
0.7,20,3,2,12,GW-FIRST,298.188059546909,pass1=integer optimal solution|pass2=integer optimal solution,0.21817439999995258
0.7,20,3,2,13,JOINT,312.60749255266444,integer optimal solution,0.15201279999996586
0.7,20,3,2,13,GW-ONLY,315.9802958993222,integer optimal solution,0.1415701999999328
0.7,20,3,2,13,OD-ONLY,315.14320545777457,integer optimal solution,0.009750100000019302
0.7,20,3,2,13,OD-FIRST,312.60749255266444,pass1=integer optimal solution|pass2=integer optimal solution,0.11796570000001338
0.7,20,3,2,13,GW-FIRST,315.9802958993222,pass1=integer optimal solution|pass2=integer optimal solution,0.17504809999991267
0.7,20,3,2,14,JOINT,251.79778313143018,integer optimal solution,0.10570699999993849
0.7,20,3,2,14,GW-ONLY,264.31015521812293,integer optimal solution,0.12744910000014897
0.7,20,3,2,14,OD-ONLY,274.22837143952074,integer optimal solution,0.0066546000000471395
0.7,20,3,2,14,OD-FIRST,251.79778313143018,pass1=integer optimal solution|pass2=integer optimal solution,0.0597706000000926
0.7,20,3,2,14,GW-FIRST,259.17175726323325,pass1=integer optimal solution|pass2=integer optimal solution,0.14416140000002997
0.7,20,3,2,15,JOINT,287.80440823567386,integer optimal solution,0.16340539999987413
0.7,20,3,2,15,GW-ONLY,295.4029281984943,integer optimal solution,0.1510593999998946
0.7,20,3,2,15,OD-ONLY,296.268611452018,integer optimal solution,0.010408399999960238
0.7,20,3,2,15,OD-FIRST,287.8044082356738,pass1=integer optimal solution|pass2=integer optimal solution,0.198462999999947
0.7,20,3,2,15,GW-FIRST,290.37745755405865,pass1=integer optimal solution|pass2=integer optimal solution,0.24011560000008103
0.7,20,3,2,16,JOINT,226.80462619551923,integer optimal solution,0.11240150000003268
0.7,20,3,2,16,GW-ONLY,241.3407148023657,integer optimal solution,0.13233119999995324
0.7,20,3,2,16,OD-ONLY,241.39066268055993,integer optimal solution,0.0069458999998914805
0.7,20,3,2,16,OD-FIRST,229.94406534944895,pass1=integer optimal solution|pass2=integer optimal solution,0.06505170000014004
0.7,20,3,2,16,GW-FIRST,237.51695652649946,pass1=integer optimal solution|pass2=integer optimal solution,0.1457114999998339
0.7,20,3,2,17,JOINT,273.36425334150096,integer optimal solution,0.12681059999999889
0.7,20,3,2,17,GW-ONLY,279.2635219150199,integer optimal solution,0.14083830000004127
0.7,20,3,2,17,OD-ONLY,277.51649544382224,integer optimal solution,0.010407299999997122
0.7,20,3,2,17,OD-FIRST,273.36425334150096,pass1=integer optimal solution|pass2=integer optimal solution,0.08973019999984899
0.7,20,3,2,17,GW-FIRST,279.2635219150199,pass1=integer optimal solution|pass2=integer optimal solution,0.20028409999986252
0.7,20,3,2,18,JOINT,241.30125495625995,integer optimal solution,0.14835360000006403
0.7,20,3,2,18,GW-ONLY,244.5321559008282,integer optimal solution,0.1431261000000177
0.7,20,3,2,18,OD-ONLY,252.7520447668659,integer optimal solution,0.011536299999988842
0.7,20,3,2,18,OD-FIRST,244.26585826046863,pass1=integer optimal solution|pass2=integer optimal solution,0.14201230000003306
0.7,20,3,2,18,GW-FIRST,244.5321559008282,pass1=integer optimal solution|pass2=integer optimal solution,0.21266749999995227
0.7,20,3,2,19,JOINT,256.2195269984419,integer optimal solution,0.1263575000000401
0.7,20,3,2,19,GW-ONLY,260.98922270964636,integer optimal solution,0.17484889999991537
0.7,20,3,2,19,OD-ONLY,266.9280455552538,integer optimal solution,0.008266000000048734
0.7,20,3,2,19,OD-FIRST,256.2195269984419,pass1=integer optimal solution|pass2=integer optimal solution,0.10526529999992817
0.7,20,3,2,19,GW-FIRST,260.9892227096464,pass1=integer optimal solution|pass2=integer optimal solution,0.25122080000005553
0.7,20,3,2,20,JOINT,251.2298472987509,integer optimal solution,0.12993189999997412
0.7,20,3,2,20,GW-ONLY,266.07332297323603,integer optimal solution,0.14423009999995884
0.7,20,3,2,20,OD-ONLY,257.70065257678226,integer optimal solution,0.007387699999981123
0.7,20,3,2,20,OD-FIRST,251.2298472987509,pass1=integer optimal solution|pass2=integer optimal solution,0.08164649999980611
0.7,20,3,2,20,GW-FIRST,266.07332297323603,pass1=integer optimal solution|pass2=integer optimal solution,0.1666342999999415
0.7,20,3,2,21,JOINT,258.0960276711078,integer optimal solution,0.17024549999996452
0.7,20,3,2,21,GW-ONLY,272.7928924231735,integer optimal solution,0.14131829999996626
0.7,20,3,2,21,OD-ONLY,268.2981824706525,integer optimal solution,0.006583399999954054
0.7,20,3,2,21,OD-FIRST,261.70032853801564,pass1=integer optimal solution|pass2=integer optimal solution,0.08595779999996012
0.7,20,3,2,21,GW-FIRST,271.9008788433523,pass1=integer optimal solution|pass2=integer optimal solution,0.18314669999995203
0.7,20,3,2,22,JOINT,249.2262287952947,integer optimal solution,0.1876839999999902
0.7,20,3,2,22,GW-ONLY,264.7104416544748,integer optimal solution,0.13134999999988395
0.7,20,3,2,22,OD-ONLY,281.6544773594219,integer optimal solution,0.00905760000000555
0.7,20,3,2,22,OD-FIRST,249.22622879529473,pass1=integer optimal solution|pass2=integer optimal solution,0.07565909999993892
0.7,20,3,2,22,GW-FIRST,263.2145126810012,pass1=integer optimal solution|pass2=integer optimal solution,0.1439935000000787
0.7,20,3,2,23,JOINT,238.8987999722151,integer optimal solution,0.0935412000001179
0.7,20,3,2,23,GW-ONLY,241.1120486174691,integer optimal solution,0.11497770000005403
0.7,20,3,2,23,OD-ONLY,244.6102946358742,integer optimal solution,0.00543270000002849
0.7,20,3,2,23,OD-FIRST,241.2175714607866,pass1=integer optimal solution|pass2=integer optimal solution,0.0875272999999197
0.7,20,3,2,23,GW-FIRST,241.11204861746913,pass1=integer optimal solution|pass2=integer optimal solution,0.12879370000018753
0.7,20,3,2,24,JOINT,274.1456537388947,integer optimal solution,0.10160470000005262
0.7,20,3,2,24,GW-ONLY,286.3598859300213,integer optimal solution,0.11551480000002812
0.7,20,3,2,24,OD-ONLY,274.1456537388946,integer optimal solution,0.006354300000111834
0.7,20,3,2,24,OD-FIRST,274.14565373889474,pass1=integer optimal solution|pass2=integer optimal solution,0.09031079999999747
0.7,20,3,2,24,GW-FIRST,282.1769805698084,pass1=integer optimal solution|pass2=integer optimal solution,0.14244800000005853
0.7,20,2,3,0,JOINT,234.35573259940054,integer optimal solution,0.06316430000015316
0.7,20,2,3,0,GW-ONLY,242.07664792033063,integer optimal solution,0.06509809999988647
0.7,20,2,3,0,OD-ONLY,241.52078670096407,integer optimal solution,0.005949600000121791
0.7,20,2,3,0,OD-FIRST,234.35573259940057,pass1=integer optimal solution|pass2=integer optimal solution,0.04202479999980824
0.7,20,2,3,0,GW-FIRST,242.07664792033063,pass1=integer optimal solution|pass2=integer optimal solution,0.09811930000000757
0.7,20,2,3,1,JOINT,325.18116112674505,integer optimal solution,0.06439679999994041
0.7,20,2,3,1,GW-ONLY,332.30285379711444,integer optimal solution,0.07764219999990019
0.7,20,2,3,1,OD-ONLY,329.856348078078,integer optimal solution,0.004351699999915581
0.7,20,2,3,1,OD-FIRST,325.18116112674505,pass1=integer optimal solution|pass2=integer optimal solution,0.06908569999995962
0.7,20,2,3,1,GW-FIRST,332.30285379711444,pass1=integer optimal solution|pass2=integer optimal solution,0.09659860000010667
0.7,20,2,3,2,JOINT,218.0122521269122,integer optimal solution,0.0630338999999367
0.7,20,2,3,2,GW-ONLY,218.0122521269122,integer optimal solution,0.06882889999997133
0.7,20,2,3,2,OD-ONLY,223.77519675340113,integer optimal solution,0.004673700000012104
0.7,20,2,3,2,OD-FIRST,218.0122521269122,pass1=integer optimal solution|pass2=integer optimal solution,0.0826966000001903
0.7,20,2,3,2,GW-FIRST,218.0122521269122,pass1=integer optimal solution|pass2=integer optimal solution,0.08232270000007702
0.7,20,2,3,3,JOINT,202.09280764954772,integer optimal solution,0.13301639999986037
0.7,20,2,3,3,GW-ONLY,218.93660994992743,integer optimal solution,0.09735369999998511
0.7,20,2,3,3,OD-ONLY,206.026925308215,integer optimal solution,0.0067801000000144995
0.7,20,2,3,3,OD-FIRST,202.09280764954772,pass1=integer optimal solution|pass2=integer optimal solution,0.05005489999985002
0.7,20,2,3,3,GW-FIRST,207.86911372146392,pass1=integer optimal solution|pass2=integer optimal solution,0.1138227999999799
0.7,20,2,3,4,JOINT,259.3794867148314,integer optimal solution,0.06500080000000708
0.7,20,2,3,4,GW-ONLY,271.378027042111,integer optimal solution,0.06389400000011847
0.7,20,2,3,4,OD-ONLY,259.37948671483144,integer optimal solution,0.007522300000118776
0.7,20,2,3,4,OD-FIRST,259.3794867148314,pass1=integer optimal solution|pass2=integer optimal solution,0.06240120000006755
0.7,20,2,3,4,GW-FIRST,268.9831551375455,pass1=integer optimal solution|pass2=integer optimal solution,0.09830540000007204
0.7,20,2,3,5,JOINT,279.28480347222825,integer optimal solution,0.10112469999990026
0.7,20,2,3,5,GW-ONLY,301.210569831072,integer optimal solution,0.08219510000003538
0.7,20,2,3,5,OD-ONLY,296.5304266738263,integer optimal solution,0.00675239999986843
0.7,20,2,3,5,OD-FIRST,279.28480347222825,pass1=integer optimal solution|pass2=integer optimal solution,0.07988090000003467
0.7,20,2,3,5,GW-FIRST,284.84619855411415,pass1=integer optimal solution|pass2=integer optimal solution,0.09536430000002838
0.7,20,2,3,6,JOINT,263.614013394109,integer optimal solution,0.07526130000019293
0.7,20,2,3,6,GW-ONLY,278.5920762907819,integer optimal solution,0.08162019999986114
0.7,20,2,3,6,OD-ONLY,263.614013394109,integer optimal solution,0.005360099999961676
0.7,20,2,3,6,OD-FIRST,263.61401339410895,pass1=integer optimal solution|pass2=integer optimal solution,0.04512839999983953
0.7,20,2,3,6,GW-FIRST,263.614013394109,pass1=integer optimal solution|pass2=integer optimal solution,0.09733170000004066
0.7,20,2,3,7,JOINT,223.35468520609982,integer optimal solution,0.06845250000014858
0.7,20,2,3,7,GW-ONLY,236.04314027271093,integer optimal solution,0.06980619999990267
0.7,20,2,3,7,OD-ONLY,227.84461153923326,integer optimal solution,0.005571299999928669
0.7,20,2,3,7,OD-FIRST,224.79569175320236,pass1=integer optimal solution|pass2=integer optimal solution,0.04550310000013269
0.7,20,2,3,7,GW-FIRST,229.0885186355861,pass1=integer optimal solution|pass2=integer optimal solution,0.11808410000003278
0.7,20,2,3,8,JOINT,283.3487861885709,integer optimal solution,0.11504290000016226
0.7,20,2,3,8,GW-ONLY,290.8363168604575,integer optimal solution,0.08879879999994955
0.7,20,2,3,8,OD-ONLY,304.81083154688406,integer optimal solution,0.00556959999994433
0.7,20,2,3,8,OD-FIRST,283.34878618857095,pass1=integer optimal solution|pass2=integer optimal solution,0.051177800000004936
0.7,20,2,3,8,GW-FIRST,288.13521740104176,pass1=integer optimal solution|pass2=integer optimal solution,0.11131499999987682
0.7,20,2,3,9,JOINT,206.1036854542846,integer optimal solution,0.08171120000019982
0.7,20,2,3,9,GW-ONLY,221.91470008591995,integer optimal solution,0.07192080000004353
0.7,20,2,3,9,OD-ONLY,208.24590390607676,integer optimal solution,0.006012299999838433
0.7,20,2,3,9,OD-FIRST,206.1036854542846,pass1=integer optimal solution|pass2=integer optimal solution,0.07112860000006549
0.7,20,2,3,9,GW-FIRST,211.0528122604568,pass1=integer optimal solution|pass2=integer optimal solution,0.14969660000019758
0.7,20,2,3,10,JOINT,298.31221327963226,integer optimal solution,0.08258690000002389
0.7,20,2,3,10,GW-ONLY,308.1856543961835,integer optimal solution,0.08725649999996676
0.7,20,2,3,10,OD-ONLY,298.31221327963226,integer optimal solution,0.004343999999946391
0.7,20,2,3,10,OD-FIRST,298.31221327963226,pass1=integer optimal solution|pass2=integer optimal solution,0.043146199999910095
0.7,20,2,3,10,GW-FIRST,301.26008992751645,pass1=integer optimal solution|pass2=integer optimal solution,0.10336819999997715
0.7,20,2,3,11,JOINT,282.1907681767668,integer optimal solution,0.09543920000010075
0.7,20,2,3,11,GW-ONLY,287.1021001673573,integer optimal solution,0.09130640000012136
0.7,20,2,3,11,OD-ONLY,292.95948098736255,integer optimal solution,0.0033114000000296073
0.7,20,2,3,11,OD-FIRST,282.1907681767668,pass1=integer optimal solution|pass2=integer optimal solution,0.05245700000000397
0.7,20,2,3,11,GW-FIRST,282.1907681767668,pass1=integer optimal solution|pass2=integer optimal solution,0.09581019999995988
0.7,20,2,3,12,JOINT,283.0521743568552,integer optimal solution,0.0662537999999131
0.7,20,2,3,12,GW-ONLY,298.4456745127385,integer optimal solution,0.0901578000000427
0.7,20,2,3,12,OD-ONLY,283.0521743568552,integer optimal solution,0.005037600000150633
0.7,20,2,3,12,OD-FIRST,283.0521743568552,pass1=integer optimal solution|pass2=integer optimal solution,0.05435740000007172
0.7,20,2,3,12,GW-FIRST,293.0127441694101,pass1=integer optimal solution|pass2=integer optimal solution,0.09115599999995538
0.7,20,2,3,13,JOINT,275.3872509154442,integer optimal solution,0.10593119999998635
0.7,20,2,3,13,GW-ONLY,284.2187798728729,integer optimal solution,0.09383189999994102
0.7,20,2,3,13,OD-ONLY,278.58200746348155,integer optimal solution,0.009033699999918099
0.7,20,2,3,13,OD-FIRST,275.3872509154442,pass1=integer optimal solution|pass2=integer optimal solution,0.06356649999997899
0.7,20,2,3,13,GW-FIRST,278.92695868207716,pass1=integer optimal solution|pass2=integer optimal solution,0.11893910000003416
0.7,20,2,3,14,JOINT,268.9597344786143,integer optimal solution,0.07928100000003724
0.7,20,2,3,14,GW-ONLY,269.4759062628899,integer optimal solution,0.09098960000005718
0.7,20,2,3,14,OD-ONLY,270.58262422069214,integer optimal solution,0.005039500000066255
0.7,20,2,3,14,OD-FIRST,269.6394974307474,pass1=integer optimal solution|pass2=integer optimal solution,0.056972300000097675
0.7,20,2,3,14,GW-FIRST,268.95973447861434,pass1=integer optimal solution|pass2=integer optimal solution,0.10930150000012873
0.7,20,2,3,15,JOINT,243.7538222106515,integer optimal solution,0.08280620000005001
0.7,20,2,3,15,GW-ONLY,253.184183354691,integer optimal solution,0.07761160000018208
0.7,20,2,3,15,OD-ONLY,248.85697235432505,integer optimal solution,0.00872599999979684
0.7,20,2,3,15,OD-FIRST,243.7538222106515,pass1=integer optimal solution|pass2=integer optimal solution,0.05362039999999979
0.7,20,2,3,15,GW-FIRST,251.28201634076265,pass1=integer optimal solution|pass2=integer optimal solution,0.10214130000008481
0.7,20,2,3,16,JOINT,202.6800746392872,integer optimal solution,0.07868589999998221
0.7,20,2,3,16,GW-ONLY,215.36571465903805,integer optimal solution,0.08260289999998349
0.7,20,2,3,16,OD-ONLY,215.23385034138772,integer optimal solution,0.007685300000048301
0.7,20,2,3,16,OD-FIRST,202.68007463928723,pass1=integer optimal solution|pass2=integer optimal solution,0.04178670000010243
0.7,20,2,3,16,GW-FIRST,204.42575557604553,pass1=integer optimal solution|pass2=integer optimal solution,0.08671890000005078
0.7,20,2,3,17,JOINT,255.55336876558772,integer optimal solution,0.08044180000001688
0.7,20,2,3,17,GW-ONLY,266.4394941199978,integer optimal solution,0.07416379999995115
0.7,20,2,3,17,OD-ONLY,261.6333263724652,integer optimal solution,0.004762300000038522
0.7,20,2,3,17,OD-FIRST,255.55336876558772,pass1=integer optimal solution|pass2=integer optimal solution,0.05107980000002499
0.7,20,2,3,17,GW-FIRST,255.55336876558775,pass1=integer optimal solution|pass2=integer optimal solution,0.14406420000000253
0.7,20,2,3,18,JOINT,281.77630641631777,integer optimal solution,0.0670557999999346
0.7,20,2,3,18,GW-ONLY,290.9397736805324,integer optimal solution,0.06660200000010263
0.7,20,2,3,18,OD-ONLY,281.77630641631777,integer optimal solution,0.0063708000000133325
0.7,20,2,3,18,OD-FIRST,281.77630641631777,pass1=integer optimal solution|pass2=integer optimal solution,0.052181599999812533
0.7,20,2,3,18,GW-FIRST,281.7763064163177,pass1=integer optimal solution|pass2=integer optimal solution,0.12290320000010979
0.7,20,2,3,19,JOINT,270.6960798331064,integer optimal solution,0.06364339999981894
0.7,20,2,3,19,GW-ONLY,289.0946643127801,integer optimal solution,0.05787009999994552
0.7,20,2,3,19,OD-ONLY,270.69607983310635,integer optimal solution,0.007640100000116945
0.7,20,2,3,19,OD-FIRST,270.69607983310635,pass1=integer optimal solution|pass2=integer optimal solution,0.0728934000001118
0.7,20,2,3,19,GW-FIRST,282.99200782191645,pass1=integer optimal solution|pass2=integer optimal solution,0.13238379999984318
0.7,20,2,3,20,JOINT,229.30755682260187,integer optimal solution,0.06830119999995077
0.7,20,2,3,20,GW-ONLY,247.49945460631136,integer optimal solution,0.08731590000002143
0.7,20,2,3,20,OD-ONLY,233.79839068660067,integer optimal solution,0.008582000000160406
0.7,20,2,3,20,OD-FIRST,230.298814749629,pass1=integer optimal solution|pass2=integer optimal solution,0.055524600000126156
0.7,20,2,3,20,GW-FIRST,238.01035731215347,pass1=integer optimal solution|pass2=integer optimal solution,0.13968599999998332
0.7,20,2,3,21,JOINT,255.16596422549793,integer optimal solution,0.0816740000000209
0.7,20,2,3,21,GW-ONLY,277.81524017861256,integer optimal solution,0.12497110000003886
0.7,20,2,3,21,OD-ONLY,266.28760116618196,integer optimal solution,0.005292600000075254
0.7,20,2,3,21,OD-FIRST,255.1923445143778,pass1=integer optimal solution|pass2=integer optimal solution,0.03976390000002539
0.7,20,2,3,21,GW-FIRST,266.743960344672,pass1=integer optimal solution|pass2=integer optimal solution,0.13410210000006373
0.7,20,2,3,22,JOINT,274.3799640660769,integer optimal solution,0.07689659999982723
0.7,20,2,3,22,GW-ONLY,280.61023521419514,integer optimal solution,0.06434850000005099
0.7,20,2,3,22,OD-ONLY,279.44370330518046,integer optimal solution,0.006569600000148057
0.7,20,2,3,22,OD-FIRST,274.3799640660769,pass1=integer optimal solution|pass2=integer optimal solution,0.06655369999998584
0.7,20,2,3,22,GW-FIRST,280.56491254550906,pass1=integer optimal solution|pass2=integer optimal solution,0.12256380000007994
0.7,20,2,3,23,JOINT,259.7142871908489,integer optimal solution,0.1013956000001599
0.7,20,2,3,23,GW-ONLY,270.095463758053,integer optimal solution,0.08304689999999937
0.7,20,2,3,23,OD-ONLY,265.5638459515625,integer optimal solution,0.005701000000044587
0.7,20,2,3,23,OD-FIRST,262.85453566976173,pass1=integer optimal solution|pass2=integer optimal solution,0.03766640000003463
0.7,20,2,3,23,GW-FIRST,265.54390836735445,pass1=integer optimal solution|pass2=integer optimal solution,0.08347949999983939
0.7,20,2,3,24,JOINT,297.5811791594604,integer optimal solution,0.08972579999999653
0.7,20,2,3,24,GW-ONLY,301.6537465404913,integer optimal solution,0.06191069999999854
0.7,20,2,3,24,OD-ONLY,297.5811791594605,integer optimal solution,0.005764699999872391
0.7,20,2,3,24,OD-FIRST,297.5811791594605,pass1=integer optimal solution|pass2=integer optimal solution,0.05651100000000042
0.7,20,2,3,24,GW-FIRST,301.6537465404913,pass1=integer optimal solution|pass2=integer optimal solution,0.1055728999999701
0.7,20,3,3,0,JOINT,248.92184593492382,integer optimal solution,0.204524900000024
0.7,20,3,3,0,GW-ONLY,264.8349708252387,integer optimal solution,0.10028709999983221
0.7,20,3,3,0,OD-ONLY,268.3274054717666,integer optimal solution,0.005662399999891932
0.7,20,3,3,0,OD-FIRST,248.9218459349238,pass1=integer optimal solution|pass2=integer optimal solution,0.07546079999997346
0.7,20,3,3,0,GW-FIRST,255.08876235144822,pass1=integer optimal solution|pass2=integer optimal solution,0.16667670000015278
0.7,20,3,3,1,JOINT,289.30376695565246,integer optimal solution,0.11052450000011049
0.7,20,3,3,1,GW-ONLY,302.0174676198548,integer optimal solution,0.11394500000005792
0.7,20,3,3,1,OD-ONLY,289.30376695565246,integer optimal solution,0.006497400000171183
0.7,20,3,3,1,OD-FIRST,289.30376695565246,pass1=integer optimal solution|pass2=integer optimal solution,0.06917350000003353
0.7,20,3,3,1,GW-FIRST,302.0174676198548,pass1=integer optimal solution|pass2=integer optimal solution,0.18091800000001967
0.7,20,3,3,2,JOINT,248.61877210525068,integer optimal solution,0.1201255000000856
0.7,20,3,3,2,GW-ONLY,254.96776750999896,integer optimal solution,0.10484389999987798
0.7,20,3,3,2,OD-ONLY,254.81236577142175,integer optimal solution,0.003749599999991915
0.7,20,3,3,2,OD-FIRST,248.6187721052507,pass1=integer optimal solution|pass2=integer optimal solution,0.07126190000008137
0.7,20,3,3,2,GW-FIRST,248.61877210525068,pass1=integer optimal solution|pass2=integer optimal solution,0.15779330000009395
0.7,20,3,3,3,JOINT,292.0323669200278,integer optimal solution,0.18275100000005295
0.7,20,3,3,3,GW-ONLY,328.99414632733726,integer optimal solution,0.12757090000013704
0.7,20,3,3,3,OD-ONLY,314.0509323087545,integer optimal solution,0.006213999999999942
0.7,20,3,3,3,OD-FIRST,297.6734447535992,pass1=integer optimal solution|pass2=integer optimal solution,0.06198460000018713
0.7,20,3,3,3,GW-FIRST,328.1193433797297,pass1=integer optimal solution|pass2=integer optimal solution,0.17157750000001215
0.7,20,3,3,4,JOINT,230.23844459590654,integer optimal solution,0.09356189999994058
0.7,20,3,3,4,GW-ONLY,235.62148631072023,integer optimal solution,0.1730221000000256
0.7,20,3,3,4,OD-ONLY,230.23844459590654,integer optimal solution,0.0057444999999916035
0.7,20,3,3,4,OD-FIRST,230.23844459590657,pass1=integer optimal solution|pass2=integer optimal solution,0.07052349999980834
0.7,20,3,3,4,GW-FIRST,235.62148631072026,pass1=integer optimal solution|pass2=integer optimal solution,0.19524010000009184
0.7,20,3,3,5,JOINT,286.3298530365864,integer optimal solution,0.1442719000001489
0.7,20,3,3,5,GW-ONLY,293.2456623702157,integer optimal solution,0.11512289999996028
0.7,20,3,3,5,OD-ONLY,292.83963445163334,integer optimal solution,0.004234900000028574
0.7,20,3,3,5,OD-FIRST,286.3298530365865,pass1=integer optimal solution|pass2=integer optimal solution,0.09986580000008871
0.7,20,3,3,5,GW-FIRST,286.3298530365865,pass1=integer optimal solution|pass2=integer optimal solution,0.15933270000004995
0.7,20,3,3,6,JOINT,248.55653064718206,integer optimal solution,0.09867039999994631
0.7,20,3,3,6,GW-ONLY,260.0869231278259,integer optimal solution,0.15081149999991794
0.7,20,3,3,6,OD-ONLY,263.47776268751306,integer optimal solution,0.008073099999819533
0.7,20,3,3,6,OD-FIRST,248.55653064718206,pass1=integer optimal solution|pass2=integer optimal solution,0.08600849999993443
0.7,20,3,3,6,GW-FIRST,253.5609002024396,pass1=integer optimal solution|pass2=integer optimal solution,0.18822329999989051
0.7,20,3,3,7,JOINT,226.07531846596726,integer optimal solution,0.12445020000018303
0.7,20,3,3,7,GW-ONLY,242.28838835887433,integer optimal solution,0.11906300000009651
0.7,20,3,3,7,OD-ONLY,240.62992675682625,integer optimal solution,0.00559560000010606
0.7,20,3,3,7,OD-FIRST,229.46185554321224,pass1=integer optimal solution|pass2=integer optimal solution,0.05030509999983224
0.7,20,3,3,7,GW-FIRST,236.60248238143765,pass1=integer optimal solution|pass2=integer optimal solution,0.1399304999999913
0.7,20,3,3,8,JOINT,303.90912813329516,integer optimal solution,0.12350479999986419
0.7,20,3,3,8,GW-ONLY,306.8987883756025,integer optimal solution,0.12753120000002127
0.7,20,3,3,8,OD-ONLY,306.1749141219381,integer optimal solution,0.00631029999999555
0.7,20,3,3,8,OD-FIRST,305.94323909949657,pass1=integer optimal solution|pass2=integer optimal solution,0.11155540000004294
0.7,20,3,3,8,GW-FIRST,303.90912813329516,pass1=integer optimal solution|pass2=integer optimal solution,0.20932459999994535
0.7,20,3,3,9,JOINT,300.6116045775333,integer optimal solution,0.12185719999979483
0.7,20,3,3,9,GW-ONLY,324.0847399248693,integer optimal solution,0.14242130000002362
0.7,20,3,3,9,OD-ONLY,306.5739522281055,integer optimal solution,0.005233100000168633
0.7,20,3,3,9,OD-FIRST,300.61160457753334,pass1=integer optimal solution|pass2=integer optimal solution,0.06496360000005552
0.7,20,3,3,9,GW-FIRST,314.7199180807172,pass1=integer optimal solution|pass2=integer optimal solution,0.1753260999998929
0.7,20,3,3,10,JOINT,296.4911310388634,integer optimal solution,0.11039630000004763
0.7,20,3,3,10,GW-ONLY,318.3396871856677,integer optimal solution,0.1381311000000096
0.7,20,3,3,10,OD-ONLY,296.49113103886333,integer optimal solution,0.005216200000177196
0.7,20,3,3,10,OD-FIRST,296.4911310388634,pass1=integer optimal solution|pass2=integer optimal solution,0.04770490000009886
0.7,20,3,3,10,GW-FIRST,296.49113103886333,pass1=integer optimal solution|pass2=integer optimal solution,0.17292779999979757
0.7,20,3,3,11,JOINT,270.3926433066053,integer optimal solution,0.10434010000017224
0.7,20,3,3,11,GW-ONLY,279.7467847785168,integer optimal solution,0.11803999999983716
0.7,20,3,3,11,OD-ONLY,274.63324885219913,integer optimal solution,0.006719999999859283
0.7,20,3,3,11,OD-FIRST,270.3926433066053,pass1=integer optimal solution|pass2=integer optimal solution,0.05766749999975218
0.7,20,3,3,11,GW-FIRST,276.3099888789604,pass1=integer optimal solution|pass2=integer optimal solution,0.15101610000010623
0.7,20,3,3,12,JOINT,267.2169894347533,integer optimal solution,0.10439039999982924
0.7,20,3,3,12,GW-ONLY,273.4743345192715,integer optimal solution,0.10753729999987627
0.7,20,3,3,12,OD-ONLY,267.88344784778127,integer optimal solution,0.009653499999785708
0.7,20,3,3,12,OD-FIRST,267.2169894347533,pass1=integer optimal solution|pass2=integer optimal solution,0.08791569999993953
0.7,20,3,3,12,GW-FIRST,273.4743345192715,pass1=integer optimal solution|pass2=integer optimal solution,0.13653270000031625
0.7,20,3,3,13,JOINT,318.79987702616245,integer optimal solution,0.09800499999983003
0.7,20,3,3,13,GW-ONLY,320.17116396503684,integer optimal solution,0.10680880000018078
0.7,20,3,3,13,OD-ONLY,329.3572997177241,integer optimal solution,0.004018099999939295
0.7,20,3,3,13,OD-FIRST,319.20101437062897,pass1=integer optimal solution|pass2=integer optimal solution,0.08102610000014465
0.7,20,3,3,13,GW-FIRST,318.79987702616245,pass1=integer optimal solution|pass2=integer optimal solution,0.14102559999992081
0.7,20,3,3,14,JOINT,319.90845542677175,integer optimal solution,0.12794169999961014
0.7,20,3,3,14,GW-ONLY,324.10106045724365,integer optimal solution,0.13728600000013103
0.7,20,3,3,14,OD-ONLY,325.6926969516173,integer optimal solution,0.0047657000000072
0.7,20,3,3,14,OD-FIRST,319.9084554267718,pass1=integer optimal solution|pass2=integer optimal solution,0.0871924999996736
0.7,20,3,3,14,GW-FIRST,319.9084554267718,pass1=integer optimal solution|pass2=integer optimal solution,0.19833939999989525
0.7,20,3,3,15,JOINT,321.4415397315347,integer optimal solution,0.15784630000007382
0.7,20,3,3,15,GW-ONLY,326.97047360182194,integer optimal solution,0.10987119999981587
0.7,20,3,3,15,OD-ONLY,343.0140583017189,integer optimal solution,0.007449000000178785
0.7,20,3,3,15,OD-FIRST,321.4415397315347,pass1=integer optimal solution|pass2=integer optimal solution,0.10886860000027809
0.7,20,3,3,15,GW-FIRST,321.44153973153465,pass1=integer optimal solution|pass2=integer optimal solution,0.1827738000001773
0.7,20,3,3,16,JOINT,248.699754706021,integer optimal solution,0.09588179999991553
0.7,20,3,3,16,GW-ONLY,264.851038789478,integer optimal solution,0.11039530000016384
0.7,20,3,3,16,OD-ONLY,257.3841425890365,integer optimal solution,0.004853699999785022
0.7,20,3,3,16,OD-FIRST,248.699754706021,pass1=integer optimal solution|pass2=integer optimal solution,0.05850350000036997
0.7,20,3,3,16,GW-FIRST,264.851038789478,pass1=integer optimal solution|pass2=integer optimal solution,0.11392840000007709
0.7,20,3,3,17,JOINT,221.7018810385796,integer optimal solution,0.10803860000032728
0.7,20,3,3,17,GW-ONLY,225.48165048956918,integer optimal solution,0.11792730000024676
0.7,20,3,3,17,OD-ONLY,226.50389667470773,integer optimal solution,0.009809900000163907
0.7,20,3,3,17,OD-FIRST,223.0312340026897,pass1=integer optimal solution|pass2=integer optimal solution,0.08486920000041209
0.7,20,3,3,17,GW-FIRST,221.7018810385796,pass1=integer optimal solution|pass2=integer optimal solution,0.1416516999997839
0.7,20,3,3,18,JOINT,310.5499314480887,integer optimal solution,0.09321920000002137
0.7,20,3,3,18,GW-ONLY,311.1922449944293,integer optimal solution,0.1699389999998857
0.7,20,3,3,18,OD-ONLY,314.04986239751923,integer optimal solution,0.008141300000261253
0.7,20,3,3,18,OD-FIRST,314.04986239751923,pass1=integer optimal solution|pass2=integer optimal solution,0.13200330000017857
0.7,20,3,3,18,GW-FIRST,311.1922449944293,pass1=integer optimal solution|pass2=integer optimal solution,0.21145639999986088
0.7,20,3,3,19,JOINT,317.6890269737054,integer optimal solution,0.13560659999984637
0.7,20,3,3,19,GW-ONLY,323.319722594073,integer optimal solution,0.12284349999981714
0.7,20,3,3,19,OD-ONLY,318.0357628681028,integer optimal solution,0.011742299999696115
0.7,20,3,3,19,OD-FIRST,318.0357628681028,pass1=integer optimal solution|pass2=integer optimal solution,0.12341790000027686
0.7,20,3,3,19,GW-FIRST,323.23653165926686,pass1=integer optimal solution|pass2=integer optimal solution,0.16377890000012485
0.7,20,3,3,20,JOINT,275.06241346049217,integer optimal solution,0.1050970999999663
0.7,20,3,3,20,GW-ONLY,282.0405709298687,integer optimal solution,0.13314589999981763
0.7,20,3,3,20,OD-ONLY,279.4402404567789,integer optimal solution,0.006738100000347913
0.7,20,3,3,20,OD-FIRST,275.87684423531476,pass1=integer optimal solution|pass2=integer optimal solution,0.0732932000000801
0.7,20,3,3,20,GW-FIRST,282.04057092986864,pass1=integer optimal solution|pass2=integer optimal solution,0.16158169999971506
0.7,20,3,3,21,JOINT,278.28478054897954,integer optimal solution,0.13447339999993346
0.7,20,3,3,21,GW-ONLY,302.17423630556556,integer optimal solution,0.14663160000009157
0.7,20,3,3,21,OD-ONLY,285.9101783035018,integer optimal solution,0.0064093000000866596
0.7,20,3,3,21,OD-FIRST,278.2847805489796,pass1=integer optimal solution|pass2=integer optimal solution,0.06815740000001824
0.7,20,3,3,21,GW-FIRST,301.61378745049814,pass1=integer optimal solution|pass2=integer optimal solution,0.15561909999996715
0.7,20,3,3,22,JOINT,348.1639254742593,integer optimal solution,0.12519139999994877
0.7,20,3,3,22,GW-ONLY,358.08367968112276,integer optimal solution,0.12397110000028988
0.7,20,3,3,22,OD-ONLY,349.9569294527437,integer optimal solution,0.006713799999943149
0.7,20,3,3,22,OD-FIRST,348.1639254742593,pass1=integer optimal solution|pass2=integer optimal solution,0.10312329999987924
0.7,20,3,3,22,GW-FIRST,348.1639254742593,pass1=integer optimal solution|pass2=integer optimal solution,0.2360313999997743
0.7,20,3,3,23,JOINT,228.29416379060012,integer optimal solution,0.14566289999993387
0.7,20,3,3,23,GW-ONLY,243.57274324731262,integer optimal solution,0.13694290000012188
0.7,20,3,3,23,OD-ONLY,242.69012465691236,integer optimal solution,0.009500000000116415
0.7,20,3,3,23,OD-FIRST,228.29416379060015,pass1=integer optimal solution|pass2=integer optimal solution,0.06591990000015358
0.7,20,3,3,23,GW-FIRST,236.11722496206517,pass1=integer optimal solution|pass2=integer optimal solution,0.19756750000033207
0.7,20,3,3,24,JOINT,224.4739316656973,integer optimal solution,0.11637879999989309
0.7,20,3,3,24,GW-ONLY,227.3231073458739,integer optimal solution,0.15918890000011743
0.7,20,3,3,24,OD-ONLY,237.86050245785185,integer optimal solution,0.006722799999806739
0.7,20,3,3,24,OD-FIRST,226.0361994802984,pass1=integer optimal solution|pass2=integer optimal solution,0.12188679999962915
0.7,20,3,3,24,GW-FIRST,224.4739316656973,pass1=integer optimal solution|pass2=integer optimal solution,0.17928840000013224
0.9,10,2,2,0,JOINT,99.9786022717855,integer optimal solution,0.024662400000124762
0.9,10,2,2,0,GW-ONLY,111.93257045451806,integer optimal solution,0.02784730000030322
0.9,10,2,2,0,OD-ONLY,103.24449333633842,integer optimal solution,0.004927900000438967
0.9,10,2,2,0,OD-FIRST,99.97860227178552,pass1=integer optimal solution|pass2=integer optimal solution,0.008533899999747518
0.9,10,2,2,0,GW-FIRST,109.09913661239759,pass1=integer optimal solution|pass2=integer optimal solution,0.024829999999838037
0.9,10,2,2,1,JOINT,85.52641910327802,integer optimal solution,0.03027509999992617
0.9,10,2,2,1,GW-ONLY,97.3061360563915,integer optimal solution,0.031666300000324554
0.9,10,2,2,1,OD-ONLY,93.97837589409184,integer optimal solution,0.006121299999904295
0.9,10,2,2,1,OD-FIRST,85.52641910327803,pass1=integer optimal solution|pass2=integer optimal solution,0.015106700000160345
0.9,10,2,2,1,GW-FIRST,85.52641910327802,pass1=integer optimal solution|pass2=integer optimal solution,0.04794080000010581
0.9,10,2,2,2,JOINT,74.94062774632238,integer optimal solution,0.02739449999990029
0.9,10,2,2,2,GW-ONLY,87.2883012240823,integer optimal solution,0.030443900000136637
0.9,10,2,2,2,OD-ONLY,74.94062774632236,integer optimal solution,0.007528000000093016
0.9,10,2,2,2,OD-FIRST,74.94062774632236,pass1=integer optimal solution|pass2=integer optimal solution,0.017165700000077777
0.9,10,2,2,2,GW-FIRST,74.94062774632236,pass1=integer optimal solution|pass2=integer optimal solution,0.037299199999779376
0.9,10,2,2,3,JOINT,93.42545434332789,integer optimal solution,0.02638810000007652
0.9,10,2,2,3,GW-ONLY,98.66000746086823,integer optimal solution,0.02752139999984138
0.9,10,2,2,3,OD-ONLY,93.96888429112599,integer optimal solution,0.003142399999887857
0.9,10,2,2,3,OD-FIRST,93.42545434332789,pass1=integer optimal solution|pass2=integer optimal solution,0.01747979999981908
0.9,10,2,2,3,GW-FIRST,95.82241032317334,pass1=integer optimal solution|pass2=integer optimal solution,0.03297599999996237
0.9,10,2,2,4,JOINT,105.60802319024401,integer optimal solution,0.044312400000308116
0.9,10,2,2,4,GW-ONLY,121.92476677206241,integer optimal solution,0.03357099999993807
0.9,10,2,2,4,OD-ONLY,118.29787590068425,integer optimal solution,0.005185699999856297
0.9,10,2,2,4,OD-FIRST,107.64026965585992,pass1=integer optimal solution|pass2=integer optimal solution,0.016893900000013673
0.9,10,2,2,4,GW-FIRST,116.66794432648213,pass1=integer optimal solution|pass2=integer optimal solution,0.032661600000210456
0.9,10,2,2,5,JOINT,87.02457742308594,integer optimal solution,0.039692700000159675
0.9,10,2,2,5,GW-ONLY,94.82046903599152,integer optimal solution,0.028807200000301236
0.9,10,2,2,5,OD-ONLY,98.3111402393848,integer optimal solution,0.006189700000049925
0.9,10,2,2,5,OD-FIRST,87.02457742308594,pass1=integer optimal solution|pass2=integer optimal solution,0.021956600000066828
0.9,10,2,2,5,GW-FIRST,89.79955982574279,pass1=integer optimal solution|pass2=integer optimal solution,0.035875600000053964
0.9,10,2,2,6,JOINT,89.04267967866483,integer optimal solution,0.020715000000109285
0.9,10,2,2,6,GW-ONLY,97.5796348020964,integer optimal solution,0.024063700000169774
0.9,10,2,2,6,OD-ONLY,93.17531936405395,integer optimal solution,0.005749099999775353
0.9,10,2,2,6,OD-FIRST,89.25609685270332,pass1=integer optimal solution|pass2=integer optimal solution,0.021591900000203168
0.9,10,2,2,6,GW-FIRST,94.06893438311549,pass1=integer optimal solution|pass2=integer optimal solution,0.050377499999740394
0.9,10,2,2,7,JOINT,77.17172808135585,integer optimal solution,0.025909800000135874
0.9,10,2,2,7,GW-ONLY,93.22410812064598,integer optimal solution,0.022593700000015815
0.9,10,2,2,7,OD-ONLY,85.15486931716968,integer optimal solution,0.00395890000027066
0.9,10,2,2,7,OD-FIRST,77.25147397236184,pass1=integer optimal solution|pass2=integer optimal solution,0.009032800000113639
0.9,10,2,2,7,GW-FIRST,84.245010493094,pass1=integer optimal solution|pass2=integer optimal solution,0.02207570000018677
0.9,10,2,2,8,JOINT,96.15519460063304,integer optimal solution,0.02510389999997642
0.9,10,2,2,8,GW-ONLY,104.14741827840535,integer optimal solution,0.02461570000014035
0.9,10,2,2,8,OD-ONLY,97.10508300987864,integer optimal solution,0.0051265000001876615
0.9,10,2,2,8,OD-FIRST,96.15519460063305,pass1=integer optimal solution|pass2=integer optimal solution,0.013728200000059587
0.9,10,2,2,8,GW-FIRST,103.38726027228579,pass1=integer optimal solution|pass2=integer optimal solution,0.03056319999996049
0.9,10,2,2,9,JOINT,79.97675018007716,integer optimal solution,0.020334099999672617
0.9,10,2,2,9,GW-ONLY,80.98547676598908,integer optimal solution,0.022842400000172347
0.9,10,2,2,9,OD-ONLY,82.9272945547423,integer optimal solution,0.002939800000149262
0.9,10,2,2,9,OD-FIRST,79.97675018007716,pass1=integer optimal solution|pass2=integer optimal solution,0.02419449999979406
0.9,10,2,2,9,GW-FIRST,79.97675018007718,pass1=integer optimal solution|pass2=integer optimal solution,0.033475799999905576
0.9,10,2,2,10,JOINT,83.66454349614446,integer optimal solution,0.029354499999953987
0.9,10,2,2,10,GW-ONLY,87.9127878032468,integer optimal solution,0.025183499999911874
0.9,10,2,2,10,OD-ONLY,89.23259191756807,integer optimal solution,0.005241500000011001
0.9,10,2,2,10,OD-FIRST,84.01041409106827,pass1=integer optimal solution|pass2=integer optimal solution,0.015111399999568675
0.9,10,2,2,10,GW-FIRST,83.66454349614446,pass1=integer optimal solution|pass2=integer optimal solution,0.023600100000294333
0.9,10,2,2,11,JOINT,89.86722676262721,integer optimal solution,0.034796799999639916
0.9,10,2,2,11,GW-ONLY,103.78849228189779,integer optimal solution,0.025182999999742606
0.9,10,2,2,11,OD-ONLY,100.63955927803923,integer optimal solution,0.005312400000093476
0.9,10,2,2,11,OD-FIRST,90.0493836289964,pass1=integer optimal solution|pass2=integer optimal solution,0.019407000000228436
0.9,10,2,2,11,GW-FIRST,98.29012473140581,pass1=integer optimal solution|pass2=integer optimal solution,0.03393869999990784
0.9,10,2,2,12,JOINT,107.4594717359624,integer optimal solution,0.018919300000106887
0.9,10,2,2,12,GW-ONLY,121.25074929878743,integer optimal solution,0.023607900000115478
0.9,10,2,2,12,OD-ONLY,115.21276865783678,integer optimal solution,0.004044599999815546
0.9,10,2,2,12,OD-FIRST,107.45947173596241,pass1=integer optimal solution|pass2=integer optimal solution,0.013094299999920622
0.9,10,2,2,12,GW-FIRST,119.59097005600375,pass1=integer optimal solution|pass2=integer optimal solution,0.04276260000006005
0.9,10,2,2,13,JOINT,72.78390609898021,integer optimal solution,0.020609799999874667
0.9,10,2,2,13,GW-ONLY,81.37610489405162,integer optimal solution,0.023176600000169856
0.9,10,2,2,13,OD-ONLY,79.52364486378954,integer optimal solution,0.0045148999997763894
0.9,10,2,2,13,OD-FIRST,72.78390609898022,pass1=integer optimal solution|pass2=integer optimal solution,0.009962200000245502
0.9,10,2,2,13,GW-FIRST,78.20253722540207,pass1=integer optimal solution|pass2=integer optimal solution,0.026827700000012555
0.9,10,2,2,14,JOINT,75.58886721374256,integer optimal solution,0.020499499999914406
0.9,10,2,2,14,GW-ONLY,85.09485736852982,integer optimal solution,0.018190100000083476
0.9,10,2,2,14,OD-ONLY,75.58886721374256,integer optimal solution,0.0033280000002378074
0.9,10,2,2,14,OD-FIRST,75.58886721374256,pass1=integer optimal solution|pass2=integer optimal solution,0.008249599999999191
0.9,10,2,2,14,GW-FIRST,81.37378829359439,pass1=integer optimal solution|pass2=integer optimal solution,0.022588299999824812
0.9,10,2,2,15,JOINT,92.86037966600234,integer optimal solution,0.032870399999865185
0.9,10,2,2,15,GW-ONLY,104.12184660716328,integer optimal solution,0.03072119999978895
0.9,10,2,2,15,OD-ONLY,95.28382885871488,integer optimal solution,0.004619700000148441
0.9,10,2,2,15,OD-FIRST,92.86037966600234,pass1=integer optimal solution|pass2=integer optimal solution,0.011701100000209408
0.9,10,2,2,15,GW-FIRST,96.87237398535355,pass1=integer optimal solution|pass2=integer optimal solution,0.03256379999993442
0.9,10,2,2,16,JOINT,89.18724027816761,integer optimal solution,0.024059500000021217
0.9,10,2,2,16,GW-ONLY,90.86412597690648,integer optimal solution,0.020678699999734818
0.9,10,2,2,16,OD-ONLY,95.57416773777454,integer optimal solution,0.0036150000000816362
0.9,10,2,2,16,OD-FIRST,89.1872402781676,pass1=integer optimal solution|pass2=integer optimal solution,0.025185100000271632
0.9,10,2,2,16,GW-FIRST,89.18724027816761,pass1=integer optimal solution|pass2=integer optimal solution,0.03393610000011904
0.9,10,2,2,17,JOINT,103.38823076179006,integer optimal solution,0.022017499999947177
0.9,10,2,2,17,GW-ONLY,108.31600253444972,integer optimal solution,0.018081100000017614
0.9,10,2,2,17,OD-ONLY,117.11384833738332,integer optimal solution,0.0027150999999321357
0.9,10,2,2,17,OD-FIRST,113.9133331651709,pass1=integer optimal solution|pass2=integer optimal solution,0.010190099999817903
0.9,10,2,2,17,GW-FIRST,107.59116374216643,pass1=integer optimal solution|pass2=integer optimal solution,0.02087920000030863
0.9,10,2,2,18,JOINT,95.04758422407104,integer optimal solution,0.020223299999997835
0.9,10,2,2,18,GW-ONLY,106.7856639760328,integer optimal solution,0.02090939999970942
0.9,10,2,2,18,OD-ONLY,98.43388511977405,integer optimal solution,0.004994500000066182
0.9,10,2,2,18,OD-FIRST,96.36250860597487,pass1=integer optimal solution|pass2=integer optimal solution,0.012385600000015984
0.9,10,2,2,18,GW-FIRST,100.50977418915488,pass1=integer optimal solution|pass2=integer optimal solution,0.029335100000025705
0.9,10,2,2,19,JOINT,87.1589614067416,integer optimal solution,0.025974399999995512
0.9,10,2,2,19,GW-ONLY,100.54032890583815,integer optimal solution,0.03149090000033539
0.9,10,2,2,19,OD-ONLY,98.41667494699843,integer optimal solution,0.006616800000301737
0.9,10,2,2,19,OD-FIRST,87.1589614067416,pass1=integer optimal solution|pass2=integer optimal solution,0.02081850000013219
0.9,10,2,2,19,GW-FIRST,93.68039170203114,pass1=integer optimal solution|pass2=integer optimal solution,0.04368260000001101
0.9,10,2,2,20,JOINT,95.43695137891248,integer optimal solution,0.019729300000108196
0.9,10,2,2,20,GW-ONLY,105.39526463760068,integer optimal solution,0.017045000000052823
0.9,10,2,2,20,OD-ONLY,110.9025269835168,integer optimal solution,0.002611099999739963
0.9,10,2,2,20,OD-FIRST,95.43695137891248,pass1=integer optimal solution|pass2=integer optimal solution,0.009256599999844184
0.9,10,2,2,20,GW-FIRST,100.77688850833519,pass1=integer optimal solution|pass2=integer optimal solution,0.021859499999663967
0.9,10,2,2,21,JOINT,98.26697336832183,integer optimal solution,0.026742000000012922
0.9,10,2,2,21,GW-ONLY,98.26697336832183,integer optimal solution,0.027277300000150717
0.9,10,2,2,21,OD-ONLY,110.01301921171786,integer optimal solution,0.0035964999997304403
0.9,10,2,2,21,OD-FIRST,98.26697336832183,pass1=integer optimal solution|pass2=integer optimal solution,0.025303299999904993
0.9,10,2,2,21,GW-FIRST,98.26697336832183,pass1=integer optimal solution|pass2=integer optimal solution,0.02565649999996822
0.9,10,2,2,22,JOINT,85.68456229754234,integer optimal solution,0.020108299999719748
0.9,10,2,2,22,GW-ONLY,93.99424569001431,integer optimal solution,0.020972799999981362
0.9,10,2,2,22,OD-ONLY,96.362666818892,integer optimal solution,0.005368100000396225
0.9,10,2,2,22,OD-FIRST,88.64294865352134,pass1=integer optimal solution|pass2=integer optimal solution,0.012385499999709282
0.9,10,2,2,22,GW-FIRST,85.68456229754234,pass1=integer optimal solution|pass2=integer optimal solution,0.028060399999958463
0.9,10,2,2,23,JOINT,92.90486751357767,integer optimal solution,0.020547999999962485
0.9,10,2,2,23,GW-ONLY,107.31006618183584,integer optimal solution,0.02095180000014807
0.9,10,2,2,23,OD-ONLY,108.88014463338247,integer optimal solution,0.0038288000000648026
0.9,10,2,2,23,OD-FIRST,92.90486751357767,pass1=integer optimal solution|pass2=integer optimal solution,0.016780900000412657
0.9,10,2,2,23,GW-FIRST,103.94244174638516,pass1=integer optimal solution|pass2=integer optimal solution,0.03662690000010116
0.9,10,2,2,24,JOINT,96.2517812713185,integer optimal solution,0.020927600000050006
0.9,10,2,2,24,GW-ONLY,106.71070263384229,integer optimal solution,0.018896099999892613
0.9,10,2,2,24,OD-ONLY,98.03946784404697,integer optimal solution,0.0027701000003617082
0.9,10,2,2,24,OD-FIRST,96.2517812713185,pass1=integer optimal solution|pass2=integer optimal solution,0.012324399999670277
0.9,10,2,2,24,GW-FIRST,106.71070263384229,pass1=integer optimal solution|pass2=integer optimal solution,0.02179549999982555
0.9,10,3,2,0,JOINT,91.89547859697817,integer optimal solution,0.028408300000137388
0.9,10,3,2,0,GW-ONLY,96.60643033185701,integer optimal solution,0.022050900000067486
0.9,10,3,2,0,OD-ONLY,105.21276802721582,integer optimal solution,0.0032476000001224747
0.9,10,3,2,0,OD-FIRST,96.4511221127425,pass1=integer optimal solution|pass2=integer optimal solution,0.017732100000102946
0.9,10,3,2,0,GW-FIRST,94.17325232235828,pass1=integer optimal solution|pass2=integer optimal solution,0.02410939999981565
0.9,10,3,2,1,JOINT,83.15265968472167,integer optimal solution,0.022359699999924487
0.9,10,3,2,1,GW-ONLY,87.6592264169573,integer optimal solution,0.020579300000008516
0.9,10,3,2,1,OD-ONLY,89.92453752557554,integer optimal solution,0.0026695999999901687
0.9,10,3,2,1,OD-FIRST,84.21468411119491,pass1=integer optimal solution|pass2=integer optimal solution,0.012275599999611586
0.9,10,3,2,1,GW-FIRST,84.06762301722429,pass1=integer optimal solution|pass2=integer optimal solution,0.025424399999792513
0.9,10,3,2,2,JOINT,99.86687931758,integer optimal solution,0.029125800000201707
0.9,10,3,2,2,GW-ONLY,108.6499210210844,integer optimal solution,0.02735530000018116
0.9,10,3,2,2,OD-ONLY,117.2664747967146,integer optimal solution,0.004646800000045914
0.9,10,3,2,2,OD-FIRST,99.86687931758,pass1=integer optimal solution|pass2=integer optimal solution,0.0365590000001248
0.9,10,3,2,2,GW-FIRST,99.86687931758001,pass1=integer optimal solution|pass2=integer optimal solution,0.040215400000306545
0.9,10,3,2,3,JOINT,100.03769180193207,integer optimal solution,0.023052699999880133
0.9,10,3,2,3,GW-ONLY,105.80004163168837,integer optimal solution,0.020021299999825715
0.9,10,3,2,3,OD-ONLY,112.94619120265426,integer optimal solution,0.002590500000223983
0.9,10,3,2,3,OD-FIRST,100.03769180193206,pass1=integer optimal solution|pass2=integer optimal solution,0.023383299999750307
0.9,10,3,2,3,GW-FIRST,105.80004163168837,pass1=integer optimal solution|pass2=integer optimal solution,0.03235789999962435
0.9,10,3,2,4,JOINT,109.21912087973274,integer optimal solution,0.02733570000009422
0.9,10,3,2,4,GW-ONLY,114.58041595017961,integer optimal solution,0.028907299999900715
0.9,10,3,2,4,OD-ONLY,115.5570752638132,integer optimal solution,0.0034589000001687964
0.9,10,3,2,4,OD-FIRST,111.88042493331217,pass1=integer optimal solution|pass2=integer optimal solution,0.028513200000361394
0.9,10,3,2,4,GW-FIRST,112.661710168359,pass1=integer optimal solution|pass2=integer optimal solution,0.031592299999829265
0.9,10,3,2,5,JOINT,88.50288188607514,integer optimal solution,0.023212399999920308
0.9,10,3,2,5,GW-ONLY,99.01884886929307,integer optimal solution,0.02237090000016906
0.9,10,3,2,5,OD-ONLY,96.28889273989047,integer optimal solution,0.00440759999992224
0.9,10,3,2,5,OD-FIRST,88.50288188607514,pass1=integer optimal solution|pass2=integer optimal solution,0.03726360000018758
0.9,10,3,2,5,GW-FIRST,99.01884886929307,pass1=integer optimal solution|pass2=integer optimal solution,0.05763310000020283
0.9,10,3,2,6,JOINT,92.92019710300283,integer optimal solution,0.02041589999998905
0.9,10,3,2,6,GW-ONLY,107.56696099563514,integer optimal solution,0.01889759999994567
0.9,10,3,2,6,OD-ONLY,104.4788610574189,integer optimal solution,0.0032596000000921777
0.9,10,3,2,6,OD-FIRST,92.92019710300285,pass1=integer optimal solution|pass2=integer optimal solution,0.010293399999682151
0.9,10,3,2,6,GW-FIRST,104.83540755219747,pass1=integer optimal solution|pass2=integer optimal solution,0.034463400000277034
0.9,10,3,2,7,JOINT,116.85626493670608,integer optimal solution,0.021970100000089587
0.9,10,3,2,7,GW-ONLY,117.67646823772239,integer optimal solution,0.020557100000132777
0.9,10,3,2,7,OD-ONLY,127.57130728047997,integer optimal solution,0.0022521000000779168
0.9,10,3,2,7,OD-FIRST,116.8562649367061,pass1=integer optimal solution|pass2=integer optimal solution,0.01984779999975217
0.9,10,3,2,7,GW-FIRST,117.67646823772239,pass1=integer optimal solution|pass2=integer optimal solution,0.03338710000025458
0.9,10,3,2,8,JOINT,84.15732416279698,integer optimal solution,0.030671299999994517
0.9,10,3,2,8,GW-ONLY,89.16688734058819,integer optimal solution,0.0282548999998653
0.9,10,3,2,8,OD-ONLY,86.08158043885344,integer optimal solution,0.0036494999999376887
0.9,10,3,2,8,OD-FIRST,86.08158043885345,pass1=integer optimal solution|pass2=integer optimal solution,0.009545299999899726
0.9,10,3,2,8,GW-FIRST,88.0671224987988,pass1=integer optimal solution|pass2=integer optimal solution,0.024587700000211044
0.9,10,3,2,9,JOINT,85.16693112300705,integer optimal solution,0.028792300000077375
0.9,10,3,2,9,GW-ONLY,87.38725401936193,integer optimal solution,0.02680370000007315
0.9,10,3,2,9,OD-ONLY,101.69177319534325,integer optimal solution,0.0032863999999790394
0.9,10,3,2,9,OD-FIRST,90.99789382740694,pass1=integer optimal solution|pass2=integer optimal solution,0.01872769999999946
0.9,10,3,2,9,GW-FIRST,87.38725401936193,pass1=integer optimal solution|pass2=integer optimal solution,0.024097400000300695
0.9,10,3,2,10,JOINT,88.588560489426,integer optimal solution,0.021894999999858555
0.9,10,3,2,10,GW-ONLY,93.44378830434893,integer optimal solution,0.020376800000121875
0.9,10,3,2,10,OD-ONLY,92.37255244715249,integer optimal solution,0.0024655000001985172
0.9,10,3,2,10,OD-FIRST,88.588560489426,pass1=integer optimal solution|pass2=integer optimal solution,0.020858099999713886
0.9,10,3,2,10,GW-FIRST,93.44378830434894,pass1=integer optimal solution|pass2=integer optimal solution,0.050329099999999016
0.9,10,3,2,11,JOINT,82.86911625232511,integer optimal solution,0.030040899999676185
0.9,10,3,2,11,GW-ONLY,93.33538798795023,integer optimal solution,0.022474100000181352
0.9,10,3,2,11,OD-ONLY,94.92524854375694,integer optimal solution,0.003754299999854993
0.9,10,3,2,11,OD-FIRST,82.8691162523251,pass1=integer optimal solution|pass2=integer optimal solution,0.015129800000067917
0.9,10,3,2,11,GW-FIRST,93.33538798795023,pass1=integer optimal solution|pass2=integer optimal solution,0.040258100000301056
0.9,10,3,2,12,JOINT,71.30552932619958,integer optimal solution,0.03425199999992401
0.9,10,3,2,12,GW-ONLY,82.29355314239376,integer optimal solution,0.03481430000010732
0.9,10,3,2,12,OD-ONLY,78.41115105688809,integer optimal solution,0.007018299999799638
0.9,10,3,2,12,OD-FIRST,76.04676419465068,pass1=integer optimal solution|pass2=integer optimal solution,0.016116499999952794
0.9,10,3,2,12,GW-FIRST,82.29355314239378,pass1=integer optimal solution|pass2=integer optimal solution,0.037539100000230974
0.9,10,3,2,13,JOINT,89.37068043090673,integer optimal solution,0.0394946000001255
0.9,10,3,2,13,GW-ONLY,91.78878231932372,integer optimal solution,0.029403300000012678
0.9,10,3,2,13,OD-ONLY,97.97277087661993,integer optimal solution,0.004726199999822711
0.9,10,3,2,13,OD-FIRST,89.37068043090673,pass1=integer optimal solution|pass2=integer optimal solution,0.024783999999726802
0.9,10,3,2,13,GW-FIRST,90.0778445462458,pass1=integer optimal solution|pass2=integer optimal solution,0.03686180000022432
0.9,10,3,2,14,JOINT,79.81988521508525,integer optimal solution,0.03377840000030119
0.9,10,3,2,14,GW-ONLY,84.40219151809292,integer optimal solution,0.030533099999956903
0.9,10,3,2,14,OD-ONLY,82.44874841994205,integer optimal solution,0.005890699999781646
0.9,10,3,2,14,OD-FIRST,81.01132508205711,pass1=integer optimal solution|pass2=integer optimal solution,0.027764200000092387
0.9,10,3,2,14,GW-FIRST,82.2654118725172,pass1=integer optimal solution|pass2=integer optimal solution,0.027914599999803613
0.9,10,3,2,15,JOINT,79.63000281658634,integer optimal solution,0.02903599999990547
0.9,10,3,2,15,GW-ONLY,86.06843616297755,integer optimal solution,0.02335910000010699
0.9,10,3,2,15,OD-ONLY,89.84836076371415,integer optimal solution,0.0041322000001855486
0.9,10,3,2,15,OD-FIRST,80.76529513587366,pass1=integer optimal solution|pass2=integer optimal solution,0.013612199999897712
0.9,10,3,2,15,GW-FIRST,86.06843616297755,pass1=integer optimal solution|pass2=integer optimal solution,0.024664900000061607
0.9,10,3,2,16,JOINT,101.83683001366414,integer optimal solution,0.022715399999924557
0.9,10,3,2,16,GW-ONLY,109.15935962197027,integer optimal solution,0.02010389999986728
0.9,10,3,2,16,OD-ONLY,109.49449120967397,integer optimal solution,0.003874399999858724
0.9,10,3,2,16,OD-FIRST,101.83683001366413,pass1=integer optimal solution|pass2=integer optimal solution,0.021232699999927718
0.9,10,3,2,16,GW-FIRST,105.52639878584165,pass1=integer optimal solution|pass2=integer optimal solution,0.030034599999908096
0.9,10,3,2,17,JOINT,90.01273279984905,integer optimal solution,0.026295200000276964
0.9,10,3,2,17,GW-ONLY,90.88620386910927,integer optimal solution,0.025342700000237528
0.9,10,3,2,17,OD-ONLY,97.33849101347518,integer optimal solution,0.00274310000031619
0.9,10,3,2,17,OD-FIRST,90.80127007579983,pass1=integer optimal solution|pass2=integer optimal solution,0.01743110000006709
0.9,10,3,2,17,GW-FIRST,90.88620386910927,pass1=integer optimal solution|pass2=integer optimal solution,0.02818729999989955
0.9,10,3,2,18,JOINT,84.05944035808145,integer optimal solution,0.031277200000204175
0.9,10,3,2,18,GW-ONLY,86.51927110499804,integer optimal solution,0.035165300000244315
0.9,10,3,2,18,OD-ONLY,85.54870561826809,integer optimal solution,0.007830700000340585
0.9,10,3,2,18,OD-FIRST,84.05944035808143,pass1=integer optimal solution|pass2=integer optimal solution,0.022442399999818008
0.9,10,3,2,18,GW-FIRST,84.91803669314892,pass1=integer optimal solution|pass2=integer optimal solution,0.03928570000016407
0.9,10,3,2,19,JOINT,69.75603017546337,integer optimal solution,0.03759489999993093
0.9,10,3,2,19,GW-ONLY,70.58566783077902,integer optimal solution,0.023508200000378565
0.9,10,3,2,19,OD-ONLY,82.7912677827621,integer optimal solution,0.0029846000002180517
0.9,10,3,2,19,OD-FIRST,74.09062434973178,pass1=integer optimal solution|pass2=integer optimal solution,0.015726299999641924
0.9,10,3,2,19,GW-FIRST,69.75603017546337,pass1=integer optimal solution|pass2=integer optimal solution,0.027284600000257342
0.9,10,3,2,20,JOINT,102.6344829167887,integer optimal solution,0.02284300000019357
0.9,10,3,2,20,GW-ONLY,109.48007802775015,integer optimal solution,0.024628900000152498
0.9,10,3,2,20,OD-ONLY,122.0608300527919,integer optimal solution,0.004108199999791395
0.9,10,3,2,20,OD-FIRST,102.63448291678871,pass1=integer optimal solution|pass2=integer optimal solution,0.014422499999909633
0.9,10,3,2,20,GW-FIRST,105.03417320620802,pass1=integer optimal solution|pass2=integer optimal solution,0.025310100000297098
0.9,10,3,2,21,JOINT,76.40556100584979,integer optimal solution,0.027189900000394118
0.9,10,3,2,21,GW-ONLY,82.39858198747022,integer optimal solution,0.02827049999996234
0.9,10,3,2,21,OD-ONLY,81.39488602769322,integer optimal solution,0.006512800000109564
0.9,10,3,2,21,OD-FIRST,76.40556100584979,pass1=integer optimal solution|pass2=integer optimal solution,0.015747599999940576
0.9,10,3,2,21,GW-FIRST,82.21071470876066,pass1=integer optimal solution|pass2=integer optimal solution,0.030389000000013766
0.9,10,3,2,22,JOINT,92.74670014321283,integer optimal solution,0.037990199999967444
0.9,10,3,2,22,GW-ONLY,101.82558461038852,integer optimal solution,0.031159999999999854
0.9,10,3,2,22,OD-ONLY,96.37740198413658,integer optimal solution,0.005578899999818532
0.9,10,3,2,22,OD-FIRST,92.74670014321282,pass1=integer optimal solution|pass2=integer optimal solution,0.02642459999970015
0.9,10,3,2,22,GW-FIRST,92.74670014321283,pass1=integer optimal solution|pass2=integer optimal solution,0.06278420000035112
0.9,10,3,2,23,JOINT,78.19855637948984,integer optimal solution,0.03948659999969095
0.9,10,3,2,23,GW-ONLY,85.27996295709885,integer optimal solution,0.03487929999982953
0.9,10,3,2,23,OD-ONLY,82.43487865112674,integer optimal solution,0.0048866000001908105
0.9,10,3,2,23,OD-FIRST,79.73281396007351,pass1=integer optimal solution|pass2=integer optimal solution,0.02203670000017155
0.9,10,3,2,23,GW-FIRST,85.27996295709885,pass1=integer optimal solution|pass2=integer optimal solution,0.04223169999977472
0.9,10,3,2,24,JOINT,89.87500926625255,integer optimal solution,0.03211199999987002
0.9,10,3,2,24,GW-ONLY,92.26659865456507,integer optimal solution,0.023474500000247644
0.9,10,3,2,24,OD-ONLY,89.87500926625255,integer optimal solution,0.002552599999944505
0.9,10,3,2,24,OD-FIRST,89.87500926625255,pass1=integer optimal solution|pass2=integer optimal solution,0.026016100000106235
0.9,10,3,2,24,GW-FIRST,89.87500926625255,pass1=integer optimal solution|pass2=integer optimal solution,0.03550730000006297
0.9,10,2,3,0,JOINT,94.24015312306508,integer optimal solution,0.022726600000169128
0.9,10,2,3,0,GW-ONLY,110.49180956622445,integer optimal solution,0.023316199999953824
0.9,10,2,3,0,OD-ONLY,95.8124570059851,integer optimal solution,0.004341800000020157
0.9,10,2,3,0,OD-FIRST,94.24015312306508,pass1=integer optimal solution|pass2=integer optimal solution,0.008669899999858899
0.9,10,2,3,0,GW-FIRST,100.15935555075147,pass1=integer optimal solution|pass2=integer optimal solution,0.026169800000388932
0.9,10,2,3,1,JOINT,88.81564300474002,integer optimal solution,0.019532400000116468
0.9,10,2,3,1,GW-ONLY,98.7023843093773,integer optimal solution,0.017343499999697087
0.9,10,2,3,1,OD-ONLY,91.49263110280323,integer optimal solution,0.0031638000000384636
0.9,10,2,3,1,OD-FIRST,90.43983069539873,pass1=integer optimal solution|pass2=integer optimal solution,0.009007699999983743
0.9,10,2,3,1,GW-FIRST,91.39006806374545,pass1=integer optimal solution|pass2=integer optimal solution,0.03059029999985796
0.9,10,2,3,2,JOINT,89.68017403532119,integer optimal solution,0.019189900000128546
0.9,10,2,3,2,GW-ONLY,105.9813585165403,integer optimal solution,0.019241500000134693
0.9,10,2,3,2,OD-ONLY,91.52893849694911,integer optimal solution,0.003970599999775004
0.9,10,2,3,2,OD-FIRST,89.68017403532119,pass1=integer optimal solution|pass2=integer optimal solution,0.011506700000154524
0.9,10,2,3,2,GW-FIRST,97.86104823190814,pass1=integer optimal solution|pass2=integer optimal solution,0.027465099999972153
0.9,10,2,3,3,JOINT,76.20836916634104,integer optimal solution,0.027121200000237877
0.9,10,2,3,3,GW-ONLY,92.65262373851166,integer optimal solution,0.025293299999702867
0.9,10,2,3,3,OD-ONLY,79.5845997671809,integer optimal solution,0.005073199999969802
0.9,10,2,3,3,OD-FIRST,78.99341103299815,pass1=integer optimal solution|pass2=integer optimal solution,0.010819399999945745
0.9,10,2,3,3,GW-FIRST,85.61344500932952,pass1=integer optimal solution|pass2=integer optimal solution,0.039545799999814335
0.9,10,2,3,4,JOINT,73.52708673848426,integer optimal solution,0.02470900000025722
0.9,10,2,3,4,GW-ONLY,81.37703830063207,integer optimal solution,0.02180450000014389
0.9,10,2,3,4,OD-ONLY,75.01353136340035,integer optimal solution,0.004390000000057626
0.9,10,2,3,4,OD-FIRST,74.08146795143433,pass1=integer optimal solution|pass2=integer optimal solution,0.012688599999819417
0.9,10,2,3,4,GW-FIRST,80.30124201688119,pass1=integer optimal solution|pass2=integer optimal solution,0.034269100000074104
0.9,10,2,3,5,JOINT,72.61486063904049,integer optimal solution,0.027886800000032963
0.9,10,2,3,5,GW-ONLY,85.64197400211538,integer optimal solution,0.028265799999644514
0.9,10,2,3,5,OD-ONLY,78.05795019712035,integer optimal solution,0.004911799999717914
0.9,10,2,3,5,OD-FIRST,78.05795019712033,pass1=integer optimal solution|pass2=integer optimal solution,0.010988800000177434
0.9,10,2,3,5,GW-FIRST,78.73814138338452,pass1=integer optimal solution|pass2=integer optimal solution,0.026685599999836995
0.9,10,2,3,6,JOINT,93.44226750553518,integer optimal solution,0.025721099999827857
0.9,10,2,3,6,GW-ONLY,103.08863504256331,integer optimal solution,0.027826500000173837
0.9,10,2,3,6,OD-ONLY,100.3961878436736,integer optimal solution,0.004192700000203331
0.9,10,2,3,6,OD-FIRST,96.38727362328092,pass1=integer optimal solution|pass2=integer optimal solution,0.010129899999810732
0.9,10,2,3,6,GW-FIRST,93.44226750553518,pass1=integer optimal solution|pass2=integer optimal solution,0.0335717999996632
0.9,10,2,3,7,JOINT,98.21565642664014,integer optimal solution,0.03156889999991108
0.9,10,2,3,7,GW-ONLY,104.58900551906065,integer optimal solution,0.02397610000025452
0.9,10,2,3,7,OD-ONLY,106.77812403309083,integer optimal solution,0.004947299999912502
0.9,10,2,3,7,OD-FIRST,101.48007924378972,pass1=integer optimal solution|pass2=integer optimal solution,0.014844599999833008
0.9,10,2,3,7,GW-FIRST,98.56961819477596,pass1=integer optimal solution|pass2=integer optimal solution,0.022223500000109198
0.9,10,2,3,8,JOINT,77.64269306746613,integer optimal solution,0.023517699999956676
0.9,10,2,3,8,GW-ONLY,87.18510488255605,integer optimal solution,0.020263100000192935
0.9,10,2,3,8,OD-ONLY,91.66609881623978,integer optimal solution,0.004651799999919604
0.9,10,2,3,8,OD-FIRST,77.71971134383995,pass1=integer optimal solution|pass2=integer optimal solution,0.01267069999994419
0.9,10,2,3,8,GW-FIRST,82.48726500547122,pass1=integer optimal solution|pass2=integer optimal solution,0.034027100000002974
0.9,10,2,3,9,JOINT,85.44742459693849,integer optimal solution,0.019603599999754806
0.9,10,2,3,9,GW-ONLY,88.47483045679684,integer optimal solution,0.01672080000025744
0.9,10,2,3,9,OD-ONLY,101.41903822305994,integer optimal solution,0.0036269000001993845
0.9,10,2,3,9,OD-FIRST,87.73772766651568,pass1=integer optimal solution|pass2=integer optimal solution,0.011558700000023236
0.9,10,2,3,9,GW-FIRST,85.4474245969385,pass1=integer optimal solution|pass2=integer optimal solution,0.02393819999997504
0.9,10,2,3,10,JOINT,78.4214331967632,integer optimal solution,0.021622499999921274
0.9,10,2,3,10,GW-ONLY,92.59674332240255,integer optimal solution,0.019171500000084052
0.9,10,2,3,10,OD-ONLY,89.12804217254639,integer optimal solution,0.003590699999676872
0.9,10,2,3,10,OD-FIRST,78.42143319676322,pass1=integer optimal solution|pass2=integer optimal solution,0.008262299999842071
0.9,10,2,3,10,GW-FIRST,89.04224843787081,pass1=integer optimal solution|pass2=integer optimal solution,0.026728100000127597
0.9,10,2,3,11,JOINT,94.97062672950665,integer optimal solution,0.020529800000076648
0.9,10,2,3,11,GW-ONLY,99.14382238142392,integer optimal solution,0.020427799999652052
0.9,10,2,3,11,OD-ONLY,111.62645230177195,integer optimal solution,0.0032395999996879254
0.9,10,2,3,11,OD-FIRST,101.45721463342508,pass1=integer optimal solution|pass2=integer optimal solution,0.027948700000251847
0.9,10,2,3,11,GW-FIRST,99.14382238142392,pass1=integer optimal solution|pass2=integer optimal solution,0.03264050000007046
0.9,10,2,3,12,JOINT,81.32527039765436,integer optimal solution,0.021040599999651022
0.9,10,2,3,12,GW-ONLY,90.65428913660264,integer optimal solution,0.020775599999979022
0.9,10,2,3,12,OD-ONLY,86.94254698963013,integer optimal solution,0.006347200000163866
0.9,10,2,3,12,OD-FIRST,86.36309849121496,pass1=integer optimal solution|pass2=integer optimal solution,0.009784399999716697
0.9,10,2,3,12,GW-FIRST,88.46227055179543,pass1=integer optimal solution|pass2=integer optimal solution,0.025595800000246527
0.9,10,2,3,13,JOINT,92.47123008762176,integer optimal solution,0.02306589999989228
0.9,10,2,3,13,GW-ONLY,108.49963208406733,integer optimal solution,0.018848499999876367
0.9,10,2,3,13,OD-ONLY,94.69364867067316,integer optimal solution,0.002925599999798578
0.9,10,2,3,13,OD-FIRST,92.47123008762176,pass1=integer optimal solution|pass2=integer optimal solution,0.008266100000128063
0.9,10,2,3,13,GW-FIRST,99.59431163678003,pass1=integer optimal solution|pass2=integer optimal solution,0.021764499999790132
0.9,10,2,3,14,JOINT,87.54538481374414,integer optimal solution,0.018879799999922398
0.9,10,2,3,14,GW-ONLY,97.05818313198621,integer optimal solution,0.0175029000001814
0.9,10,2,3,14,OD-ONLY,87.54538481374414,integer optimal solution,0.002744099999745231
0.9,10,2,3,14,OD-FIRST,87.54538481374414,pass1=integer optimal solution|pass2=integer optimal solution,0.010997999999744934
0.9,10,2,3,14,GW-FIRST,89.748338829822,pass1=integer optimal solution|pass2=integer optimal solution,0.022690700000111974
0.9,10,2,3,15,JOINT,87.00976761692837,integer optimal solution,0.01862779999964914
0.9,10,2,3,15,GW-ONLY,100.23432187758516,integer optimal solution,0.01734600000008868
0.9,10,2,3,15,OD-ONLY,98.33685438466468,integer optimal solution,0.003855100000237144
0.9,10,2,3,15,OD-FIRST,87.00976761692837,pass1=integer optimal solution|pass2=integer optimal solution,0.009622600000056991
0.9,10,2,3,15,GW-FIRST,98.40386250904933,pass1=integer optimal solution|pass2=integer optimal solution,0.020383399999900575
0.9,10,2,3,16,JOINT,88.99820969003324,integer optimal solution,0.025320300000203133
0.9,10,2,3,16,GW-ONLY,101.8800194036643,integer optimal solution,0.018189200000051642
0.9,10,2,3,16,OD-ONLY,94.080810555553,integer optimal solution,0.00280720000000656
0.9,10,2,3,16,OD-FIRST,88.99820969003325,pass1=integer optimal solution|pass2=integer optimal solution,0.008005099999991216
0.9,10,2,3,16,GW-FIRST,94.58219585817157,pass1=integer optimal solution|pass2=integer optimal solution,0.026453899999978603
0.9,10,2,3,17,JOINT,94.58472089780567,integer optimal solution,0.02378099999987171
0.9,10,2,3,17,GW-ONLY,106.1828830042882,integer optimal solution,0.02024459999984174
0.9,10,2,3,17,OD-ONLY,107.13292112125926,integer optimal solution,0.00313449999976001
0.9,10,2,3,17,OD-FIRST,94.58472089780568,pass1=integer optimal solution|pass2=integer optimal solution,0.009520699999939097
0.9,10,2,3,17,GW-FIRST,100.7782959834747,pass1=integer optimal solution|pass2=integer optimal solution,0.027244399999744928
0.9,10,2,3,18,JOINT,98.19258543960112,integer optimal solution,0.019654799999898387
0.9,10,2,3,18,GW-ONLY,108.80534255291387,integer optimal solution,0.01740830000017013
0.9,10,2,3,18,OD-ONLY,104.44100893337762,integer optimal solution,0.0026944999999614083
0.9,10,2,3,18,OD-FIRST,102.1263620202384,pass1=integer optimal solution|pass2=integer optimal solution,0.009376200000133394
0.9,10,2,3,18,GW-FIRST,98.19258543960112,pass1=integer optimal solution|pass2=integer optimal solution,0.022552299999915704
0.9,10,2,3,19,JOINT,100.66843197803118,integer optimal solution,0.026113100000202394
0.9,10,2,3,19,GW-ONLY,103.62447261084435,integer optimal solution,0.02134249999971871
0.9,10,2,3,19,OD-ONLY,110.21943871140775,integer optimal solution,0.0039048000003276684
0.9,10,2,3,19,OD-FIRST,104.35896655942429,pass1=integer optimal solution|pass2=integer optimal solution,0.015867500000240398
0.9,10,2,3,19,GW-FIRST,103.62447261084435,pass1=integer optimal solution|pass2=integer optimal solution,0.031136199999764358
0.9,10,2,3,20,JOINT,91.66797740258743,integer optimal solution,0.026906099999905564
0.9,10,2,3,20,GW-ONLY,106.64866386399224,integer optimal solution,0.01900519999981043
0.9,10,2,3,20,OD-ONLY,97.93316419535392,integer optimal solution,0.004901300000256015
0.9,10,2,3,20,OD-FIRST,91.66797740258743,pass1=integer optimal solution|pass2=integer optimal solution,0.013542700000016339
0.9,10,2,3,20,GW-FIRST,96.51942342029986,pass1=integer optimal solution|pass2=integer optimal solution,0.0332683999999972
0.9,10,2,3,21,JOINT,93.64365546274584,integer optimal solution,0.02102729999978692
0.9,10,2,3,21,GW-ONLY,99.2631920082941,integer optimal solution,0.024636699999973644
0.9,10,2,3,21,OD-ONLY,93.92196813385095,integer optimal solution,0.004492800000207353
0.9,10,2,3,21,OD-FIRST,93.92196813385095,pass1=integer optimal solution|pass2=integer optimal solution,0.01250320000008287
0.9,10,2,3,21,GW-FIRST,93.94347048745698,pass1=integer optimal solution|pass2=integer optimal solution,0.039314999999987776
0.9,10,2,3,22,JOINT,93.25768125861399,integer optimal solution,0.029627399999753834
0.9,10,2,3,22,GW-ONLY,93.25768125861399,integer optimal solution,0.03078570000025138
0.9,10,2,3,22,OD-ONLY,94.74000805375823,integer optimal solution,0.0034949999999298598
0.9,10,2,3,22,OD-FIRST,93.56309988960155,pass1=integer optimal solution|pass2=integer optimal solution,0.025600499999654858
0.9,10,2,3,22,GW-FIRST,93.25768125861399,pass1=integer optimal solution|pass2=integer optimal solution,0.032472499999585125
0.9,10,2,3,23,JOINT,98.10756396764283,integer optimal solution,0.03484900000012203
0.9,10,2,3,23,GW-ONLY,104.73882098303812,integer optimal solution,0.03282020000006014
0.9,10,2,3,23,OD-ONLY,102.78018477210686,integer optimal solution,0.005267099999855418
0.9,10,2,3,23,OD-FIRST,98.10756396764283,pass1=integer optimal solution|pass2=integer optimal solution,0.021591799999896466
0.9,10,2,3,23,GW-FIRST,102.55302455634745,pass1=integer optimal solution|pass2=integer optimal solution,0.04640100000005987
0.9,10,2,3,24,JOINT,80.41275918833188,integer optimal solution,0.02080489999980273
0.9,10,2,3,24,GW-ONLY,89.92871311195577,integer optimal solution,0.01890910000020085
0.9,10,2,3,24,OD-ONLY,83.79494895322769,integer optimal solution,0.0032455999999001506
0.9,10,2,3,24,OD-FIRST,81.562866220286,pass1=integer optimal solution|pass2=integer optimal solution,0.007798200000252109
0.9,10,2,3,24,GW-FIRST,83.1235694748548,pass1=integer optimal solution|pass2=integer optimal solution,0.029192200000125013
0.9,10,3,3,0,JOINT,95.49829695197758,integer optimal solution,0.026847099999940838
0.9,10,3,3,0,GW-ONLY,106.95824172600557,integer optimal solution,0.024503900000127032
0.9,10,3,3,0,OD-ONLY,103.70425266520571,integer optimal solution,0.004063400000177353
0.9,10,3,3,0,OD-FIRST,95.49829695197758,pass1=integer optimal solution|pass2=integer optimal solution,0.016709399999854213
0.9,10,3,3,0,GW-FIRST,97.31348780731321,pass1=integer optimal solution|pass2=integer optimal solution,0.03133849999994709
0.9,10,3,3,1,JOINT,82.17307751981465,integer optimal solution,0.04245309999987512
0.9,10,3,3,1,GW-ONLY,96.81227183788829,integer optimal solution,0.028857399999651534
0.9,10,3,3,1,OD-ONLY,96.04821110099135,integer optimal solution,0.005500499999925523
0.9,10,3,3,1,OD-FIRST,82.17307751981465,pass1=integer optimal solution|pass2=integer optimal solution,0.013754799999787792
0.9,10,3,3,1,GW-FIRST,87.35579679904421,pass1=integer optimal solution|pass2=integer optimal solution,0.04417839999996431
0.9,10,3,3,2,JOINT,96.7219545290142,integer optimal solution,0.035975600000256236
0.9,10,3,3,2,GW-ONLY,107.50852061524418,integer optimal solution,0.029867899999771907
0.9,10,3,3,2,OD-ONLY,106.82742795167701,integer optimal solution,0.0048281999997925595
0.9,10,3,3,2,OD-FIRST,96.7219545290142,pass1=integer optimal solution|pass2=integer optimal solution,0.018353899999965506
0.9,10,3,3,2,GW-FIRST,104.78321486552373,pass1=integer optimal solution|pass2=integer optimal solution,0.033627500000420696
0.9,10,3,3,3,JOINT,79.41576460452391,integer optimal solution,0.023240099999839003
0.9,10,3,3,3,GW-ONLY,96.22714444962921,integer optimal solution,0.019768399999975372
0.9,10,3,3,3,OD-ONLY,93.42781072386308,integer optimal solution,0.003056800000194926
0.9,10,3,3,3,OD-FIRST,79.41576460452391,pass1=integer optimal solution|pass2=integer optimal solution,0.013805699999920762
0.9,10,3,3,3,GW-FIRST,84.34593551381573,pass1=integer optimal solution|pass2=integer optimal solution,0.02822100000003047
0.9,10,3,3,4,JOINT,92.11675273205321,integer optimal solution,0.05535250000002634
0.9,10,3,3,4,GW-ONLY,106.94855552250415,integer optimal solution,0.04134299999986979
0.9,10,3,3,4,OD-ONLY,96.62664949297627,integer optimal solution,0.006687699999929464
0.9,10,3,3,4,OD-FIRST,92.11675273205321,pass1=integer optimal solution|pass2=integer optimal solution,0.018671000000267668
0.9,10,3,3,4,GW-FIRST,97.24395271260705,pass1=integer optimal solution|pass2=integer optimal solution,0.03813029999992068
0.9,10,3,3,5,JOINT,90.85580768038561,integer optimal solution,0.02248779999990802
0.9,10,3,3,5,GW-ONLY,95.09696572853323,integer optimal solution,0.02581979999968098
0.9,10,3,3,5,OD-ONLY,108.94285262748059,integer optimal solution,0.004183099999863771
0.9,10,3,3,5,OD-FIRST,99.07042854539755,pass1=integer optimal solution|pass2=integer optimal solution,0.01924940000026254
0.9,10,3,3,5,GW-FIRST,91.22902586918661,pass1=integer optimal solution|pass2=integer optimal solution,0.042818399999760004
0.9,10,3,3,6,JOINT,92.58288800264323,integer optimal solution,0.026722099999915372
0.9,10,3,3,6,GW-ONLY,99.86456701278901,integer optimal solution,0.030541200000243407
0.9,10,3,3,6,OD-ONLY,99.28226876279561,integer optimal solution,0.0049503999998705694
0.9,10,3,3,6,OD-FIRST,97.16959380298209,pass1=integer optimal solution|pass2=integer optimal solution,0.011958899999626738
0.9,10,3,3,6,GW-FIRST,93.73041263910099,pass1=integer optimal solution|pass2=integer optimal solution,0.035593300000073214
0.9,10,3,3,7,JOINT,74.35276693504152,integer optimal solution,0.028948900000159483
0.9,10,3,3,7,GW-ONLY,83.32829596985503,integer optimal solution,0.027355500000339816
0.9,10,3,3,7,OD-ONLY,78.15426825195729,integer optimal solution,0.0038598999999521766
0.9,10,3,3,7,OD-FIRST,74.71226311657504,pass1=integer optimal solution|pass2=integer optimal solution,0.01041110000005574
0.9,10,3,3,7,GW-FIRST,83.32829596985505,pass1=integer optimal solution|pass2=integer optimal solution,0.024564599999848724
0.9,10,3,3,8,JOINT,77.89295395599711,integer optimal solution,0.021730599999955302
0.9,10,3,3,8,GW-ONLY,85.73852007319493,integer optimal solution,0.024952700000085315
0.9,10,3,3,8,OD-ONLY,80.98707439213905,integer optimal solution,0.004240299999764829
0.9,10,3,3,8,OD-FIRST,77.89295395599711,pass1=integer optimal solution|pass2=integer optimal solution,0.010674800000288087
0.9,10,3,3,8,GW-FIRST,82.88986217314303,pass1=integer optimal solution|pass2=integer optimal solution,0.03655469999966954
0.9,10,3,3,9,JOINT,75.27366574482919,integer optimal solution,0.02158690000032948
0.9,10,3,3,9,GW-ONLY,92.6824728127941,integer optimal solution,0.022068899999794667
0.9,10,3,3,9,OD-ONLY,91.30418228871171,integer optimal solution,0.004631100000096922
0.9,10,3,3,9,OD-FIRST,80.20884257251667,pass1=integer optimal solution|pass2=integer optimal solution,0.011502500000005966
0.9,10,3,3,9,GW-FIRST,92.6824728127941,pass1=integer optimal solution|pass2=integer optimal solution,0.028882699999940087
0.9,10,3,3,10,JOINT,100.41215516078033,integer optimal solution,0.02687149999974281
0.9,10,3,3,10,GW-ONLY,111.3144158997362,integer optimal solution,0.021288900000399735
0.9,10,3,3,10,OD-ONLY,103.55372859695274,integer optimal solution,0.003316100000120059
0.9,10,3,3,10,OD-FIRST,100.41215516078033,pass1=integer optimal solution|pass2=integer optimal solution,0.01365540000006149
0.9,10,3,3,10,GW-FIRST,104.92887937383111,pass1=integer optimal solution|pass2=integer optimal solution,0.03569969999989553
0.9,10,3,3,11,JOINT,96.22247815176635,integer optimal solution,0.02464030000010098
0.9,10,3,3,11,GW-ONLY,102.06730164041143,integer optimal solution,0.024277099999835627
0.9,10,3,3,11,OD-ONLY,113.71479721325558,integer optimal solution,0.002983700000186218
0.9,10,3,3,11,OD-FIRST,96.22247815176635,pass1=integer optimal solution|pass2=integer optimal solution,0.026156800000080693
0.9,10,3,3,11,GW-FIRST,96.22247815176635,pass1=integer optimal solution|pass2=integer optimal solution,0.0353304999998727
0.9,10,3,3,12,JOINT,88.52092416733049,integer optimal solution,0.031291199999941455
0.9,10,3,3,12,GW-ONLY,101.80608783864173,integer optimal solution,0.025793199999952776
0.9,10,3,3,12,OD-ONLY,94.78052996947771,integer optimal solution,0.005214899999828049
0.9,10,3,3,12,OD-FIRST,90.67312403021188,pass1=integer optimal solution|pass2=integer optimal solution,0.020954499999788823
0.9,10,3,3,12,GW-FIRST,98.61020502137683,pass1=integer optimal solution|pass2=integer optimal solution,0.03904710000006162
0.9,10,3,3,13,JOINT,92.87322269962095,integer optimal solution,0.030992399999831832
0.9,10,3,3,13,GW-ONLY,98.01498889849088,integer optimal solution,0.02045780000025843
0.9,10,3,3,13,OD-ONLY,98.75262006437553,integer optimal solution,0.0021740000001955195
0.9,10,3,3,13,OD-FIRST,93.56764065990055,pass1=integer optimal solution|pass2=integer optimal solution,0.018068699999730597
0.9,10,3,3,13,GW-FIRST,92.87322269962094,pass1=integer optimal solution|pass2=integer optimal solution,0.02740010000024995
0.9,10,3,3,14,JOINT,88.49888453920352,integer optimal solution,0.0209063000002061
0.9,10,3,3,14,GW-ONLY,88.49888453920352,integer optimal solution,0.020711299999675248
0.9,10,3,3,14,OD-ONLY,103.32346618066819,integer optimal solution,0.0033515000000079453
0.9,10,3,3,14,OD-FIRST,89.6338731911556,pass1=integer optimal solution|pass2=integer optimal solution,0.030359900000348716
0.9,10,3,3,14,GW-FIRST,88.49888453920352,pass1=integer optimal solution|pass2=integer optimal solution,0.033584499999960826
0.9,10,3,3,15,JOINT,93.27375878682548,integer optimal solution,0.03447649999998248
0.9,10,3,3,15,GW-ONLY,99.88312263096806,integer optimal solution,0.043875800000023446
0.9,10,3,3,15,OD-ONLY,102.4406426500905,integer optimal solution,0.006560599999829719
0.9,10,3,3,15,OD-FIRST,95.19068692363541,pass1=integer optimal solution|pass2=integer optimal solution,0.038808700000117824
0.9,10,3,3,15,GW-FIRST,95.41513040026388,pass1=integer optimal solution|pass2=integer optimal solution,0.05025430000023334
0.9,10,3,3,16,JOINT,92.07449211631416,integer optimal solution,0.02220050000005358
0.9,10,3,3,16,GW-ONLY,99.59455442595113,integer optimal solution,0.027345599999989645
0.9,10,3,3,16,OD-ONLY,100.56093196718435,integer optimal solution,0.003964300000006915
0.9,10,3,3,16,OD-FIRST,92.3341718856561,pass1=integer optimal solution|pass2=integer optimal solution,0.022429299999657815
0.9,10,3,3,16,GW-FIRST,98.08298482430497,pass1=integer optimal solution|pass2=integer optimal solution,0.040839300000243384
0.9,10,3,3,17,JOINT,94.80440999795839,integer optimal solution,0.02725590000000011
0.9,10,3,3,17,GW-ONLY,101.62480518001769,integer optimal solution,0.030405599999994593
0.9,10,3,3,17,OD-ONLY,118.1194236478874,integer optimal solution,0.004018900000119174
0.9,10,3,3,17,OD-FIRST,100.63577797942877,pass1=integer optimal solution|pass2=integer optimal solution,0.023465000000214786
0.9,10,3,3,17,GW-FIRST,94.8044099979584,pass1=integer optimal solution|pass2=integer optimal solution,0.031136199999764358
0.9,10,3,3,18,JOINT,101.43162089158619,integer optimal solution,0.021361099999921862
0.9,10,3,3,18,GW-ONLY,106.6476651678006,integer optimal solution,0.027018900000257418
0.9,10,3,3,18,OD-ONLY,110.5154546820406,integer optimal solution,0.003755300000193529
0.9,10,3,3,18,OD-FIRST,101.43162089158619,pass1=integer optimal solution|pass2=integer optimal solution,0.016320400000040536
0.9,10,3,3,18,GW-FIRST,106.60755176316869,pass1=integer optimal solution|pass2=integer optimal solution,0.03831320000017513
0.9,10,3,3,19,JOINT,84.12399017480374,integer optimal solution,0.024921700000049896
0.9,10,3,3,19,GW-ONLY,94.55893270498034,integer optimal solution,0.03669179999997141
0.9,10,3,3,19,OD-ONLY,86.9992985796029,integer optimal solution,0.00458489999982703
0.9,10,3,3,19,OD-FIRST,86.99929857960288,pass1=integer optimal solution|pass2=integer optimal solution,0.01796310000008816
0.9,10,3,3,19,GW-FIRST,89.78875728971673,pass1=integer optimal solution|pass2=integer optimal solution,0.035924599999816564
0.9,10,3,3,20,JOINT,91.26113485141543,integer optimal solution,0.022074900000006892
0.9,10,3,3,20,GW-ONLY,100.59189665336795,integer optimal solution,0.019832400000268535
0.9,10,3,3,20,OD-ONLY,96.40410122578703,integer optimal solution,0.003840599999875849
0.9,10,3,3,20,OD-FIRST,92.76834975056494,pass1=integer optimal solution|pass2=integer optimal solution,0.009126999999807595
0.9,10,3,3,20,GW-FIRST,97.69332999609918,pass1=integer optimal solution|pass2=integer optimal solution,0.03606279999985418
0.9,10,3,3,21,JOINT,83.86415852345073,integer optimal solution,0.030497899999772926
0.9,10,3,3,21,GW-ONLY,89.97637726615622,integer optimal solution,0.03676580000001195
0.9,10,3,3,21,OD-ONLY,91.39580888701741,integer optimal solution,0.0065353999998478685
0.9,10,3,3,21,OD-FIRST,86.84658335461822,pass1=integer optimal solution|pass2=integer optimal solution,0.01809129999992365
0.9,10,3,3,21,GW-FIRST,89.79530383759226,pass1=integer optimal solution|pass2=integer optimal solution,0.04429890000028536
0.9,10,3,3,22,JOINT,85.13232704626228,integer optimal solution,0.028066500000022643
0.9,10,3,3,22,GW-ONLY,89.07001457428115,integer optimal solution,0.029746199999863165
0.9,10,3,3,22,OD-ONLY,85.13232704626229,integer optimal solution,0.0036696000001938955
0.9,10,3,3,22,OD-FIRST,85.13232704626228,pass1=integer optimal solution|pass2=integer optimal solution,0.02433049999990544
0.9,10,3,3,22,GW-FIRST,88.84363680064654,pass1=integer optimal solution|pass2=integer optimal solution,0.030144599999857746
0.9,10,3,3,23,JOINT,73.26158782850386,integer optimal solution,0.02197820000037609
0.9,10,3,3,23,GW-ONLY,91.09779308016564,integer optimal solution,0.019871499999680964
0.9,10,3,3,23,OD-ONLY,80.40378543835288,integer optimal solution,0.004077699999925244
0.9,10,3,3,23,OD-FIRST,73.26158782850386,pass1=integer optimal solution|pass2=integer optimal solution,0.010930099999768572
0.9,10,3,3,23,GW-FIRST,88.19347038672841,pass1=integer optimal solution|pass2=integer optimal solution,0.024149500000021362
0.9,10,3,3,24,JOINT,89.76100013847245,integer optimal solution,0.03165090000038617
0.9,10,3,3,24,GW-ONLY,100.87797468327929,integer optimal solution,0.03398220000008223
0.9,10,3,3,24,OD-ONLY,101.3169075304892,integer optimal solution,0.006020999999691412
0.9,10,3,3,24,OD-FIRST,92.6515483440975,pass1=integer optimal solution|pass2=integer optimal solution,0.023147400000198104
0.9,10,3,3,24,GW-FIRST,91.5601338541416,pass1=integer optimal solution|pass2=integer optimal solution,0.057731700000204
0.9,15,2,2,0,JOINT,141.39510421282012,integer optimal solution,0.03872960000035164
0.9,15,2,2,0,GW-ONLY,157.50581982121497,integer optimal solution,0.04089040000008026
0.9,15,2,2,0,OD-ONLY,155.11927103062956,integer optimal solution,0.005135200000040641
0.9,15,2,2,0,OD-FIRST,141.39510421282012,pass1=integer optimal solution|pass2=integer optimal solution,0.02445640000041749
0.9,15,2,2,0,GW-FIRST,143.6704589881902,pass1=integer optimal solution|pass2=integer optimal solution,0.04754239999965648
0.9,15,2,2,1,JOINT,128.61328338639652,integer optimal solution,0.04313789999969231
0.9,15,2,2,1,GW-ONLY,150.9834546623165,integer optimal solution,0.035660099999859085
0.9,15,2,2,1,OD-ONLY,134.31028893825615,integer optimal solution,0.0062477000001308625
0.9,15,2,2,1,OD-FIRST,128.61328338639652,pass1=integer optimal solution|pass2=integer optimal solution,0.03284329999996771
0.9,15,2,2,1,GW-FIRST,141.4581791297011,pass1=integer optimal solution|pass2=integer optimal solution,0.05770500000016909
0.9,15,2,2,2,JOINT,134.5137730629242,integer optimal solution,0.06171780000022409
0.9,15,2,2,2,GW-ONLY,162.31066929422468,integer optimal solution,0.039152300000296236
0.9,15,2,2,2,OD-ONLY,159.83428224071173,integer optimal solution,0.00404900000012276
0.9,15,2,2,2,OD-FIRST,134.51377306292417,pass1=integer optimal solution|pass2=integer optimal solution,0.024472200000218436
0.9,15,2,2,2,GW-FIRST,134.72627349848682,pass1=integer optimal solution|pass2=integer optimal solution,0.041202399999747286
0.9,15,2,2,3,JOINT,135.35751927123698,integer optimal solution,0.038628499999958876
0.9,15,2,2,3,GW-ONLY,137.17157959807008,integer optimal solution,0.031463699999676464
0.9,15,2,2,3,OD-ONLY,150.73148421892245,integer optimal solution,0.004150999999637861
0.9,15,2,2,3,OD-FIRST,139.02017919615582,pass1=integer optimal solution|pass2=integer optimal solution,0.04146850000006452
0.9,15,2,2,3,GW-FIRST,135.35751927123698,pass1=integer optimal solution|pass2=integer optimal solution,0.0616266000001815
0.9,15,2,2,4,JOINT,130.9664305117818,integer optimal solution,0.048305400000117515
0.9,15,2,2,4,GW-ONLY,141.69118357534606,integer optimal solution,0.04826679999996486
0.9,15,2,2,4,OD-ONLY,144.63700088976404,integer optimal solution,0.005805700000109937
0.9,15,2,2,4,OD-FIRST,130.9664305117818,pass1=integer optimal solution|pass2=integer optimal solution,0.04483589999972537
0.9,15,2,2,4,GW-FIRST,141.69118357534606,pass1=integer optimal solution|pass2=integer optimal solution,0.056593400000110705
0.9,15,2,2,5,JOINT,145.200224099406,integer optimal solution,0.038736700000299606
0.9,15,2,2,5,GW-ONLY,151.62424796493846,integer optimal solution,0.030387900000278023
0.9,15,2,2,5,OD-ONLY,149.9558006240606,integer optimal solution,0.0032048999996732164
0.9,15,2,2,5,OD-FIRST,145.200224099406,pass1=integer optimal solution|pass2=integer optimal solution,0.037507499999719585
0.9,15,2,2,5,GW-FIRST,150.19449122476504,pass1=integer optimal solution|pass2=integer optimal solution,0.06328579999990325
0.9,15,2,2,6,JOINT,124.68302597052724,integer optimal solution,0.03420909999977084
0.9,15,2,2,6,GW-ONLY,135.38012833754658,integer optimal solution,0.04207150000002002
0.9,15,2,2,6,OD-ONLY,136.56836188607852,integer optimal solution,0.0042943000003106135
0.9,15,2,2,6,OD-FIRST,124.68302597052724,pass1=integer optimal solution|pass2=integer optimal solution,0.027187400000002526
0.9,15,2,2,6,GW-FIRST,126.8541676481705,pass1=integer optimal solution|pass2=integer optimal solution,0.062291499999901134
0.9,15,2,2,7,JOINT,153.53093433078956,integer optimal solution,0.05893659999992451
0.9,15,2,2,7,GW-ONLY,175.5074853883097,integer optimal solution,0.05075970000007146
0.9,15,2,2,7,OD-ONLY,182.35123022955668,integer optimal solution,0.005737400000271009
0.9,15,2,2,7,OD-FIRST,153.53093433078956,pass1=integer optimal solution|pass2=integer optimal solution,0.04390469999998459
0.9,15,2,2,7,GW-FIRST,166.50130975615684,pass1=integer optimal solution|pass2=integer optimal solution,0.04936600000019098
0.9,15,2,2,8,JOINT,139.44922689314706,integer optimal solution,0.04141230000004725
0.9,15,2,2,8,GW-ONLY,148.80902793510526,integer optimal solution,0.053846100000100705
0.9,15,2,2,8,OD-ONLY,152.08962856310242,integer optimal solution,0.005599099999926693
0.9,15,2,2,8,OD-FIRST,139.44922689314708,pass1=integer optimal solution|pass2=integer optimal solution,0.038631700000223645
0.9,15,2,2,8,GW-FIRST,144.19614214151366,pass1=integer optimal solution|pass2=integer optimal solution,0.04253079999989495
0.9,15,2,2,9,JOINT,143.58714415466497,integer optimal solution,0.03598939999983486
0.9,15,2,2,9,GW-ONLY,157.29502375575248,integer optimal solution,0.035785199999736506
0.9,15,2,2,9,OD-ONLY,153.61993698987135,integer optimal solution,0.0063409999997929845
0.9,15,2,2,9,OD-FIRST,144.2939590138689,pass1=integer optimal solution|pass2=integer optimal solution,0.0345684999997502
0.9,15,2,2,9,GW-FIRST,152.10822243342687,pass1=integer optimal solution|pass2=integer optimal solution,0.045872899999721994
0.9,15,2,2,10,JOINT,124.48999268233874,integer optimal solution,0.04091229999994539
0.9,15,2,2,10,GW-ONLY,135.95654015537662,integer optimal solution,0.04258419999996477
0.9,15,2,2,10,OD-ONLY,128.58394456407677,integer optimal solution,0.00535310000032041
0.9,15,2,2,10,OD-FIRST,124.48999268233874,pass1=integer optimal solution|pass2=integer optimal solution,0.03354510000008304
0.9,15,2,2,10,GW-FIRST,128.81897040425542,pass1=integer optimal solution|pass2=integer optimal solution,0.049704900000051566
0.9,15,2,2,11,JOINT,118.14792851021201,integer optimal solution,0.036820499999976164
0.9,15,2,2,11,GW-ONLY,136.1539874044464,integer optimal solution,0.04823889999988751
0.9,15,2,2,11,OD-ONLY,139.6667267861017,integer optimal solution,0.0061946000000716595
0.9,15,2,2,11,OD-FIRST,121.8513448604319,pass1=integer optimal solution|pass2=integer optimal solution,0.0462720000000445
0.9,15,2,2,11,GW-FIRST,125.13366653983057,pass1=integer optimal solution|pass2=integer optimal solution,0.07271619999983159
0.9,15,2,2,12,JOINT,138.07033727726431,integer optimal solution,0.042960300000231655
0.9,15,2,2,12,GW-ONLY,147.7553461353321,integer optimal solution,0.034379100000023755
0.9,15,2,2,12,OD-ONLY,140.4679397811799,integer optimal solution,0.004806099999768776
0.9,15,2,2,12,OD-FIRST,138.07033727726431,pass1=integer optimal solution|pass2=integer optimal solution,0.03347220000023299
0.9,15,2,2,12,GW-FIRST,141.04509519844123,pass1=integer optimal solution|pass2=integer optimal solution,0.056016900000031455
0.9,15,2,2,13,JOINT,151.64006887312476,integer optimal solution,0.03986380000014833
0.9,15,2,2,13,GW-ONLY,156.48510164291065,integer optimal solution,0.03977949999989505
0.9,15,2,2,13,OD-ONLY,181.47723478119133,integer optimal solution,0.0039545999998154
0.9,15,2,2,13,OD-FIRST,158.2335517726771,pass1=integer optimal solution|pass2=integer optimal solution,0.04264390000025742
0.9,15,2,2,13,GW-FIRST,151.64006887312476,pass1=integer optimal solution|pass2=integer optimal solution,0.07300400000031004
0.9,15,2,2,14,JOINT,117.4930267022347,integer optimal solution,0.06239310000000842
0.9,15,2,2,14,GW-ONLY,123.78974357459931,integer optimal solution,0.043106600000101025
0.9,15,2,2,14,OD-ONLY,133.49220815836247,integer optimal solution,0.006053000000065367
0.9,15,2,2,14,OD-FIRST,117.49302670223472,pass1=integer optimal solution|pass2=integer optimal solution,0.044542700000420155
0.9,15,2,2,14,GW-FIRST,117.49302670223472,pass1=integer optimal solution|pass2=integer optimal solution,0.07084840000015902
0.9,15,2,2,15,JOINT,148.63607462984677,integer optimal solution,0.04386620000013863
0.9,15,2,2,15,GW-ONLY,163.3667578450557,integer optimal solution,0.054317600000103994
0.9,15,2,2,15,OD-ONLY,149.01415491832418,integer optimal solution,0.006592600000203674
0.9,15,2,2,15,OD-FIRST,148.63607462984677,pass1=integer optimal solution|pass2=integer optimal solution,0.04769670000041515
0.9,15,2,2,15,GW-FIRST,152.5991481408911,pass1=integer optimal solution|pass2=integer optimal solution,0.06807239999989179
0.9,15,2,2,16,JOINT,134.8671121664698,integer optimal solution,0.032478099999934784
0.9,15,2,2,16,GW-ONLY,160.42676215403532,integer optimal solution,0.0362196999999469
0.9,15,2,2,16,OD-ONLY,157.31473747195685,integer optimal solution,0.004246099999818398
0.9,15,2,2,16,OD-FIRST,136.32708983985995,pass1=integer optimal solution|pass2=integer optimal solution,0.031172800000149437
0.9,15,2,2,16,GW-FIRST,144.62179859866393,pass1=integer optimal solution|pass2=integer optimal solution,0.0619897999999921
0.9,15,2,2,17,JOINT,128.95579716345344,integer optimal solution,0.04287639999984094
0.9,15,2,2,17,GW-ONLY,130.272294858949,integer optimal solution,0.03236940000033428
0.9,15,2,2,17,OD-ONLY,146.40014878794258,integer optimal solution,0.002935800000159361
0.9,15,2,2,17,OD-FIRST,129.87617137919972,pass1=integer optimal solution|pass2=integer optimal solution,0.029855100000077073
0.9,15,2,2,17,GW-FIRST,130.272294858949,pass1=integer optimal solution|pass2=integer optimal solution,0.04341499999964071
0.9,15,2,2,18,JOINT,143.83420881207707,integer optimal solution,0.034831100000246806
0.9,15,2,2,18,GW-ONLY,158.7209574399658,integer optimal solution,0.027668800000355986
0.9,15,2,2,18,OD-ONLY,180.89780031185592,integer optimal solution,0.0030065999999351334
0.9,15,2,2,18,OD-FIRST,154.47700352293552,pass1=integer optimal solution|pass2=integer optimal solution,0.029370700000072247
0.9,15,2,2,18,GW-FIRST,143.83420881207707,pass1=integer optimal solution|pass2=integer optimal solution,0.04565749999983382
0.9,15,2,2,19,JOINT,138.13324822744423,integer optimal solution,0.040720299999975396
0.9,15,2,2,19,GW-ONLY,153.57775874489855,integer optimal solution,0.03418280000005325
0.9,15,2,2,19,OD-ONLY,139.84968152162827,integer optimal solution,0.004808000000139145
0.9,15,2,2,19,OD-FIRST,138.1332482274442,pass1=integer optimal solution|pass2=integer optimal solution,0.02740090000042983
0.9,15,2,2,19,GW-FIRST,147.87208721708794,pass1=integer optimal solution|pass2=integer optimal solution,0.046194200000172714
0.9,15,2,2,20,JOINT,131.568459381769,integer optimal solution,0.030802700000094774
0.9,15,2,2,20,GW-ONLY,139.46364207877951,integer optimal solution,0.033643100000062987
0.9,15,2,2,20,OD-ONLY,145.6617153452695,integer optimal solution,0.004379900000003545
0.9,15,2,2,20,OD-FIRST,131.568459381769,pass1=integer optimal solution|pass2=integer optimal solution,0.04103820000000269
0.9,15,2,2,20,GW-FIRST,131.99889355440604,pass1=integer optimal solution|pass2=integer optimal solution,0.07109609999997701
0.9,15,2,2,21,JOINT,147.81420072881437,integer optimal solution,0.046459300000151416
0.9,15,2,2,21,GW-ONLY,166.62200529563893,integer optimal solution,0.06393109999999069
0.9,15,2,2,21,OD-ONLY,177.71876948033508,integer optimal solution,0.005714300000363437
0.9,15,2,2,21,OD-FIRST,147.81420072881434,pass1=integer optimal solution|pass2=integer optimal solution,0.043236399999841524
0.9,15,2,2,21,GW-FIRST,147.81420072881437,pass1=integer optimal solution|pass2=integer optimal solution,0.07871690000001763
0.9,15,2,2,22,JOINT,130.75266176509416,integer optimal solution,0.030495200000132172
0.9,15,2,2,22,GW-ONLY,134.601530548987,integer optimal solution,0.04400069999974221
0.9,15,2,2,22,OD-ONLY,137.06705161733697,integer optimal solution,0.006224900000233902
0.9,15,2,2,22,OD-FIRST,130.75266176509413,pass1=integer optimal solution|pass2=integer optimal solution,0.043508700000074896
0.9,15,2,2,22,GW-FIRST,130.78452542466772,pass1=integer optimal solution|pass2=integer optimal solution,0.06639589999986129
0.9,15,2,2,23,JOINT,143.49215021395202,integer optimal solution,0.032350599999972474
0.9,15,2,2,23,GW-ONLY,153.45919400186185,integer optimal solution,0.04469410000001517
0.9,15,2,2,23,OD-ONLY,164.61347630828035,integer optimal solution,0.004307900000185327
0.9,15,2,2,23,OD-FIRST,143.49215021395202,pass1=integer optimal solution|pass2=integer optimal solution,0.02809179999985645
0.9,15,2,2,23,GW-FIRST,143.49215021395202,pass1=integer optimal solution|pass2=integer optimal solution,0.04815859999962413
0.9,15,2,2,24,JOINT,140.04359379851195,integer optimal solution,0.04403389999970386
0.9,15,2,2,24,GW-ONLY,145.5522053340298,integer optimal solution,0.03627199999982622
0.9,15,2,2,24,OD-ONLY,164.88499343555367,integer optimal solution,0.0033720999999786727
0.9,15,2,2,24,OD-FIRST,140.04359379851195,pass1=integer optimal solution|pass2=integer optimal solution,0.02662640000016836
0.9,15,2,2,24,GW-FIRST,141.63585252947635,pass1=integer optimal solution|pass2=integer optimal solution,0.04931699999997363
0.9,15,3,2,0,JOINT,125.70277105588778,integer optimal solution,0.06495929999982764
0.9,15,3,2,0,GW-ONLY,126.50241865167743,integer optimal solution,0.047251499999674706
0.9,15,3,2,0,OD-ONLY,139.72104649407692,integer optimal solution,0.002981599999657192
0.9,15,3,2,0,OD-FIRST,126.85259737075839,pass1=integer optimal solution|pass2=integer optimal solution,0.04492419999996855
0.9,15,3,2,0,GW-FIRST,125.7027710558878,pass1=integer optimal solution|pass2=integer optimal solution,0.07533439999997427
0.9,15,3,2,1,JOINT,119.49659757617465,integer optimal solution,0.05245480000030511
0.9,15,3,2,1,GW-ONLY,127.03193730999809,integer optimal solution,0.045907400000032794
0.9,15,3,2,1,OD-ONLY,132.42098138169735,integer optimal solution,0.004118700000162789
0.9,15,3,2,1,OD-FIRST,119.49659757617465,pass1=integer optimal solution|pass2=integer optimal solution,0.03108630000042467
0.9,15,3,2,1,GW-FIRST,125.8750679290822,pass1=integer optimal solution|pass2=integer optimal solution,0.07270620000008421
0.9,15,3,2,2,JOINT,129.65941024742153,integer optimal solution,0.05621610000025612
0.9,15,3,2,2,GW-ONLY,155.8812825924603,integer optimal solution,0.04356159999997544
0.9,15,3,2,2,OD-ONLY,148.4538797790458,integer optimal solution,0.0034720000003289897
0.9,15,3,2,2,OD-FIRST,129.6594102474215,pass1=integer optimal solution|pass2=integer optimal solution,0.05301439999993818
0.9,15,3,2,2,GW-FIRST,152.77957805676436,pass1=integer optimal solution|pass2=integer optimal solution,0.10758910000004107
0.9,15,3,2,3,JOINT,123.17323385684746,integer optimal solution,0.06261360000007699
0.9,15,3,2,3,GW-ONLY,136.17794411527709,integer optimal solution,0.042871999999988475
0.9,15,3,2,3,OD-ONLY,131.34543462613337,integer optimal solution,0.004610500000126194
0.9,15,3,2,3,OD-FIRST,123.17323385684745,pass1=integer optimal solution|pass2=integer optimal solution,0.03337650000003123
0.9,15,3,2,3,GW-FIRST,128.60353802629174,pass1=integer optimal solution|pass2=integer optimal solution,0.06823199999962526
0.9,15,3,2,4,JOINT,119.96252404929763,integer optimal solution,0.0442508999999518
0.9,15,3,2,4,GW-ONLY,129.18795365177436,integer optimal solution,0.04152599999997619
0.9,15,3,2,4,OD-ONLY,130.0304292932757,integer optimal solution,0.005142299999988609
0.9,15,3,2,4,OD-FIRST,124.25832665278654,pass1=integer optimal solution|pass2=integer optimal solution,0.057727300000351534
0.9,15,3,2,4,GW-FIRST,123.88490488677255,pass1=integer optimal solution|pass2=integer optimal solution,0.10952120000001742
0.9,15,3,2,5,JOINT,122.08569631735904,integer optimal solution,0.03756530000009661
0.9,15,3,2,5,GW-ONLY,127.56138428996972,integer optimal solution,0.058942300000126124
0.9,15,3,2,5,OD-ONLY,130.44408306659662,integer optimal solution,0.008351399999810383
0.9,15,3,2,5,OD-FIRST,124.3145640477943,pass1=integer optimal solution|pass2=integer optimal solution,0.05167230000006384
0.9,15,3,2,5,GW-FIRST,122.08569631735904,pass1=integer optimal solution|pass2=integer optimal solution,0.10680760000013834
0.9,15,3,2,6,JOINT,127.83662937612186,integer optimal solution,0.0683883000001515
0.9,15,3,2,6,GW-ONLY,132.4741427638343,integer optimal solution,0.04541910000034477
0.9,15,3,2,6,OD-ONLY,134.79516007607623,integer optimal solution,0.003606199999921955
0.9,15,3,2,6,OD-FIRST,130.25119479206424,pass1=integer optimal solution|pass2=integer optimal solution,0.03856120000000374
0.9,15,3,2,6,GW-FIRST,127.83662937612186,pass1=integer optimal solution|pass2=integer optimal solution,0.06269380000003366
0.9,15,3,2,7,JOINT,132.19758653522308,integer optimal solution,0.04719759999989037
0.9,15,3,2,7,GW-ONLY,135.95448028944867,integer optimal solution,0.047255800000129966
0.9,15,3,2,7,OD-ONLY,158.89874910245072,integer optimal solution,0.0029475999999704072
0.9,15,3,2,7,OD-FIRST,132.19758653522308,pass1=integer optimal solution|pass2=integer optimal solution,0.040580400000180816
0.9,15,3,2,7,GW-FIRST,132.19758653522308,pass1=integer optimal solution|pass2=integer optimal solution,0.07809339999994336
0.9,15,3,2,8,JOINT,149.7793002048438,integer optimal solution,0.04303159999972195
0.9,15,3,2,8,GW-ONLY,149.7793002048438,integer optimal solution,0.049756800000068324
0.9,15,3,2,8,OD-ONLY,164.39036753644825,integer optimal solution,0.004220300000270072
0.9,15,3,2,8,OD-FIRST,151.30329668617986,pass1=integer optimal solution|pass2=integer optimal solution,0.04616020000003118
0.9,15,3,2,8,GW-FIRST,149.7793002048438,pass1=integer optimal solution|pass2=integer optimal solution,0.07447959999990417
0.9,15,3,2,9,JOINT,138.83974597957334,integer optimal solution,0.07923010000013164
0.9,15,3,2,9,GW-ONLY,146.19696071161474,integer optimal solution,0.06397669999978461
0.9,15,3,2,9,OD-ONLY,160.66831208163757,integer optimal solution,0.0065780999998423795
0.9,15,3,2,9,OD-FIRST,138.83974597957334,pass1=integer optimal solution|pass2=integer optimal solution,0.03614849999985381
0.9,15,3,2,9,GW-FIRST,141.02314222264087,pass1=integer optimal solution|pass2=integer optimal solution,0.07511780000004364
0.9,15,3,2,10,JOINT,126.13495767210105,integer optimal solution,0.05483189999995375
0.9,15,3,2,10,GW-ONLY,131.7499878158112,integer optimal solution,0.07254259999990609
0.9,15,3,2,10,OD-ONLY,129.2321681846782,integer optimal solution,0.0098296000001028
0.9,15,3,2,10,OD-FIRST,126.13495767210105,pass1=integer optimal solution|pass2=integer optimal solution,0.05794670000022961
0.9,15,3,2,10,GW-FIRST,130.23058957465892,pass1=integer optimal solution|pass2=integer optimal solution,0.09430830000019341
0.9,15,3,2,11,JOINT,178.08435740161775,integer optimal solution,0.05767939999986993
0.9,15,3,2,11,GW-ONLY,187.75156602440887,integer optimal solution,0.06106610000006185
0.9,15,3,2,11,OD-ONLY,213.65859534289166,integer optimal solution,0.011439200000040728
0.9,15,3,2,11,OD-FIRST,178.08435740161775,pass1=integer optimal solution|pass2=integer optimal solution,0.03651339999987613
0.9,15,3,2,11,GW-FIRST,179.42513017445827,pass1=integer optimal solution|pass2=integer optimal solution,0.056562400000075286
0.9,15,3,2,12,JOINT,131.68765976521908,integer optimal solution,0.06401679999999033
0.9,15,3,2,12,GW-ONLY,139.9252656616961,integer optimal solution,0.06190250000008746
0.9,15,3,2,12,OD-ONLY,147.73639715799717,integer optimal solution,0.004356100000222796
0.9,15,3,2,12,OD-FIRST,131.68765976521908,pass1=integer optimal solution|pass2=integer optimal solution,0.03630310000016834
0.9,15,3,2,12,GW-FIRST,134.62655890302716,pass1=integer optimal solution|pass2=integer optimal solution,0.07565919999979087
0.9,15,3,2,13,JOINT,122.71413664622268,integer optimal solution,0.07330150000007052
0.9,15,3,2,13,GW-ONLY,130.82820958983172,integer optimal solution,0.047965600000225095
0.9,15,3,2,13,OD-ONLY,149.26586528539596,integer optimal solution,0.004564500000014959
0.9,15,3,2,13,OD-FIRST,125.32408582536948,pass1=integer optimal solution|pass2=integer optimal solution,0.03354570000010426
0.9,15,3,2,13,GW-FIRST,122.71413664622268,pass1=integer optimal solution|pass2=integer optimal solution,0.06876770000008037
0.9,15,3,2,14,JOINT,131.66061788866463,integer optimal solution,0.07980450000013661
0.9,15,3,2,14,GW-ONLY,136.09274415950713,integer optimal solution,0.07255649999979141
0.9,15,3,2,14,OD-ONLY,132.80748388643144,integer optimal solution,0.005294199999752891
0.9,15,3,2,14,OD-FIRST,131.84077558133058,pass1=integer optimal solution|pass2=integer optimal solution,0.0388996000001498
0.9,15,3,2,14,GW-FIRST,136.09274415950716,pass1=integer optimal solution|pass2=integer optimal solution,0.059966199999962555
0.9,15,3,2,15,JOINT,141.58768002033315,integer optimal solution,0.048571399999673304
0.9,15,3,2,15,GW-ONLY,154.00649514444947,integer optimal solution,0.06684709999990446
0.9,15,3,2,15,OD-ONLY,178.26479563795095,integer optimal solution,0.006890399999974761
0.9,15,3,2,15,OD-FIRST,141.58768002033315,pass1=integer optimal solution|pass2=integer optimal solution,0.05280850000008286
0.9,15,3,2,15,GW-FIRST,150.614458288562,pass1=integer optimal solution|pass2=integer optimal solution,0.07688259999986258
0.9,15,3,2,16,JOINT,130.25091088181847,integer optimal solution,0.06209790000002613
0.9,15,3,2,16,GW-ONLY,138.19071304018883,integer optimal solution,0.05710799999997107
0.9,15,3,2,16,OD-ONLY,140.55985747204045,integer optimal solution,0.007091800000125659
0.9,15,3,2,16,OD-FIRST,130.25091088181847,pass1=integer optimal solution|pass2=integer optimal solution,0.05570630000011079
0.9,15,3,2,16,GW-FIRST,136.93991392922104,pass1=integer optimal solution|pass2=integer optimal solution,0.11790049999990515
0.9,15,3,2,17,JOINT,123.11454012791646,integer optimal solution,0.0510033000000476
0.9,15,3,2,17,GW-ONLY,140.54852996715783,integer optimal solution,0.06246080000028087
0.9,15,3,2,17,OD-ONLY,134.13766540408213,integer optimal solution,0.008184300000266376
0.9,15,3,2,17,OD-FIRST,123.11454012791646,pass1=integer optimal solution|pass2=integer optimal solution,0.046464000000014494
0.9,15,3,2,17,GW-FIRST,139.81661712737366,pass1=integer optimal solution|pass2=integer optimal solution,0.06030510000027789
0.9,15,3,2,18,JOINT,136.4258544741082,integer optimal solution,0.07349560000011479
0.9,15,3,2,18,GW-ONLY,136.4258544741082,integer optimal solution,0.050863399999798276
0.9,15,3,2,18,OD-ONLY,155.13866065491038,integer optimal solution,0.0024283000002469635
0.9,15,3,2,18,OD-FIRST,136.4258544741082,pass1=integer optimal solution|pass2=integer optimal solution,0.04520430000002307
0.9,15,3,2,18,GW-FIRST,136.4258544741082,pass1=integer optimal solution|pass2=integer optimal solution,0.06480939999983093
0.9,15,3,2,19,JOINT,138.29656567350665,integer optimal solution,0.06186999999999898
0.9,15,3,2,19,GW-ONLY,146.89576546587642,integer optimal solution,0.0688242999999602
0.9,15,3,2,19,OD-ONLY,157.41882694797212,integer optimal solution,0.007758199999898352
0.9,15,3,2,19,OD-FIRST,138.29656567350662,pass1=integer optimal solution|pass2=integer optimal solution,0.05185080000001108
0.9,15,3,2,19,GW-FIRST,138.73000315148772,pass1=integer optimal solution|pass2=integer optimal solution,0.06626670000014201
0.9,15,3,2,20,JOINT,130.27146845878042,integer optimal solution,0.0432330999997248
0.9,15,3,2,20,GW-ONLY,142.81521698944155,integer optimal solution,0.03999400000020614
0.9,15,3,2,20,OD-ONLY,136.35521483714578,integer optimal solution,0.0038406000003305962
0.9,15,3,2,20,OD-FIRST,130.27146845878042,pass1=integer optimal solution|pass2=integer optimal solution,0.042005300000255374
0.9,15,3,2,20,GW-FIRST,137.5408609029957,pass1=integer optimal solution|pass2=integer optimal solution,0.0769374000001335
0.9,15,3,2,21,JOINT,139.11940500817533,integer optimal solution,0.07537479999973584
0.9,15,3,2,21,GW-ONLY,151.5446702671316,integer optimal solution,0.07282800000029965
0.9,15,3,2,21,OD-ONLY,159.61165308263872,integer optimal solution,0.007002800000009302
0.9,15,3,2,21,OD-FIRST,139.11940500817536,pass1=integer optimal solution|pass2=integer optimal solution,0.059430600000268896
0.9,15,3,2,21,GW-FIRST,147.6839236168284,pass1=integer optimal solution|pass2=integer optimal solution,0.08069900000009511
0.9,15,3,2,22,JOINT,120.22898928171466,integer optimal solution,0.05814680000003136
0.9,15,3,2,22,GW-ONLY,130.6597374229057,integer optimal solution,0.06347300000015821
0.9,15,3,2,22,OD-ONLY,140.74957826427806,integer optimal solution,0.0068608000001404434
0.9,15,3,2,22,OD-FIRST,120.22898928171466,pass1=integer optimal solution|pass2=integer optimal solution,0.048432300000058603
0.9,15,3,2,22,GW-FIRST,125.30112959720077,pass1=integer optimal solution|pass2=integer optimal solution,0.07702130000006946
0.9,15,3,2,23,JOINT,131.15311422967525,integer optimal solution,0.052479399999810994
0.9,15,3,2,23,GW-ONLY,152.3138682804571,integer optimal solution,0.07280820000005406
0.9,15,3,2,23,OD-ONLY,148.079129432311,integer optimal solution,0.008852500000102737
0.9,15,3,2,23,OD-FIRST,131.15311422967525,pass1=integer optimal solution|pass2=integer optimal solution,0.06220030000031329
0.9,15,3,2,23,GW-FIRST,143.79623519757297,pass1=integer optimal solution|pass2=integer optimal solution,0.11110650000000533
0.9,15,3,2,24,JOINT,132.05799491729206,integer optimal solution,0.05898769999976139
0.9,15,3,2,24,GW-ONLY,141.49520584709802,integer optimal solution,0.05523270000003322
0.9,15,3,2,24,OD-ONLY,143.81219855207894,integer optimal solution,0.0056151000003410445
0.9,15,3,2,24,OD-FIRST,132.05799491729206,pass1=integer optimal solution|pass2=integer optimal solution,0.046749800000270625
0.9,15,3,2,24,GW-FIRST,141.29154022935822,pass1=integer optimal solution|pass2=integer optimal solution,0.07726409999986572
0.9,15,2,3,0,JOINT,134.05926000748605,integer optimal solution,0.04831509999985428
0.9,15,2,3,0,GW-ONLY,148.08954562493454,integer optimal solution,0.055499199999758275
0.9,15,2,3,0,OD-ONLY,137.51136259536872,integer optimal solution,0.006832800000211137
0.9,15,2,3,0,OD-FIRST,135.83491302395808,pass1=integer optimal solution|pass2=integer optimal solution,0.038997200000267185
0.9,15,2,3,0,GW-FIRST,139.94396784297953,pass1=integer optimal solution|pass2=integer optimal solution,0.06452930000023116
0.9,15,2,3,1,JOINT,147.11801548875593,integer optimal solution,0.03276049999976749
0.9,15,2,3,1,GW-ONLY,167.00738184655685,integer optimal solution,0.03558400000019901
0.9,15,2,3,1,OD-ONLY,160.53077422543728,integer optimal solution,0.004570600000079139
0.9,15,2,3,1,OD-FIRST,149.39545867811506,pass1=integer optimal solution|pass2=integer optimal solution,0.02249729999994088
0.9,15,2,3,1,GW-FIRST,149.00408326160675,pass1=integer optimal solution|pass2=integer optimal solution,0.04568909999989046
0.9,15,2,3,2,JOINT,144.08736585844923,integer optimal solution,0.039320500000030734
0.9,15,2,3,2,GW-ONLY,155.17907360086275,integer optimal solution,0.03531520000024102
0.9,15,2,3,2,OD-ONLY,151.3877502343919,integer optimal solution,0.006207699999777105
0.9,15,2,3,2,OD-FIRST,144.08736585844923,pass1=integer optimal solution|pass2=integer optimal solution,0.03113840000014534
0.9,15,2,3,2,GW-FIRST,145.87316178703034,pass1=integer optimal solution|pass2=integer optimal solution,0.046164500000031694
0.9,15,2,3,3,JOINT,143.82011172096418,integer optimal solution,0.03374600000006467
0.9,15,2,3,3,GW-ONLY,161.28994062095728,integer optimal solution,0.03458879999971032
0.9,15,2,3,3,OD-ONLY,157.74569570102622,integer optimal solution,0.004989900000055059
0.9,15,2,3,3,OD-FIRST,143.82011172096418,pass1=integer optimal solution|pass2=integer optimal solution,0.036159000000225205
0.9,15,2,3,3,GW-FIRST,147.50717681502897,pass1=integer optimal solution|pass2=integer optimal solution,0.05348149999963425
0.9,15,2,3,4,JOINT,136.0038066079538,integer optimal solution,0.03225700000029974
0.9,15,2,3,4,GW-ONLY,162.7769866063268,integer optimal solution,0.057751400000142894
0.9,15,2,3,4,OD-ONLY,161.6807122803045,integer optimal solution,0.009141300000010233
0.9,15,2,3,4,OD-FIRST,136.0038066079538,pass1=integer optimal solution|pass2=integer optimal solution,0.0363230999996631
0.9,15,2,3,4,GW-FIRST,145.61154159069008,pass1=integer optimal solution|pass2=integer optimal solution,0.07131170000002385
0.9,15,2,3,5,JOINT,127.24252395002978,integer optimal solution,0.0508561000001464
0.9,15,2,3,5,GW-ONLY,136.53339218830834,integer optimal solution,0.041334700000334124
0.9,15,2,3,5,OD-ONLY,138.30741710691038,integer optimal solution,0.0041412999999010935
0.9,15,2,3,5,OD-FIRST,127.24252395002976,pass1=integer optimal solution|pass2=integer optimal solution,0.03072359999987384
0.9,15,2,3,5,GW-FIRST,128.7175099407628,pass1=integer optimal solution|pass2=integer optimal solution,0.04217620000008537
0.9,15,2,3,6,JOINT,132.79110032210994,integer optimal solution,0.0412916000000223
0.9,15,2,3,6,GW-ONLY,148.41263152348128,integer optimal solution,0.030521499999849766
0.9,15,2,3,6,OD-ONLY,149.9042402106515,integer optimal solution,0.004264500000317639
0.9,15,2,3,6,OD-FIRST,135.15076671605362,pass1=integer optimal solution|pass2=integer optimal solution,0.028535899999951653
0.9,15,2,3,6,GW-FIRST,136.33712612014776,pass1=integer optimal solution|pass2=integer optimal solution,0.03999500000008993
0.9,15,2,3,7,JOINT,116.86306053703133,integer optimal solution,0.03197060000002239
0.9,15,2,3,7,GW-ONLY,135.1857522429789,integer optimal solution,0.031930199999806064
0.9,15,2,3,7,OD-ONLY,131.22598305145127,integer optimal solution,0.006379200000083074
0.9,15,2,3,7,OD-FIRST,118.57666595238881,pass1=integer optimal solution|pass2=integer optimal solution,0.03209770000012213
0.9,15,2,3,7,GW-FIRST,128.85225263873608,pass1=integer optimal solution|pass2=integer optimal solution,0.05169260000002396
0.9,15,2,3,8,JOINT,144.04325547483523,integer optimal solution,0.039723700000195095
0.9,15,2,3,8,GW-ONLY,146.70043677901216,integer optimal solution,0.030253800000082265
0.9,15,2,3,8,OD-ONLY,149.65186994306234,integer optimal solution,0.0037972999998601153
0.9,15,2,3,8,OD-FIRST,144.0432554748352,pass1=integer optimal solution|pass2=integer optimal solution,0.025888900000154536
0.9,15,2,3,8,GW-FIRST,144.66221203751158,pass1=integer optimal solution|pass2=integer optimal solution,0.03775150000001304
0.9,15,2,3,9,JOINT,144.40208094503419,integer optimal solution,0.03393210000012914
0.9,15,2,3,9,GW-ONLY,165.12232779125878,integer optimal solution,0.03872480000018186
0.9,15,2,3,9,OD-ONLY,158.04059482574843,integer optimal solution,0.005172399999992194
0.9,15,2,3,9,OD-FIRST,144.40208094503419,pass1=integer optimal solution|pass2=integer optimal solution,0.03979849999996077
0.9,15,2,3,9,GW-FIRST,154.1312988576148,pass1=integer optimal solution|pass2=integer optimal solution,0.03768760000002658
0.9,15,2,3,10,JOINT,134.42201353091275,integer optimal solution,0.03993599999967046
0.9,15,2,3,10,GW-ONLY,151.19328462308397,integer optimal solution,0.03573710000000574
0.9,15,2,3,10,OD-ONLY,134.42201353091272,integer optimal solution,0.005071999999927357
0.9,15,2,3,10,OD-FIRST,134.42201353091275,pass1=integer optimal solution|pass2=integer optimal solution,0.02241249999997308
0.9,15,2,3,10,GW-FIRST,142.58548528366228,pass1=integer optimal solution|pass2=integer optimal solution,0.03595629999972516
0.9,15,2,3,11,JOINT,140.90361443904277,integer optimal solution,0.038384700000278826
0.9,15,2,3,11,GW-ONLY,167.17212351235509,integer optimal solution,0.03159990000040125
0.9,15,2,3,11,OD-ONLY,152.01503832650215,integer optimal solution,0.0035637000000861008
0.9,15,2,3,11,OD-FIRST,140.90361443904277,pass1=integer optimal solution|pass2=integer optimal solution,0.036784699999770964
0.9,15,2,3,11,GW-FIRST,144.78244345127328,pass1=integer optimal solution|pass2=integer optimal solution,0.05335740000009537
0.9,15,2,3,12,JOINT,127.3845739225351,integer optimal solution,0.035737000000153785
0.9,15,2,3,12,GW-ONLY,143.6412314137339,integer optimal solution,0.035700099999758095
0.9,15,2,3,12,OD-ONLY,137.6259617205239,integer optimal solution,0.005232100000284845
0.9,15,2,3,12,OD-FIRST,127.91239929948796,pass1=integer optimal solution|pass2=integer optimal solution,0.03495440000006056
0.9,15,2,3,12,GW-FIRST,128.40904713661732,pass1=integer optimal solution|pass2=integer optimal solution,0.050495999999839114
0.9,15,2,3,13,JOINT,134.57497879139666,integer optimal solution,0.030575000000226282
0.9,15,2,3,13,GW-ONLY,148.06854376848446,integer optimal solution,0.02962370000022929
0.9,15,2,3,13,OD-ONLY,134.57497879139666,integer optimal solution,0.006689800000003743
0.9,15,2,3,13,OD-FIRST,134.57497879139666,pass1=integer optimal solution|pass2=integer optimal solution,0.04476760000034119
0.9,15,2,3,13,GW-FIRST,142.80966421640386,pass1=integer optimal solution|pass2=integer optimal solution,0.05987559999994119
0.9,15,2,3,14,JOINT,149.30034073237059,integer optimal solution,0.033259999999700085
0.9,15,2,3,14,GW-ONLY,183.5004639256236,integer optimal solution,0.03255330000001777
0.9,15,2,3,14,OD-ONLY,181.9915680543672,integer optimal solution,0.004580000000260043
0.9,15,2,3,14,OD-FIRST,149.30034073237059,pass1=integer optimal solution|pass2=integer optimal solution,0.029705099999773665
0.9,15,2,3,14,GW-FIRST,156.1781885365677,pass1=integer optimal solution|pass2=integer optimal solution,0.04701410000006945
0.9,15,2,3,15,JOINT,134.35096455193943,integer optimal solution,0.0464878999996472
0.9,15,2,3,15,GW-ONLY,153.47510485164477,integer optimal solution,0.0356590999999753
0.9,15,2,3,15,OD-ONLY,142.36935332562146,integer optimal solution,0.0052015000001119915
0.9,15,2,3,15,OD-FIRST,134.95452731196684,pass1=integer optimal solution|pass2=integer optimal solution,0.02664490000006481
0.9,15,2,3,15,GW-FIRST,140.03710681371845,pass1=integer optimal solution|pass2=integer optimal solution,0.043417800000042917
0.9,15,2,3,16,JOINT,151.49346209998964,integer optimal solution,0.03925630000003366
0.9,15,2,3,16,GW-ONLY,166.8582035188455,integer optimal solution,0.04119149999996807
0.9,15,2,3,16,OD-ONLY,171.72171404574314,integer optimal solution,0.006532999999762978
0.9,15,2,3,16,OD-FIRST,153.1294936902603,pass1=integer optimal solution|pass2=integer optimal solution,0.030639699999937875
0.9,15,2,3,16,GW-FIRST,161.3848040365537,pass1=integer optimal solution|pass2=integer optimal solution,0.04922590000023774
0.9,15,2,3,17,JOINT,134.23052005594437,integer optimal solution,0.04640500000004977
0.9,15,2,3,17,GW-ONLY,152.25797330197025,integer optimal solution,0.05225399999972069
0.9,15,2,3,17,OD-ONLY,147.08565959487285,integer optimal solution,0.007599900000059279
0.9,15,2,3,17,OD-FIRST,134.23052005594434,pass1=integer optimal solution|pass2=integer optimal solution,0.04110239999999976
0.9,15,2,3,17,GW-FIRST,144.43163011840792,pass1=integer optimal solution|pass2=integer optimal solution,0.0758680000003551
0.9,15,2,3,18,JOINT,131.2464585045952,integer optimal solution,0.04009470000028159
0.9,15,2,3,18,GW-ONLY,147.124292618312,integer optimal solution,0.04334740000012971
0.9,15,2,3,18,OD-ONLY,141.23914052668223,integer optimal solution,0.0076096000002507935
0.9,15,2,3,18,OD-FIRST,138.60892922447812,pass1=integer optimal solution|pass2=integer optimal solution,0.03780159999996613
0.9,15,2,3,18,GW-FIRST,131.24645850459518,pass1=integer optimal solution|pass2=integer optimal solution,0.05753470000036032
0.9,15,2,3,19,JOINT,131.76211074918848,integer optimal solution,0.041457400000126654
0.9,15,2,3,19,GW-ONLY,139.72704832347807,integer optimal solution,0.045962799999870185
0.9,15,2,3,19,OD-ONLY,136.67013296749997,integer optimal solution,0.005762300000242249
0.9,15,2,3,19,OD-FIRST,132.30735426826988,pass1=integer optimal solution|pass2=integer optimal solution,0.0408158000000185
0.9,15,2,3,19,GW-FIRST,137.11594951163232,pass1=integer optimal solution|pass2=integer optimal solution,0.06793150000021342
0.9,15,2,3,20,JOINT,116.95010643824787,integer optimal solution,0.045287200000075245
0.9,15,2,3,20,GW-ONLY,126.83075537488114,integer optimal solution,0.03303420000020196
0.9,15,2,3,20,OD-ONLY,124.17817464073777,integer optimal solution,0.0037313999996513303
0.9,15,2,3,20,OD-FIRST,119.59354752189248,pass1=integer optimal solution|pass2=integer optimal solution,0.025569200000063574
0.9,15,2,3,20,GW-FIRST,116.95010643824787,pass1=integer optimal solution|pass2=integer optimal solution,0.03743540000004941
0.9,15,2,3,21,JOINT,132.6082715725321,integer optimal solution,0.04255220000004556
0.9,15,2,3,21,GW-ONLY,137.55389522776838,integer optimal solution,0.04366859999981898
0.9,15,2,3,21,OD-ONLY,138.3587663562906,integer optimal solution,0.005497600000126113
0.9,15,2,3,21,OD-FIRST,132.60827157253212,pass1=integer optimal solution|pass2=integer optimal solution,0.04903950000016266
0.9,15,2,3,21,GW-FIRST,137.41261158723879,pass1=integer optimal solution|pass2=integer optimal solution,0.07411759999968126
0.9,15,2,3,22,JOINT,132.94210853237928,integer optimal solution,0.047254399999928864
0.9,15,2,3,22,GW-ONLY,135.47702896089555,integer optimal solution,0.05176050000000032
0.9,15,2,3,22,OD-ONLY,148.50853587207507,integer optimal solution,0.005714499999612599
0.9,15,2,3,22,OD-FIRST,133.31971050880654,pass1=integer optimal solution|pass2=integer optimal solution,0.0523630000002413
0.9,15,2,3,22,GW-FIRST,132.94210853237928,pass1=integer optimal solution|pass2=integer optimal solution,0.06750600000032136
0.9,15,2,3,23,JOINT,128.7523909454398,integer optimal solution,0.040707600000132516
0.9,15,2,3,23,GW-ONLY,142.53312432280444,integer optimal solution,0.040595699999812496
0.9,15,2,3,23,OD-ONLY,136.5866642411055,integer optimal solution,0.005001199999696837
0.9,15,2,3,23,OD-FIRST,128.7523909454398,pass1=integer optimal solution|pass2=integer optimal solution,0.02928680000013628
0.9,15,2,3,23,GW-FIRST,130.64508969421126,pass1=integer optimal solution|pass2=integer optimal solution,0.055990100000144594
0.9,15,2,3,24,JOINT,129.58920358982718,integer optimal solution,0.04334049999988565
0.9,15,2,3,24,GW-ONLY,141.12667431899192,integer optimal solution,0.054129200000261335
0.9,15,2,3,24,OD-ONLY,141.3854557732356,integer optimal solution,0.006237399999918125
0.9,15,2,3,24,OD-FIRST,135.7459228238963,pass1=integer optimal solution|pass2=integer optimal solution,0.04686770000034812
0.9,15,2,3,24,GW-FIRST,136.48686505446648,pass1=integer optimal solution|pass2=integer optimal solution,0.08801910000011048
0.9,15,3,3,0,JOINT,129.7560062322565,integer optimal solution,0.05563209999991159
0.9,15,3,3,0,GW-ONLY,131.4816950356283,integer optimal solution,0.058533599999918806
0.9,15,3,3,0,OD-ONLY,139.40351222803898,integer optimal solution,0.006771800000024086
0.9,15,3,3,0,OD-FIRST,131.3440152279607,pass1=integer optimal solution|pass2=integer optimal solution,0.061944600000060746
0.9,15,3,3,0,GW-FIRST,130.342934336346,pass1=integer optimal solution|pass2=integer optimal solution,0.079783099999986
0.9,15,3,3,1,JOINT,119.78187162400027,integer optimal solution,0.06609919999982594
0.9,15,3,3,1,GW-ONLY,126.87477739689147,integer optimal solution,0.06003069999997024
0.9,15,3,3,1,OD-ONLY,137.3980895592932,integer optimal solution,0.00528100000019549
0.9,15,3,3,1,OD-FIRST,122.45404969415745,pass1=integer optimal solution|pass2=integer optimal solution,0.0399982000003547
0.9,15,3,3,1,GW-FIRST,121.05214631377781,pass1=integer optimal solution|pass2=integer optimal solution,0.09185410000009142
0.9,15,3,3,2,JOINT,122.9840092323041,integer optimal solution,0.06871399999999994
0.9,15,3,3,2,GW-ONLY,145.2365174450038,integer optimal solution,0.09707700000035402
0.9,15,3,3,2,OD-ONLY,130.1840711466221,integer optimal solution,0.00962600000002567
0.9,15,3,3,2,OD-FIRST,122.98400923230412,pass1=integer optimal solution|pass2=integer optimal solution,0.026276799999777722
0.9,15,3,3,2,GW-FIRST,137.14166542140558,pass1=integer optimal solution|pass2=integer optimal solution,0.10567190000028859
0.9,15,3,3,3,JOINT,115.62505642563585,integer optimal solution,0.05612590000009732
0.9,15,3,3,3,GW-ONLY,123.32675626842213,integer optimal solution,0.05159749999984342
0.9,15,3,3,3,OD-ONLY,122.62403852847855,integer optimal solution,0.006303699999989476
0.9,15,3,3,3,OD-FIRST,117.83963031679284,pass1=integer optimal solution|pass2=integer optimal solution,0.03165480000006937
0.9,15,3,3,3,GW-FIRST,117.60357127386058,pass1=integer optimal solution|pass2=integer optimal solution,0.05239290000008623
0.9,15,3,3,4,JOINT,129.35416010192415,integer optimal solution,0.054380699999910576
0.9,15,3,3,4,GW-ONLY,137.37398924456411,integer optimal solution,0.044438999999783846
0.9,15,3,3,4,OD-ONLY,135.55412072485754,integer optimal solution,0.004741199999898527
0.9,15,3,3,4,OD-FIRST,129.35416010192415,pass1=integer optimal solution|pass2=integer optimal solution,0.025882500000079744
0.9,15,3,3,4,GW-FIRST,132.83347124308256,pass1=integer optimal solution|pass2=integer optimal solution,0.08855640000001586
0.9,15,3,3,5,JOINT,111.95967911945803,integer optimal solution,0.060870900000281836
0.9,15,3,3,5,GW-ONLY,129.8241983270212,integer optimal solution,0.07031189999997878
0.9,15,3,3,5,OD-ONLY,125.56953155599251,integer optimal solution,0.005802499999845168
0.9,15,3,3,5,OD-FIRST,111.95967911945802,pass1=integer optimal solution|pass2=integer optimal solution,0.044868899999983114
0.9,15,3,3,5,GW-FIRST,127.04765715678954,pass1=integer optimal solution|pass2=integer optimal solution,0.07393240000010337
0.9,15,3,3,6,JOINT,138.61309898461826,integer optimal solution,0.055563899999924615
0.9,15,3,3,6,GW-ONLY,151.22130619444346,integer optimal solution,0.05278120000002673
0.9,15,3,3,6,OD-ONLY,146.51102257177791,integer optimal solution,0.004880999999841151
0.9,15,3,3,6,OD-FIRST,138.632669536533,pass1=integer optimal solution|pass2=integer optimal solution,0.038074999999935244
0.9,15,3,3,6,GW-FIRST,148.84952902354956,pass1=integer optimal solution|pass2=integer optimal solution,0.07225250000010419
0.9,15,3,3,7,JOINT,121.19675138803355,integer optimal solution,0.04668080000010377
0.9,15,3,3,7,GW-ONLY,134.67536513460482,integer optimal solution,0.04136479999988296
0.9,15,3,3,7,OD-ONLY,130.59645023635943,integer optimal solution,0.004387999999835301
0.9,15,3,3,7,OD-FIRST,121.19675138803355,pass1=integer optimal solution|pass2=integer optimal solution,0.03177740000000995
0.9,15,3,3,7,GW-FIRST,121.19675138803355,pass1=integer optimal solution|pass2=integer optimal solution,0.07124859999976252
0.9,15,3,3,8,JOINT,144.74148985252063,integer optimal solution,0.06876969999984794
0.9,15,3,3,8,GW-ONLY,161.85159059731893,integer optimal solution,0.0650020999996741
0.9,15,3,3,8,OD-ONLY,168.06512217393347,integer optimal solution,0.006769500000245898
0.9,15,3,3,8,OD-FIRST,144.74148985252063,pass1=integer optimal solution|pass2=integer optimal solution,0.05847959999982777
0.9,15,3,3,8,GW-FIRST,151.68737491015798,pass1=integer optimal solution|pass2=integer optimal solution,0.08635959999992338
0.9,15,3,3,9,JOINT,134.23366569681394,integer optimal solution,0.06069200000001729
0.9,15,3,3,9,GW-ONLY,145.1863871890652,integer optimal solution,0.045236299999942275
0.9,15,3,3,9,OD-ONLY,140.15688753525512,integer optimal solution,0.00396920000002865
0.9,15,3,3,9,OD-FIRST,135.57335832787533,pass1=integer optimal solution|pass2=integer optimal solution,0.030878000000029715
0.9,15,3,3,9,GW-FIRST,141.5672714546194,pass1=integer optimal solution|pass2=integer optimal solution,0.06150119999983872
0.9,15,3,3,10,JOINT,135.3435939500202,integer optimal solution,0.04274630000008983
0.9,15,3,3,10,GW-ONLY,135.3435939500202,integer optimal solution,0.0586447999999109
0.9,15,3,3,10,OD-ONLY,145.09307775388547,integer optimal solution,0.006152599999950326
0.9,15,3,3,10,OD-FIRST,140.4926801140966,pass1=integer optimal solution|pass2=integer optimal solution,0.05154080000011163
0.9,15,3,3,10,GW-FIRST,135.34359395002022,pass1=integer optimal solution|pass2=integer optimal solution,0.10626930000034918
0.9,15,3,3,11,JOINT,131.52965264643856,integer optimal solution,0.05396299999983967
0.9,15,3,3,11,GW-ONLY,147.1094022602271,integer optimal solution,0.05585160000009637
0.9,15,3,3,11,OD-ONLY,155.39345955614004,integer optimal solution,0.0064044999999168795
0.9,15,3,3,11,OD-FIRST,135.36717111872355,pass1=integer optimal solution|pass2=integer optimal solution,0.03960619999998016
0.9,15,3,3,11,GW-FIRST,141.0664096654604,pass1=integer optimal solution|pass2=integer optimal solution,0.07394620000013674
0.9,15,3,3,12,JOINT,114.56291710296247,integer optimal solution,0.051468499999828055
0.9,15,3,3,12,GW-ONLY,124.76301901984657,integer optimal solution,0.05290300000024217
0.9,15,3,3,12,OD-ONLY,120.86957402879847,integer optimal solution,0.004919500000141852
0.9,15,3,3,12,OD-FIRST,115.10358060656536,pass1=integer optimal solution|pass2=integer optimal solution,0.031041199999890523
0.9,15,3,3,12,GW-FIRST,124.76301901984657,pass1=integer optimal solution|pass2=integer optimal solution,0.055019200000060664
0.9,15,3,3,13,JOINT,143.1677888568019,integer optimal solution,0.042401300000165065
0.9,15,3,3,13,GW-ONLY,145.8357496323896,integer optimal solution,0.04426190000003771
0.9,15,3,3,13,OD-ONLY,147.21296311354126,integer optimal solution,0.004951899999923626
0.9,15,3,3,13,OD-FIRST,143.1677888568019,pass1=integer optimal solution|pass2=integer optimal solution,0.04725880000023608
0.9,15,3,3,13,GW-FIRST,144.83918548578032,pass1=integer optimal solution|pass2=integer optimal solution,0.08351290000018707
0.9,15,3,3,14,JOINT,131.6547372418502,integer optimal solution,0.04635120000011739
0.9,15,3,3,14,GW-ONLY,148.19345983230167,integer optimal solution,0.08990850000009232
0.9,15,3,3,14,OD-ONLY,141.04047366910046,integer optimal solution,0.00613149999981033
0.9,15,3,3,14,OD-FIRST,131.6547372418502,pass1=integer optimal solution|pass2=integer optimal solution,0.06423390000009022
0.9,15,3,3,14,GW-FIRST,140.3065281393601,pass1=integer optimal solution|pass2=integer optimal solution,0.10450470000023415
0.9,15,3,3,15,JOINT,141.11088124728903,integer optimal solution,0.04346030000033352
0.9,15,3,3,15,GW-ONLY,147.09340001559067,integer optimal solution,0.06318880000026184
0.9,15,3,3,15,OD-ONLY,156.0685170187114,integer optimal solution,0.004660600000079285
0.9,15,3,3,15,OD-FIRST,143.5733745462524,pass1=integer optimal solution|pass2=integer optimal solution,0.043643100000281265
0.9,15,3,3,15,GW-FIRST,144.6574924037945,pass1=integer optimal solution|pass2=integer optimal solution,0.1094812000001184
0.9,15,3,3,16,JOINT,114.46697057183138,integer optimal solution,0.08523289999993722
0.9,15,3,3,16,GW-ONLY,117.39703353603241,integer optimal solution,0.05702590000009877
0.9,15,3,3,16,OD-ONLY,124.95184832613944,integer optimal solution,0.00611529999969207
0.9,15,3,3,16,OD-FIRST,116.25477091381464,pass1=integer optimal solution|pass2=integer optimal solution,0.04293289999986882
0.9,15,3,3,16,GW-FIRST,116.41815039101274,pass1=integer optimal solution|pass2=integer optimal solution,0.11967219999996814
0.9,15,3,3,17,JOINT,132.00358788332898,integer optimal solution,0.06034739999995509
0.9,15,3,3,17,GW-ONLY,143.42251947446246,integer optimal solution,0.04518529999995735
0.9,15,3,3,17,OD-ONLY,140.90204337137504,integer optimal solution,0.004629999999906431
0.9,15,3,3,17,OD-FIRST,134.38905956324314,pass1=integer optimal solution|pass2=integer optimal solution,0.029393800000434567
0.9,15,3,3,17,GW-FIRST,136.00246574151151,pass1=integer optimal solution|pass2=integer optimal solution,0.08949480000001131
0.9,15,3,3,18,JOINT,140.77148591474452,integer optimal solution,0.06363729999975476
0.9,15,3,3,18,GW-ONLY,152.85532909765945,integer optimal solution,0.04824220000000423
0.9,15,3,3,18,OD-ONLY,157.74643271471587,integer optimal solution,0.005021099999794387
0.9,15,3,3,18,OD-FIRST,141.6080832666376,pass1=integer optimal solution|pass2=integer optimal solution,0.04277380000030462
0.9,15,3,3,18,GW-FIRST,152.33175497576735,pass1=integer optimal solution|pass2=integer optimal solution,0.06507959999999002
0.9,15,3,3,19,JOINT,138.64421446920642,integer optimal solution,0.05152600000019447
0.9,15,3,3,19,GW-ONLY,155.57328181585223,integer optimal solution,0.04162929999984044
0.9,15,3,3,19,OD-ONLY,157.18457432567376,integer optimal solution,0.004358700000011595
0.9,15,3,3,19,OD-FIRST,138.64421446920642,pass1=integer optimal solution|pass2=integer optimal solution,0.02649180000025808
0.9,15,3,3,19,GW-FIRST,145.5117577395118,pass1=integer optimal solution|pass2=integer optimal solution,0.07055549999995492
0.9,15,3,3,20,JOINT,126.8243060345273,integer optimal solution,0.10381409999990865
0.9,15,3,3,20,GW-ONLY,142.95872818115782,integer optimal solution,0.06302460000006249
0.9,15,3,3,20,OD-ONLY,136.8129862766686,integer optimal solution,0.004628299999694718
0.9,15,3,3,20,OD-FIRST,127.16915753806856,pass1=integer optimal solution|pass2=integer optimal solution,0.03287349999982325
0.9,15,3,3,20,GW-FIRST,132.54691262554337,pass1=integer optimal solution|pass2=integer optimal solution,0.08278820000032283
0.9,15,3,3,21,JOINT,113.06590806282338,integer optimal solution,0.06696169999986523
0.9,15,3,3,21,GW-ONLY,121.45392914766914,integer optimal solution,0.04342900000028749
0.9,15,3,3,21,OD-ONLY,119.509700242326,integer optimal solution,0.005652899999859073
0.9,15,3,3,21,OD-FIRST,113.0659080628234,pass1=integer optimal solution|pass2=integer optimal solution,0.030253299999912997
0.9,15,3,3,21,GW-FIRST,113.29884805247937,pass1=integer optimal solution|pass2=integer optimal solution,0.10077769999998054
0.9,15,3,3,22,JOINT,129.05642556041371,integer optimal solution,0.05581299999994371
0.9,15,3,3,22,GW-ONLY,131.37095400037953,integer optimal solution,0.05369569999993473
0.9,15,3,3,22,OD-ONLY,146.145434835736,integer optimal solution,0.004406600000038452
0.9,15,3,3,22,OD-FIRST,129.0564255604137,pass1=integer optimal solution|pass2=integer optimal solution,0.029891700000007404
0.9,15,3,3,22,GW-FIRST,130.34650089946103,pass1=integer optimal solution|pass2=integer optimal solution,0.05950279999979102
0.9,15,3,3,23,JOINT,122.04261553686413,integer optimal solution,0.054471599999942555
0.9,15,3,3,23,GW-ONLY,132.20063192305108,integer optimal solution,0.043321499999819935
0.9,15,3,3,23,OD-ONLY,132.01647362914247,integer optimal solution,0.004443199999968783
0.9,15,3,3,23,OD-FIRST,122.04261553686415,pass1=integer optimal solution|pass2=integer optimal solution,0.03593750000027285
0.9,15,3,3,23,GW-FIRST,124.18891911029439,pass1=integer optimal solution|pass2=integer optimal solution,0.06406319999996413
0.9,15,3,3,24,JOINT,144.40294907254977,integer optimal solution,0.05756250000013097
0.9,15,3,3,24,GW-ONLY,160.02874099459703,integer optimal solution,0.03985519999969256
0.9,15,3,3,24,OD-ONLY,154.6418942306778,integer optimal solution,0.004237999999986641
0.9,15,3,3,24,OD-FIRST,144.42908207799036,pass1=integer optimal solution|pass2=integer optimal solution,0.04277249999995547
0.9,15,3,3,24,GW-FIRST,148.92404772186154,pass1=integer optimal solution|pass2=integer optimal solution,0.09290180000016335
0.9,20,2,2,0,JOINT,154.9798734023494,integer optimal solution,0.11365129999967394
0.9,20,2,2,0,GW-ONLY,168.8837175454842,integer optimal solution,0.08992100000023129
0.9,20,2,2,0,OD-ONLY,162.7866846070104,integer optimal solution,0.007672300000194809
0.9,20,2,2,0,OD-FIRST,154.9798734023494,pass1=integer optimal solution|pass2=integer optimal solution,0.04460789999984627
0.9,20,2,2,0,GW-FIRST,156.63590381342942,pass1=integer optimal solution|pass2=integer optimal solution,0.08880240000007689
0.9,20,2,2,1,JOINT,166.27507476846458,integer optimal solution,0.0644600000000537
0.9,20,2,2,1,GW-ONLY,176.4930297071018,integer optimal solution,0.06849579999970956
0.9,20,2,2,1,OD-ONLY,176.50419076322356,integer optimal solution,0.006805900000017573
0.9,20,2,2,1,OD-FIRST,168.27932672318576,pass1=integer optimal solution|pass2=integer optimal solution,0.04760139999962121
0.9,20,2,2,1,GW-FIRST,166.27507476846458,pass1=integer optimal solution|pass2=integer optimal solution,0.11254310000003898
0.9,20,2,2,2,JOINT,161.77654016605095,integer optimal solution,0.09103510000022652
0.9,20,2,2,2,GW-ONLY,170.23664823408242,integer optimal solution,0.07222849999971004
0.9,20,2,2,2,OD-ONLY,175.3001833209448,integer optimal solution,0.005080999999790947
0.9,20,2,2,2,OD-FIRST,161.77654016605095,pass1=integer optimal solution|pass2=integer optimal solution,0.042259399999693414
0.9,20,2,2,2,GW-FIRST,166.15629530039337,pass1=integer optimal solution|pass2=integer optimal solution,0.11944270000003598
0.9,20,2,2,3,JOINT,188.04323454029145,integer optimal solution,0.07818279999992228
0.9,20,2,2,3,GW-ONLY,214.56371464256551,integer optimal solution,0.08238530000016908
0.9,20,2,2,3,OD-ONLY,207.80633899742082,integer optimal solution,0.00987379999969562
0.9,20,2,2,3,OD-FIRST,188.04323454029148,pass1=integer optimal solution|pass2=integer optimal solution,0.05093649999980698
0.9,20,2,2,3,GW-FIRST,196.23084215452025,pass1=integer optimal solution|pass2=integer optimal solution,0.1032826999999088
0.9,20,2,2,4,JOINT,187.02296984795714,integer optimal solution,0.11230499999965105
0.9,20,2,2,4,GW-ONLY,210.28970864946317,integer optimal solution,0.11088079999990441
0.9,20,2,2,4,OD-ONLY,223.62157663904236,integer optimal solution,0.007097000000158005
0.9,20,2,2,4,OD-FIRST,188.5394289195919,pass1=integer optimal solution|pass2=integer optimal solution,0.05123430000003282
0.9,20,2,2,4,GW-FIRST,190.41641119747453,pass1=integer optimal solution|pass2=integer optimal solution,0.10328500000014174
0.9,20,2,2,5,JOINT,204.18567821895127,integer optimal solution,0.08277559999987716
0.9,20,2,2,5,GW-ONLY,220.61788350186472,integer optimal solution,0.06569880000006378
0.9,20,2,2,5,OD-ONLY,234.10011301579829,integer optimal solution,0.005546099999719445
0.9,20,2,2,5,OD-FIRST,204.18567821895127,pass1=integer optimal solution|pass2=integer optimal solution,0.04347310000002835
0.9,20,2,2,5,GW-FIRST,207.87227537717564,pass1=integer optimal solution|pass2=integer optimal solution,0.12218840000014097
0.9,20,2,2,6,JOINT,186.04056808995324,integer optimal solution,0.07347819999995409
0.9,20,2,2,6,GW-ONLY,195.753080176151,integer optimal solution,0.0877000999998927
0.9,20,2,2,6,OD-ONLY,195.2138611253493,integer optimal solution,0.008389900000111084
0.9,20,2,2,6,OD-FIRST,186.04056808995327,pass1=integer optimal solution|pass2=integer optimal solution,0.081478000000061
0.9,20,2,2,6,GW-FIRST,190.00635600568722,pass1=integer optimal solution|pass2=integer optimal solution,0.14679729999988922
0.9,20,2,2,7,JOINT,177.89597530065834,integer optimal solution,0.09897670000009384
0.9,20,2,2,7,GW-ONLY,193.67251082535665,integer optimal solution,0.09711569999990388
0.9,20,2,2,7,OD-ONLY,191.79899552113602,integer optimal solution,0.007987799999682466
0.9,20,2,2,7,OD-FIRST,178.6337658162616,pass1=integer optimal solution|pass2=integer optimal solution,0.05065520000016477
0.9,20,2,2,7,GW-FIRST,177.89597530065834,pass1=integer optimal solution|pass2=integer optimal solution,0.09268939999992654
0.9,20,2,2,8,JOINT,198.4550272347669,integer optimal solution,0.11000849999982165
0.9,20,2,2,8,GW-ONLY,211.56863359009162,integer optimal solution,0.07021290000011504
0.9,20,2,2,8,OD-ONLY,206.8922158524098,integer optimal solution,0.006381799999871873
0.9,20,2,2,8,OD-FIRST,198.57510516642225,pass1=integer optimal solution|pass2=integer optimal solution,0.04233680000015738
0.9,20,2,2,8,GW-FIRST,206.66445518955982,pass1=integer optimal solution|pass2=integer optimal solution,0.10988140000017665
0.9,20,2,2,9,JOINT,178.46519400266934,integer optimal solution,0.1278298000001996
0.9,20,2,2,9,GW-ONLY,203.2545884117705,integer optimal solution,0.11506809999991674
0.9,20,2,2,9,OD-ONLY,212.90991528683242,integer optimal solution,0.009191200000259414
0.9,20,2,2,9,OD-FIRST,186.97083629824556,pass1=integer optimal solution|pass2=integer optimal solution,0.08378300000003946
0.9,20,2,2,9,GW-FIRST,190.49604441368484,pass1=integer optimal solution|pass2=integer optimal solution,0.1730001999999331
0.9,20,2,2,10,JOINT,198.1176723728641,integer optimal solution,0.08500789999970948
0.9,20,2,2,10,GW-ONLY,206.53065060244643,integer optimal solution,0.06820059999972727
0.9,20,2,2,10,OD-ONLY,218.20668345242723,integer optimal solution,0.005024100000355247
0.9,20,2,2,10,OD-FIRST,198.1176723728641,pass1=integer optimal solution|pass2=integer optimal solution,0.06315059999997175
0.9,20,2,2,10,GW-FIRST,206.53065060244643,pass1=integer optimal solution|pass2=integer optimal solution,0.09084200000006604
0.9,20,2,2,11,JOINT,215.38826647740393,integer optimal solution,0.10331089999999676
0.9,20,2,2,11,GW-ONLY,235.15476313791703,integer optimal solution,0.09892840000020442
0.9,20,2,2,11,OD-ONLY,246.75539897279208,integer optimal solution,0.005540499999824533
0.9,20,2,2,11,OD-FIRST,217.15986554088937,pass1=integer optimal solution|pass2=integer optimal solution,0.05184090000011565
0.9,20,2,2,11,GW-FIRST,221.41255978077984,pass1=integer optimal solution|pass2=integer optimal solution,0.10563039999988177
0.9,20,2,2,12,JOINT,188.3634992600118,integer optimal solution,0.06505419999984952
0.9,20,2,2,12,GW-ONLY,197.04506307264109,integer optimal solution,0.09750929999972868
0.9,20,2,2,12,OD-ONLY,206.55468905071206,integer optimal solution,0.00797999999986132
0.9,20,2,2,12,OD-FIRST,188.3634992600118,pass1=integer optimal solution|pass2=integer optimal solution,0.06335459999991144
0.9,20,2,2,12,GW-FIRST,192.22016473332155,pass1=integer optimal solution|pass2=integer optimal solution,0.10495300000002317
0.9,20,2,2,13,JOINT,174.59062480431623,integer optimal solution,0.12393909999991592
0.9,20,2,2,13,GW-ONLY,186.3088841493043,integer optimal solution,0.08454530000017257
0.9,20,2,2,13,OD-ONLY,184.77831843367733,integer optimal solution,0.005662500000198634
0.9,20,2,2,13,OD-FIRST,174.59062480431623,pass1=integer optimal solution|pass2=integer optimal solution,0.042760099999668455
0.9,20,2,2,13,GW-FIRST,181.17816002858774,pass1=integer optimal solution|pass2=integer optimal solution,0.09969989999990503
0.9,20,2,2,14,JOINT,195.28342999460597,integer optimal solution,0.08561050000025716
0.9,20,2,2,14,GW-ONLY,209.30599113983962,integer optimal solution,0.09378470000001471
0.9,20,2,2,14,OD-ONLY,222.77428255120742,integer optimal solution,0.006538699999964592
0.9,20,2,2,14,OD-FIRST,196.98546314277866,pass1=integer optimal solution|pass2=integer optimal solution,0.04967080000005808
0.9,20,2,2,14,GW-FIRST,199.42881767456683,pass1=integer optimal solution|pass2=integer optimal solution,0.09545500000012908
0.9,20,2,2,15,JOINT,181.4111782998404,integer optimal solution,0.09970000000021173
0.9,20,2,2,15,GW-ONLY,201.53597233145172,integer optimal solution,0.1344861000002311
0.9,20,2,2,15,OD-ONLY,213.88733436129237,integer optimal solution,0.007739399999991292
0.9,20,2,2,15,OD-FIRST,181.41117829984043,pass1=integer optimal solution|pass2=integer optimal solution,0.07060599999977057
0.9,20,2,2,15,GW-FIRST,185.37942195551727,pass1=integer optimal solution|pass2=integer optimal solution,0.17410130000007484
0.9,20,2,2,16,JOINT,174.87840744997382,integer optimal solution,0.09474219999992783
0.9,20,2,2,16,GW-ONLY,178.99660331115848,integer optimal solution,0.09186520000002929
0.9,20,2,2,16,OD-ONLY,182.45069092679375,integer optimal solution,0.00689360000023953
0.9,20,2,2,16,OD-FIRST,179.2198885921784,pass1=integer optimal solution|pass2=integer optimal solution,0.0657389999996667
0.9,20,2,2,16,GW-FIRST,174.87840744997385,pass1=integer optimal solution|pass2=integer optimal solution,0.14460779999990336
0.9,20,2,2,17,JOINT,215.3695121224601,integer optimal solution,0.12106760000006034
0.9,20,2,2,17,GW-ONLY,232.2838310980682,integer optimal solution,0.12672299999985626
0.9,20,2,2,17,OD-ONLY,241.8491167816627,integer optimal solution,0.009471899999880407
0.9,20,2,2,17,OD-FIRST,215.3695121224601,pass1=integer optimal solution|pass2=integer optimal solution,0.0828681000002689
0.9,20,2,2,17,GW-FIRST,217.05943762705263,pass1=integer optimal solution|pass2=integer optimal solution,0.1414689000002909
0.9,20,2,2,18,JOINT,184.2210446065473,integer optimal solution,0.09223019999990356
0.9,20,2,2,18,GW-ONLY,187.3891818974439,integer optimal solution,0.07790909999994255
0.9,20,2,2,18,OD-ONLY,198.75510775056694,integer optimal solution,0.00723729999981515
0.9,20,2,2,18,OD-FIRST,184.73945717283624,pass1=integer optimal solution|pass2=integer optimal solution,0.0685169000003043
0.9,20,2,2,18,GW-FIRST,184.2210446065473,pass1=integer optimal solution|pass2=integer optimal solution,0.10235469999997804
0.9,20,2,2,19,JOINT,180.30773036379304,integer optimal solution,0.10767089999990276
0.9,20,2,2,19,GW-ONLY,180.49795593966024,integer optimal solution,0.10946049999984098
0.9,20,2,2,19,OD-ONLY,190.17324228571553,integer optimal solution,0.005927300000166724
0.9,20,2,2,19,OD-FIRST,181.56165016121952,pass1=integer optimal solution|pass2=integer optimal solution,0.07767710000007355
0.9,20,2,2,19,GW-FIRST,180.30773036379304,pass1=integer optimal solution|pass2=integer optimal solution,0.13885730000038166
0.9,20,2,2,20,JOINT,176.95284173924628,integer optimal solution,0.08418099999971673
0.9,20,2,2,20,GW-ONLY,197.54250881970495,integer optimal solution,0.08903959999997824
0.9,20,2,2,20,OD-ONLY,184.14915607029917,integer optimal solution,0.012500599999839324
0.9,20,2,2,20,OD-FIRST,176.95284173924628,pass1=integer optimal solution|pass2=integer optimal solution,0.07968209999989995
0.9,20,2,2,20,GW-FIRST,181.47031599421274,pass1=integer optimal solution|pass2=integer optimal solution,0.11443889999964085
0.9,20,2,2,21,JOINT,189.36461191841718,integer optimal solution,0.10112030000027517
0.9,20,2,2,21,GW-ONLY,206.79916436545074,integer optimal solution,0.08556050000015603
0.9,20,2,2,21,OD-ONLY,207.52857751941414,integer optimal solution,0.007388999999875523
0.9,20,2,2,21,OD-FIRST,192.91109196439237,pass1=integer optimal solution|pass2=integer optimal solution,0.08903449999979784
0.9,20,2,2,21,GW-FIRST,189.36461191841718,pass1=integer optimal solution|pass2=integer optimal solution,0.16977749999978187
0.9,20,2,2,22,JOINT,186.79046699016988,integer optimal solution,0.12790650000033565
0.9,20,2,2,22,GW-ONLY,209.20080306202345,integer optimal solution,0.11255110000001878
0.9,20,2,2,22,OD-ONLY,217.38482692128125,integer optimal solution,0.006898500000261265
0.9,20,2,2,22,OD-FIRST,186.79046699016985,pass1=integer optimal solution|pass2=integer optimal solution,0.07795050000004267
0.9,20,2,2,22,GW-FIRST,195.3425000768442,pass1=integer optimal solution|pass2=integer optimal solution,0.1600564000000304
0.9,20,2,2,23,JOINT,173.66478262273142,integer optimal solution,0.12755180000021937
0.9,20,2,2,23,GW-ONLY,180.91343233546735,integer optimal solution,0.1115420000000995
0.9,20,2,2,23,OD-ONLY,186.04514708383675,integer optimal solution,0.008970299999873532
0.9,20,2,2,23,OD-FIRST,173.66478262273145,pass1=integer optimal solution|pass2=integer optimal solution,0.06750910000027943
0.9,20,2,2,23,GW-FIRST,177.57947074064646,pass1=integer optimal solution|pass2=integer optimal solution,0.13686150000012276
0.9,20,2,2,24,JOINT,202.14635554312895,integer optimal solution,0.08326010000018869
0.9,20,2,2,24,GW-ONLY,234.36123505450792,integer optimal solution,0.0810660000001917
0.9,20,2,2,24,OD-ONLY,229.4121416129603,integer optimal solution,0.006009799999901588
0.9,20,2,2,24,OD-FIRST,202.71478724746595,pass1=integer optimal solution|pass2=integer optimal solution,0.04843159999973068
0.9,20,2,2,24,GW-FIRST,207.73393879293874,pass1=integer optimal solution|pass2=integer optimal solution,0.13023169999996753
0.9,20,3,2,0,JOINT,181.04843555557062,integer optimal solution,0.1418679999997039
0.9,20,3,2,0,GW-ONLY,192.23258480258642,integer optimal solution,0.16534090000004653
0.9,20,3,2,0,OD-ONLY,199.68096964786213,integer optimal solution,0.008161499999914668
0.9,20,3,2,0,OD-FIRST,181.0484355555706,pass1=integer optimal solution|pass2=integer optimal solution,0.10537149999981921
0.9,20,3,2,0,GW-FIRST,185.2996080732251,pass1=integer optimal solution|pass2=integer optimal solution,0.23808039999994435
0.9,20,3,2,1,JOINT,172.26281996867706,integer optimal solution,0.16666140000006635
0.9,20,3,2,1,GW-ONLY,182.7479835946052,integer optimal solution,0.13912189999973634
0.9,20,3,2,1,OD-ONLY,189.9297888341516,integer optimal solution,0.005865800000265153
0.9,20,3,2,1,OD-FIRST,172.26281996867706,pass1=integer optimal solution|pass2=integer optimal solution,0.06533760000002076
0.9,20,3,2,1,GW-FIRST,180.45856601072512,pass1=integer optimal solution|pass2=integer optimal solution,0.19701500000019223
0.9,20,3,2,2,JOINT,173.25605164509355,integer optimal solution,0.18961039999976492
0.9,20,3,2,2,GW-ONLY,187.41347540738263,integer optimal solution,0.14645819999986998
0.9,20,3,2,2,OD-ONLY,216.90695437113501,integer optimal solution,0.010416099999929429
0.9,20,3,2,2,OD-FIRST,180.10501975818036,pass1=integer optimal solution|pass2=integer optimal solution,0.10638999999991938
0.9,20,3,2,2,GW-FIRST,174.29109321943554,pass1=integer optimal solution|pass2=integer optimal solution,0.22677199999998265
0.9,20,3,2,3,JOINT,173.27479972390006,integer optimal solution,0.14679309999974066
0.9,20,3,2,3,GW-ONLY,181.31506130660864,integer optimal solution,0.1393794999999045
0.9,20,3,2,3,OD-ONLY,187.45112897942244,integer optimal solution,0.008801199999652454
0.9,20,3,2,3,OD-FIRST,173.27479972390006,pass1=integer optimal solution|pass2=integer optimal solution,0.07443190000003597
0.9,20,3,2,3,GW-FIRST,173.38601126414008,pass1=integer optimal solution|pass2=integer optimal solution,0.17891340000005584
0.9,20,3,2,4,JOINT,163.19504740064752,integer optimal solution,0.1342042000001129
0.9,20,3,2,4,GW-ONLY,183.16290305016963,integer optimal solution,0.1635694000001422
0.9,20,3,2,4,OD-ONLY,179.35195429366425,integer optimal solution,0.008909200000289275
0.9,20,3,2,4,OD-FIRST,163.19504740064752,pass1=integer optimal solution|pass2=integer optimal solution,0.08828160000030039
0.9,20,3,2,4,GW-FIRST,166.85809303859043,pass1=integer optimal solution|pass2=integer optimal solution,0.22271999999975378
0.9,20,3,2,5,JOINT,187.58405342222412,integer optimal solution,0.1622019999999793
0.9,20,3,2,5,GW-ONLY,211.14971727905564,integer optimal solution,0.17811500000016167
0.9,20,3,2,5,OD-ONLY,215.84577627149724,integer optimal solution,0.010708799999974872
0.9,20,3,2,5,OD-FIRST,189.495511213659,pass1=integer optimal solution|pass2=integer optimal solution,0.1024400000001151
0.9,20,3,2,5,GW-FIRST,197.80871911527743,pass1=integer optimal solution|pass2=integer optimal solution,0.25170600000001286
0.9,20,3,2,6,JOINT,167.98019021976313,integer optimal solution,0.18916440000020884
0.9,20,3,2,6,GW-ONLY,177.40462479743036,integer optimal solution,0.2086765999997624
0.9,20,3,2,6,OD-ONLY,181.0601252196745,integer optimal solution,0.00781360000019049
0.9,20,3,2,6,OD-FIRST,167.98019021976313,pass1=integer optimal solution|pass2=integer optimal solution,0.10822039999993649
0.9,20,3,2,6,GW-FIRST,173.97505874505867,pass1=integer optimal solution|pass2=integer optimal solution,0.22532639999963067
0.9,20,3,2,7,JOINT,181.72817609533425,integer optimal solution,0.1239436000000751
0.9,20,3,2,7,GW-ONLY,189.38024292340532,integer optimal solution,0.15513099999998303
0.9,20,3,2,7,OD-ONLY,201.4657757330874,integer optimal solution,0.008395800000016607
0.9,20,3,2,7,OD-FIRST,190.00466348823423,pass1=integer optimal solution|pass2=integer optimal solution,0.1343432999997276
0.9,20,3,2,7,GW-FIRST,181.72817609533425,pass1=integer optimal solution|pass2=integer optimal solution,0.2314550999999483
0.9,20,3,2,8,JOINT,163.32397112444139,integer optimal solution,0.19204889999991792
0.9,20,3,2,8,GW-ONLY,183.75143236843735,integer optimal solution,0.14073929999995016
0.9,20,3,2,8,OD-ONLY,186.9673429364089,integer optimal solution,0.012151100000210135
0.9,20,3,2,8,OD-FIRST,163.32397112444139,pass1=integer optimal solution|pass2=integer optimal solution,0.11533980000012889
0.9,20,3,2,8,GW-FIRST,163.32397112444139,pass1=integer optimal solution|pass2=integer optimal solution,0.17937280000023748
0.9,20,3,2,9,JOINT,147.23937206440814,integer optimal solution,0.15547800000013012
0.9,20,3,2,9,GW-ONLY,155.4376314274517,integer optimal solution,0.17301140000017767
0.9,20,3,2,9,OD-ONLY,159.23359200259324,integer optimal solution,0.008447000000160187
0.9,20,3,2,9,OD-FIRST,147.8195945354961,pass1=integer optimal solution|pass2=integer optimal solution,0.09913470000037705
0.9,20,3,2,9,GW-FIRST,150.84782495111043,pass1=integer optimal solution|pass2=integer optimal solution,0.1893278000002283
0.9,20,3,2,10,JOINT,189.4994673156247,integer optimal solution,0.14322969999966517
0.9,20,3,2,10,GW-ONLY,201.60343942822448,integer optimal solution,0.15091190000021015
0.9,20,3,2,10,OD-ONLY,206.29960732592968,integer optimal solution,0.008177300000170362
0.9,20,3,2,10,OD-FIRST,192.40707181012894,pass1=integer optimal solution|pass2=integer optimal solution,0.0688347000000249
0.9,20,3,2,10,GW-FIRST,189.49946731562474,pass1=integer optimal solution|pass2=integer optimal solution,0.20748690000027636
0.9,20,3,2,11,JOINT,184.75150665595487,integer optimal solution,0.18720400000029258
0.9,20,3,2,11,GW-ONLY,203.4225204754678,integer optimal solution,0.1528733000000102
0.9,20,3,2,11,OD-ONLY,193.09237517781563,integer optimal solution,0.011082400000304915
0.9,20,3,2,11,OD-FIRST,189.0487896078762,pass1=integer optimal solution|pass2=integer optimal solution,0.09922310000001744
0.9,20,3,2,11,GW-FIRST,191.67590728230317,pass1=integer optimal solution|pass2=integer optimal solution,0.17419569999992746
0.9,20,3,2,12,JOINT,194.1763981716776,integer optimal solution,0.1334737000001951
0.9,20,3,2,12,GW-ONLY,199.72544839211426,integer optimal solution,0.1382290000001376
0.9,20,3,2,12,OD-ONLY,214.00481284556898,integer optimal solution,0.00546570000005886
0.9,20,3,2,12,OD-FIRST,194.8062084377898,pass1=integer optimal solution|pass2=integer optimal solution,0.07040409999990516
0.9,20,3,2,12,GW-FIRST,194.17639817167756,pass1=integer optimal solution|pass2=integer optimal solution,0.2046144999999342
0.9,20,3,2,13,JOINT,171.36357033659027,integer optimal solution,0.1721306000004006
0.9,20,3,2,13,GW-ONLY,186.30302524118403,integer optimal solution,0.12233400000013717
0.9,20,3,2,13,OD-ONLY,186.2724732692348,integer optimal solution,0.008967499999926076
0.9,20,3,2,13,OD-FIRST,171.36357033659027,pass1=integer optimal solution|pass2=integer optimal solution,0.10928909999984171
0.9,20,3,2,13,GW-FIRST,178.60967672355247,pass1=integer optimal solution|pass2=integer optimal solution,0.20195030000013503
0.9,20,3,2,14,JOINT,193.29702729898708,integer optimal solution,0.11641449999979159
0.9,20,3,2,14,GW-ONLY,206.81319161780215,integer optimal solution,0.09709060000022873
0.9,20,3,2,14,OD-ONLY,238.1075632845713,integer optimal solution,0.005789199999981065
0.9,20,3,2,14,OD-FIRST,193.29702729898708,pass1=integer optimal solution|pass2=integer optimal solution,0.09353909999981624
0.9,20,3,2,14,GW-FIRST,203.31156237716255,pass1=integer optimal solution|pass2=integer optimal solution,0.15356920000022
0.9,20,3,2,15,JOINT,191.53060009003215,integer optimal solution,0.17435779999959777
0.9,20,3,2,15,GW-ONLY,209.1067252483121,integer optimal solution,0.1788699999997334
0.9,20,3,2,15,OD-ONLY,219.50137020048982,integer optimal solution,0.011878299999807496
0.9,20,3,2,15,OD-FIRST,191.53060009003212,pass1=integer optimal solution|pass2=integer optimal solution,0.13721450000002733
0.9,20,3,2,15,GW-FIRST,201.5544961130992,pass1=integer optimal solution|pass2=integer optimal solution,0.2205188999996608
0.9,20,3,2,16,JOINT,182.85423426704637,integer optimal solution,0.15247920000001614
0.9,20,3,2,16,GW-ONLY,206.56042581318167,integer optimal solution,0.15429429999994682
0.9,20,3,2,16,OD-ONLY,204.7032162636222,integer optimal solution,0.01505829999996422
0.9,20,3,2,16,OD-FIRST,184.00765071340857,pass1=integer optimal solution|pass2=integer optimal solution,0.10797210000009727
0.9,20,3,2,16,GW-FIRST,191.26621584778925,pass1=integer optimal solution|pass2=integer optimal solution,0.20526079999990543
0.9,20,3,2,17,JOINT,189.6311828022554,integer optimal solution,0.1740288999999393
0.9,20,3,2,17,GW-ONLY,198.15600271330612,integer optimal solution,0.14125000000012733
0.9,20,3,2,17,OD-ONLY,210.05564141741422,integer optimal solution,0.005649100000027829
0.9,20,3,2,17,OD-FIRST,189.6311828022554,pass1=integer optimal solution|pass2=integer optimal solution,0.07846789999985049
0.9,20,3,2,17,GW-FIRST,190.13483471627964,pass1=integer optimal solution|pass2=integer optimal solution,0.1904365999998845
0.9,20,3,2,18,JOINT,186.9309530468561,integer optimal solution,0.1495759999997972
0.9,20,3,2,18,GW-ONLY,209.09635025908008,integer optimal solution,0.12547529999983453
0.9,20,3,2,18,OD-ONLY,213.49544620941825,integer optimal solution,0.00917780000008861
0.9,20,3,2,18,OD-FIRST,189.82156132301822,pass1=integer optimal solution|pass2=integer optimal solution,0.08105199999999968
0.9,20,3,2,18,GW-FIRST,196.10440246004595,pass1=integer optimal solution|pass2=integer optimal solution,0.18194129999983488
0.9,20,3,2,19,JOINT,143.1991235439775,integer optimal solution,0.20862020000004122
0.9,20,3,2,19,GW-ONLY,152.1004364479976,integer optimal solution,0.11600960000032501
0.9,20,3,2,19,OD-ONLY,159.25762456983296,integer optimal solution,0.007305999999971391
0.9,20,3,2,19,OD-FIRST,143.30711655287737,pass1=integer optimal solution|pass2=integer optimal solution,0.06967929999973421
0.9,20,3,2,19,GW-FIRST,147.87833340431428,pass1=integer optimal solution|pass2=integer optimal solution,0.16893300000037925
0.9,20,3,2,20,JOINT,161.1971089634845,integer optimal solution,0.13430419999986043
0.9,20,3,2,20,GW-ONLY,173.80767197966264,integer optimal solution,0.1276729000001069
0.9,20,3,2,20,OD-ONLY,193.8806247655925,integer optimal solution,0.007200800000191521
0.9,20,3,2,20,OD-FIRST,162.51816373837835,pass1=integer optimal solution|pass2=integer optimal solution,0.08253819999981715
0.9,20,3,2,20,GW-FIRST,165.86843650661575,pass1=integer optimal solution|pass2=integer optimal solution,0.20305839999991804
0.9,20,3,2,21,JOINT,179.03377296194492,integer optimal solution,0.12015179999980319
0.9,20,3,2,21,GW-ONLY,194.8915633570955,integer optimal solution,0.17137400000001435
0.9,20,3,2,21,OD-ONLY,211.3866486979657,integer optimal solution,0.0060765000002902525
0.9,20,3,2,21,OD-FIRST,179.03377296194492,pass1=integer optimal solution|pass2=integer optimal solution,0.0932687999998052
0.9,20,3,2,21,GW-FIRST,183.85241964849263,pass1=integer optimal solution|pass2=integer optimal solution,0.2851135000000795
0.9,20,3,2,22,JOINT,173.7327050483632,integer optimal solution,0.11218189999999595
0.9,20,3,2,22,GW-ONLY,180.9233478924539,integer optimal solution,0.167790800000148
0.9,20,3,2,22,OD-ONLY,190.43118051102883,integer optimal solution,0.015405900000132533
0.9,20,3,2,22,OD-FIRST,175.9836006785889,pass1=integer optimal solution|pass2=integer optimal solution,0.06857099999979255
0.9,20,3,2,22,GW-FIRST,178.1494608251657,pass1=integer optimal solution|pass2=integer optimal solution,0.17932359999986147
0.9,20,3,2,23,JOINT,171.87453195100716,integer optimal solution,0.13459539999985282
0.9,20,3,2,23,GW-ONLY,188.15699011016048,integer optimal solution,0.15426159999969968
0.9,20,3,2,23,OD-ONLY,214.9394289178776,integer optimal solution,0.006812000000081753
0.9,20,3,2,23,OD-FIRST,171.87453195100719,pass1=integer optimal solution|pass2=integer optimal solution,0.06148669999993217
0.9,20,3,2,23,GW-FIRST,176.23043675953733,pass1=integer optimal solution|pass2=integer optimal solution,0.19358499999998457
0.9,20,3,2,24,JOINT,179.3690714484414,integer optimal solution,0.13798980000001393
0.9,20,3,2,24,GW-ONLY,197.49192368337046,integer optimal solution,0.10859909999999218
0.9,20,3,2,24,OD-ONLY,224.00420517621922,integer optimal solution,0.0064353000002483896
0.9,20,3,2,24,OD-FIRST,179.36907144844136,pass1=integer optimal solution|pass2=integer optimal solution,0.09238529999993261
0.9,20,3,2,24,GW-FIRST,189.0658236895432,pass1=integer optimal solution|pass2=integer optimal solution,0.18670649999967281
0.9,20,2,3,0,JOINT,165.57255513379658,integer optimal solution,0.11251440000023649
0.9,20,2,3,0,GW-ONLY,182.57984572469482,integer optimal solution,0.10025010000026668
0.9,20,2,3,0,OD-ONLY,177.90594125748365,integer optimal solution,0.007160799999837764
0.9,20,2,3,0,OD-FIRST,165.5725551337966,pass1=integer optimal solution|pass2=integer optimal solution,0.046854700000039884
0.9,20,2,3,0,GW-FIRST,165.78424988629686,pass1=integer optimal solution|pass2=integer optimal solution,0.1244422000004306
0.9,20,2,3,1,JOINT,183.59780239258777,integer optimal solution,0.11451630000010482
0.9,20,2,3,1,GW-ONLY,200.84507109685148,integer optimal solution,0.12897139999995488
0.9,20,2,3,1,OD-ONLY,207.62969635237744,integer optimal solution,0.005769400000190217
0.9,20,2,3,1,OD-FIRST,183.59780239258777,pass1=integer optimal solution|pass2=integer optimal solution,0.04031329999997979
0.9,20,2,3,1,GW-FIRST,184.84194906677666,pass1=integer optimal solution|pass2=integer optimal solution,0.10810089999995398
0.9,20,2,3,2,JOINT,169.49255914196485,integer optimal solution,0.1359268000001066
0.9,20,2,3,2,GW-ONLY,179.9497976200501,integer optimal solution,0.08239960000037172
0.9,20,2,3,2,OD-ONLY,180.8809784451559,integer optimal solution,0.005474399999911839
0.9,20,2,3,2,OD-FIRST,169.49255914196482,pass1=integer optimal solution|pass2=integer optimal solution,0.051127599999745144
0.9,20,2,3,2,GW-FIRST,175.84275713149822,pass1=integer optimal solution|pass2=integer optimal solution,0.12302060000001802
0.9,20,2,3,3,JOINT,186.08072459610287,integer optimal solution,0.10321040000007997
0.9,20,2,3,3,GW-ONLY,193.6929189271494,integer optimal solution,0.11947660000032556
0.9,20,2,3,3,OD-ONLY,191.37813838134875,integer optimal solution,0.007480899999791291
0.9,20,2,3,3,OD-FIRST,186.12465458383363,pass1=integer optimal solution|pass2=integer optimal solution,0.05302090000031967
0.9,20,2,3,3,GW-FIRST,186.0807245961029,pass1=integer optimal solution|pass2=integer optimal solution,0.10303720000001704
0.9,20,2,3,4,JOINT,163.27464256783693,integer optimal solution,0.1495429999999942
0.9,20,2,3,4,GW-ONLY,181.8931074071794,integer optimal solution,0.07434329999978218
0.9,20,2,3,4,OD-ONLY,175.77073541853684,integer optimal solution,0.01139100000000326
0.9,20,2,3,4,OD-FIRST,164.21869185080305,pass1=integer optimal solution|pass2=integer optimal solution,0.06599060000007739
0.9,20,2,3,4,GW-FIRST,167.62727959635257,pass1=integer optimal solution|pass2=integer optimal solution,0.14150070000005144
0.9,20,2,3,5,JOINT,157.88683633083613,integer optimal solution,0.09470630000032543
0.9,20,2,3,5,GW-ONLY,170.5391522943118,integer optimal solution,0.10294659999999567
0.9,20,2,3,5,OD-ONLY,162.04256331475167,integer optimal solution,0.008203000000321481
0.9,20,2,3,5,OD-FIRST,160.46738718342658,pass1=integer optimal solution|pass2=integer optimal solution,0.05372029999989536
0.9,20,2,3,5,GW-FIRST,157.88683633083613,pass1=integer optimal solution|pass2=integer optimal solution,0.09225819999983287
0.9,20,2,3,6,JOINT,169.43518923618103,integer optimal solution,0.09594980000019859
0.9,20,2,3,6,GW-ONLY,187.32356833330306,integer optimal solution,0.12061519999997472
0.9,20,2,3,6,OD-ONLY,184.82654327622572,integer optimal solution,0.006801200000154495
0.9,20,2,3,6,OD-FIRST,172.11821558965866,pass1=integer optimal solution|pass2=integer optimal solution,0.048818499999924825
0.9,20,2,3,6,GW-FIRST,169.43518923618103,pass1=integer optimal solution|pass2=integer optimal solution,0.09385310000016034
0.9,20,2,3,7,JOINT,175.9985156436648,integer optimal solution,0.10514960000000428
0.9,20,2,3,7,GW-ONLY,188.64414110796383,integer optimal solution,0.11583569999993415
0.9,20,2,3,7,OD-ONLY,182.81548221110316,integer optimal solution,0.011429399999997258
0.9,20,2,3,7,OD-FIRST,175.9985156436648,pass1=integer optimal solution|pass2=integer optimal solution,0.07945390000031693
0.9,20,2,3,7,GW-FIRST,182.1660114210132,pass1=integer optimal solution|pass2=integer optimal solution,0.11527860000023793
0.9,20,2,3,8,JOINT,193.86292571030125,integer optimal solution,0.06973840000000564
0.9,20,2,3,8,GW-ONLY,202.94798417013948,integer optimal solution,0.10168639999983498
0.9,20,2,3,8,OD-ONLY,202.0620131441444,integer optimal solution,0.009166800000002695
0.9,20,2,3,8,OD-FIRST,193.86292571030128,pass1=integer optimal solution|pass2=integer optimal solution,0.09208459999990737
0.9,20,2,3,8,GW-FIRST,194.09340538953066,pass1=integer optimal solution|pass2=integer optimal solution,0.14899340000010852
0.9,20,2,3,9,JOINT,178.35786556237278,integer optimal solution,0.0960042000001522
0.9,20,2,3,9,GW-ONLY,200.21054949312554,integer optimal solution,0.09317529999998442
0.9,20,2,3,9,OD-ONLY,186.5162126106368,integer optimal solution,0.010011200000008103
0.9,20,2,3,9,OD-FIRST,181.4414452063635,pass1=integer optimal solution|pass2=integer optimal solution,0.06687079999983325
0.9,20,2,3,9,GW-FIRST,180.87752433547485,pass1=integer optimal solution|pass2=integer optimal solution,0.09890429999995831
0.9,20,2,3,10,JOINT,160.6377726632915,integer optimal solution,0.1209222000002228
0.9,20,2,3,10,GW-ONLY,178.65785580917802,integer optimal solution,0.09166670000013255
0.9,20,2,3,10,OD-ONLY,173.86144304619103,integer optimal solution,0.010154099999908794
0.9,20,2,3,10,OD-FIRST,160.6377726632915,pass1=integer optimal solution|pass2=integer optimal solution,0.06723340000007738
0.9,20,2,3,10,GW-FIRST,165.60817132617473,pass1=integer optimal solution|pass2=integer optimal solution,0.13918259999991278
0.9,20,2,3,11,JOINT,166.98773153135,integer optimal solution,0.15078570000014224
0.9,20,2,3,11,GW-ONLY,180.58570905876846,integer optimal solution,0.07902880000028745
0.9,20,2,3,11,OD-ONLY,177.0725408903229,integer optimal solution,0.006777999999940221
0.9,20,2,3,11,OD-FIRST,167.0720461550042,pass1=integer optimal solution|pass2=integer optimal solution,0.054445100000066304
0.9,20,2,3,11,GW-FIRST,167.6125107490991,pass1=integer optimal solution|pass2=integer optimal solution,0.12673040000026958
0.9,20,2,3,12,JOINT,189.65082623859524,integer optimal solution,0.09267550000004121
0.9,20,2,3,12,GW-ONLY,208.65276271022412,integer optimal solution,0.09130940000022747
0.9,20,2,3,12,OD-ONLY,224.41808082722855,integer optimal solution,0.007197099999757484
0.9,20,2,3,12,OD-FIRST,191.37490113511507,pass1=integer optimal solution|pass2=integer optimal solution,0.06515129999979763
0.9,20,2,3,12,GW-FIRST,192.03837546064517,pass1=integer optimal solution|pass2=integer optimal solution,0.12249930000007225
0.9,20,2,3,13,JOINT,180.42258842419534,integer optimal solution,0.12541620000001785
0.9,20,2,3,13,GW-ONLY,206.93336504060983,integer optimal solution,0.12022990000014033
0.9,20,2,3,13,OD-ONLY,201.87494104955465,integer optimal solution,0.0071325999997498
0.9,20,2,3,13,OD-FIRST,180.42258842419534,pass1=integer optimal solution|pass2=integer optimal solution,0.04994609999994282
0.9,20,2,3,13,GW-FIRST,187.36568287283254,pass1=integer optimal solution|pass2=integer optimal solution,0.12422230000038326
0.9,20,2,3,14,JOINT,185.64370851906278,integer optimal solution,0.10715070000014748
0.9,20,2,3,14,GW-ONLY,209.0465925478888,integer optimal solution,0.07895539999981338
0.9,20,2,3,14,OD-ONLY,198.09038963812156,integer optimal solution,0.006373599999733415
0.9,20,2,3,14,OD-FIRST,187.04283224610452,pass1=integer optimal solution|pass2=integer optimal solution,0.0562777999998616
0.9,20,2,3,14,GW-FIRST,185.64370851906278,pass1=integer optimal solution|pass2=integer optimal solution,0.12458479999986594
0.9,20,2,3,15,JOINT,171.28828787129828,integer optimal solution,0.06417880000026344
0.9,20,2,3,15,GW-ONLY,176.05704887893032,integer optimal solution,0.07480739999982688
0.9,20,2,3,15,OD-ONLY,182.1590523623777,integer optimal solution,0.004554599999664788
0.9,20,2,3,15,OD-FIRST,171.28828787129828,pass1=integer optimal solution|pass2=integer optimal solution,0.07780199999979232
0.9,20,2,3,15,GW-FIRST,172.7892597127503,pass1=integer optimal solution|pass2=integer optimal solution,0.11164020000023811
0.9,20,2,3,16,JOINT,189.15638428134608,integer optimal solution,0.10296440000001894
0.9,20,2,3,16,GW-ONLY,198.42417927877514,integer optimal solution,0.10933010000007926
0.9,20,2,3,16,OD-ONLY,227.2783850786686,integer optimal solution,0.007565099999737868
0.9,20,2,3,16,OD-FIRST,189.15638428134608,pass1=integer optimal solution|pass2=integer optimal solution,0.049703000000135944
0.9,20,2,3,16,GW-FIRST,189.15638428134605,pass1=integer optimal solution|pass2=integer optimal solution,0.1031739000000016
0.9,20,2,3,17,JOINT,153.76086974390287,integer optimal solution,0.10608219999994617
0.9,20,2,3,17,GW-ONLY,171.21915101986696,integer optimal solution,0.10880189999988943
0.9,20,2,3,17,OD-ONLY,167.31739132256342,integer optimal solution,0.008841499999562075
0.9,20,2,3,17,OD-FIRST,153.76086974390287,pass1=integer optimal solution|pass2=integer optimal solution,0.056356899999627785
0.9,20,2,3,17,GW-FIRST,158.37382069669843,pass1=integer optimal solution|pass2=integer optimal solution,0.1389657999998235
0.9,20,2,3,18,JOINT,172.9043194304051,integer optimal solution,0.08591579999983878
0.9,20,2,3,18,GW-ONLY,184.68063604682908,integer optimal solution,0.09636279999995168
0.9,20,2,3,18,OD-ONLY,182.1469316589269,integer optimal solution,0.009158999999726802
0.9,20,2,3,18,OD-FIRST,173.0991084234789,pass1=integer optimal solution|pass2=integer optimal solution,0.05619369999976698
0.9,20,2,3,18,GW-FIRST,176.9690435925932,pass1=integer optimal solution|pass2=integer optimal solution,0.0829055000003791
0.9,20,2,3,19,JOINT,167.4851844875814,integer optimal solution,0.10622809999995297
0.9,20,2,3,19,GW-ONLY,182.85744314189589,integer optimal solution,0.08496000000013737
0.9,20,2,3,19,OD-ONLY,169.97326254719312,integer optimal solution,0.010141400000065914
0.9,20,2,3,19,OD-FIRST,167.48518448758142,pass1=integer optimal solution|pass2=integer optimal solution,0.07813910000004398
0.9,20,2,3,19,GW-FIRST,167.6771829202324,pass1=integer optimal solution|pass2=integer optimal solution,0.13484319999997751
0.9,20,2,3,20,JOINT,165.6235408189223,integer optimal solution,0.07867059999989579
0.9,20,2,3,20,GW-ONLY,180.55622108750867,integer optimal solution,0.07810270000027231
0.9,20,2,3,20,OD-ONLY,184.33716242734005,integer optimal solution,0.00638570000000982
0.9,20,2,3,20,OD-FIRST,168.00661128360116,pass1=integer optimal solution|pass2=integer optimal solution,0.04983880000008867
0.9,20,2,3,20,GW-FIRST,167.58703802823445,pass1=integer optimal solution|pass2=integer optimal solution,0.0975204000001213
0.9,20,2,3,21,JOINT,178.75832216623434,integer optimal solution,0.10141129999965415
0.9,20,2,3,21,GW-ONLY,185.7078284744791,integer optimal solution,0.09320279999974446
0.9,20,2,3,21,OD-ONLY,182.76952284590857,integer optimal solution,0.007545699999809585
0.9,20,2,3,21,OD-FIRST,179.6579750026681,pass1=integer optimal solution|pass2=integer optimal solution,0.07192709999981162
0.9,20,2,3,21,GW-FIRST,180.91090174346914,pass1=integer optimal solution|pass2=integer optimal solution,0.1537943000002997
0.9,20,2,3,22,JOINT,185.65304360974199,integer optimal solution,0.10925559999986945
0.9,20,2,3,22,GW-ONLY,197.04288293962645,integer optimal solution,0.09461050000027171
0.9,20,2,3,22,OD-ONLY,190.37081216573864,integer optimal solution,0.005052900000009686
0.9,20,2,3,22,OD-FIRST,185.65304360974199,pass1=integer optimal solution|pass2=integer optimal solution,0.06438879999996061
0.9,20,2,3,22,GW-FIRST,186.16477752079152,pass1=integer optimal solution|pass2=integer optimal solution,0.1276620999997249
0.9,20,2,3,23,JOINT,156.61645629644394,integer optimal solution,0.10005629999977828
0.9,20,2,3,23,GW-ONLY,172.46395069196592,integer optimal solution,0.0651809000000867
0.9,20,2,3,23,OD-ONLY,164.06630279168397,integer optimal solution,0.008805799999663577
0.9,20,2,3,23,OD-FIRST,156.61645629644394,pass1=integer optimal solution|pass2=integer optimal solution,0.05029689999992115
0.9,20,2,3,23,GW-FIRST,157.7828403488219,pass1=integer optimal solution|pass2=integer optimal solution,0.10133120000000417
0.9,20,2,3,24,JOINT,176.7573075728863,integer optimal solution,0.08792870000024777
0.9,20,2,3,24,GW-ONLY,193.14585259035064,integer optimal solution,0.08952730000009979
0.9,20,2,3,24,OD-ONLY,192.14528003662303,integer optimal solution,0.012187899999844376
0.9,20,2,3,24,OD-FIRST,176.7573075728863,pass1=integer optimal solution|pass2=integer optimal solution,0.038004300000011426
0.9,20,2,3,24,GW-FIRST,179.93322227279248,pass1=integer optimal solution|pass2=integer optimal solution,0.1792672000001403
0.9,20,3,3,0,JOINT,168.8875113545627,integer optimal solution,0.18305539999983012
0.9,20,3,3,0,GW-ONLY,185.83979127233093,integer optimal solution,0.14605289999963134
0.9,20,3,3,0,OD-ONLY,176.67309722558113,integer optimal solution,0.00912849999986065
0.9,20,3,3,0,OD-FIRST,168.8875113545627,pass1=integer optimal solution|pass2=integer optimal solution,0.09360930000002554
0.9,20,3,3,0,GW-FIRST,177.78216607322486,pass1=integer optimal solution|pass2=integer optimal solution,0.1610742000002574
0.9,20,3,3,1,JOINT,198.75259199148067,integer optimal solution,0.16040560000010373
0.9,20,3,3,1,GW-ONLY,219.29916160813127,integer optimal solution,0.13296029999992243
0.9,20,3,3,1,OD-ONLY,229.85172508708496,integer optimal solution,0.006903699999838864
0.9,20,3,3,1,OD-FIRST,207.1398199905188,pass1=integer optimal solution|pass2=integer optimal solution,0.07526099999995495
0.9,20,3,3,1,GW-FIRST,198.9143025451021,pass1=integer optimal solution|pass2=integer optimal solution,0.2795157000000472
0.9,20,3,3,2,JOINT,175.84758817201174,integer optimal solution,0.19603820000020278
0.9,20,3,3,2,GW-ONLY,185.12436889153417,integer optimal solution,0.1153414000000339
0.9,20,3,3,2,OD-ONLY,180.07047537345647,integer optimal solution,0.007824799999980314
0.9,20,3,3,2,OD-FIRST,175.84758817201174,pass1=integer optimal solution|pass2=integer optimal solution,0.08238570000003165
0.9,20,3,3,2,GW-FIRST,175.84758817201174,pass1=integer optimal solution|pass2=integer optimal solution,0.17978450000009616
0.9,20,3,3,3,JOINT,184.82995729290454,integer optimal solution,0.1320731999999225
0.9,20,3,3,3,GW-ONLY,207.87748308259694,integer optimal solution,0.10424430000011853
0.9,20,3,3,3,OD-ONLY,187.6319882244099,integer optimal solution,0.007347499999923457
0.9,20,3,3,3,OD-FIRST,187.6319882244099,pass1=integer optimal solution|pass2=integer optimal solution,0.06175119999988965
0.9,20,3,3,3,GW-FIRST,196.74036841041362,pass1=integer optimal solution|pass2=integer optimal solution,0.15996129999984987
0.9,20,3,3,4,JOINT,165.7728587687344,integer optimal solution,0.18787019999990662
0.9,20,3,3,4,GW-ONLY,188.82424588571925,integer optimal solution,0.11907179999980144
0.9,20,3,3,4,OD-ONLY,178.36948725125512,integer optimal solution,0.00846929999988788
0.9,20,3,3,4,OD-FIRST,165.77285876873444,pass1=integer optimal solution|pass2=integer optimal solution,0.07214830000020811
0.9,20,3,3,4,GW-FIRST,173.7342297061137,pass1=integer optimal solution|pass2=integer optimal solution,0.17986340000015844
0.9,20,3,3,5,JOINT,157.13750132921564,integer optimal solution,0.17311220000010508
0.9,20,3,3,5,GW-ONLY,172.33808829086345,integer optimal solution,0.14619080000011309
0.9,20,3,3,5,OD-ONLY,175.20079839007917,integer optimal solution,0.00622239999984231
0.9,20,3,3,5,OD-FIRST,157.1375013292156,pass1=integer optimal solution|pass2=integer optimal solution,0.05295760000035443
0.9,20,3,3,5,GW-FIRST,159.5761025418749,pass1=integer optimal solution|pass2=integer optimal solution,0.2026733000002423
0.9,20,3,3,6,JOINT,177.03238477318558,integer optimal solution,0.21028449999994336
0.9,20,3,3,6,GW-ONLY,194.60517551154135,integer optimal solution,0.1224102999999559
0.9,20,3,3,6,OD-ONLY,190.5722072692602,integer optimal solution,0.00896580000016911
0.9,20,3,3,6,OD-FIRST,177.3077384352382,pass1=integer optimal solution|pass2=integer optimal solution,0.08709750000025451
0.9,20,3,3,6,GW-FIRST,186.922814658988,pass1=integer optimal solution|pass2=integer optimal solution,0.1732371000002786
0.9,20,3,3,7,JOINT,143.07265516158284,integer optimal solution,0.20129529999985607
0.9,20,3,3,7,GW-ONLY,161.47657629945172,integer optimal solution,0.12232619999986127
0.9,20,3,3,7,OD-ONLY,151.40677514313575,integer optimal solution,0.009797100000014325
0.9,20,3,3,7,OD-FIRST,143.36896699283827,pass1=integer optimal solution|pass2=integer optimal solution,0.0643301000000065
0.9,20,3,3,7,GW-FIRST,150.45994992189222,pass1=integer optimal solution|pass2=integer optimal solution,0.15542009999990114
0.9,20,3,3,8,JOINT,160.79162802537033,integer optimal solution,0.17243260000032024
0.9,20,3,3,8,GW-ONLY,176.35077113829402,integer optimal solution,0.13487860000032015
0.9,20,3,3,8,OD-ONLY,177.23779791513635,integer optimal solution,0.006573599999683211
0.9,20,3,3,8,OD-FIRST,162.65050425849503,pass1=integer optimal solution|pass2=integer optimal solution,0.05765320000000429
0.9,20,3,3,8,GW-FIRST,165.65159424491657,pass1=integer optimal solution|pass2=integer optimal solution,0.16381609999962166
0.9,20,3,3,9,JOINT,181.3366599689915,integer optimal solution,0.19785019999972064
0.9,20,3,3,9,GW-ONLY,200.91561738782013,integer optimal solution,0.11718190000010509
0.9,20,3,3,9,OD-ONLY,210.38693352872548,integer optimal solution,0.005470899999636458
0.9,20,3,3,9,OD-FIRST,181.33665996899146,pass1=integer optimal solution|pass2=integer optimal solution,0.06216390000008687
0.9,20,3,3,9,GW-FIRST,191.71949905610057,pass1=integer optimal solution|pass2=integer optimal solution,0.190416599999935
0.9,20,3,3,10,JOINT,187.79308351254127,integer optimal solution,0.13752590000012788
0.9,20,3,3,10,GW-ONLY,202.23279695999435,integer optimal solution,0.14569490000030783
0.9,20,3,3,10,OD-ONLY,211.99915546275554,integer optimal solution,0.006848200000149518
0.9,20,3,3,10,OD-FIRST,187.79308351254127,pass1=integer optimal solution|pass2=integer optimal solution,0.07534889999988081
0.9,20,3,3,10,GW-FIRST,195.64330658935143,pass1=integer optimal solution|pass2=integer optimal solution,0.23460789999990084
0.9,20,3,3,11,JOINT,167.88831459027034,integer optimal solution,0.1422471000000769
0.9,20,3,3,11,GW-ONLY,186.03273773842494,integer optimal solution,0.1651504000001296
0.9,20,3,3,11,OD-ONLY,182.10083100414823,integer optimal solution,0.0064391999999315885
0.9,20,3,3,11,OD-FIRST,170.74614038160442,pass1=integer optimal solution|pass2=integer optimal solution,0.04874569999992673
0.9,20,3,3,11,GW-FIRST,172.24085731087328,pass1=integer optimal solution|pass2=integer optimal solution,0.18075450000014825
0.9,20,3,3,12,JOINT,168.51565128662793,integer optimal solution,0.15309079999997266
0.9,20,3,3,12,GW-ONLY,189.1284233380283,integer optimal solution,0.11607869999988907
0.9,20,3,3,12,OD-ONLY,182.78915748012435,integer optimal solution,0.010390000000370492
0.9,20,3,3,12,OD-FIRST,169.1389734978574,pass1=integer optimal solution|pass2=integer optimal solution,0.06674409999959607
0.9,20,3,3,12,GW-FIRST,171.2649697637976,pass1=integer optimal solution|pass2=integer optimal solution,0.19103420000010374
0.9,20,3,3,13,JOINT,158.20918916348512,integer optimal solution,0.17069449999962671
0.9,20,3,3,13,GW-ONLY,173.37909670821205,integer optimal solution,0.10881859999972221
0.9,20,3,3,13,OD-ONLY,173.59884578293077,integer optimal solution,0.008227499999975407
0.9,20,3,3,13,OD-FIRST,158.2091891634851,pass1=integer optimal solution|pass2=integer optimal solution,0.06523030000016661
0.9,20,3,3,13,GW-FIRST,162.04096164846166,pass1=integer optimal solution|pass2=integer optimal solution,0.13844960000005813
0.9,20,3,3,14,JOINT,186.28044854164182,integer optimal solution,0.1614558000001125
0.9,20,3,3,14,GW-ONLY,192.4506441785229,integer optimal solution,0.14013939999995273
0.9,20,3,3,14,OD-ONLY,212.51561459479018,integer optimal solution,0.006248700000014651
0.9,20,3,3,14,OD-FIRST,187.1559643055482,pass1=integer optimal solution|pass2=integer optimal solution,0.13106629999992947
0.9,20,3,3,14,GW-FIRST,186.28044854164182,pass1=integer optimal solution|pass2=integer optimal solution,0.20260750000034022
0.9,20,3,3,15,JOINT,158.2914654586349,integer optimal solution,0.19001140000000305
0.9,20,3,3,15,GW-ONLY,178.20661938281657,integer optimal solution,0.15330909999966025
0.9,20,3,3,15,OD-ONLY,171.49860043757258,integer optimal solution,0.007600799999636365
0.9,20,3,3,15,OD-FIRST,158.29146545863492,pass1=integer optimal solution|pass2=integer optimal solution,0.08754610000005414
0.9,20,3,3,15,GW-FIRST,168.81173501103024,pass1=integer optimal solution|pass2=integer optimal solution,0.17934379999996963
0.9,20,3,3,16,JOINT,183.69975769353698,integer optimal solution,0.1172986999999921
0.9,20,3,3,16,GW-ONLY,204.32913349655422,integer optimal solution,0.1750214999997297
0.9,20,3,3,16,OD-ONLY,204.92117521373262,integer optimal solution,0.011757099999613274
0.9,20,3,3,16,OD-FIRST,184.6379355875392,pass1=integer optimal solution|pass2=integer optimal solution,0.11037589999978081
0.9,20,3,3,16,GW-FIRST,192.08126798821678,pass1=integer optimal solution|pass2=integer optimal solution,0.21277009999994334
0.9,20,3,3,17,JOINT,176.87022111973573,integer optimal solution,0.18986519999998563
0.9,20,3,3,17,GW-ONLY,194.80538648230447,integer optimal solution,0.11683720000019093
0.9,20,3,3,17,OD-ONLY,197.51058805709897,integer optimal solution,0.008401400000366266
0.9,20,3,3,17,OD-FIRST,176.87022111973573,pass1=integer optimal solution|pass2=integer optimal solution,0.07347759999993286
0.9,20,3,3,17,GW-FIRST,187.4643193876521,pass1=integer optimal solution|pass2=integer optimal solution,0.17283109999971202
0.9,20,3,3,18,JOINT,157.76856052471697,integer optimal solution,0.11756740000009813
0.9,20,3,3,18,GW-ONLY,172.53338983477948,integer optimal solution,0.15335189999996146
0.9,20,3,3,18,OD-ONLY,178.57608725605553,integer optimal solution,0.011066700000355922
0.9,20,3,3,18,OD-FIRST,162.8296299502659,pass1=integer optimal solution|pass2=integer optimal solution,0.06794399999989764
0.9,20,3,3,18,GW-FIRST,161.915603438758,pass1=integer optimal solution|pass2=integer optimal solution,0.17865970000002562
0.9,20,3,3,19,JOINT,180.4544627318388,integer optimal solution,0.23081120000006194
0.9,20,3,3,19,GW-ONLY,199.4501131415092,integer optimal solution,0.20314960000041538
0.9,20,3,3,19,OD-ONLY,203.3801951575703,integer optimal solution,0.011242599999604863
0.9,20,3,3,19,OD-FIRST,182.44967832009868,pass1=integer optimal solution|pass2=integer optimal solution,0.07742570000027627
0.9,20,3,3,19,GW-FIRST,187.46505122494185,pass1=integer optimal solution|pass2=integer optimal solution,0.1931469000001016
0.9,20,3,3,20,JOINT,174.76773930646334,integer optimal solution,0.17493550000017422
0.9,20,3,3,20,GW-ONLY,182.60640654396883,integer optimal solution,0.1395764999997482
0.9,20,3,3,20,OD-ONLY,194.9219675186635,integer optimal solution,0.00710960000014893
0.9,20,3,3,20,OD-FIRST,176.69425775044448,pass1=integer optimal solution|pass2=integer optimal solution,0.06898349999983111
0.9,20,3,3,20,GW-FIRST,174.76773930646334,pass1=integer optimal solution|pass2=integer optimal solution,0.19420820000004824
0.9,20,3,3,21,JOINT,179.07834520852566,integer optimal solution,0.15415070000017295
0.9,20,3,3,21,GW-ONLY,194.70950589730955,integer optimal solution,0.13068569999995816
0.9,20,3,3,21,OD-ONLY,201.06018406931588,integer optimal solution,0.006282000000283006
0.9,20,3,3,21,OD-FIRST,180.44488340765614,pass1=integer optimal solution|pass2=integer optimal solution,0.0515082000001712
0.9,20,3,3,21,GW-FIRST,184.21489807880369,pass1=integer optimal solution|pass2=integer optimal solution,0.22762890000012703
0.9,20,3,3,22,JOINT,167.57908486442983,integer optimal solution,0.1826664999998684
0.9,20,3,3,22,GW-ONLY,180.08392387910789,integer optimal solution,0.14919689999987895
0.9,20,3,3,22,OD-ONLY,190.54084226941467,integer optimal solution,0.009785700000065845
0.9,20,3,3,22,OD-FIRST,167.57908486442986,pass1=integer optimal solution|pass2=integer optimal solution,0.10522470000023532
0.9,20,3,3,22,GW-FIRST,170.64277990676047,pass1=integer optimal solution|pass2=integer optimal solution,0.1930001999999149
0.9,20,3,3,23,JOINT,164.2096421412777,integer optimal solution,0.20066600000018298
0.9,20,3,3,23,GW-ONLY,183.69326869461514,integer optimal solution,0.11427869999988616
0.9,20,3,3,23,OD-ONLY,177.16302040789577,integer optimal solution,0.009689999999864085
0.9,20,3,3,23,OD-FIRST,167.07988277858004,pass1=integer optimal solution|pass2=integer optimal solution,0.09583119999979317
0.9,20,3,3,23,GW-FIRST,171.9571741733726,pass1=integer optimal solution|pass2=integer optimal solution,0.17886910000015632
0.9,20,3,3,24,JOINT,167.02577154107007,integer optimal solution,0.15703949999988254
0.9,20,3,3,24,GW-ONLY,194.2488666503087,integer optimal solution,0.14585140000008323
0.9,20,3,3,24,OD-ONLY,182.917379523772,integer optimal solution,0.013378699999975652
0.9,20,3,3,24,OD-FIRST,167.02577154107013,pass1=integer optimal solution|pass2=integer optimal solution,0.07080550000000585
0.9,20,3,3,24,GW-FIRST,168.75926566967252,pass1=integer optimal solution|pass2=integer optimal solution,0.21098719999963578
