alignment,n,n_gw,n_od,rep,driver_id,feasible_empty,kstar_empty,fd_dominated
0.1,10,2,2,0,gw0,False,True,True
0.1,10,2,2,0,gw1,False,True,True
0.1,10,2,2,0,od0,False,True,True
0.1,10,2,2,0,od1,True,True,False
0.1,10,2,2,4,gw0,False,True,True
0.1,10,2,2,4,gw1,False,False,False
0.1,10,2,2,4,od0,False,False,False
0.1,10,2,2,4,od1,True,True,False
0.1,10,2,2,8,gw0,False,True,True
0.1,10,2,2,8,gw1,False,True,True
0.1,10,2,2,8,od0,False,False,False
0.1,10,2,2,8,od1,True,True,False
0.1,10,2,2,12,gw0,False,True,True
0.1,10,2,2,12,gw1,False,True,True
0.1,10,2,2,12,od0,False,False,False
0.1,10,2,2,12,od1,False,False,False
0.1,10,2,2,16,gw0,False,False,False
0.1,10,2,2,16,gw1,False,False,False
0.1,10,2,2,16,od0,False,False,False
0.1,10,2,2,16,od1,False,False,False
0.1,10,2,2,20,gw0,False,True,True
0.1,10,2,2,20,gw1,False,False,False
0.1,10,2,2,20,od0,False,False,False
0.1,10,2,2,20,od1,False,False,False
0.1,10,2,2,24,gw0,False,False,False
0.1,10,2,2,24,gw1,False,False,False
0.1,10,2,2,24,od0,True,True,False
0.1,10,2,2,24,od1,False,False,False
0.1,10,3,2,3,gw0,False,False,False
0.1,10,3,2,3,gw1,False,True,True
0.1,10,3,2,3,gw2,False,False,False
0.1,10,3,2,3,od0,True,True,False
0.1,10,3,2,3,od1,False,False,False
0.1,10,3,2,7,gw0,False,False,False
0.1,10,3,2,7,gw1,False,False,False
0.1,10,3,2,7,gw2,False,False,False
0.1,10,3,2,7,od0,False,False,False
0.1,10,3,2,7,od1,False,False,False
0.1,10,3,2,11,gw0,False,False,False
0.1,10,3,2,11,gw1,False,False,False
0.1,10,3,2,11,gw2,False,False,False
0.1,10,3,2,11,od0,True,True,False
0.1,10,3,2,11,od1,True,True,False
0.1,10,3,2,15,gw0,False,False,False
0.1,10,3,2,15,gw1,False,False,False
0.1,10,3,2,15,gw2,False,False,False
0.1,10,3,2,15,od0,False,True,True
0.1,10,3,2,15,od1,False,False,False
0.1,10,3,2,19,gw0,False,True,True
0.1,10,3,2,19,gw1,False,True,True
0.1,10,3,2,19,gw2,False,True,True
0.1,10,3,2,19,od0,True,True,False
0.1,10,3,2,19,od1,True,True,False
0.1,10,3,2,23,gw0,False,True,True
0.1,10,3,2,23,gw1,False,True,True
0.1,10,3,2,23,gw2,False,True,True
0.1,10,3,2,23,od0,False,True,True
0.1,10,3,2,23,od1,False,False,False
0.1,10,2,3,2,gw0,False,False,False
0.1,10,2,3,2,gw1,False,False,False
0.1,10,2,3,2,od0,True,True,False
0.1,10,2,3,2,od1,False,True,True
0.1,10,2,3,2,od2,False,False,False
0.1,10,2,3,6,gw0,False,True,True
0.1,10,2,3,6,gw1,False,True,True
0.1,10,2,3,6,od0,False,True,True
0.1,10,2,3,6,od1,False,True,True
0.1,10,2,3,6,od2,False,True,True
0.1,10,2,3,10,gw0,False,False,False
0.1,10,2,3,10,gw1,False,False,False
0.1,10,2,3,10,od0,False,False,False
0.1,10,2,3,10,od1,False,False,False
0.1,10,2,3,10,od2,False,False,False
0.1,10,2,3,14,gw0,False,False,False
0.1,10,2,3,14,gw1,False,False,False
0.1,10,2,3,14,od0,False,False,False
0.1,10,2,3,14,od1,True,True,False
0.1,10,2,3,14,od2,True,True,False
0.1,10,2,3,18,gw0,False,False,False
0.1,10,2,3,18,gw1,False,False,False
0.1,10,2,3,18,od0,True,True,False
0.1,10,2,3,18,od1,False,False,False
0.1,10,2,3,18,od2,False,False,False
0.1,10,2,3,22,gw0,False,True,True
0.1,10,2,3,22,gw1,False,True,True
0.1,10,2,3,22,od0,False,False,False
0.1,10,2,3,22,od1,False,True,True
0.1,10,2,3,22,od2,True,True,False
0.1,10,3,3,1,gw0,False,False,False
0.1,10,3,3,1,gw1,False,False,False
0.1,10,3,3,1,gw2,False,False,False
0.1,10,3,3,1,od0,False,False,False
0.1,10,3,3,1,od1,False,False,False
0.1,10,3,3,1,od2,True,True,False
0.1,10,3,3,5,gw0,False,False,False
0.1,10,3,3,5,gw1,False,False,False
0.1,10,3,3,5,gw2,False,False,False
0.1,10,3,3,5,od0,True,True,False
0.1,10,3,3,5,od1,False,False,False
0.1,10,3,3,5,od2,False,False,False
0.1,10,3,3,9,gw0,False,False,False
0.1,10,3,3,9,gw1,False,False,False
0.1,10,3,3,9,gw2,False,False,False
0.1,10,3,3,9,od0,False,False,False
0.1,10,3,3,9,od1,True,True,False
0.1,10,3,3,9,od2,False,False,False
0.1,10,3,3,13,gw0,False,True,True
0.1,10,3,3,13,gw1,False,True,True
0.1,10,3,3,13,gw2,False,True,True
0.1,10,3,3,13,od0,True,True,False
0.1,10,3,3,13,od1,True,True,False
0.1,10,3,3,13,od2,True,True,False
0.1,10,3,3,17,gw0,False,True,True
0.1,10,3,3,17,gw1,False,True,True
0.1,10,3,3,17,gw2,False,True,True
0.1,10,3,3,17,od0,True,True,False
0.1,10,3,3,17,od1,False,False,False
0.1,10,3,3,17,od2,True,True,False
0.1,10,3,3,21,gw0,False,False,False
0.1,10,3,3,21,gw1,False,False,False
0.1,10,3,3,21,gw2,False,False,False
0.1,10,3,3,21,od0,True,True,False
0.1,10,3,3,21,od1,True,True,False
0.1,10,3,3,21,od2,True,True,False
0.1,15,2,2,0,gw0,False,False,False
0.1,15,2,2,0,gw1,False,False,False
0.1,15,2,2,0,od0,False,False,False
0.1,15,2,2,0,od1,False,False,False
0.1,15,2,2,4,gw0,False,False,False
0.1,15,2,2,4,gw1,False,False,False
0.1,15,2,2,4,od0,False,False,False
0.1,15,2,2,4,od1,False,False,False
0.1,15,2,2,8,gw0,False,False,False
0.1,15,2,2,8,gw1,False,False,False
0.1,15,2,2,8,od0,False,False,False
0.1,15,2,2,8,od1,False,False,False
0.1,15,2,2,12,gw0,False,False,False
0.1,15,2,2,12,gw1,False,False,False
0.1,15,2,2,12,od0,False,False,False
0.1,15,2,2,12,od1,False,False,False
0.1,15,2,2,16,gw0,False,False,False
0.1,15,2,2,16,gw1,False,True,True
0.1,15,2,2,16,od0,True,True,False
0.1,15,2,2,16,od1,False,False,False
0.1,15,2,2,20,gw0,False,False,False
0.1,15,2,2,20,gw1,False,False,False
0.1,15,2,2,20,od0,False,False,False
0.1,15,2,2,20,od1,False,False,False
0.1,15,2,2,24,gw0,False,False,False
0.1,15,2,2,24,gw1,False,False,False
0.1,15,2,2,24,od0,True,True,False
0.1,15,2,2,24,od1,False,False,False
0.1,15,3,2,3,gw0,False,False,False
0.1,15,3,2,3,gw1,False,False,False
0.1,15,3,2,3,gw2,False,False,False
0.1,15,3,2,3,od0,True,True,False
0.1,15,3,2,3,od1,True,True,False
0.1,15,3,2,7,gw0,False,True,True
0.1,15,3,2,7,gw1,False,False,False
0.1,15,3,2,7,gw2,False,True,True
0.1,15,3,2,7,od0,False,False,False
0.1,15,3,2,7,od1,True,True,False
0.1,15,3,2,11,gw0,False,True,True
0.1,15,3,2,11,gw1,False,False,False
0.1,15,3,2,11,gw2,False,False,False
0.1,15,3,2,11,od0,False,False,False
0.1,15,3,2,11,od1,True,True,False
0.1,15,3,2,15,gw0,False,False,False
0.1,15,3,2,15,gw1,False,False,False
0.1,15,3,2,15,gw2,False,True,True
0.1,15,3,2,15,od0,True,True,False
0.1,15,3,2,15,od1,False,False,False
0.1,15,3,2,19,gw0,False,False,False
0.1,15,3,2,19,gw1,False,False,False
0.1,15,3,2,19,gw2,False,False,False
0.1,15,3,2,19,od0,True,True,False
0.1,15,3,2,19,od1,True,True,False
0.1,15,3,2,23,gw0,False,False,False
0.1,15,3,2,23,gw1,False,True,True
0.1,15,3,2,23,gw2,False,False,False
0.1,15,3,2,23,od0,False,False,False
0.1,15,3,2,23,od1,False,False,False
0.1,15,2,3,2,gw0,False,False,False
0.1,15,2,3,2,gw1,False,False,False
0.1,15,2,3,2,od0,False,False,False
0.1,15,2,3,2,od1,False,False,False
0.1,15,2,3,2,od2,False,False,False
0.1,15,2,3,6,gw0,False,False,False
0.1,15,2,3,6,gw1,False,False,False
0.1,15,2,3,6,od0,False,False,False
0.1,15,2,3,6,od1,False,False,False
0.1,15,2,3,6,od2,True,True,False
0.1,15,2,3,10,gw0,False,True,True
0.1,15,2,3,10,gw1,False,True,True
0.1,15,2,3,10,od0,False,True,True
0.1,15,2,3,10,od1,False,True,True
0.1,15,2,3,10,od2,False,False,False
0.1,15,2,3,14,gw0,False,False,False
0.1,15,2,3,14,gw1,False,False,False
0.1,15,2,3,14,od0,False,False,False
0.1,15,2,3,14,od1,True,True,False
0.1,15,2,3,14,od2,False,True,True
0.1,15,2,3,18,gw0,False,False,False
0.1,15,2,3,18,gw1,False,False,False
0.1,15,2,3,18,od0,False,True,True
0.1,15,2,3,18,od1,False,True,True
0.1,15,2,3,18,od2,True,True,False
0.1,15,2,3,22,gw0,False,False,False
0.1,15,2,3,22,gw1,False,False,False
0.1,15,2,3,22,od0,False,False,False
0.1,15,2,3,22,od1,False,True,True
0.1,15,2,3,22,od2,False,False,False
0.1,15,3,3,1,gw0,False,False,False
0.1,15,3,3,1,gw1,False,True,True
0.1,15,3,3,1,gw2,False,False,False
0.1,15,3,3,1,od0,False,True,True
0.1,15,3,3,1,od1,False,True,True
0.1,15,3,3,1,od2,False,False,False
0.1,15,3,3,5,gw0,False,False,False
0.1,15,3,3,5,gw1,False,False,False
0.1,15,3,3,5,gw2,False,False,False
0.1,15,3,3,5,od0,True,True,False
0.1,15,3,3,5,od1,False,False,False
0.1,15,3,3,5,od2,False,True,True
0.1,15,3,3,9,gw0,False,False,False
0.1,15,3,3,9,gw1,False,False,False
0.1,15,3,3,9,gw2,False,False,False
0.1,15,3,3,9,od0,True,True,False
0.1,15,3,3,9,od1,True,True,False
0.1,15,3,3,9,od2,False,False,False
0.1,15,3,3,13,gw0,False,False,False
0.1,15,3,3,13,gw1,False,False,False
0.1,15,3,3,13,gw2,False,False,False
0.1,15,3,3,13,od0,False,False,False
0.1,15,3,3,13,od1,False,False,False
0.1,15,3,3,13,od2,True,True,False
0.1,15,3,3,17,gw0,False,False,False
0.1,15,3,3,17,gw1,False,True,True
0.1,15,3,3,17,gw2,False,False,False
0.1,15,3,3,17,od0,False,True,True
0.1,15,3,3,17,od1,False,False,False
0.1,15,3,3,17,od2,False,False,False
0.1,15,3,3,21,gw0,False,False,False
0.1,15,3,3,21,gw1,False,False,False
0.1,15,3,3,21,gw2,False,False,False
0.1,15,3,3,21,od0,False,True,True
0.1,15,3,3,21,od1,False,False,False
0.1,15,3,3,21,od2,False,False,False
0.1,20,2,2,0,gw0,False,False,False
0.1,20,2,2,0,gw1,False,False,False
0.1,20,2,2,0,od0,False,True,True
0.1,20,2,2,0,od1,False,True,True
0.1,20,2,2,4,gw0,False,False,False
0.1,20,2,2,4,gw1,False,False,False
0.1,20,2,2,4,od0,False,False,False
0.1,20,2,2,4,od1,True,True,False
0.1,20,2,2,8,gw0,False,False,False
0.1,20,2,2,8,gw1,False,False,False
0.1,20,2,2,8,od0,False,False,False
0.1,20,2,2,8,od1,False,False,False
0.1,20,2,2,12,gw0,False,False,False
0.1,20,2,2,12,gw1,False,False,False
0.1,20,2,2,12,od0,False,False,False
0.1,20,2,2,12,od1,True,True,False
0.1,20,2,2,16,gw0,False,False,False
0.1,20,2,2,16,gw1,False,False,False
0.1,20,2,2,16,od0,False,False,False
0.1,20,2,2,16,od1,True,True,False
0.1,20,2,2,20,gw0,False,False,False
0.1,20,2,2,20,gw1,False,False,False
0.1,20,2,2,20,od0,False,False,False
0.1,20,2,2,20,od1,False,False,False
0.1,20,2,2,24,gw0,False,False,False
0.1,20,2,2,24,gw1,False,False,False
0.1,20,2,2,24,od0,True,True,False
0.1,20,2,2,24,od1,True,True,False
0.1,20,3,2,3,gw0,False,False,False
0.1,20,3,2,3,gw1,False,False,False
0.1,20,3,2,3,gw2,False,False,False
0.1,20,3,2,3,od0,False,False,False
0.1,20,3,2,3,od1,True,True,False
0.1,20,3,2,7,gw0,False,False,False
0.1,20,3,2,7,gw1,False,False,False
0.1,20,3,2,7,gw2,False,False,False
0.1,20,3,2,7,od0,False,False,False
0.1,20,3,2,7,od1,False,False,False
0.1,20,3,2,11,gw0,False,True,True
0.1,20,3,2,11,gw1,False,True,True
0.1,20,3,2,11,gw2,False,True,True
0.1,20,3,2,11,od0,True,True,False
0.1,20,3,2,11,od1,True,True,False
0.1,20,3,2,15,gw0,False,False,False
0.1,20,3,2,15,gw1,False,False,False
0.1,20,3,2,15,gw2,False,False,False
0.1,20,3,2,15,od0,False,False,False
0.1,20,3,2,15,od1,False,False,False
0.1,20,3,2,19,gw0,False,True,True
0.1,20,3,2,19,gw1,False,True,True
0.1,20,3,2,19,gw2,False,True,True
0.1,20,3,2,19,od0,False,False,False
0.1,20,3,2,19,od1,False,False,False
0.1,20,3,2,23,gw0,False,False,False
0.1,20,3,2,23,gw1,False,False,False
0.1,20,3,2,23,gw2,False,False,False
0.1,20,3,2,23,od0,False,False,False
0.1,20,3,2,23,od1,False,False,False
0.1,20,2,3,2,gw0,False,False,False
0.1,20,2,3,2,gw1,False,False,False
0.1,20,2,3,2,od0,False,True,True
0.1,20,2,3,2,od1,False,True,True
0.1,20,2,3,2,od2,False,False,False
0.1,20,2,3,6,gw0,False,False,False
0.1,20,2,3,6,gw1,False,False,False
0.1,20,2,3,6,od0,False,False,False
0.1,20,2,3,6,od1,False,True,True
0.1,20,2,3,6,od2,False,False,False
0.1,20,2,3,10,gw0,False,False,False
0.1,20,2,3,10,gw1,False,False,False
0.1,20,2,3,10,od0,False,False,False
0.1,20,2,3,10,od1,False,False,False
0.1,20,2,3,10,od2,True,True,False
0.1,20,2,3,14,gw0,False,False,False
0.1,20,2,3,14,gw1,False,False,False
0.1,20,2,3,14,od0,True,True,False
0.1,20,2,3,14,od1,False,False,False
0.1,20,2,3,14,od2,False,False,False
0.1,20,2,3,18,gw0,False,False,False
0.1,20,2,3,18,gw1,False,False,False
0.1,20,2,3,18,od0,False,True,True
0.1,20,2,3,18,od1,False,False,False
0.1,20,2,3,18,od2,False,False,False
0.1,20,2,3,22,gw0,False,False,False
0.1,20,2,3,22,gw1,False,False,False
0.1,20,2,3,22,od0,True,True,False
0.1,20,2,3,22,od1,False,False,False
0.1,20,2,3,22,od2,False,False,False
0.1,20,3,3,1,gw0,False,True,True
0.1,20,3,3,1,gw1,False,True,True
0.1,20,3,3,1,gw2,False,True,True
0.1,20,3,3,1,od0,False,False,False
0.1,20,3,3,1,od1,False,True,True
0.1,20,3,3,1,od2,False,True,True
0.1,20,3,3,5,gw0,False,False,False
0.1,20,3,3,5,gw1,False,False,False
0.1,20,3,3,5,gw2,False,False,False
0.1,20,3,3,5,od0,False,False,False
0.1,20,3,3,5,od1,False,True,True
0.1,20,3,3,5,od2,False,False,False
0.1,20,3,3,9,gw0,False,False,False
0.1,20,3,3,9,gw1,False,False,False
0.1,20,3,3,9,gw2,False,False,False
0.1,20,3,3,9,od0,True,True,False
0.1,20,3,3,9,od1,True,True,False
0.1,20,3,3,9,od2,True,True,False
0.1,20,3,3,13,gw0,False,False,False
0.1,20,3,3,13,gw1,False,False,False
0.1,20,3,3,13,gw2,False,False,False
0.1,20,3,3,13,od0,False,False,False
0.1,20,3,3,13,od1,False,False,False
0.1,20,3,3,13,od2,False,True,True
0.1,20,3,3,17,gw0,False,False,False
0.1,20,3,3,17,gw1,False,False,False
0.1,20,3,3,17,gw2,False,False,False
0.1,20,3,3,17,od0,False,False,False
0.1,20,3,3,17,od1,False,False,False
0.1,20,3,3,17,od2,False,False,False
0.1,20,3,3,21,gw0,False,False,False
0.1,20,3,3,21,gw1,False,False,False
0.1,20,3,3,21,gw2,False,False,False
0.1,20,3,3,21,od0,False,True,True
0.1,20,3,3,21,od1,False,True,True
0.1,20,3,3,21,od2,False,False,False
0.3,10,2,2,0,gw0,False,False,False
0.3,10,2,2,0,gw1,False,False,False
0.3,10,2,2,0,od0,True,True,False
0.3,10,2,2,0,od1,True,True,False
0.3,10,2,2,4,gw0,False,True,True
0.3,10,2,2,4,gw1,False,True,True
0.3,10,2,2,4,od0,True,True,False
0.3,10,2,2,4,od1,True,True,False
0.3,10,2,2,8,gw0,False,True,True
0.3,10,2,2,8,gw1,False,True,True
0.3,10,2,2,8,od0,False,True,True
0.3,10,2,2,8,od1,False,False,False
0.3,10,2,2,12,gw0,False,False,False
0.3,10,2,2,12,gw1,False,False,False
0.3,10,2,2,12,od0,False,True,True
0.3,10,2,2,12,od1,False,False,False
0.3,10,2,2,16,gw0,False,True,True
0.3,10,2,2,16,gw1,False,True,True
0.3,10,2,2,16,od0,True,True,False
0.3,10,2,2,16,od1,True,True,False
0.3,10,2,2,20,gw0,False,False,False
0.3,10,2,2,20,gw1,False,False,False
0.3,10,2,2,20,od0,False,False,False
0.3,10,2,2,20,od1,False,False,False
0.3,10,2,2,24,gw0,False,True,True
0.3,10,2,2,24,gw1,False,False,False
0.3,10,2,2,24,od0,True,True,False
0.3,10,2,2,24,od1,True,True,False
0.3,10,3,2,3,gw0,False,True,True
0.3,10,3,2,3,gw1,False,True,True
0.3,10,3,2,3,gw2,False,True,True
0.3,10,3,2,3,od0,False,True,True
0.3,10,3,2,3,od1,True,True,False
0.3,10,3,2,7,gw0,False,False,False
0.3,10,3,2,7,gw1,False,False,False
0.3,10,3,2,7,gw2,False,False,False
0.3,10,3,2,7,od0,True,True,False
0.3,10,3,2,7,od1,True,True,False
0.3,10,3,2,11,gw0,False,True,True
0.3,10,3,2,11,gw1,False,False,False
0.3,10,3,2,11,gw2,False,False,False
0.3,10,3,2,11,od0,False,False,False
0.3,10,3,2,11,od1,True,True,False
0.3,10,3,2,15,gw0,False,False,False
0.3,10,3,2,15,gw1,False,False,False
0.3,10,3,2,15,gw2,False,False,False
0.3,10,3,2,15,od0,False,False,False
0.3,10,3,2,15,od1,True,True,False
0.3,10,3,2,19,gw0,False,False,False
0.3,10,3,2,19,gw1,False,False,False
0.3,10,3,2,19,gw2,False,False,False
0.3,10,3,2,19,od0,True,True,False
0.3,10,3,2,19,od1,False,True,True
0.3,10,3,2,23,gw0,False,False,False
0.3,10,3,2,23,gw1,False,False,False
0.3,10,3,2,23,gw2,False,False,False
0.3,10,3,2,23,od0,False,False,False
0.3,10,3,2,23,od1,False,False,False
0.3,10,2,3,2,gw0,False,False,False
0.3,10,2,3,2,gw1,False,True,True
0.3,10,2,3,2,od0,True,True,False
0.3,10,2,3,2,od1,True,True,False
0.3,10,2,3,2,od2,True,True,False
0.3,10,2,3,6,gw0,False,True,True
0.3,10,2,3,6,gw1,False,True,True
0.3,10,2,3,6,od0,False,True,True
0.3,10,2,3,6,od1,True,True,False
0.3,10,2,3,6,od2,True,True,False
0.3,10,2,3,10,gw0,False,False,False
0.3,10,2,3,10,gw1,False,False,False
0.3,10,2,3,10,od0,False,False,False
0.3,10,2,3,10,od1,False,True,True
0.3,10,2,3,10,od2,False,False,False
0.3,10,2,3,14,gw0,False,True,True
0.3,10,2,3,14,gw1,False,True,True
0.3,10,2,3,14,od0,False,True,True
0.3,10,2,3,14,od1,False,False,False
0.3,10,2,3,14,od2,False,True,True
0.3,10,2,3,18,gw0,False,True,True
0.3,10,2,3,18,gw1,False,False,False
0.3,10,2,3,18,od0,False,True,True
0.3,10,2,3,18,od1,False,False,False
0.3,10,2,3,18,od2,False,False,False
0.3,10,2,3,22,gw0,False,False,False
0.3,10,2,3,22,gw1,False,False,False
0.3,10,2,3,22,od0,False,False,False
0.3,10,2,3,22,od1,False,False,False
0.3,10,2,3,22,od2,True,True,False
0.3,10,3,3,1,gw0,False,False,False
0.3,10,3,3,1,gw1,False,True,True
0.3,10,3,3,1,gw2,False,False,False
0.3,10,3,3,1,od0,True,True,False
0.3,10,3,3,1,od1,True,True,False
0.3,10,3,3,1,od2,True,True,False
0.3,10,3,3,5,gw0,False,False,False
0.3,10,3,3,5,gw1,False,False,False
0.3,10,3,3,5,gw2,False,False,False
0.3,10,3,3,5,od0,False,True,True
0.3,10,3,3,5,od1,False,True,True
0.3,10,3,3,5,od2,True,True,False
0.3,10,3,3,9,gw0,False,True,True
0.3,10,3,3,9,gw1,False,True,True
0.3,10,3,3,9,gw2,False,True,True
0.3,10,3,3,9,od0,True,True,False
0.3,10,3,3,9,od1,True,True,False
0.3,10,3,3,9,od2,True,True,False
0.3,10,3,3,13,gw0,False,False,False
0.3,10,3,3,13,gw1,False,True,True
0.3,10,3,3,13,gw2,False,False,False
0.3,10,3,3,13,od0,False,True,True
0.3,10,3,3,13,od1,True,True,False
0.3,10,3,3,13,od2,False,False,False
0.3,10,3,3,17,gw0,False,True,True
0.3,10,3,3,17,gw1,False,False,False
0.3,10,3,3,17,gw2,False,False,False
0.3,10,3,3,17,od0,False,False,False
0.3,10,3,3,17,od1,True,True,False
0.3,10,3,3,17,od2,False,False,False
0.3,10,3,3,21,gw0,False,True,True
0.3,10,3,3,21,gw1,False,True,True
0.3,10,3,3,21,gw2,False,True,True
0.3,10,3,3,21,od0,False,False,False
0.3,10,3,3,21,od1,True,True,False
0.3,10,3,3,21,od2,False,False,False
0.3,15,2,2,0,gw0,False,False,False
0.3,15,2,2,0,gw1,False,False,False
0.3,15,2,2,0,od0,False,False,False
0.3,15,2,2,0,od1,False,False,False
0.3,15,2,2,4,gw0,False,False,False
0.3,15,2,2,4,gw1,False,True,True
0.3,15,2,2,4,od0,False,False,False
0.3,15,2,2,4,od1,True,True,False
0.3,15,2,2,8,gw0,False,False,False
0.3,15,2,2,8,gw1,False,False,False
0.3,15,2,2,8,od0,False,False,False
0.3,15,2,2,8,od1,True,True,False
0.3,15,2,2,12,gw0,False,False,False
0.3,15,2,2,12,gw1,False,False,False
0.3,15,2,2,12,od0,False,False,False
0.3,15,2,2,12,od1,False,False,False
0.3,15,2,2,16,gw0,False,False,False
0.3,15,2,2,16,gw1,False,False,False
0.3,15,2,2,16,od0,False,False,False
0.3,15,2,2,16,od1,False,False,False
0.3,15,2,2,20,gw0,False,True,True
0.3,15,2,2,20,gw1,False,True,True
0.3,15,2,2,20,od0,True,True,False
0.3,15,2,2,20,od1,True,True,False
0.3,15,2,2,24,gw0,False,False,False
0.3,15,2,2,24,gw1,False,False,False
0.3,15,2,2,24,od0,False,False,False
0.3,15,2,2,24,od1,False,False,False
0.3,15,3,2,3,gw0,False,False,False
0.3,15,3,2,3,gw1,False,False,False
0.3,15,3,2,3,gw2,False,False,False
0.3,15,3,2,3,od0,False,True,True
0.3,15,3,2,3,od1,False,False,False
0.3,15,3,2,7,gw0,False,False,False
0.3,15,3,2,7,gw1,False,False,False
0.3,15,3,2,7,gw2,False,False,False
0.3,15,3,2,7,od0,False,True,True
0.3,15,3,2,7,od1,True,True,False
0.3,15,3,2,11,gw0,False,False,False
0.3,15,3,2,11,gw1,False,False,False
0.3,15,3,2,11,gw2,False,False,False
0.3,15,3,2,11,od0,False,False,False
0.3,15,3,2,11,od1,False,True,True
0.3,15,3,2,15,gw0,False,True,True
0.3,15,3,2,15,gw1,False,True,True
0.3,15,3,2,15,gw2,False,True,True
0.3,15,3,2,15,od0,False,False,False
0.3,15,3,2,15,od1,False,False,False
0.3,15,3,2,19,gw0,False,False,False
0.3,15,3,2,19,gw1,False,False,False
0.3,15,3,2,19,gw2,False,False,False
0.3,15,3,2,19,od0,False,False,False
0.3,15,3,2,19,od1,False,False,False
0.3,15,3,2,23,gw0,False,False,False
0.3,15,3,2,23,gw1,False,False,False
0.3,15,3,2,23,gw2,False,False,False
0.3,15,3,2,23,od0,False,False,False
0.3,15,3,2,23,od1,False,False,False
0.3,15,2,3,2,gw0,False,False,False
0.3,15,2,3,2,gw1,False,True,True
0.3,15,2,3,2,od0,False,False,False
0.3,15,2,3,2,od1,False,False,False
0.3,15,2,3,2,od2,False,False,False
0.3,15,2,3,6,gw0,False,False,False
0.3,15,2,3,6,gw1,False,False,False
0.3,15,2,3,6,od0,False,True,True
0.3,15,2,3,6,od1,False,True,True
0.3,15,2,3,6,od2,True,True,False
0.3,15,2,3,10,gw0,False,False,False
0.3,15,2,3,10,gw1,False,False,False
0.3,15,2,3,10,od0,False,False,False
0.3,15,2,3,10,od1,True,True,False
0.3,15,2,3,10,od2,False,False,False
0.3,15,2,3,14,gw0,False,False,False
0.3,15,2,3,14,gw1,False,False,False
0.3,15,2,3,14,od0,True,True,False
0.3,15,2,3,14,od1,True,True,False
0.3,15,2,3,14,od2,False,False,False
0.3,15,2,3,18,gw0,False,False,False
0.3,15,2,3,18,gw1,False,False,False
0.3,15,2,3,18,od0,True,True,False
0.3,15,2,3,18,od1,True,True,False
0.3,15,2,3,18,od2,False,False,False
0.3,15,2,3,22,gw0,False,False,False
0.3,15,2,3,22,gw1,False,False,False
0.3,15,2,3,22,od0,False,True,True
0.3,15,2,3,22,od1,False,False,False
0.3,15,2,3,22,od2,False,False,False
0.3,15,3,3,1,gw0,False,False,False
0.3,15,3,3,1,gw1,False,False,False
0.3,15,3,3,1,gw2,False,False,False
0.3,15,3,3,1,od0,False,False,False
0.3,15,3,3,1,od1,False,False,False
0.3,15,3,3,1,od2,False,True,True
0.3,15,3,3,5,gw0,False,False,False
0.3,15,3,3,5,gw1,False,False,False
0.3,15,3,3,5,gw2,False,False,False
0.3,15,3,3,5,od0,True,True,False
0.3,15,3,3,5,od1,False,False,False
0.3,15,3,3,5,od2,True,True,False
0.3,15,3,3,9,gw0,False,False,False
0.3,15,3,3,9,gw1,False,False,False
0.3,15,3,3,9,gw2,False,False,False
0.3,15,3,3,9,od0,False,False,False
0.3,15,3,3,9,od1,False,False,False
0.3,15,3,3,9,od2,False,False,False
0.3,15,3,3,13,gw0,False,False,False
0.3,15,3,3,13,gw1,False,False,False
0.3,15,3,3,13,gw2,False,False,False
0.3,15,3,3,13,od0,False,False,False
0.3,15,3,3,13,od1,True,True,False
0.3,15,3,3,13,od2,True,True,False
0.3,15,3,3,17,gw0,False,True,True
0.3,15,3,3,17,gw1,False,True,True
0.3,15,3,3,17,gw2,False,True,True
0.3,15,3,3,17,od0,False,False,False
0.3,15,3,3,17,od1,False,False,False
0.3,15,3,3,17,od2,False,True,True
0.3,15,3,3,21,gw0,False,False,False
0.3,15,3,3,21,gw1,False,False,False
0.3,15,3,3,21,gw2,False,False,False
0.3,15,3,3,21,od0,False,False,False
0.3,15,3,3,21,od1,False,False,False
0.3,15,3,3,21,od2,False,True,True
0.3,20,2,2,0,gw0,False,False,False
0.3,20,2,2,0,gw1,False,False,False
0.3,20,2,2,0,od0,False,False,False
0.3,20,2,2,0,od1,False,False,False
0.3,20,2,2,4,gw0,False,False,False
0.3,20,2,2,4,gw1,False,False,False
0.3,20,2,2,4,od0,False,False,False
0.3,20,2,2,4,od1,False,False,False
0.3,20,2,2,8,gw0,False,False,False
0.3,20,2,2,8,gw1,False,False,False
0.3,20,2,2,8,od0,False,False,False
0.3,20,2,2,8,od1,False,False,False
0.3,20,2,2,12,gw0,False,False,False
0.3,20,2,2,12,gw1,False,False,False
0.3,20,2,2,12,od0,False,False,False
0.3,20,2,2,12,od1,False,False,False
0.3,20,2,2,16,gw0,False,False,False
0.3,20,2,2,16,gw1,False,False,False
0.3,20,2,2,16,od0,False,False,False
0.3,20,2,2,16,od1,False,True,True
0.3,20,2,2,20,gw0,False,False,False
0.3,20,2,2,20,gw1,False,False,False
0.3,20,2,2,20,od0,False,False,False
0.3,20,2,2,20,od1,False,False,False
0.3,20,2,2,24,gw0,False,False,False
0.3,20,2,2,24,gw1,False,False,False
0.3,20,2,2,24,od0,False,False,False
0.3,20,2,2,24,od1,False,False,False
0.3,20,3,2,3,gw0,False,False,False
0.3,20,3,2,3,gw1,False,False,False
0.3,20,3,2,3,gw2,False,False,False
0.3,20,3,2,3,od0,False,False,False
0.3,20,3,2,3,od1,False,True,True
0.3,20,3,2,7,gw0,False,False,False
0.3,20,3,2,7,gw1,False,False,False
0.3,20,3,2,7,gw2,False,False,False
0.3,20,3,2,7,od0,False,False,False
0.3,20,3,2,7,od1,False,False,False
0.3,20,3,2,11,gw0,False,False,False
0.3,20,3,2,11,gw1,False,False,False
0.3,20,3,2,11,gw2,False,False,False
0.3,20,3,2,11,od0,False,False,False
0.3,20,3,2,11,od1,False,False,False
0.3,20,3,2,15,gw0,False,False,False
0.3,20,3,2,15,gw1,False,True,True
0.3,20,3,2,15,gw2,False,True,True
0.3,20,3,2,15,od0,False,True,True
0.3,20,3,2,15,od1,False,False,False
0.3,20,3,2,19,gw0,False,True,True
0.3,20,3,2,19,gw1,False,True,True
0.3,20,3,2,19,gw2,False,True,True
0.3,20,3,2,19,od0,True,True,False
0.3,20,3,2,19,od1,True,True,False
0.3,20,3,2,23,gw0,False,False,False
0.3,20,3,2,23,gw1,False,False,False
0.3,20,3,2,23,gw2,False,False,False
0.3,20,3,2,23,od0,False,False,False
0.3,20,3,2,23,od1,False,False,False
0.3,20,2,3,2,gw0,False,False,False
0.3,20,2,3,2,gw1,False,False,False
0.3,20,2,3,2,od0,False,True,True
0.3,20,2,3,2,od1,True,True,False
0.3,20,2,3,2,od2,False,False,False
0.3,20,2,3,6,gw0,False,False,False
0.3,20,2,3,6,gw1,False,True,True
0.3,20,2,3,6,od0,False,False,False
0.3,20,2,3,6,od1,False,False,False
0.3,20,2,3,6,od2,False,True,True
0.3,20,2,3,10,gw0,False,False,False
0.3,20,2,3,10,gw1,False,False,False
0.3,20,2,3,10,od0,False,False,False
0.3,20,2,3,10,od1,False,False,False
0.3,20,2,3,10,od2,True,True,False
0.3,20,2,3,14,gw0,False,False,False
0.3,20,2,3,14,gw1,False,False,False
0.3,20,2,3,14,od0,True,True,False
0.3,20,2,3,14,od1,False,False,False
0.3,20,2,3,14,od2,False,True,True
0.3,20,2,3,18,gw0,False,False,False
0.3,20,2,3,18,gw1,False,False,False
0.3,20,2,3,18,od0,False,False,False
0.3,20,2,3,18,od1,False,False,False
0.3,20,2,3,18,od2,False,True,True
0.3,20,2,3,22,gw0,False,False,False
0.3,20,2,3,22,gw1,False,False,False
0.3,20,2,3,22,od0,False,False,False
0.3,20,2,3,22,od1,False,False,False
0.3,20,2,3,22,od2,True,True,False
0.3,20,3,3,1,gw0,False,False,False
0.3,20,3,3,1,gw1,False,False,False
0.3,20,3,3,1,gw2,False,False,False
0.3,20,3,3,1,od0,True,True,False
0.3,20,3,3,1,od1,False,False,False
0.3,20,3,3,1,od2,False,False,False
0.3,20,3,3,5,gw0,False,False,False
0.3,20,3,3,5,gw1,False,False,False
0.3,20,3,3,5,gw2,False,False,False
0.3,20,3,3,5,od0,True,True,False
0.3,20,3,3,5,od1,True,True,False
0.3,20,3,3,5,od2,False,True,True
0.3,20,3,3,9,gw0,False,False,False
0.3,20,3,3,9,gw1,False,False,False
0.3,20,3,3,9,gw2,False,False,False
0.3,20,3,3,9,od0,False,False,False
0.3,20,3,3,9,od1,False,False,False
0.3,20,3,3,9,od2,True,True,False
0.3,20,3,3,13,gw0,False,False,False
0.3,20,3,3,13,gw1,False,False,False
0.3,20,3,3,13,gw2,False,False,False
0.3,20,3,3,13,od0,False,False,False
0.3,20,3,3,13,od1,False,True,True
0.3,20,3,3,13,od2,False,False,False
0.3,20,3,3,17,gw0,False,False,False
0.3,20,3,3,17,gw1,False,False,False
0.3,20,3,3,17,gw2,False,False,False
0.3,20,3,3,17,od0,False,False,False
0.3,20,3,3,17,od1,False,False,False
0.3,20,3,3,17,od2,False,True,True
0.3,20,3,3,21,gw0,False,False,False
0.3,20,3,3,21,gw1,False,False,False
0.3,20,3,3,21,gw2,False,False,False
0.3,20,3,3,21,od0,True,True,False
0.3,20,3,3,21,od1,False,False,False
0.3,20,3,3,21,od2,False,False,False
0.5,10,2,2,0,gw0,False,False,False
0.5,10,2,2,0,gw1,False,True,True
0.5,10,2,2,0,od0,False,False,False
0.5,10,2,2,0,od1,True,True,False
0.5,10,2,2,4,gw0,False,True,True
0.5,10,2,2,4,gw1,False,True,True
0.5,10,2,2,4,od0,True,True,False
0.5,10,2,2,4,od1,True,True,False
0.5,10,2,2,8,gw0,False,False,False
0.5,10,2,2,8,gw1,False,False,False
0.5,10,2,2,8,od0,True,True,False
0.5,10,2,2,8,od1,True,True,False
0.5,10,2,2,12,gw0,False,False,False
0.5,10,2,2,12,gw1,False,False,False
0.5,10,2,2,12,od0,True,True,False
0.5,10,2,2,12,od1,True,True,False
0.5,10,2,2,16,gw0,False,True,True
0.5,10,2,2,16,gw1,False,True,True
0.5,10,2,2,16,od0,True,True,False
0.5,10,2,2,16,od1,True,True,False
0.5,10,2,2,20,gw0,False,True,True
0.5,10,2,2,20,gw1,False,True,True
0.5,10,2,2,20,od0,True,True,False
0.5,10,2,2,20,od1,True,True,False
0.5,10,2,2,24,gw0,False,True,True
0.5,10,2,2,24,gw1,False,True,True
0.5,10,2,2,24,od0,True,True,False
0.5,10,2,2,24,od1,True,True,False
0.5,10,3,2,3,gw0,False,True,True
0.5,10,3,2,3,gw1,False,True,True
0.5,10,3,2,3,gw2,False,True,True
0.5,10,3,2,3,od0,True,True,False
0.5,10,3,2,3,od1,True,True,False
0.5,10,3,2,7,gw0,False,True,True
0.5,10,3,2,7,gw1,False,True,True
0.5,10,3,2,7,gw2,False,True,True
0.5,10,3,2,7,od0,True,True,False
0.5,10,3,2,7,od1,True,True,False
0.5,10,3,2,11,gw0,False,False,False
0.5,10,3,2,11,gw1,False,False,False
0.5,10,3,2,11,gw2,False,False,False
0.5,10,3,2,11,od0,True,True,False
0.5,10,3,2,11,od1,True,True,False
0.5,10,3,2,15,gw0,False,False,False
0.5,10,3,2,15,gw1,False,False,False
0.5,10,3,2,15,gw2,False,False,False
0.5,10,3,2,15,od0,False,False,False
0.5,10,3,2,15,od1,True,True,False
0.5,10,3,2,19,gw0,False,False,False
0.5,10,3,2,19,gw1,False,False,False
0.5,10,3,2,19,gw2,False,False,False
0.5,10,3,2,19,od0,True,True,False
0.5,10,3,2,19,od1,True,True,False
0.5,10,3,2,23,gw0,False,True,True
0.5,10,3,2,23,gw1,False,True,True
0.5,10,3,2,23,gw2,False,True,True
0.5,10,3,2,23,od0,True,True,False
0.5,10,3,2,23,od1,True,True,False
0.5,10,2,3,2,gw0,False,False,False
0.5,10,2,3,2,gw1,False,False,False
0.5,10,2,3,2,od0,True,True,False
0.5,10,2,3,2,od1,True,True,False
0.5,10,2,3,2,od2,True,True,False
0.5,10,2,3,6,gw0,False,True,True
0.5,10,2,3,6,gw1,False,True,True
0.5,10,2,3,6,od0,True,True,False
0.5,10,2,3,6,od1,True,True,False
0.5,10,2,3,6,od2,True,True,False
0.5,10,2,3,10,gw0,False,True,True
0.5,10,2,3,10,gw1,False,True,True
0.5,10,2,3,10,od0,True,True,False
0.5,10,2,3,10,od1,True,True,False
0.5,10,2,3,10,od2,True,True,False
0.5,10,2,3,14,gw0,False,True,True
0.5,10,2,3,14,gw1,False,True,True
0.5,10,2,3,14,od0,True,True,False
0.5,10,2,3,14,od1,True,True,False
0.5,10,2,3,14,od2,True,True,False
0.5,10,2,3,18,gw0,False,True,True
0.5,10,2,3,18,gw1,False,True,True
0.5,10,2,3,18,od0,True,True,False
0.5,10,2,3,18,od1,True,True,False
0.5,10,2,3,18,od2,True,True,False
0.5,10,2,3,22,gw0,False,True,True
0.5,10,2,3,22,gw1,False,False,False
0.5,10,2,3,22,od0,False,False,False
0.5,10,2,3,22,od1,True,True,False
0.5,10,2,3,22,od2,False,False,False
0.5,10,3,3,1,gw0,False,True,True
0.5,10,3,3,1,gw1,False,True,True
0.5,10,3,3,1,gw2,False,True,True
0.5,10,3,3,1,od0,False,True,True
0.5,10,3,3,1,od1,False,True,True
0.5,10,3,3,1,od2,False,False,False
0.5,10,3,3,5,gw0,False,True,True
0.5,10,3,3,5,gw1,False,True,True
0.5,10,3,3,5,gw2,False,True,True
0.5,10,3,3,5,od0,True,True,False
0.5,10,3,3,5,od1,True,True,False
0.5,10,3,3,5,od2,True,True,False
0.5,10,3,3,9,gw0,False,True,True
0.5,10,3,3,9,gw1,False,True,True
0.5,10,3,3,9,gw2,False,True,True
0.5,10,3,3,9,od0,True,True,False
0.5,10,3,3,9,od1,True,True,False
0.5,10,3,3,9,od2,True,True,False
0.5,10,3,3,13,gw0,False,True,True
0.5,10,3,3,13,gw1,False,True,True
0.5,10,3,3,13,gw2,False,True,True
0.5,10,3,3,13,od0,True,True,False
0.5,10,3,3,13,od1,True,True,False
0.5,10,3,3,13,od2,True,True,False
0.5,10,3,3,17,gw0,False,True,True
0.5,10,3,3,17,gw1,False,True,True
0.5,10,3,3,17,gw2,False,True,True
0.5,10,3,3,17,od0,True,True,False
0.5,10,3,3,17,od1,True,True,False
0.5,10,3,3,17,od2,True,True,False
0.5,10,3,3,21,gw0,False,True,True
0.5,10,3,3,21,gw1,False,True,True
0.5,10,3,3,21,gw2,False,True,True
0.5,10,3,3,21,od0,True,True,False
0.5,10,3,3,21,od1,True,True,False
0.5,10,3,3,21,od2,True,True,False
0.5,15,2,2,0,gw0,False,False,False
0.5,15,2,2,0,gw1,False,False,False
0.5,15,2,2,0,od0,True,True,False
0.5,15,2,2,0,od1,False,False,False
0.5,15,2,2,4,gw0,False,False,False
0.5,15,2,2,4,gw1,False,False,False
0.5,15,2,2,4,od0,False,False,False
0.5,15,2,2,4,od1,True,True,False
0.5,15,2,2,8,gw0,False,True,True
0.5,15,2,2,8,gw1,False,True,True
0.5,15,2,2,8,od0,True,True,False
0.5,15,2,2,8,od1,True,True,False
0.5,15,2,2,12,gw0,False,True,True
0.5,15,2,2,12,gw1,False,True,True
0.5,15,2,2,12,od0,True,True,False
0.5,15,2,2,12,od1,True,True,False
0.5,15,2,2,16,gw0,False,False,False
0.5,15,2,2,16,gw1,False,False,False
0.5,15,2,2,16,od0,True,True,False
0.5,15,2,2,16,od1,True,True,False
0.5,15,2,2,20,gw0,False,False,False
0.5,15,2,2,20,gw1,False,True,True
0.5,15,2,2,20,od0,True,True,False
0.5,15,2,2,20,od1,True,True,False
0.5,15,2,2,24,gw0,False,True,True
0.5,15,2,2,24,gw1,False,True,True
0.5,15,2,2,24,od0,True,True,False
0.5,15,2,2,24,od1,True,True,False
0.5,15,3,2,3,gw0,False,True,True
0.5,15,3,2,3,gw1,False,True,True
0.5,15,3,2,3,gw2,False,True,True
0.5,15,3,2,3,od0,True,True,False
0.5,15,3,2,3,od1,True,True,False
0.5,15,3,2,7,gw0,False,True,True
0.5,15,3,2,7,gw1,False,True,True
0.5,15,3,2,7,gw2,False,True,True
0.5,15,3,2,7,od0,True,True,False
0.5,15,3,2,7,od1,True,True,False
0.5,15,3,2,11,gw0,False,False,False
0.5,15,3,2,11,gw1,False,False,False
0.5,15,3,2,11,gw2,False,False,False
0.5,15,3,2,11,od0,True,True,False
0.5,15,3,2,11,od1,True,True,False
0.5,15,3,2,15,gw0,False,True,True
0.5,15,3,2,15,gw1,False,True,True
0.5,15,3,2,15,gw2,False,True,True
0.5,15,3,2,15,od0,True,True,False
0.5,15,3,2,15,od1,True,True,False
0.5,15,3,2,19,gw0,False,True,True
0.5,15,3,2,19,gw1,False,True,True
0.5,15,3,2,19,gw2,False,True,True
0.5,15,3,2,19,od0,True,True,False
0.5,15,3,2,19,od1,True,True,False
0.5,15,3,2,23,gw0,False,True,True
0.5,15,3,2,23,gw1,False,True,True
0.5,15,3,2,23,gw2,False,True,True
0.5,15,3,2,23,od0,True,True,False
0.5,15,3,2,23,od1,True,True,False
0.5,15,2,3,2,gw0,False,False,False
0.5,15,2,3,2,gw1,False,True,True
0.5,15,2,3,2,od0,True,True,False
0.5,15,2,3,2,od1,False,False,False
0.5,15,2,3,2,od2,True,True,False
0.5,15,2,3,6,gw0,False,True,True
0.5,15,2,3,6,gw1,False,True,True
0.5,15,2,3,6,od0,False,True,True
0.5,15,2,3,6,od1,True,True,False
0.5,15,2,3,6,od2,True,True,False
0.5,15,2,3,10,gw0,False,True,True
0.5,15,2,3,10,gw1,False,False,False
0.5,15,2,3,10,od0,True,True,False
0.5,15,2,3,10,od1,False,False,False
0.5,15,2,3,10,od2,True,True,False
0.5,15,2,3,14,gw0,False,True,True
0.5,15,2,3,14,gw1,False,True,True
0.5,15,2,3,14,od0,True,True,False
0.5,15,2,3,14,od1,False,False,False
0.5,15,2,3,14,od2,True,True,False
0.5,15,2,3,18,gw0,False,True,True
0.5,15,2,3,18,gw1,False,True,True
0.5,15,2,3,18,od0,True,True,False
0.5,15,2,3,18,od1,True,True,False
0.5,15,2,3,18,od2,True,True,False
0.5,15,2,3,22,gw0,False,False,False
0.5,15,2,3,22,gw1,False,False,False
0.5,15,2,3,22,od0,True,True,False
0.5,15,2,3,22,od1,True,True,False
0.5,15,2,3,22,od2,True,True,False
0.5,15,3,3,1,gw0,False,True,True
0.5,15,3,3,1,gw1,False,True,True
0.5,15,3,3,1,gw2,False,True,True
0.5,15,3,3,1,od0,True,True,False
0.5,15,3,3,1,od1,True,True,False
0.5,15,3,3,1,od2,True,True,False
0.5,15,3,3,5,gw0,False,False,False
0.5,15,3,3,5,gw1,False,False,False
0.5,15,3,3,5,gw2,False,False,False
0.5,15,3,3,5,od0,True,True,False
0.5,15,3,3,5,od1,True,True,False
0.5,15,3,3,5,od2,True,True,False
0.5,15,3,3,9,gw0,False,True,True
0.5,15,3,3,9,gw1,False,True,True
0.5,15,3,3,9,gw2,False,True,True
0.5,15,3,3,9,od0,True,True,False
0.5,15,3,3,9,od1,True,True,False
0.5,15,3,3,9,od2,True,True,False
0.5,15,3,3,13,gw0,False,False,False
0.5,15,3,3,13,gw1,False,False,False
0.5,15,3,3,13,gw2,False,False,False
0.5,15,3,3,13,od0,False,False,False
0.5,15,3,3,13,od1,True,True,False
0.5,15,3,3,13,od2,True,True,False
0.5,15,3,3,17,gw0,False,True,True
0.5,15,3,3,17,gw1,False,False,False
0.5,15,3,3,17,gw2,False,False,False
0.5,15,3,3,17,od0,True,True,False
0.5,15,3,3,17,od1,True,True,False
0.5,15,3,3,17,od2,False,False,False
0.5,15,3,3,21,gw0,False,False,False
0.5,15,3,3,21,gw1,False,False,False
0.5,15,3,3,21,gw2,False,False,False
0.5,15,3,3,21,od0,True,True,False
0.5,15,3,3,21,od1,True,True,False
0.5,15,3,3,21,od2,True,True,False
0.5,20,2,2,0,gw0,False,True,True
0.5,20,2,2,0,gw1,False,True,True
0.5,20,2,2,0,od0,False,False,False
0.5,20,2,2,0,od1,True,True,False
0.5,20,2,2,4,gw0,False,False,False
0.5,20,2,2,4,gw1,False,False,False
0.5,20,2,2,4,od0,True,True,False
0.5,20,2,2,4,od1,True,True,False
0.5,20,2,2,8,gw0,False,False,False
0.5,20,2,2,8,gw1,False,False,False
0.5,20,2,2,8,od0,True,True,False
0.5,20,2,2,8,od1,True,True,False
0.5,20,2,2,12,gw0,False,True,True
0.5,20,2,2,12,gw1,False,True,True
0.5,20,2,2,12,od0,True,True,False
0.5,20,2,2,12,od1,True,True,False
0.5,20,2,2,16,gw0,False,False,False
0.5,20,2,2,16,gw1,False,False,False
0.5,20,2,2,16,od0,True,True,False
0.5,20,2,2,16,od1,True,True,False
0.5,20,2,2,20,gw0,False,True,True
0.5,20,2,2,20,gw1,False,True,True
0.5,20,2,2,20,od0,True,True,False
0.5,20,2,2,20,od1,True,True,False
0.5,20,2,2,24,gw0,False,True,True
0.5,20,2,2,24,gw1,False,True,True
0.5,20,2,2,24,od0,True,True,False
0.5,20,2,2,24,od1,True,True,False
0.5,20,3,2,3,gw0,False,True,True
0.5,20,3,2,3,gw1,False,True,True
0.5,20,3,2,3,gw2,False,True,True
0.5,20,3,2,3,od0,True,True,False
0.5,20,3,2,3,od1,True,True,False
0.5,20,3,2,7,gw0,False,False,False
0.5,20,3,2,7,gw1,False,False,False
0.5,20,3,2,7,gw2,False,False,False
0.5,20,3,2,7,od0,True,True,False
0.5,20,3,2,7,od1,True,True,False
0.5,20,3,2,11,gw0,False,True,True
0.5,20,3,2,11,gw1,False,True,True
0.5,20,3,2,11,gw2,False,True,True
0.5,20,3,2,11,od0,True,True,False
0.5,20,3,2,11,od1,True,True,False
0.5,20,3,2,15,gw0,False,False,False
0.5,20,3,2,15,gw1,False,False,False
0.5,20,3,2,15,gw2,False,False,False
0.5,20,3,2,15,od0,True,True,False
0.5,20,3,2,15,od1,True,True,False
0.5,20,3,2,19,gw0,False,False,False
0.5,20,3,2,19,gw1,False,False,False
0.5,20,3,2,19,gw2,False,False,False
0.5,20,3,2,19,od0,False,True,True
0.5,20,3,2,19,od1,False,False,False
0.5,20,3,2,23,gw0,False,True,True
0.5,20,3,2,23,gw1,False,True,True
0.5,20,3,2,23,gw2,False,True,True
0.5,20,3,2,23,od0,True,True,False
0.5,20,3,2,23,od1,True,True,False
0.5,20,2,3,2,gw0,False,True,True
0.5,20,2,3,2,gw1,False,True,True
0.5,20,2,3,2,od0,True,True,False
0.5,20,2,3,2,od1,True,True,False
0.5,20,2,3,2,od2,True,True,False
0.5,20,2,3,6,gw0,False,False,False
0.5,20,2,3,6,gw1,False,False,False
0.5,20,2,3,6,od0,True,True,False
0.5,20,2,3,6,od1,True,True,False
0.5,20,2,3,6,od2,True,True,False
0.5,20,2,3,10,gw0,False,False,False
0.5,20,2,3,10,gw1,False,False,False
0.5,20,2,3,10,od0,True,True,False
0.5,20,2,3,10,od1,True,True,False
0.5,20,2,3,10,od2,True,True,False
0.5,20,2,3,14,gw0,False,False,False
0.5,20,2,3,14,gw1,False,False,False
0.5,20,2,3,14,od0,False,False,False
0.5,20,2,3,14,od1,True,True,False
0.5,20,2,3,14,od2,True,True,False
0.5,20,2,3,18,gw0,False,False,False
0.5,20,2,3,18,gw1,False,False,False
0.5,20,2,3,18,od0,True,True,False
0.5,20,2,3,18,od1,True,True,False
0.5,20,2,3,18,od2,True,True,False
0.5,20,2,3,22,gw0,False,False,False
0.5,20,2,3,22,gw1,False,False,False
0.5,20,2,3,22,od0,True,True,False
0.5,20,2,3,22,od1,True,True,False
0.5,20,2,3,22,od2,True,True,False
0.5,20,3,3,1,gw0,False,True,True
0.5,20,3,3,1,gw1,False,True,True
0.5,20,3,3,1,gw2,False,False,False
0.5,20,3,3,1,od0,False,False,False
0.5,20,3,3,1,od1,True,True,False
0.5,20,3,3,1,od2,True,True,False
0.5,20,3,3,5,gw0,False,False,False
0.5,20,3,3,5,gw1,False,False,False
0.5,20,3,3,5,gw2,False,False,False
0.5,20,3,3,5,od0,True,True,False
0.5,20,3,3,5,od1,True,True,False
0.5,20,3,3,5,od2,True,True,False
0.5,20,3,3,9,gw0,False,True,True
0.5,20,3,3,9,gw1,False,True,True
0.5,20,3,3,9,gw2,False,True,True
0.5,20,3,3,9,od0,True,True,False
0.5,20,3,3,9,od1,True,True,False
0.5,20,3,3,9,od2,True,True,False
0.5,20,3,3,13,gw0,False,False,False
0.5,20,3,3,13,gw1,False,False,False
0.5,20,3,3,13,gw2,False,False,False
0.5,20,3,3,13,od0,True,True,False
0.5,20,3,3,13,od1,True,True,False
0.5,20,3,3,13,od2,True,True,False
0.5,20,3,3,17,gw0,False,True,True
0.5,20,3,3,17,gw1,False,True,True
0.5,20,3,3,17,gw2,False,False,False
0.5,20,3,3,17,od0,True,True,False
0.5,20,3,3,17,od1,True,True,False
0.5,20,3,3,17,od2,True,True,False
0.5,20,3,3,21,gw0,False,True,True
0.5,20,3,3,21,gw1,False,True,True
0.5,20,3,3,21,gw2,False,True,True
0.5,20,3,3,21,od0,True,True,False
0.5,20,3,3,21,od1,True,True,False
0.5,20,3,3,21,od2,True,True,False
0.7,10,2,2,0,gw0,False,False,False
0.7,10,2,2,0,gw1,False,False,False
0.7,10,2,2,0,od0,False,False,False
0.7,10,2,2,0,od1,False,False,False
0.7,10,2,2,4,gw0,False,False,False
0.7,10,2,2,4,gw1,False,False,False
0.7,10,2,2,4,od0,True,True,False
0.7,10,2,2,4,od1,True,True,False
0.7,10,2,2,8,gw0,False,False,False
0.7,10,2,2,8,gw1,False,False,False
0.7,10,2,2,8,od0,False,False,False
0.7,10,2,2,8,od1,False,False,False
0.7,10,2,2,12,gw0,False,False,False
0.7,10,2,2,12,gw1,False,False,False
0.7,10,2,2,12,od0,False,True,True
0.7,10,2,2,12,od1,False,False,False
0.7,10,2,2,16,gw0,False,False,False
0.7,10,2,2,16,gw1,False,False,False
0.7,10,2,2,16,od0,False,False,False
0.7,10,2,2,16,od1,False,False,False
0.7,10,2,2,20,gw0,False,False,False
0.7,10,2,2,20,gw1,False,False,False
0.7,10,2,2,20,od0,False,False,False
0.7,10,2,2,20,od1,False,False,False
0.7,10,2,2,24,gw0,False,True,True
0.7,10,2,2,24,gw1,False,True,True
0.7,10,2,2,24,od0,False,False,False
0.7,10,2,2,24,od1,False,False,False
0.7,10,3,2,3,gw0,False,False,False
0.7,10,3,2,3,gw1,False,False,False
0.7,10,3,2,3,gw2,False,False,False
0.7,10,3,2,3,od0,False,False,False
0.7,10,3,2,3,od1,False,False,False
0.7,10,3,2,7,gw0,False,False,False
0.7,10,3,2,7,gw1,False,False,False
0.7,10,3,2,7,gw2,False,False,False
0.7,10,3,2,7,od0,False,False,False
0.7,10,3,2,7,od1,False,False,False
0.7,10,3,2,11,gw0,False,False,False
0.7,10,3,2,11,gw1,False,False,False
0.7,10,3,2,11,gw2,False,False,False
0.7,10,3,2,11,od0,False,False,False
0.7,10,3,2,11,od1,False,False,False
0.7,10,3,2,15,gw0,False,False,False
0.7,10,3,2,15,gw1,False,False,False
0.7,10,3,2,15,gw2,False,False,False
0.7,10,3,2,15,od0,False,False,False
0.7,10,3,2,15,od1,False,True,True
0.7,10,3,2,19,gw0,False,False,False
0.7,10,3,2,19,gw1,False,False,False
0.7,10,3,2,19,gw2,False,False,False
0.7,10,3,2,19,od0,False,False,False
0.7,10,3,2,19,od1,False,False,False
0.7,10,3,2,23,gw0,False,False,False
0.7,10,3,2,23,gw1,False,False,False
0.7,10,3,2,23,gw2,False,False,False
0.7,10,3,2,23,od0,False,False,False
0.7,10,3,2,23,od1,False,False,False
0.7,10,2,3,2,gw0,False,False,False
0.7,10,2,3,2,gw1,False,False,False
0.7,10,2,3,2,od0,True,True,False
0.7,10,2,3,2,od1,False,True,True
0.7,10,2,3,2,od2,False,False,False
0.7,10,2,3,6,gw0,False,False,False
0.7,10,2,3,6,gw1,False,False,False
0.7,10,2,3,6,od0,False,False,False
0.7,10,2,3,6,od1,False,False,False
0.7,10,2,3,6,od2,False,False,False
0.7,10,2,3,10,gw0,False,True,True
0.7,10,2,3,10,gw1,False,False,False
0.7,10,2,3,10,od0,False,False,False
0.7,10,2,3,10,od1,False,True,True
0.7,10,2,3,10,od2,False,False,False
0.7,10,2,3,14,gw0,False,False,False
0.7,10,2,3,14,gw1,False,False,False
0.7,10,2,3,14,od0,False,False,False
0.7,10,2,3,14,od1,False,False,False
0.7,10,2,3,14,od2,False,False,False
0.7,10,2,3,18,gw0,False,False,False
0.7,10,2,3,18,gw1,False,False,False
0.7,10,2,3,18,od0,False,True,True
0.7,10,2,3,18,od1,False,False,False
0.7,10,2,3,18,od2,False,False,False
0.7,10,2,3,22,gw0,False,False,False
0.7,10,2,3,22,gw1,False,False,False
0.7,10,2,3,22,od0,False,False,False
0.7,10,2,3,22,od1,False,False,False
0.7,10,2,3,22,od2,False,True,True
0.7,10,3,3,1,gw0,False,False,False
0.7,10,3,3,1,gw1,False,False,False
0.7,10,3,3,1,gw2,False,False,False
0.7,10,3,3,1,od0,False,False,False
0.7,10,3,3,1,od1,False,False,False
0.7,10,3,3,1,od2,False,False,False
0.7,10,3,3,5,gw0,False,False,False
0.7,10,3,3,5,gw1,False,False,False
0.7,10,3,3,5,gw2,False,False,False
0.7,10,3,3,5,od0,False,False,False
0.7,10,3,3,5,od1,False,False,False
0.7,10,3,3,5,od2,False,False,False
0.7,10,3,3,9,gw0,False,False,False
0.7,10,3,3,9,gw1,False,False,False
0.7,10,3,3,9,gw2,False,False,False
0.7,10,3,3,9,od0,False,False,False
0.7,10,3,3,9,od1,False,False,False
0.7,10,3,3,9,od2,False,False,False
0.7,10,3,3,13,gw0,False,False,False
0.7,10,3,3,13,gw1,False,False,False
0.7,10,3,3,13,gw2,False,False,False
0.7,10,3,3,13,od0,False,False,False
0.7,10,3,3,13,od1,False,False,False
0.7,10,3,3,13,od2,False,False,False
0.7,10,3,3,17,gw0,False,True,True
0.7,10,3,3,17,gw1,False,True,True
0.7,10,3,3,17,gw2,False,False,False
0.7,10,3,3,17,od0,False,False,False
0.7,10,3,3,17,od1,False,True,True
0.7,10,3,3,17,od2,False,False,False
0.7,10,3,3,21,gw0,False,False,False
0.7,10,3,3,21,gw1,False,False,False
0.7,10,3,3,21,gw2,False,False,False
0.7,10,3,3,21,od0,False,False,False
0.7,10,3,3,21,od1,False,False,False
0.7,10,3,3,21,od2,False,False,False
0.7,15,2,2,0,gw0,False,False,False
0.7,15,2,2,0,gw1,False,False,False
0.7,15,2,2,0,od0,False,False,False
0.7,15,2,2,0,od1,False,False,False
0.7,15,2,2,4,gw0,False,False,False
0.7,15,2,2,4,gw1,False,False,False
0.7,15,2,2,4,od0,False,True,True
0.7,15,2,2,4,od1,False,False,False
0.7,15,2,2,8,gw0,False,False,False
0.7,15,2,2,8,gw1,False,False,False
0.7,15,2,2,8,od0,False,False,False
0.7,15,2,2,8,od1,False,False,False
0.7,15,2,2,12,gw0,False,False,False
0.7,15,2,2,12,gw1,False,False,False
0.7,15,2,2,12,od0,False,False,False
0.7,15,2,2,12,od1,False,False,False
0.7,15,2,2,16,gw0,False,False,False
0.7,15,2,2,16,gw1,False,False,False
0.7,15,2,2,16,od0,False,False,False
0.7,15,2,2,16,od1,False,False,False
0.7,15,2,2,20,gw0,False,False,False
0.7,15,2,2,20,gw1,False,False,False
0.7,15,2,2,20,od0,False,False,False
0.7,15,2,2,20,od1,False,True,True
0.7,15,2,2,24,gw0,False,False,False
0.7,15,2,2,24,gw1,False,False,False
0.7,15,2,2,24,od0,False,False,False
0.7,15,2,2,24,od1,False,False,False
0.7,15,3,2,3,gw0,False,False,False
0.7,15,3,2,3,gw1,False,False,False
0.7,15,3,2,3,gw2,False,False,False
0.7,15,3,2,3,od0,False,False,False
0.7,15,3,2,3,od1,False,False,False
0.7,15,3,2,7,gw0,False,False,False
0.7,15,3,2,7,gw1,False,False,False
0.7,15,3,2,7,gw2,False,False,False
0.7,15,3,2,7,od0,False,False,False
0.7,15,3,2,7,od1,False,False,False
0.7,15,3,2,11,gw0,False,False,False
0.7,15,3,2,11,gw1,False,False,False
0.7,15,3,2,11,gw2,False,False,False
0.7,15,3,2,11,od0,False,True,True
0.7,15,3,2,11,od1,False,False,False
0.7,15,3,2,15,gw0,False,False,False
0.7,15,3,2,15,gw1,False,False,False
0.7,15,3,2,15,gw2,False,False,False
0.7,15,3,2,15,od0,False,False,False
0.7,15,3,2,15,od1,False,False,False
0.7,15,3,2,19,gw0,False,False,False
0.7,15,3,2,19,gw1,False,False,False
0.7,15,3,2,19,gw2,False,False,False
0.7,15,3,2,19,od0,False,False,False
0.7,15,3,2,19,od1,False,True,True
0.7,15,3,2,23,gw0,False,False,False
0.7,15,3,2,23,gw1,False,False,False
0.7,15,3,2,23,gw2,False,False,False
0.7,15,3,2,23,od0,False,False,False
0.7,15,3,2,23,od1,False,False,False
0.7,15,2,3,2,gw0,False,False,False
0.7,15,2,3,2,gw1,False,False,False
0.7,15,2,3,2,od0,False,False,False
0.7,15,2,3,2,od1,False,False,False
0.7,15,2,3,2,od2,True,True,False
0.7,15,2,3,6,gw0,False,False,False
0.7,15,2,3,6,gw1,False,False,False
0.7,15,2,3,6,od0,False,False,False
0.7,15,2,3,6,od1,True,True,False
0.7,15,2,3,6,od2,False,False,False
0.7,15,2,3,10,gw0,False,False,False
0.7,15,2,3,10,gw1,False,True,True
0.7,15,2,3,10,od0,False,False,False
0.7,15,2,3,10,od1,False,False,False
0.7,15,2,3,10,od2,False,False,False
0.7,15,2,3,14,gw0,False,True,True
0.7,15,2,3,14,gw1,False,True,True
0.7,15,2,3,14,od0,False,False,False
0.7,15,2,3,14,od1,False,False,False
0.7,15,2,3,14,od2,False,False,False
0.7,15,2,3,18,gw0,False,False,False
0.7,15,2,3,18,gw1,False,False,False
0.7,15,2,3,18,od0,False,False,False
0.7,15,2,3,18,od1,False,False,False
0.7,15,2,3,18,od2,False,False,False
0.7,15,2,3,22,gw0,False,False,False
0.7,15,2,3,22,gw1,False,False,False
0.7,15,2,3,22,od0,False,True,True
0.7,15,2,3,22,od1,False,False,False
0.7,15,2,3,22,od2,False,False,False
0.7,15,3,3,1,gw0,False,False,False
0.7,15,3,3,1,gw1,False,False,False
0.7,15,3,3,1,gw2,False,False,False
0.7,15,3,3,1,od0,False,False,False
0.7,15,3,3,1,od1,False,False,False
0.7,15,3,3,1,od2,False,False,False
0.7,15,3,3,5,gw0,False,False,False
0.7,15,3,3,5,gw1,False,False,False
0.7,15,3,3,5,gw2,False,False,False
0.7,15,3,3,5,od0,False,False,False
0.7,15,3,3,5,od1,False,True,True
0.7,15,3,3,5,od2,False,True,True
0.7,15,3,3,9,gw0,False,False,False
0.7,15,3,3,9,gw1,False,False,False
0.7,15,3,3,9,gw2,False,False,False
0.7,15,3,3,9,od0,False,False,False
0.7,15,3,3,9,od1,False,False,False
0.7,15,3,3,9,od2,False,False,False
0.7,15,3,3,13,gw0,False,False,False
0.7,15,3,3,13,gw1,False,False,False
0.7,15,3,3,13,gw2,False,False,False
0.7,15,3,3,13,od0,False,False,False
0.7,15,3,3,13,od1,False,False,False
0.7,15,3,3,13,od2,False,False,False
0.7,15,3,3,17,gw0,False,False,False
0.7,15,3,3,17,gw1,False,False,False
0.7,15,3,3,17,gw2,False,False,False
0.7,15,3,3,17,od0,False,False,False
0.7,15,3,3,17,od1,False,False,False
0.7,15,3,3,17,od2,False,True,True
0.7,15,3,3,21,gw0,False,False,False
0.7,15,3,3,21,gw1,False,False,False
0.7,15,3,3,21,gw2,False,False,False
0.7,15,3,3,21,od0,True,True,False
0.7,15,3,3,21,od1,False,False,False
0.7,15,3,3,21,od2,False,False,False
0.7,20,2,2,0,gw0,False,False,False
0.7,20,2,2,0,gw1,False,False,False
0.7,20,2,2,0,od0,False,False,False
0.7,20,2,2,0,od1,False,False,False
0.7,20,2,2,4,gw0,False,False,False
0.7,20,2,2,4,gw1,False,False,False
0.7,20,2,2,4,od0,False,False,False
0.7,20,2,2,4,od1,False,False,False
0.7,20,2,2,8,gw0,False,False,False
0.7,20,2,2,8,gw1,False,False,False
0.7,20,2,2,8,od0,False,False,False
0.7,20,2,2,8,od1,False,True,True
0.7,20,2,2,12,gw0,False,False,False
0.7,20,2,2,12,gw1,False,False,False
0.7,20,2,2,12,od0,False,False,False
0.7,20,2,2,12,od1,False,False,False
0.7,20,2,2,16,gw0,False,False,False
0.7,20,2,2,16,gw1,False,False,False
0.7,20,2,2,16,od0,False,False,False
0.7,20,2,2,16,od1,False,False,False
0.7,20,2,2,20,gw0,False,False,False
0.7,20,2,2,20,gw1,False,False,False
0.7,20,2,2,20,od0,False,False,False
0.7,20,2,2,20,od1,False,False,False
0.7,20,2,2,24,gw0,False,False,False
0.7,20,2,2,24,gw1,False,False,False
0.7,20,2,2,24,od0,False,False,False
0.7,20,2,2,24,od1,False,False,False
0.7,20,3,2,3,gw0,False,False,False
0.7,20,3,2,3,gw1,False,False,False
0.7,20,3,2,3,gw2,False,False,False
0.7,20,3,2,3,od0,False,False,False
0.7,20,3,2,3,od1,False,False,False
0.7,20,3,2,7,gw0,False,False,False
0.7,20,3,2,7,gw1,False,False,False
0.7,20,3,2,7,gw2,False,False,False
0.7,20,3,2,7,od0,False,False,False
0.7,20,3,2,7,od1,False,False,False
0.7,20,3,2,11,gw0,False,False,False
0.7,20,3,2,11,gw1,False,False,False
0.7,20,3,2,11,gw2,False,False,False
0.7,20,3,2,11,od0,False,False,False
0.7,20,3,2,11,od1,False,False,False
0.7,20,3,2,15,gw0,False,False,False
0.7,20,3,2,15,gw1,False,False,False
0.7,20,3,2,15,gw2,False,False,False
0.7,20,3,2,15,od0,False,False,False
0.7,20,3,2,15,od1,False,False,False
0.7,20,3,2,19,gw0,False,False,False
0.7,20,3,2,19,gw1,False,False,False
0.7,20,3,2,19,gw2,False,False,False
0.7,20,3,2,19,od0,False,False,False
0.7,20,3,2,19,od1,False,False,False
0.7,20,3,2,23,gw0,False,False,False
0.7,20,3,2,23,gw1,False,False,False
0.7,20,3,2,23,gw2,False,False,False
0.7,20,3,2,23,od0,False,False,False
0.7,20,3,2,23,od1,False,False,False
0.7,20,2,3,2,gw0,False,False,False
0.7,20,2,3,2,gw1,False,False,False
0.7,20,2,3,2,od0,False,False,False
0.7,20,2,3,2,od1,False,False,False
0.7,20,2,3,2,od2,False,False,False
0.7,20,2,3,6,gw0,False,False,False
0.7,20,2,3,6,gw1,False,False,False
0.7,20,2,3,6,od0,False,False,False
0.7,20,2,3,6,od1,False,False,False
0.7,20,2,3,6,od2,False,False,False
0.7,20,2,3,10,gw0,False,False,False
0.7,20,2,3,10,gw1,False,False,False
0.7,20,2,3,10,od0,False,False,False
0.7,20,2,3,10,od1,False,False,False
0.7,20,2,3,10,od2,False,False,False
0.7,20,2,3,14,gw0,False,False,False
0.7,20,2,3,14,gw1,False,False,False
0.7,20,2,3,14,od0,False,False,False
0.7,20,2,3,14,od1,False,True,True
0.7,20,2,3,14,od2,False,False,False
0.7,20,2,3,18,gw0,False,False,False
0.7,20,2,3,18,gw1,False,False,False
0.7,20,2,3,18,od0,False,False,False
0.7,20,2,3,18,od1,False,False,False
0.7,20,2,3,18,od2,False,False,False
0.7,20,2,3,22,gw0,False,False,False
0.7,20,2,3,22,gw1,False,False,False
0.7,20,2,3,22,od0,False,False,False
0.7,20,2,3,22,od1,False,False,False
0.7,20,2,3,22,od2,False,True,True
0.7,20,3,3,1,gw0,False,False,False
0.7,20,3,3,1,gw1,False,False,False
0.7,20,3,3,1,gw2,False,False,False
0.7,20,3,3,1,od0,False,True,True
0.7,20,3,3,1,od1,False,False,False
0.7,20,3,3,1,od2,False,False,False
0.7,20,3,3,5,gw0,False,False,False
0.7,20,3,3,5,gw1,False,False,False
0.7,20,3,3,5,gw2,False,False,False
0.7,20,3,3,5,od0,False,False,False
0.7,20,3,3,5,od1,False,True,True
0.7,20,3,3,5,od2,False,False,False
0.7,20,3,3,9,gw0,False,False,False
0.7,20,3,3,9,gw1,False,False,False
0.7,20,3,3,9,gw2,False,False,False
0.7,20,3,3,9,od0,False,False,False
0.7,20,3,3,9,od1,False,False,False
0.7,20,3,3,9,od2,False,False,False
0.7,20,3,3,13,gw0,False,False,False
0.7,20,3,3,13,gw1,False,False,False
0.7,20,3,3,13,gw2,False,False,False
0.7,20,3,3,13,od0,False,False,False
0.7,20,3,3,13,od1,False,False,False
0.7,20,3,3,13,od2,False,False,False
0.7,20,3,3,17,gw0,False,False,False
0.7,20,3,3,17,gw1,False,False,False
0.7,20,3,3,17,gw2,False,False,False
0.7,20,3,3,17,od0,False,False,False
0.7,20,3,3,17,od1,False,False,False
0.7,20,3,3,17,od2,False,False,False
0.7,20,3,3,21,gw0,False,False,False
0.7,20,3,3,21,gw1,False,False,False
0.7,20,3,3,21,gw2,False,False,False
0.7,20,3,3,21,od0,False,False,False
0.7,20,3,3,21,od1,False,False,False
0.7,20,3,3,21,od2,False,False,False
0.9,10,2,2,0,gw0,False,False,False
0.9,10,2,2,0,gw1,False,False,False
0.9,10,2,2,0,od0,False,False,False
0.9,10,2,2,0,od1,False,False,False
0.9,10,2,2,4,gw0,False,False,False
0.9,10,2,2,4,gw1,False,False,False
0.9,10,2,2,4,od0,False,False,False
0.9,10,2,2,4,od1,False,False,False
0.9,10,2,2,8,gw0,False,False,False
0.9,10,2,2,8,gw1,False,False,False
0.9,10,2,2,8,od0,False,False,False
0.9,10,2,2,8,od1,False,False,False
0.9,10,2,2,12,gw0,False,False,False
0.9,10,2,2,12,gw1,False,False,False
0.9,10,2,2,12,od0,False,False,False
0.9,10,2,2,12,od1,False,False,False
0.9,10,2,2,16,gw0,False,False,False
0.9,10,2,2,16,gw1,False,False,False
0.9,10,2,2,16,od0,False,False,False
0.9,10,2,2,16,od1,False,False,False
0.9,10,2,2,20,gw0,False,False,False
0.9,10,2,2,20,gw1,False,False,False
0.9,10,2,2,20,od0,False,False,False
0.9,10,2,2,20,od1,False,False,False
0.9,10,2,2,24,gw0,False,False,False
0.9,10,2,2,24,gw1,False,False,False
0.9,10,2,2,24,od0,False,False,False
0.9,10,2,2,24,od1,False,False,False
0.9,10,3,2,3,gw0,False,False,False
0.9,10,3,2,3,gw1,False,False,False
0.9,10,3,2,3,gw2,False,False,False
0.9,10,3,2,3,od0,False,False,False
0.9,10,3,2,3,od1,False,False,False
0.9,10,3,2,7,gw0,False,False,False
0.9,10,3,2,7,gw1,False,False,False
0.9,10,3,2,7,gw2,False,False,False
0.9,10,3,2,7,od0,False,False,False
0.9,10,3,2,7,od1,True,True,False
0.9,10,3,2,11,gw0,False,False,False
0.9,10,3,2,11,gw1,False,False,False
0.9,10,3,2,11,gw2,False,False,False
0.9,10,3,2,11,od0,False,False,False
0.9,10,3,2,11,od1,False,False,False
0.9,10,3,2,15,gw0,False,False,False
0.9,10,3,2,15,gw1,False,False,False
0.9,10,3,2,15,gw2,False,False,False
0.9,10,3,2,15,od0,False,False,False
0.9,10,3,2,15,od1,False,False,False
0.9,10,3,2,19,gw0,False,False,False
0.9,10,3,2,19,gw1,False,False,False
0.9,10,3,2,19,gw2,False,False,False
0.9,10,3,2,19,od0,False,False,False
0.9,10,3,2,19,od1,False,False,False
0.9,10,3,2,23,gw0,False,False,False
0.9,10,3,2,23,gw1,False,False,False
0.9,10,3,2,23,gw2,False,False,False
0.9,10,3,2,23,od0,False,False,False
0.9,10,3,2,23,od1,False,False,False
0.9,10,2,3,2,gw0,False,False,False
0.9,10,2,3,2,gw1,False,False,False
0.9,10,2,3,2,od0,False,False,False
0.9,10,2,3,2,od1,False,False,False
0.9,10,2,3,2,od2,False,False,False
0.9,10,2,3,6,gw0,False,False,False
0.9,10,2,3,6,gw1,False,False,False
0.9,10,2,3,6,od0,False,False,False
0.9,10,2,3,6,od1,False,False,False
0.9,10,2,3,6,od2,False,False,False
0.9,10,2,3,10,gw0,False,False,False
0.9,10,2,3,10,gw1,False,False,False
0.9,10,2,3,10,od0,False,False,False
0.9,10,2,3,10,od1,False,False,False
0.9,10,2,3,10,od2,False,False,False
0.9,10,2,3,14,gw0,False,False,False
0.9,10,2,3,14,gw1,False,False,False
0.9,10,2,3,14,od0,False,False,False
0.9,10,2,3,14,od1,False,False,False
0.9,10,2,3,14,od2,False,False,False
0.9,10,2,3,18,gw0,False,False,False
0.9,10,2,3,18,gw1,False,False,False
0.9,10,2,3,18,od0,False,True,True
0.9,10,2,3,18,od1,False,False,False
0.9,10,2,3,18,od2,False,False,False
0.9,10,2,3,22,gw0,False,False,False
0.9,10,2,3,22,gw1,False,False,False
0.9,10,2,3,22,od0,False,False,False
0.9,10,2,3,22,od1,False,False,False
0.9,10,2,3,22,od2,False,False,False
0.9,10,3,3,1,gw0,False,False,False
0.9,10,3,3,1,gw1,False,False,False
0.9,10,3,3,1,gw2,False,False,False
0.9,10,3,3,1,od0,False,False,False
0.9,10,3,3,1,od1,False,False,False
0.9,10,3,3,1,od2,False,False,False
0.9,10,3,3,5,gw0,False,False,False
0.9,10,3,3,5,gw1,False,False,False
0.9,10,3,3,5,gw2,False,False,False
0.9,10,3,3,5,od0,False,False,False
0.9,10,3,3,5,od1,False,False,False
0.9,10,3,3,5,od2,False,False,False
0.9,10,3,3,9,gw0,False,False,False
0.9,10,3,3,9,gw1,False,False,False
0.9,10,3,3,9,gw2,False,False,False
0.9,10,3,3,9,od0,False,False,False
0.9,10,3,3,9,od1,False,False,False
0.9,10,3,3,9,od2,False,False,False
0.9,10,3,3,13,gw0,False,False,False
0.9,10,3,3,13,gw1,False,False,False
0.9,10,3,3,13,gw2,False,False,False
0.9,10,3,3,13,od0,False,False,False
0.9,10,3,3,13,od1,False,False,False
0.9,10,3,3,13,od2,False,False,False
0.9,10,3,3,17,gw0,False,False,False
0.9,10,3,3,17,gw1,False,False,False
0.9,10,3,3,17,gw2,False,False,False
0.9,10,3,3,17,od0,False,False,False
0.9,10,3,3,17,od1,False,False,False
0.9,10,3,3,17,od2,False,False,False
0.9,10,3,3,21,gw0,False,False,False
0.9,10,3,3,21,gw1,False,False,False
0.9,10,3,3,21,gw2,False,False,False
0.9,10,3,3,21,od0,False,False,False
0.9,10,3,3,21,od1,False,False,False
0.9,10,3,3,21,od2,False,False,False
0.9,15,2,2,0,gw0,False,False,False
0.9,15,2,2,0,gw1,False,False,False
0.9,15,2,2,0,od0,False,False,False
0.9,15,2,2,0,od1,False,False,False
0.9,15,2,2,4,gw0,False,False,False
0.9,15,2,2,4,gw1,False,False,False
0.9,15,2,2,4,od0,False,False,False
0.9,15,2,2,4,od1,False,False,False
0.9,15,2,2,8,gw0,False,False,False
0.9,15,2,2,8,gw1,False,False,False
0.9,15,2,2,8,od0,False,False,False
0.9,15,2,2,8,od1,False,False,False
0.9,15,2,2,12,gw0,False,False,False
0.9,15,2,2,12,gw1,False,False,False
0.9,15,2,2,12,od0,False,False,False
0.9,15,2,2,12,od1,False,False,False
0.9,15,2,2,16,gw0,False,False,False
0.9,15,2,2,16,gw1,False,False,False
0.9,15,2,2,16,od0,False,False,False
0.9,15,2,2,16,od1,False,False,False
0.9,15,2,2,20,gw0,False,False,False
0.9,15,2,2,20,gw1,False,False,False
0.9,15,2,2,20,od0,False,False,False
0.9,15,2,2,20,od1,False,False,False
0.9,15,2,2,24,gw0,False,False,False
0.9,15,2,2,24,gw1,False,False,False
0.9,15,2,2,24,od0,False,False,False
0.9,15,2,2,24,od1,False,False,False
0.9,15,3,2,3,gw0,False,False,False
0.9,15,3,2,3,gw1,False,False,False
0.9,15,3,2,3,gw2,False,False,False
0.9,15,3,2,3,od0,False,False,False
0.9,15,3,2,3,od1,False,False,False
0.9,15,3,2,7,gw0,False,False,False
0.9,15,3,2,7,gw1,False,False,False
0.9,15,3,2,7,gw2,False,False,False
0.9,15,3,2,7,od0,False,False,False
0.9,15,3,2,7,od1,False,False,False
0.9,15,3,2,11,gw0,False,False,False
0.9,15,3,2,11,gw1,False,False,False
0.9,15,3,2,11,gw2,False,False,False
0.9,15,3,2,11,od0,False,False,False
0.9,15,3,2,11,od1,False,False,False
0.9,15,3,2,15,gw0,False,False,False
0.9,15,3,2,15,gw1,False,False,False
0.9,15,3,2,15,gw2,False,False,False
0.9,15,3,2,15,od0,False,False,False
0.9,15,3,2,15,od1,False,False,False
0.9,15,3,2,19,gw0,False,False,False
0.9,15,3,2,19,gw1,False,False,False
0.9,15,3,2,19,gw2,False,False,False
0.9,15,3,2,19,od0,False,False,False
0.9,15,3,2,19,od1,False,False,False
0.9,15,3,2,23,gw0,False,False,False
0.9,15,3,2,23,gw1,False,False,False
0.9,15,3,2,23,gw2,False,False,False
0.9,15,3,2,23,od0,False,False,False
0.9,15,3,2,23,od1,False,False,False
0.9,15,2,3,2,gw0,False,False,False
0.9,15,2,3,2,gw1,False,False,False
0.9,15,2,3,2,od0,False,False,False
0.9,15,2,3,2,od1,False,False,False
0.9,15,2,3,2,od2,False,False,False
0.9,15,2,3,6,gw0,False,False,False
0.9,15,2,3,6,gw1,False,False,False
0.9,15,2,3,6,od0,False,False,False
0.9,15,2,3,6,od1,False,False,False
0.9,15,2,3,6,od2,False,False,False
0.9,15,2,3,10,gw0,False,False,False
0.9,15,2,3,10,gw1,False,False,False
0.9,15,2,3,10,od0,False,False,False
0.9,15,2,3,10,od1,False,False,False
0.9,15,2,3,10,od2,False,False,False
0.9,15,2,3,14,gw0,False,False,False
0.9,15,2,3,14,gw1,False,False,False
0.9,15,2,3,14,od0,False,False,False
0.9,15,2,3,14,od1,False,False,False
0.9,15,2,3,14,od2,False,False,False
0.9,15,2,3,18,gw0,False,False,False
0.9,15,2,3,18,gw1,False,False,False
0.9,15,2,3,18,od0,False,False,False
0.9,15,2,3,18,od1,False,False,False
0.9,15,2,3,18,od2,False,False,False
0.9,15,2,3,22,gw0,False,False,False
0.9,15,2,3,22,gw1,False,False,False
0.9,15,2,3,22,od0,False,False,False
0.9,15,2,3,22,od1,False,False,False
0.9,15,2,3,22,od2,False,False,False
0.9,15,3,3,1,gw0,False,False,False
0.9,15,3,3,1,gw1,False,False,False
0.9,15,3,3,1,gw2,False,False,False
0.9,15,3,3,1,od0,False,False,False
0.9,15,3,3,1,od1,False,False,False
0.9,15,3,3,1,od2,False,False,False
0.9,15,3,3,5,gw0,False,False,False
0.9,15,3,3,5,gw1,False,False,False
0.9,15,3,3,5,gw2,False,False,False
0.9,15,3,3,5,od0,False,False,False
0.9,15,3,3,5,od1,False,False,False
0.9,15,3,3,5,od2,False,False,False
0.9,15,3,3,9,gw0,False,False,False
0.9,15,3,3,9,gw1,False,False,False
0.9,15,3,3,9,gw2,False,False,False
0.9,15,3,3,9,od0,False,False,False
0.9,15,3,3,9,od1,False,False,False
0.9,15,3,3,9,od2,False,False,False
0.9,15,3,3,13,gw0,False,False,False
0.9,15,3,3,13,gw1,False,False,False
0.9,15,3,3,13,gw2,False,False,False
0.9,15,3,3,13,od0,False,False,False
0.9,15,3,3,13,od1,False,False,False
0.9,15,3,3,13,od2,False,False,False
0.9,15,3,3,17,gw0,False,False,False
0.9,15,3,3,17,gw1,False,False,False
0.9,15,3,3,17,gw2,False,False,False
0.9,15,3,3,17,od0,False,False,False
0.9,15,3,3,17,od1,False,False,False
0.9,15,3,3,17,od2,False,True,True
0.9,15,3,3,21,gw0,False,False,False
0.9,15,3,3,21,gw1,False,False,False
0.9,15,3,3,21,gw2,False,False,False
0.9,15,3,3,21,od0,False,False,False
0.9,15,3,3,21,od1,False,False,False
0.9,15,3,3,21,od2,False,False,False
0.9,20,2,2,0,gw0,False,False,False
0.9,20,2,2,0,gw1,False,False,False
0.9,20,2,2,0,od0,False,False,False
0.9,20,2,2,0,od1,False,False,False
0.9,20,2,2,4,gw0,False,False,False
0.9,20,2,2,4,gw1,False,False,False
0.9,20,2,2,4,od0,False,False,False
0.9,20,2,2,4,od1,False,False,False
0.9,20,2,2,8,gw0,False,False,False
0.9,20,2,2,8,gw1,False,False,False
0.9,20,2,2,8,od0,False,False,False
0.9,20,2,2,8,od1,False,False,False
0.9,20,2,2,12,gw0,False,False,False
0.9,20,2,2,12,gw1,False,False,False
0.9,20,2,2,12,od0,False,False,False
0.9,20,2,2,12,od1,False,False,False
0.9,20,2,2,16,gw0,False,False,False
0.9,20,2,2,16,gw1,False,False,False
0.9,20,2,2,16,od0,False,False,False
0.9,20,2,2,16,od1,False,False,False
0.9,20,2,2,20,gw0,False,False,False
0.9,20,2,2,20,gw1,False,False,False
0.9,20,2,2,20,od0,False,False,False
0.9,20,2,2,20,od1,False,False,False
0.9,20,2,2,24,gw0,False,False,False
0.9,20,2,2,24,gw1,False,False,False
0.9,20,2,2,24,od0,False,False,False
0.9,20,2,2,24,od1,False,False,False
0.9,20,3,2,3,gw0,False,False,False
0.9,20,3,2,3,gw1,False,False,False
0.9,20,3,2,3,gw2,False,False,False
0.9,20,3,2,3,od0,False,False,False
0.9,20,3,2,3,od1,False,False,False
0.9,20,3,2,7,gw0,False,False,False
0.9,20,3,2,7,gw1,False,False,False
0.9,20,3,2,7,gw2,False,False,False
0.9,20,3,2,7,od0,False,False,False
0.9,20,3,2,7,od1,False,False,False
0.9,20,3,2,11,gw0,False,False,False
0.9,20,3,2,11,gw1,False,False,False
0.9,20,3,2,11,gw2,False,False,False
0.9,20,3,2,11,od0,False,False,False
0.9,20,3,2,11,od1,False,False,False
0.9,20,3,2,15,gw0,False,False,False
0.9,20,3,2,15,gw1,False,False,False
0.9,20,3,2,15,gw2,False,False,False
0.9,20,3,2,15,od0,False,False,False
0.9,20,3,2,15,od1,False,False,False
0.9,20,3,2,19,gw0,False,False,False
0.9,20,3,2,19,gw1,False,False,False
0.9,20,3,2,19,gw2,False,False,False
0.9,20,3,2,19,od0,False,False,False
0.9,20,3,2,19,od1,False,False,False
0.9,20,3,2,23,gw0,False,False,False
0.9,20,3,2,23,gw1,False,False,False
0.9,20,3,2,23,gw2,False,False,False
0.9,20,3,2,23,od0,False,False,False
0.9,20,3,2,23,od1,False,False,False
0.9,20,2,3,2,gw0,False,False,False
0.9,20,2,3,2,gw1,False,False,False
0.9,20,2,3,2,od0,False,False,False
0.9,20,2,3,2,od1,False,False,False
0.9,20,2,3,2,od2,False,False,False
0.9,20,2,3,6,gw0,False,False,False
0.9,20,2,3,6,gw1,False,False,False
0.9,20,2,3,6,od0,False,False,False
0.9,20,2,3,6,od1,False,False,False
0.9,20,2,3,6,od2,False,False,False
0.9,20,2,3,10,gw0,False,False,False
0.9,20,2,3,10,gw1,False,False,False
0.9,20,2,3,10,od0,False,False,False
0.9,20,2,3,10,od1,False,False,False
0.9,20,2,3,10,od2,False,False,False
0.9,20,2,3,14,gw0,False,False,False
0.9,20,2,3,14,gw1,False,False,False
0.9,20,2,3,14,od0,False,False,False
0.9,20,2,3,14,od1,False,False,False
0.9,20,2,3,14,od2,False,False,False
0.9,20,2,3,18,gw0,False,False,False
0.9,20,2,3,18,gw1,False,False,False
0.9,20,2,3,18,od0,False,False,False
0.9,20,2,3,18,od1,False,False,False
0.9,20,2,3,18,od2,False,False,False
0.9,20,2,3,22,gw0,False,False,False
0.9,20,2,3,22,gw1,False,False,False
0.9,20,2,3,22,od0,False,False,False
0.9,20,2,3,22,od1,False,False,False
0.9,20,2,3,22,od2,False,False,False
0.9,20,3,3,1,gw0,False,False,False
0.9,20,3,3,1,gw1,False,False,False
0.9,20,3,3,1,gw2,False,False,False
0.9,20,3,3,1,od0,False,False,False
0.9,20,3,3,1,od1,False,False,False
0.9,20,3,3,1,od2,False,False,False
0.9,20,3,3,5,gw0,False,False,False
0.9,20,3,3,5,gw1,False,False,False
0.9,20,3,3,5,gw2,False,False,False
0.9,20,3,3,5,od0,False,False,False
0.9,20,3,3,5,od1,False,False,False
0.9,20,3,3,5,od2,False,False,False
0.9,20,3,3,9,gw0,False,False,False
0.9,20,3,3,9,gw1,False,False,False
0.9,20,3,3,9,gw2,False,False,False
0.9,20,3,3,9,od0,False,False,False
0.9,20,3,3,9,od1,False,False,False
0.9,20,3,3,9,od2,False,False,False
0.9,20,3,3,13,gw0,False,False,False
0.9,20,3,3,13,gw1,False,False,False
0.9,20,3,3,13,gw2,False,False,False
0.9,20,3,3,13,od0,False,False,False
0.9,20,3,3,13,od1,False,False,False
0.9,20,3,3,13,od2,False,False,False
0.9,20,3,3,17,gw0,False,False,False
0.9,20,3,3,17,gw1,False,False,False
0.9,20,3,3,17,gw2,False,False,False
0.9,20,3,3,17,od0,False,False,False
0.9,20,3,3,17,od1,False,True,True
0.9,20,3,3,17,od2,False,False,False
0.9,20,3,3,21,gw0,False,False,False
0.9,20,3,3,21,gw1,False,False,False
0.9,20,3,3,21,gw2,False,False,False
0.9,20,3,3,21,od0,False,False,False
0.9,20,3,3,21,od1,False,False,False
0.9,20,3,3,21,od2,False,False,False
0.1,10,2,2,1,gw0,False,False,False
0.1,10,2,2,1,gw1,False,False,False
0.1,10,2,2,1,od0,True,True,False
0.1,10,2,2,1,od1,True,True,False
0.1,10,2,2,5,gw0,False,False,False
0.1,10,2,2,5,gw1,False,False,False
0.1,10,2,2,5,od0,False,False,False
0.1,10,2,2,5,od1,True,True,False
0.1,10,2,2,9,gw0,False,True,True
0.1,10,2,2,9,gw1,False,True,True
0.1,10,2,2,9,od0,True,True,False
0.1,10,2,2,9,od1,False,False,False
0.1,10,2,2,13,gw0,False,False,False
0.1,10,2,2,13,gw1,False,False,False
0.1,10,2,2,13,od0,True,True,False
0.1,10,2,2,13,od1,True,True,False
0.1,10,2,2,17,gw0,False,False,False
0.1,10,2,2,17,gw1,False,False,False
0.1,10,2,2,17,od0,True,True,False
0.1,10,2,2,17,od1,True,True,False
0.1,10,2,2,21,gw0,False,True,True
0.1,10,2,2,21,gw1,False,True,True
0.1,10,2,2,21,od0,False,True,True
0.1,10,2,2,21,od1,False,False,False
0.1,10,3,2,0,gw0,False,True,True
0.1,10,3,2,0,gw1,False,True,True
0.1,10,3,2,0,gw2,False,True,True
0.1,10,3,2,0,od0,True,True,False
0.1,10,3,2,0,od1,True,True,False
0.1,10,3,2,4,gw0,False,True,True
0.1,10,3,2,4,gw1,False,True,True
0.1,10,3,2,4,gw2,False,True,True
0.1,10,3,2,4,od0,True,True,False
0.1,10,3,2,4,od1,True,True,False
0.1,10,3,2,8,gw0,False,True,True
0.1,10,3,2,8,gw1,False,False,False
0.1,10,3,2,8,gw2,False,True,True
0.1,10,3,2,8,od0,False,True,True
0.1,10,3,2,8,od1,True,True,False
0.1,10,3,2,12,gw0,False,False,False
0.1,10,3,2,12,gw1,False,True,True
0.1,10,3,2,12,gw2,False,True,True
0.1,10,3,2,12,od0,False,True,True
0.1,10,3,2,12,od1,False,False,False
0.1,10,3,2,16,gw0,False,False,False
0.1,10,3,2,16,gw1,False,False,False
0.1,10,3,2,16,gw2,False,False,False
0.1,10,3,2,16,od0,True,True,False
0.1,10,3,2,16,od1,True,True,False
0.1,10,3,2,20,gw0,False,False,False
0.1,10,3,2,20,gw1,False,False,False
0.1,10,3,2,20,gw2,False,False,False
0.1,10,3,2,20,od0,False,False,False
0.1,10,3,2,20,od1,False,False,False
0.1,10,3,2,24,gw0,False,True,True
0.1,10,3,2,24,gw1,False,True,True
0.1,10,3,2,24,gw2,False,True,True
0.1,10,3,2,24,od0,True,True,False
0.1,10,3,2,24,od1,True,True,False
0.1,10,2,3,3,gw0,False,False,False
0.1,10,2,3,3,gw1,False,False,False
0.1,10,2,3,3,od0,False,False,False
0.1,10,2,3,3,od1,False,False,False
0.1,10,2,3,3,od2,False,True,True
0.1,10,2,3,7,gw0,False,False,False
0.1,10,2,3,7,gw1,False,False,False
0.1,10,2,3,7,od0,False,True,True
0.1,10,2,3,7,od1,False,True,True
0.1,10,2,3,7,od2,False,False,False
0.1,10,2,3,11,gw0,False,True,True
0.1,10,2,3,11,gw1,False,True,True
0.1,10,2,3,11,od0,True,True,False
0.1,10,2,3,11,od1,True,True,False
0.1,10,2,3,11,od2,True,True,False
0.1,10,2,3,15,gw0,False,False,False
0.1,10,2,3,15,gw1,False,False,False
0.1,10,2,3,15,od0,False,False,False
0.1,10,2,3,15,od1,False,False,False
0.1,10,2,3,15,od2,False,True,True
0.1,10,2,3,19,gw0,False,False,False
0.1,10,2,3,19,gw1,False,False,False
0.1,10,2,3,19,od0,True,True,False
0.1,10,2,3,19,od1,True,True,False
0.1,10,2,3,19,od2,True,True,False
0.1,10,2,3,23,gw0,False,True,True
0.1,10,2,3,23,gw1,False,True,True
0.1,10,2,3,23,od0,False,False,False
0.1,10,2,3,23,od1,False,True,True
0.1,10,2,3,23,od2,True,True,False
0.1,10,3,3,2,gw0,False,False,False
0.1,10,3,3,2,gw1,False,False,False
0.1,10,3,3,2,gw2,False,False,False
0.1,10,3,3,2,od0,False,True,True
0.1,10,3,3,2,od1,True,True,False
0.1,10,3,3,2,od2,False,True,True
0.1,10,3,3,6,gw0,False,False,False
0.1,10,3,3,6,gw1,False,False,False
0.1,10,3,3,6,gw2,False,False,False
0.1,10,3,3,6,od0,False,False,False
0.1,10,3,3,6,od1,False,False,False
0.1,10,3,3,6,od2,False,False,False
0.1,10,3,3,10,gw0,False,True,True
0.1,10,3,3,10,gw1,False,True,True
0.1,10,3,3,10,gw2,False,True,True
0.1,10,3,3,10,od0,True,True,False
0.1,10,3,3,10,od1,True,True,False
0.1,10,3,3,10,od2,False,False,False
0.1,10,3,3,14,gw0,False,False,False
0.1,10,3,3,14,gw1,False,True,True
0.1,10,3,3,14,gw2,False,True,True
0.1,10,3,3,14,od0,False,True,True
0.1,10,3,3,14,od1,False,True,True
0.1,10,3,3,14,od2,True,True,False
0.1,10,3,3,18,gw0,False,False,False
0.1,10,3,3,18,gw1,False,False,False
0.1,10,3,3,18,gw2,False,True,True
0.1,10,3,3,18,od0,True,True,False
0.1,10,3,3,18,od1,True,True,False
0.1,10,3,3,18,od2,False,True,True
0.1,10,3,3,22,gw0,False,False,False
0.1,10,3,3,22,gw1,False,False,False
0.1,10,3,3,22,gw2,False,False,False
0.1,10,3,3,22,od0,True,True,False
0.1,10,3,3,22,od1,True,True,False
0.1,10,3,3,22,od2,True,True,False
0.1,15,2,2,1,gw0,False,False,False
0.1,15,2,2,1,gw1,False,False,False
0.1,15,2,2,1,od0,False,False,False
0.1,15,2,2,1,od1,False,False,False
0.1,15,2,2,5,gw0,False,False,False
0.1,15,2,2,5,gw1,False,True,True
0.1,15,2,2,5,od0,False,True,True
0.1,15,2,2,5,od1,False,False,False
0.1,15,2,2,9,gw0,False,False,False
0.1,15,2,2,9,gw1,False,False,False
0.1,15,2,2,9,od0,False,False,False
0.1,15,2,2,9,od1,False,False,False
0.1,15,2,2,13,gw0,False,False,False
0.1,15,2,2,13,gw1,False,False,False
0.1,15,2,2,13,od0,False,False,False
0.1,15,2,2,13,od1,False,False,False
0.1,15,2,2,17,gw0,False,False,False
0.1,15,2,2,17,gw1,False,False,False
0.1,15,2,2,17,od0,False,True,True
0.1,15,2,2,17,od1,False,False,False
0.1,15,2,2,21,gw0,False,False,False
0.1,15,2,2,21,gw1,False,False,False
0.1,15,2,2,21,od0,False,False,False
0.1,15,2,2,21,od1,False,False,False
0.1,15,3,2,0,gw0,False,False,False
0.1,15,3,2,0,gw1,False,False,False
0.1,15,3,2,0,gw2,False,False,False
0.1,15,3,2,0,od0,False,False,False
0.1,15,3,2,0,od1,True,True,False
0.1,15,3,2,4,gw0,False,True,True
0.1,15,3,2,4,gw1,False,False,False
0.1,15,3,2,4,gw2,False,True,True
0.1,15,3,2,4,od0,False,False,False
0.1,15,3,2,4,od1,False,True,True
0.1,15,3,2,8,gw0,False,False,False
0.1,15,3,2,8,gw1,False,False,False
0.1,15,3,2,8,gw2,False,False,False
0.1,15,3,2,8,od0,False,False,False
0.1,15,3,2,8,od1,True,True,False
0.1,15,3,2,12,gw0,False,False,False
0.1,15,3,2,12,gw1,False,False,False
0.1,15,3,2,12,gw2,False,False,False
0.1,15,3,2,12,od0,False,False,False
0.1,15,3,2,12,od1,False,True,True
0.1,15,3,2,16,gw0,False,False,False
0.1,15,3,2,16,gw1,False,True,True
0.1,15,3,2,16,gw2,False,True,True
0.1,15,3,2,16,od0,False,True,True
0.1,15,3,2,16,od1,False,False,False
0.1,15,3,2,20,gw0,False,True,True
0.1,15,3,2,20,gw1,False,True,True
0.1,15,3,2,20,gw2,False,True,True
0.1,15,3,2,20,od0,True,True,False
0.1,15,3,2,20,od1,False,False,False
0.1,15,3,2,24,gw0,False,False,False
0.1,15,3,2,24,gw1,False,False,False
0.1,15,3,2,24,gw2,False,False,False
0.1,15,3,2,24,od0,False,True,True
0.1,15,3,2,24,od1,False,True,True
0.1,15,2,3,3,gw0,False,False,False
0.1,15,2,3,3,gw1,False,True,True
0.1,15,2,3,3,od0,False,False,False
0.1,15,2,3,3,od1,False,False,False
0.1,15,2,3,3,od2,False,False,False
0.1,15,2,3,7,gw0,False,False,False
0.1,15,2,3,7,gw1,False,True,True
0.1,15,2,3,7,od0,True,True,False
0.1,15,2,3,7,od1,True,True,False
0.1,15,2,3,7,od2,True,True,False
0.1,15,2,3,11,gw0,False,False,False
0.1,15,2,3,11,gw1,False,False,False
0.1,15,2,3,11,od0,True,True,False
0.1,15,2,3,11,od1,False,False,False
0.1,15,2,3,11,od2,False,False,False
0.1,15,2,3,15,gw0,False,False,False
0.1,15,2,3,15,gw1,False,False,False
0.1,15,2,3,15,od0,False,False,False
0.1,15,2,3,15,od1,False,False,False
0.1,15,2,3,15,od2,True,True,False
0.1,15,2,3,19,gw0,False,False,False
0.1,15,2,3,19,gw1,False,True,True
0.1,15,2,3,19,od0,False,False,False
0.1,15,2,3,19,od1,False,False,False
0.1,15,2,3,19,od2,False,True,True
0.1,15,2,3,23,gw0,False,False,False
0.1,15,2,3,23,gw1,False,False,False
0.1,15,2,3,23,od0,False,False,False
0.1,15,2,3,23,od1,False,False,False
0.1,15,2,3,23,od2,False,False,False
0.1,15,3,3,2,gw0,False,True,True
0.1,15,3,3,2,gw1,False,False,False
0.1,15,3,3,2,gw2,False,False,False
0.1,15,3,3,2,od0,False,False,False
0.1,15,3,3,2,od1,True,True,False
0.1,15,3,3,2,od2,False,False,False
0.1,15,3,3,6,gw0,False,False,False
0.1,15,3,3,6,gw1,False,False,False
0.1,15,3,3,6,gw2,False,False,False
0.1,15,3,3,6,od0,False,True,True
0.1,15,3,3,6,od1,False,True,True
0.1,15,3,3,6,od2,False,True,True
0.1,15,3,3,10,gw0,False,False,False
0.1,15,3,3,10,gw1,False,False,False
0.1,15,3,3,10,gw2,False,False,False
0.1,15,3,3,10,od0,False,False,False
0.1,15,3,3,10,od1,False,False,False
0.1,15,3,3,10,od2,False,True,True
0.1,15,3,3,14,gw0,False,False,False
0.1,15,3,3,14,gw1,False,False,False
0.1,15,3,3,14,gw2,False,False,False
0.1,15,3,3,14,od0,False,True,True
0.1,15,3,3,14,od1,False,False,False
0.1,15,3,3,14,od2,False,True,True
0.1,15,3,3,18,gw0,False,False,False
0.1,15,3,3,18,gw1,False,False,False
0.1,15,3,3,18,gw2,False,False,False
0.1,15,3,3,18,od0,False,False,False
0.1,15,3,3,18,od1,False,False,False
0.1,15,3,3,18,od2,False,False,False
0.1,15,3,3,22,gw0,False,False,False
0.1,15,3,3,22,gw1,False,False,False
0.1,15,3,3,22,gw2,False,False,False
0.1,15,3,3,22,od0,False,True,True
0.1,15,3,3,22,od1,False,True,True
0.1,15,3,3,22,od2,False,True,True
0.1,20,2,2,1,gw0,False,True,True
0.1,20,2,2,1,gw1,False,True,True
0.1,20,2,2,1,od0,True,True,False
0.1,20,2,2,1,od1,True,True,False
0.1,20,2,2,5,gw0,False,False,False
0.1,20,2,2,5,gw1,False,False,False
0.1,20,2,2,5,od0,False,True,True
0.1,20,2,2,5,od1,False,True,True
0.1,20,2,2,9,gw0,False,False,False
0.1,20,2,2,9,gw1,False,False,False
0.1,20,2,2,9,od0,False,False,False
0.1,20,2,2,9,od1,False,False,False
0.1,20,2,2,13,gw0,False,False,False
0.1,20,2,2,13,gw1,False,False,False
0.1,20,2,2,13,od0,False,True,True
0.1,20,2,2,13,od1,False,False,False
0.1,20,2,2,17,gw0,False,False,False
0.1,20,2,2,17,gw1,False,False,False
0.1,20,2,2,17,od0,False,False,False
0.1,20,2,2,17,od1,False,False,False
0.1,20,2,2,21,gw0,False,False,False
0.1,20,2,2,21,gw1,False,False,False
0.1,20,2,2,21,od0,True,True,False
0.1,20,2,2,21,od1,False,True,True
0.1,20,3,2,0,gw0,False,False,False
0.1,20,3,2,0,gw1,False,False,False
0.1,20,3,2,0,gw2,False,False,False
0.1,20,3,2,0,od0,True,True,False
0.1,20,3,2,0,od1,True,True,False
0.1,20,3,2,4,gw0,False,False,False
0.1,20,3,2,4,gw1,False,False,False
0.1,20,3,2,4,gw2,False,False,False
0.1,20,3,2,4,od0,False,False,False
0.1,20,3,2,4,od1,False,False,False
0.1,20,3,2,8,gw0,False,False,False
0.1,20,3,2,8,gw1,False,False,False
0.1,20,3,2,8,gw2,False,False,False
0.1,20,3,2,8,od0,False,False,False
0.1,20,3,2,8,od1,False,False,False
0.1,20,3,2,12,gw0,False,False,False
0.1,20,3,2,12,gw1,False,False,False
0.1,20,3,2,12,gw2,False,False,False
0.1,20,3,2,12,od0,False,False,False
0.1,20,3,2,12,od1,False,False,False
0.1,20,3,2,16,gw0,False,False,False
0.1,20,3,2,16,gw1,False,False,False
0.1,20,3,2,16,gw2,False,False,False
0.1,20,3,2,16,od0,False,False,False
0.1,20,3,2,16,od1,False,False,False
0.1,20,3,2,20,gw0,False,False,False
0.1,20,3,2,20,gw1,False,False,False
0.1,20,3,2,20,gw2,False,False,False
0.1,20,3,2,20,od0,False,False,False
0.1,20,3,2,20,od1,False,False,False
0.1,20,3,2,24,gw0,False,False,False
0.1,20,3,2,24,gw1,False,False,False
0.1,20,3,2,24,gw2,False,True,True
0.1,20,3,2,24,od0,False,False,False
0.1,20,3,2,24,od1,False,True,True
0.1,20,2,3,3,gw0,False,False,False
0.1,20,2,3,3,gw1,False,False,False
0.1,20,2,3,3,od0,True,True,False
0.1,20,2,3,3,od1,False,True,True
0.1,20,2,3,3,od2,False,False,False
0.1,20,2,3,7,gw0,False,False,False
0.1,20,2,3,7,gw1,False,False,False
0.1,20,2,3,7,od0,False,False,False
0.1,20,2,3,7,od1,False,False,False
0.1,20,2,3,7,od2,False,False,False
0.1,20,2,3,11,gw0,False,True,True
0.1,20,2,3,11,gw1,False,False,False
0.1,20,2,3,11,od0,True,True,False
0.1,20,2,3,11,od1,True,True,False
0.1,20,2,3,11,od2,True,True,False
0.1,20,2,3,15,gw0,False,False,False
0.1,20,2,3,15,gw1,False,False,False
0.1,20,2,3,15,od0,False,False,False
0.1,20,2,3,15,od1,False,False,False
0.1,20,2,3,15,od2,False,True,True
0.1,20,2,3,19,gw0,False,False,False
0.1,20,2,3,19,gw1,False,False,False
0.1,20,2,3,19,od0,False,False,False
0.1,20,2,3,19,od1,False,False,False
0.1,20,2,3,19,od2,False,False,False
0.1,20,2,3,23,gw0,False,False,False
0.1,20,2,3,23,gw1,False,False,False
0.1,20,2,3,23,od0,False,False,False
0.1,20,2,3,23,od1,False,False,False
0.1,20,2,3,23,od2,False,False,False
0.1,20,3,3,2,gw0,False,False,False
0.1,20,3,3,2,gw1,False,False,False
0.1,20,3,3,2,gw2,False,False,False
0.1,20,3,3,2,od0,False,False,False
0.1,20,3,3,2,od1,False,True,True
0.1,20,3,3,2,od2,False,False,False
0.1,20,3,3,6,gw0,False,False,False
0.1,20,3,3,6,gw1,False,False,False
0.1,20,3,3,6,gw2,False,False,False
0.1,20,3,3,6,od0,False,True,True
0.1,20,3,3,6,od1,False,True,True
0.1,20,3,3,6,od2,True,True,False
0.1,20,3,3,10,gw0,False,False,False
0.1,20,3,3,10,gw1,False,False,False
0.1,20,3,3,10,gw2,False,False,False
0.1,20,3,3,10,od0,False,False,False
0.1,20,3,3,10,od1,False,False,False
0.1,20,3,3,10,od2,False,False,False
0.1,20,3,3,14,gw0,False,False,False
0.1,20,3,3,14,gw1,False,False,False
0.1,20,3,3,14,gw2,False,False,False
0.1,20,3,3,14,od0,False,False,False
0.1,20,3,3,14,od1,False,False,False
0.1,20,3,3,14,od2,False,False,False
0.1,20,3,3,18,gw0,False,False,False
0.1,20,3,3,18,gw1,False,False,False
0.1,20,3,3,18,gw2,False,False,False
0.1,20,3,3,18,od0,False,False,False
0.1,20,3,3,18,od1,True,True,False
0.1,20,3,3,18,od2,False,False,False
0.1,20,3,3,22,gw0,False,True,True
0.1,20,3,3,22,gw1,False,True,True
0.1,20,3,3,22,gw2,False,False,False
0.1,20,3,3,22,od0,False,False,False
0.1,20,3,3,22,od1,False,False,False
0.1,20,3,3,22,od2,False,True,True
0.3,10,2,2,1,gw0,False,False,False
0.3,10,2,2,1,gw1,False,False,False
0.3,10,2,2,1,od0,False,False,False
0.3,10,2,2,1,od1,True,True,False
0.3,10,2,2,5,gw0,False,True,True
0.3,10,2,2,5,gw1,False,True,True
0.3,10,2,2,5,od0,False,False,False
0.3,10,2,2,5,od1,False,True,True
0.3,10,2,2,9,gw0,False,False,False
0.3,10,2,2,9,gw1,False,False,False
0.3,10,2,2,9,od0,False,False,False
0.3,10,2,2,9,od1,False,False,False
0.3,10,2,2,13,gw0,False,True,True
0.3,10,2,2,13,gw1,False,True,True
0.3,10,2,2,13,od0,False,False,False
0.3,10,2,2,13,od1,False,False,False
0.3,10,2,2,17,gw0,False,False,False
0.3,10,2,2,17,gw1,False,True,True
0.3,10,2,2,17,od0,False,False,False
0.3,10,2,2,17,od1,False,True,True
0.3,10,2,2,21,gw0,False,True,True
0.3,10,2,2,21,gw1,False,True,True
0.3,10,2,2,21,od0,False,True,True
0.3,10,2,2,21,od1,False,False,False
0.3,10,3,2,0,gw0,False,True,True
0.3,10,3,2,0,gw1,False,False,False
0.3,10,3,2,0,gw2,False,True,True
0.3,10,3,2,0,od0,False,False,False
0.3,10,3,2,0,od1,False,False,False
0.3,10,3,2,4,gw0,False,False,False
0.3,10,3,2,4,gw1,False,False,False
0.3,10,3,2,4,gw2,False,False,False
0.3,10,3,2,4,od0,True,True,False
0.3,10,3,2,4,od1,False,False,False
0.3,10,3,2,8,gw0,False,False,False
0.3,10,3,2,8,gw1,False,False,False
0.3,10,3,2,8,gw2,False,False,False
0.3,10,3,2,8,od0,False,False,False
0.3,10,3,2,8,od1,False,False,False
0.3,10,3,2,12,gw0,False,False,False
0.3,10,3,2,12,gw1,False,False,False
0.3,10,3,2,12,gw2,False,False,False
0.3,10,3,2,12,od0,False,False,False
0.3,10,3,2,12,od1,False,False,False
0.3,10,3,2,16,gw0,False,False,False
0.3,10,3,2,16,gw1,False,False,False
0.3,10,3,2,16,gw2,False,False,False
0.3,10,3,2,16,od0,False,True,True
0.3,10,3,2,16,od1,False,False,False
0.3,10,3,2,20,gw0,False,True,True
0.3,10,3,2,20,gw1,False,True,True
0.3,10,3,2,20,gw2,False,True,True
0.3,10,3,2,20,od0,True,True,False
0.3,10,3,2,20,od1,True,True,False
0.3,10,3,2,24,gw0,False,True,True
0.3,10,3,2,24,gw1,False,False,False
0.3,10,3,2,24,gw2,False,False,False
0.3,10,3,2,24,od0,False,False,False
0.3,10,3,2,24,od1,False,True,True
0.3,10,2,3,3,gw0,False,False,False
0.3,10,2,3,3,gw1,False,False,False
0.3,10,2,3,3,od0,False,False,False
0.3,10,2,3,3,od1,False,True,True
0.3,10,2,3,3,od2,True,True,False
0.3,10,2,3,7,gw0,False,True,True
0.3,10,2,3,7,gw1,False,True,True
0.3,10,2,3,7,od0,False,True,True
0.3,10,2,3,7,od1,False,True,True
0.3,10,2,3,7,od2,False,False,False
0.3,10,2,3,11,gw0,False,False,False
0.3,10,2,3,11,gw1,False,False,False
0.3,10,2,3,11,od0,False,True,True
0.3,10,2,3,11,od1,False,False,False
0.3,10,2,3,11,od2,True,True,False
0.3,10,2,3,15,gw0,False,False,False
0.3,10,2,3,15,gw1,False,False,False
0.3,10,2,3,15,od0,False,False,False
0.3,10,2,3,15,od1,True,True,False
0.3,10,2,3,15,od2,False,False,False
0.3,10,2,3,19,gw0,False,False,False
0.3,10,2,3,19,gw1,False,False,False
0.3,10,2,3,19,od0,True,True,False
0.3,10,2,3,19,od1,False,False,False
0.3,10,2,3,19,od2,True,True,False
0.3,10,2,3,23,gw0,False,False,False
0.3,10,2,3,23,gw1,False,False,False
0.3,10,2,3,23,od0,False,False,False
0.3,10,2,3,23,od1,False,False,False
0.3,10,2,3,23,od2,False,False,False
0.3,10,3,3,2,gw0,False,False,False
0.3,10,3,3,2,gw1,False,False,False
0.3,10,3,3,2,gw2,False,False,False
0.3,10,3,3,2,od0,False,False,False
0.3,10,3,3,2,od1,False,False,False
0.3,10,3,3,2,od2,False,True,True
0.3,10,3,3,6,gw0,False,True,True
0.3,10,3,3,6,gw1,False,False,False
0.3,10,3,3,6,gw2,False,True,True
0.3,10,3,3,6,od0,True,True,False
0.3,10,3,3,6,od1,False,False,False
0.3,10,3,3,6,od2,True,True,False
0.3,10,3,3,10,gw0,False,True,True
0.3,10,3,3,10,gw1,False,True,True
0.3,10,3,3,10,gw2,False,True,True
0.3,10,3,3,10,od0,False,True,True
0.3,10,3,3,10,od1,False,True,True
0.3,10,3,3,10,od2,False,False,False
0.3,10,3,3,14,gw0,False,True,True
0.3,10,3,3,14,gw1,False,True,True
0.3,10,3,3,14,gw2,False,True,True
0.3,10,3,3,14,od0,True,True,False
0.3,10,3,3,14,od1,False,False,False
0.3,10,3,3,14,od2,True,True,False
0.3,10,3,3,18,gw0,False,False,False
0.3,10,3,3,18,gw1,False,False,False
0.3,10,3,3,18,gw2,False,False,False
0.3,10,3,3,18,od0,False,True,True
0.3,10,3,3,18,od1,False,False,False
0.3,10,3,3,18,od2,False,False,False
0.3,10,3,3,22,gw0,False,True,True
0.3,10,3,3,22,gw1,False,True,True
0.3,10,3,3,22,gw2,False,False,False
0.3,10,3,3,22,od0,False,False,False
0.3,10,3,3,22,od1,False,True,True
0.3,10,3,3,22,od2,False,False,False
0.3,15,2,2,1,gw0,False,False,False
0.3,15,2,2,1,gw1,False,False,False
0.3,15,2,2,1,od0,False,False,False
0.3,15,2,2,1,od1,False,False,False
0.3,15,2,2,5,gw0,False,False,False
0.3,15,2,2,5,gw1,False,False,False
0.3,15,2,2,5,od0,False,False,False
0.3,15,2,2,5,od1,True,True,False
0.3,15,2,2,9,gw0,False,False,False
0.3,15,2,2,9,gw1,False,False,False
0.3,15,2,2,9,od0,False,False,False
0.3,15,2,2,9,od1,False,False,False
0.3,15,2,2,13,gw0,False,False,False
0.3,15,2,2,13,gw1,False,False,False
0.3,15,2,2,13,od0,False,True,True
0.3,15,2,2,13,od1,False,False,False
0.3,15,2,2,17,gw0,False,False,False
0.3,15,2,2,17,gw1,False,False,False
0.3,15,2,2,17,od0,False,False,False
0.3,15,2,2,17,od1,False,False,False
0.3,15,2,2,21,gw0,False,False,False
0.3,15,2,2,21,gw1,False,False,False
0.3,15,2,2,21,od0,False,False,False
0.3,15,2,2,21,od1,False,False,False
0.3,15,3,2,0,gw0,False,False,False
0.3,15,3,2,0,gw1,False,False,False
0.3,15,3,2,0,gw2,False,False,False
0.3,15,3,2,0,od0,True,True,False
0.3,15,3,2,0,od1,False,False,False
0.3,15,3,2,4,gw0,False,False,False
0.3,15,3,2,4,gw1,False,False,False
0.3,15,3,2,4,gw2,False,False,False
0.3,15,3,2,4,od0,False,False,False
0.3,15,3,2,4,od1,False,False,False
0.3,15,3,2,8,gw0,False,False,False
0.3,15,3,2,8,gw1,False,False,False
0.3,15,3,2,8,gw2,False,False,False
0.3,15,3,2,8,od0,False,False,False
0.3,15,3,2,8,od1,False,False,False
0.3,15,3,2,12,gw0,False,False,False
0.3,15,3,2,12,gw1,False,False,False
0.3,15,3,2,12,gw2,False,False,False
0.3,15,3,2,12,od0,False,False,False
0.3,15,3,2,12,od1,False,False,False
0.3,15,3,2,16,gw0,False,False,False
0.3,15,3,2,16,gw1,False,False,False
0.3,15,3,2,16,gw2,False,False,False
0.3,15,3,2,16,od0,False,False,False
0.3,15,3,2,16,od1,False,False,False
0.3,15,3,2,20,gw0,False,True,True
0.3,15,3,2,20,gw1,False,False,False
0.3,15,3,2,20,gw2,False,False,False
0.3,15,3,2,20,od0,False,True,True
0.3,15,3,2,20,od1,False,False,False
0.3,15,3,2,24,gw0,False,False,False
0.3,15,3,2,24,gw1,False,False,False
0.3,15,3,2,24,gw2,False,False,False
0.3,15,3,2,24,od0,False,False,False
0.3,15,3,2,24,od1,False,False,False
0.3,15,2,3,3,gw0,False,False,False
0.3,15,2,3,3,gw1,False,False,False
0.3,15,2,3,3,od0,False,True,True
0.3,15,2,3,3,od1,False,False,False
0.3,15,2,3,3,od2,False,False,False
0.3,15,2,3,7,gw0,False,False,False
0.3,15,2,3,7,gw1,False,False,False
0.3,15,2,3,7,od0,False,False,False
0.3,15,2,3,7,od1,False,False,False
0.3,15,2,3,7,od2,True,True,False
0.3,15,2,3,11,gw0,False,False,False
0.3,15,2,3,11,gw1,False,False,False
0.3,15,2,3,11,od0,False,False,False
0.3,15,2,3,11,od1,False,False,False
0.3,15,2,3,11,od2,False,False,False
0.3,15,2,3,15,gw0,False,False,False
0.3,15,2,3,15,gw1,False,False,False
0.3,15,2,3,15,od0,False,False,False
0.3,15,2,3,15,od1,False,False,False
0.3,15,2,3,15,od2,True,True,False
0.3,15,2,3,19,gw0,False,False,False
0.3,15,2,3,19,gw1,False,False,False
0.3,15,2,3,19,od0,False,False,False
0.3,15,2,3,19,od1,False,False,False
0.3,15,2,3,19,od2,False,False,False
0.3,15,2,3,23,gw0,False,False,False
0.3,15,2,3,23,gw1,False,False,False
0.3,15,2,3,23,od0,False,False,False
0.3,15,2,3,23,od1,False,False,False
0.3,15,2,3,23,od2,False,True,True
0.3,15,3,3,2,gw0,False,False,False
0.3,15,3,3,2,gw1,False,False,False
0.3,15,3,3,2,gw2,False,False,False
0.3,15,3,3,2,od0,False,False,False
0.3,15,3,3,2,od1,False,False,False
0.3,15,3,3,2,od2,False,True,True
0.3,15,3,3,6,gw0,False,False,False
0.3,15,3,3,6,gw1,False,False,False
0.3,15,3,3,6,gw2,False,False,False
0.3,15,3,3,6,od0,False,True,True
0.3,15,3,3,6,od1,False,False,False
0.3,15,3,3,6,od2,False,False,False
0.3,15,3,3,10,gw0,False,False,False
0.3,15,3,3,10,gw1,False,False,False
0.3,15,3,3,10,gw2,False,False,False
0.3,15,3,3,10,od0,False,True,True
0.3,15,3,3,10,od1,False,False,False
0.3,15,3,3,10,od2,True,True,False
0.3,15,3,3,14,gw0,False,True,True
0.3,15,3,3,14,gw1,False,True,True
0.3,15,3,3,14,gw2,False,True,True
0.3,15,3,3,14,od0,False,True,True
0.3,15,3,3,14,od1,False,False,False
0.3,15,3,3,14,od2,False,True,True
0.3,15,3,3,18,gw0,False,False,False
0.3,15,3,3,18,gw1,False,False,False
0.3,15,3,3,18,gw2,False,False,False
0.3,15,3,3,18,od0,False,False,False
0.3,15,3,3,18,od1,False,False,False
0.3,15,3,3,18,od2,False,False,False
0.3,15,3,3,22,gw0,False,False,False
0.3,15,3,3,22,gw1,False,False,False
0.3,15,3,3,22,gw2,False,False,False
0.3,15,3,3,22,od0,False,False,False
0.3,15,3,3,22,od1,False,False,False
0.3,15,3,3,22,od2,False,False,False
0.3,20,2,2,1,gw0,False,False,False
0.3,20,2,2,1,gw1,False,False,False
0.3,20,2,2,1,od0,False,False,False
0.3,20,2,2,1,od1,False,False,False
0.3,20,2,2,5,gw0,False,False,False
0.3,20,2,2,5,gw1,False,False,False
0.3,20,2,2,5,od0,False,False,False
0.3,20,2,2,5,od1,False,False,False
0.3,20,2,2,9,gw0,False,False,False
0.3,20,2,2,9,gw1,False,False,False
0.3,20,2,2,9,od0,False,False,False
0.3,20,2,2,9,od1,False,False,False
0.3,20,2,2,13,gw0,False,True,True
0.3,20,2,2,13,gw1,False,True,True
0.3,20,2,2,13,od0,True,True,False
0.3,20,2,2,13,od1,True,True,False
0.3,20,2,2,17,gw0,False,False,False
0.3,20,2,2,17,gw1,False,False,False
0.3,20,2,2,17,od0,False,False,False
0.3,20,2,2,17,od1,True,True,False
0.3,20,2,2,21,gw0,False,False,False
0.3,20,2,2,21,gw1,False,False,False
0.3,20,2,2,21,od0,False,False,False
0.3,20,2,2,21,od1,False,False,False
0.3,20,3,2,0,gw0,False,False,False
0.3,20,3,2,0,gw1,False,False,False
0.3,20,3,2,0,gw2,False,False,False
0.3,20,3,2,0,od0,False,False,False
0.3,20,3,2,0,od1,False,False,False
0.3,20,3,2,4,gw0,False,False,False
0.3,20,3,2,4,gw1,False,False,False
0.3,20,3,2,4,gw2,False,False,False
0.3,20,3,2,4,od0,False,True,True
0.3,20,3,2,4,od1,False,False,False
0.3,20,3,2,8,gw0,False,False,False
0.3,20,3,2,8,gw1,False,False,False
0.3,20,3,2,8,gw2,False,False,False
0.3,20,3,2,8,od0,False,False,False
0.3,20,3,2,8,od1,False,False,False
0.3,20,3,2,12,gw0,False,False,False
0.3,20,3,2,12,gw1,False,False,False
0.3,20,3,2,12,gw2,False,False,False
0.3,20,3,2,12,od0,False,False,False
0.3,20,3,2,12,od1,False,False,False
0.3,20,3,2,16,gw0,False,True,True
0.3,20,3,2,16,gw1,False,True,True
0.3,20,3,2,16,gw2,False,True,True
0.3,20,3,2,16,od0,True,True,False
0.3,20,3,2,16,od1,True,True,False
0.3,20,3,2,20,gw0,False,False,False
0.3,20,3,2,20,gw1,False,False,False
0.3,20,3,2,20,gw2,False,False,False
0.3,20,3,2,20,od0,False,True,True
0.3,20,3,2,20,od1,False,False,False
0.3,20,3,2,24,gw0,False,True,True
0.3,20,3,2,24,gw1,False,True,True
0.3,20,3,2,24,gw2,False,False,False
0.3,20,3,2,24,od0,False,False,False
0.3,20,3,2,24,od1,False,True,True
0.3,20,2,3,3,gw0,False,False,False
0.3,20,2,3,3,gw1,False,False,False
0.3,20,2,3,3,od0,True,True,False
0.3,20,2,3,3,od1,True,True,False
0.3,20,2,3,3,od2,False,False,False
0.3,20,2,3,7,gw0,False,True,True
0.3,20,2,3,7,gw1,False,True,True
0.3,20,2,3,7,od0,True,True,False
0.3,20,2,3,7,od1,True,True,False
0.3,20,2,3,7,od2,False,False,False
0.3,20,2,3,11,gw0,False,False,False
0.3,20,2,3,11,gw1,False,False,False
0.3,20,2,3,11,od0,False,False,False
0.3,20,2,3,11,od1,False,False,False
0.3,20,2,3,11,od2,False,False,False
0.3,20,2,3,15,gw0,False,False,False
0.3,20,2,3,15,gw1,False,False,False
0.3,20,2,3,15,od0,False,False,False
0.3,20,2,3,15,od1,False,False,False
0.3,20,2,3,15,od2,True,True,False
0.3,20,2,3,19,gw0,False,False,False
0.3,20,2,3,19,gw1,False,False,False
0.3,20,2,3,19,od0,False,False,False
0.3,20,2,3,19,od1,False,True,True
0.3,20,2,3,19,od2,False,False,False
0.3,20,2,3,23,gw0,False,False,False
0.3,20,2,3,23,gw1,False,False,False
0.3,20,2,3,23,od0,False,True,True
0.3,20,2,3,23,od1,False,False,False
0.3,20,2,3,23,od2,False,False,False
0.3,20,3,3,2,gw0,False,False,False
0.3,20,3,3,2,gw1,False,False,False
0.3,20,3,3,2,gw2,False,False,False
0.3,20,3,3,2,od0,False,False,False
0.3,20,3,3,2,od1,False,True,True
0.3,20,3,3,2,od2,True,True,False
0.3,20,3,3,6,gw0,False,False,False
0.3,20,3,3,6,gw1,False,False,False
0.3,20,3,3,6,gw2,False,False,False
0.3,20,3,3,6,od0,False,False,False
0.3,20,3,3,6,od1,False,True,True
0.3,20,3,3,6,od2,False,False,False
0.3,20,3,3,10,gw0,False,False,False
0.3,20,3,3,10,gw1,False,False,False
0.3,20,3,3,10,gw2,False,False,False
0.3,20,3,3,10,od0,True,True,False
0.3,20,3,3,10,od1,True,True,False
0.3,20,3,3,10,od2,True,True,False
0.3,20,3,3,14,gw0,False,False,False
0.3,20,3,3,14,gw1,False,False,False
0.3,20,3,3,14,gw2,False,False,False
0.3,20,3,3,14,od0,False,False,False
0.3,20,3,3,14,od1,False,False,False
0.3,20,3,3,14,od2,False,False,False
0.3,20,3,3,18,gw0,False,False,False
0.3,20,3,3,18,gw1,False,False,False
0.3,20,3,3,18,gw2,False,False,False
0.3,20,3,3,18,od0,False,False,False
0.3,20,3,3,18,od1,False,False,False
0.3,20,3,3,18,od2,False,True,True
0.3,20,3,3,22,gw0,False,False,False
0.3,20,3,3,22,gw1,False,False,False
0.3,20,3,3,22,gw2,False,False,False
0.3,20,3,3,22,od0,True,True,False
0.3,20,3,3,22,od1,False,True,True
0.3,20,3,3,22,od2,False,False,False
0.5,10,2,2,1,gw0,False,True,True
0.5,10,2,2,1,gw1,False,True,True
0.5,10,2,2,1,od0,True,True,False
0.5,10,2,2,1,od1,True,True,False
0.5,10,2,2,5,gw0,False,True,True
0.5,10,2,2,5,gw1,False,True,True
0.5,10,2,2,5,od0,True,True,False
0.5,10,2,2,5,od1,True,True,False
0.5,10,2,2,9,gw0,False,True,True
0.5,10,2,2,9,gw1,False,True,True
0.5,10,2,2,9,od0,True,True,False
0.5,10,2,2,9,od1,True,True,False
0.5,10,2,2,13,gw0,False,False,False
0.5,10,2,2,13,gw1,False,False,False
0.5,10,2,2,13,od0,True,True,False
0.5,10,2,2,13,od1,True,True,False
0.5,10,2,2,17,gw0,False,True,True
0.5,10,2,2,17,gw1,False,True,True
0.5,10,2,2,17,od0,True,True,False
0.5,10,2,2,17,od1,True,True,False
0.5,10,2,2,21,gw0,False,True,True
0.5,10,2,2,21,gw1,False,True,True
0.5,10,2,2,21,od0,True,True,False
0.5,10,2,2,21,od1,True,True,False
0.5,10,3,2,0,gw0,False,True,True
0.5,10,3,2,0,gw1,False,True,True
0.5,10,3,2,0,gw2,False,True,True
0.5,10,3,2,0,od0,True,True,False
0.5,10,3,2,0,od1,True,True,False
0.5,10,3,2,4,gw0,False,True,True
0.5,10,3,2,4,gw1,False,True,True
0.5,10,3,2,4,gw2,False,True,True
0.5,10,3,2,4,od0,True,True,False
0.5,10,3,2,4,od1,True,True,False
0.5,10,3,2,8,gw0,False,True,True
0.5,10,3,2,8,gw1,False,True,True
0.5,10,3,2,8,gw2,False,True,True
0.5,10,3,2,8,od0,True,True,False
0.5,10,3,2,8,od1,True,True,False
0.5,10,3,2,12,gw0,False,True,True
0.5,10,3,2,12,gw1,False,True,True
0.5,10,3,2,12,gw2,False,True,True
0.5,10,3,2,12,od0,True,True,False
0.5,10,3,2,12,od1,True,True,False
0.5,10,3,2,16,gw0,False,True,True
0.5,10,3,2,16,gw1,False,True,True
0.5,10,3,2,16,gw2,False,True,True
0.5,10,3,2,16,od0,True,True,False
0.5,10,3,2,16,od1,True,True,False
0.5,10,3,2,20,gw0,False,True,True
0.5,10,3,2,20,gw1,False,True,True
0.5,10,3,2,20,gw2,False,True,True
0.5,10,3,2,20,od0,True,True,False
0.5,10,3,2,20,od1,True,True,False
0.5,10,3,2,24,gw0,False,False,False
0.5,10,3,2,24,gw1,False,False,False
0.5,10,3,2,24,gw2,False,False,False
0.5,10,3,2,24,od0,True,True,False
0.5,10,3,2,24,od1,True,True,False
0.5,10,2,3,3,gw0,False,True,True
0.5,10,2,3,3,gw1,False,True,True
0.5,10,2,3,3,od0,True,True,False
0.5,10,2,3,3,od1,True,True,False
0.5,10,2,3,3,od2,True,True,False
0.5,10,2,3,7,gw0,False,True,True
0.5,10,2,3,7,gw1,False,True,True
0.5,10,2,3,7,od0,True,True,False
0.5,10,2,3,7,od1,True,True,False
0.5,10,2,3,7,od2,True,True,False
0.5,10,2,3,11,gw0,False,True,True
0.5,10,2,3,11,gw1,False,True,True
0.5,10,2,3,11,od0,True,True,False
0.5,10,2,3,11,od1,True,True,False
0.5,10,2,3,11,od2,True,True,False
0.5,10,2,3,15,gw0,False,True,True
0.5,10,2,3,15,gw1,False,True,True
0.5,10,2,3,15,od0,False,False,False
0.5,10,2,3,15,od1,True,True,False
0.5,10,2,3,15,od2,False,False,False
0.5,10,2,3,19,gw0,False,True,True
0.5,10,2,3,19,gw1,False,True,True
0.5,10,2,3,19,od0,True,True,False
0.5,10,2,3,19,od1,True,True,False
0.5,10,2,3,19,od2,True,True,False
0.5,10,2,3,23,gw0,False,True,True
0.5,10,2,3,23,gw1,False,True,True
0.5,10,2,3,23,od0,True,True,False
0.5,10,2,3,23,od1,True,True,False
0.5,10,2,3,23,od2,True,True,False
0.5,10,3,3,2,gw0,False,False,False
0.5,10,3,3,2,gw1,False,False,False
0.5,10,3,3,2,gw2,False,False,False
0.5,10,3,3,2,od0,False,False,False
0.5,10,3,3,2,od1,False,False,False
0.5,10,3,3,2,od2,True,True,False
0.5,10,3,3,6,gw0,False,True,True
0.5,10,3,3,6,gw1,False,False,False
0.5,10,3,3,6,gw2,False,False,False
0.5,10,3,3,6,od0,True,True,False
0.5,10,3,3,6,od1,True,True,False
0.5,10,3,3,6,od2,True,True,False
0.5,10,3,3,10,gw0,False,True,True
0.5,10,3,3,10,gw1,False,True,True
0.5,10,3,3,10,gw2,False,True,True
0.5,10,3,3,10,od0,True,True,False
0.5,10,3,3,10,od1,True,True,False
0.5,10,3,3,10,od2,True,True,False
0.5,10,3,3,14,gw0,False,True,True
0.5,10,3,3,14,gw1,False,True,True
0.5,10,3,3,14,gw2,False,True,True
0.5,10,3,3,14,od0,True,True,False
0.5,10,3,3,14,od1,True,True,False
0.5,10,3,3,14,od2,True,True,False
0.5,10,3,3,18,gw0,False,False,False
0.5,10,3,3,18,gw1,False,True,True
0.5,10,3,3,18,gw2,False,False,False
0.5,10,3,3,18,od0,True,True,False
0.5,10,3,3,18,od1,True,True,False
0.5,10,3,3,18,od2,True,True,False
0.5,10,3,3,22,gw0,False,True,True
0.5,10,3,3,22,gw1,False,True,True
0.5,10,3,3,22,gw2,False,True,True
0.5,10,3,3,22,od0,True,True,False
0.5,10,3,3,22,od1,True,True,False
0.5,10,3,3,22,od2,True,True,False
0.5,15,2,2,1,gw0,False,True,True
0.5,15,2,2,1,gw1,False,True,True
0.5,15,2,2,1,od0,True,True,False
0.5,15,2,2,1,od1,True,True,False
0.5,15,2,2,5,gw0,False,True,True
0.5,15,2,2,5,gw1,False,True,True
0.5,15,2,2,5,od0,True,True,False
0.5,15,2,2,5,od1,True,True,False
0.5,15,2,2,9,gw0,False,False,False
0.5,15,2,2,9,gw1,False,False,False
0.5,15,2,2,9,od0,True,True,False
0.5,15,2,2,9,od1,True,True,False
0.5,15,2,2,13,gw0,False,True,True
0.5,15,2,2,13,gw1,False,False,False
0.5,15,2,2,13,od0,True,True,False
0.5,15,2,2,13,od1,False,False,False
0.5,15,2,2,17,gw0,False,True,True
0.5,15,2,2,17,gw1,False,True,True
0.5,15,2,2,17,od0,False,False,False
0.5,15,2,2,17,od1,False,True,True
0.5,15,2,2,21,gw0,False,False,False
0.5,15,2,2,21,gw1,False,True,True
0.5,15,2,2,21,od0,False,True,True
0.5,15,2,2,21,od1,False,True,True
0.5,15,3,2,0,gw0,False,True,True
0.5,15,3,2,0,gw1,False,False,False
0.5,15,3,2,0,gw2,False,True,True
0.5,15,3,2,0,od0,True,True,False
0.5,15,3,2,0,od1,False,False,False
0.5,15,3,2,4,gw0,False,True,True
0.5,15,3,2,4,gw1,False,True,True
0.5,15,3,2,4,gw2,False,True,True
0.5,15,3,2,4,od0,True,True,False
0.5,15,3,2,4,od1,True,True,False
0.5,15,3,2,8,gw0,False,False,False
0.5,15,3,2,8,gw1,False,False,False
0.5,15,3,2,8,gw2,False,False,False
0.5,15,3,2,8,od0,False,True,True
0.5,15,3,2,8,od1,True,True,False
0.5,15,3,2,12,gw0,False,False,False
0.5,15,3,2,12,gw1,False,False,False
0.5,15,3,2,12,gw2,False,False,False
0.5,15,3,2,12,od0,False,False,False
0.5,15,3,2,12,od1,False,False,False
0.5,15,3,2,16,gw0,False,False,False
0.5,15,3,2,16,gw1,False,False,False
0.5,15,3,2,16,gw2,False,False,False
0.5,15,3,2,16,od0,True,True,False
0.5,15,3,2,16,od1,True,True,False
0.5,15,3,2,20,gw0,False,False,False
0.5,15,3,2,20,gw1,False,False,False
0.5,15,3,2,20,gw2,False,False,False
0.5,15,3,2,20,od0,True,True,False
0.5,15,3,2,20,od1,True,True,False
0.5,15,3,2,24,gw0,False,True,True
0.5,15,3,2,24,gw1,False,True,True
0.5,15,3,2,24,gw2,False,True,True
0.5,15,3,2,24,od0,True,True,False
0.5,15,3,2,24,od1,True,True,False
0.5,15,2,3,3,gw0,False,True,True
0.5,15,2,3,3,gw1,False,True,True
0.5,15,2,3,3,od0,True,True,False
0.5,15,2,3,3,od1,True,True,False
0.5,15,2,3,3,od2,True,True,False
0.5,15,2,3,7,gw0,False,False,False
0.5,15,2,3,7,gw1,False,False,False
0.5,15,2,3,7,od0,True,True,False
0.5,15,2,3,7,od1,True,True,False
0.5,15,2,3,7,od2,False,False,False
0.5,15,2,3,11,gw0,False,True,True
0.5,15,2,3,11,gw1,False,True,True
0.5,15,2,3,11,od0,True,True,False
0.5,15,2,3,11,od1,True,True,False
0.5,15,2,3,11,od2,True,True,False
0.5,15,2,3,15,gw0,False,False,False
0.5,15,2,3,15,gw1,False,True,True
0.5,15,2,3,15,od0,False,True,True
0.5,15,2,3,15,od1,True,True,False
0.5,15,2,3,15,od2,False,False,False
0.5,15,2,3,19,gw0,False,True,True
0.5,15,2,3,19,gw1,False,False,False
0.5,15,2,3,19,od0,True,True,False
0.5,15,2,3,19,od1,True,True,False
0.5,15,2,3,19,od2,False,False,False
0.5,15,2,3,23,gw0,False,True,True
0.5,15,2,3,23,gw1,False,True,True
0.5,15,2,3,23,od0,True,True,False
0.5,15,2,3,23,od1,True,True,False
0.5,15,2,3,23,od2,True,True,False
0.5,15,3,3,2,gw0,False,True,True
0.5,15,3,3,2,gw1,False,True,True
0.5,15,3,3,2,gw2,False,True,True
0.5,15,3,3,2,od0,True,True,False
0.5,15,3,3,2,od1,True,True,False
0.5,15,3,3,2,od2,True,True,False
0.5,15,3,3,6,gw0,False,True,True
0.5,15,3,3,6,gw1,False,True,True
0.5,15,3,3,6,gw2,False,True,True
0.5,15,3,3,6,od0,True,True,False
0.5,15,3,3,6,od1,True,True,False
0.5,15,3,3,6,od2,True,True,False
0.5,15,3,3,10,gw0,False,False,False
0.5,15,3,3,10,gw1,False,False,False
0.5,15,3,3,10,gw2,False,False,False
0.5,15,3,3,10,od0,True,True,False
0.5,15,3,3,10,od1,True,True,False
0.5,15,3,3,10,od2,True,True,False
0.5,15,3,3,14,gw0,False,True,True
0.5,15,3,3,14,gw1,False,True,True
0.5,15,3,3,14,gw2,False,True,True
0.5,15,3,3,14,od0,True,True,False
0.5,15,3,3,14,od1,True,True,False
0.5,15,3,3,14,od2,True,True,False
0.5,15,3,3,18,gw0,False,True,True
0.5,15,3,3,18,gw1,False,True,True
0.5,15,3,3,18,gw2,False,True,True
0.5,15,3,3,18,od0,True,True,False
0.5,15,3,3,18,od1,True,True,False
0.5,15,3,3,18,od2,True,True,False
0.5,15,3,3,22,gw0,False,False,False
0.5,15,3,3,22,gw1,False,False,False
0.5,15,3,3,22,gw2,False,False,False
0.5,15,3,3,22,od0,True,True,False
0.5,15,3,3,22,od1,True,True,False
0.5,15,3,3,22,od2,True,True,False
0.5,20,2,2,1,gw0,False,False,False
0.5,20,2,2,1,gw1,False,False,False
0.5,20,2,2,1,od0,True,True,False
0.5,20,2,2,1,od1,True,True,False
0.5,20,2,2,5,gw0,False,True,True
0.5,20,2,2,5,gw1,False,True,True
0.5,20,2,2,5,od0,True,True,False
0.5,20,2,2,5,od1,True,True,False
0.5,20,2,2,9,gw0,False,False,False
0.5,20,2,2,9,gw1,False,False,False
0.5,20,2,2,9,od0,True,True,False
0.5,20,2,2,9,od1,True,True,False
0.5,20,2,2,13,gw0,False,True,True
0.5,20,2,2,13,gw1,False,True,True
0.5,20,2,2,13,od0,True,True,False
0.5,20,2,2,13,od1,True,True,False
0.5,20,2,2,17,gw0,False,False,False
0.5,20,2,2,17,gw1,False,False,False
0.5,20,2,2,17,od0,True,True,False
0.5,20,2,2,17,od1,True,True,False
0.5,20,2,2,21,gw0,False,False,False
0.5,20,2,2,21,gw1,False,False,False
0.5,20,2,2,21,od0,True,True,False
0.5,20,2,2,21,od1,True,True,False
0.5,20,3,2,0,gw0,False,True,True
0.5,20,3,2,0,gw1,False,False,False
0.5,20,3,2,0,gw2,False,True,True
0.5,20,3,2,0,od0,False,False,False
0.5,20,3,2,0,od1,True,True,False
0.5,20,3,2,4,gw0,False,False,False
0.5,20,3,2,4,gw1,False,False,False
0.5,20,3,2,4,gw2,False,True,True
0.5,20,3,2,4,od0,False,False,False
0.5,20,3,2,4,od1,False,False,False
0.5,20,3,2,8,gw0,False,False,False
0.5,20,3,2,8,gw1,False,False,False
0.5,20,3,2,8,gw2,False,False,False
0.5,20,3,2,8,od0,True,True,False
0.5,20,3,2,8,od1,False,True,True
0.5,20,3,2,12,gw0,False,True,True
0.5,20,3,2,12,gw1,False,True,True
0.5,20,3,2,12,gw2,False,False,False
0.5,20,3,2,12,od0,True,True,False
0.5,20,3,2,12,od1,True,True,False
0.5,20,3,2,16,gw0,False,True,True
0.5,20,3,2,16,gw1,False,True,True
0.5,20,3,2,16,gw2,False,True,True
0.5,20,3,2,16,od0,True,True,False
0.5,20,3,2,16,od1,True,True,False
0.5,20,3,2,20,gw0,False,True,True
0.5,20,3,2,20,gw1,False,True,True
0.5,20,3,2,20,gw2,False,True,True
0.5,20,3,2,20,od0,True,True,False
0.5,20,3,2,20,od1,True,True,False
0.5,20,3,2,24,gw0,False,False,False
0.5,20,3,2,24,gw1,False,False,False
0.5,20,3,2,24,gw2,False,False,False
0.5,20,3,2,24,od0,True,True,False
0.5,20,3,2,24,od1,True,True,False
0.5,20,2,3,3,gw0,False,False,False
0.5,20,2,3,3,gw1,False,False,False
0.5,20,2,3,3,od0,True,True,False
0.5,20,2,3,3,od1,True,True,False
0.5,20,2,3,3,od2,True,True,False
0.5,20,2,3,7,gw0,False,True,True
0.5,20,2,3,7,gw1,False,True,True
0.5,20,2,3,7,od0,True,True,False
0.5,20,2,3,7,od1,True,True,False
0.5,20,2,3,7,od2,True,True,False
0.5,20,2,3,11,gw0,False,False,False
0.5,20,2,3,11,gw1,False,False,False
0.5,20,2,3,11,od0,True,True,False
0.5,20,2,3,11,od1,False,False,False
0.5,20,2,3,11,od2,True,True,False
0.5,20,2,3,15,gw0,False,True,True
0.5,20,2,3,15,gw1,False,True,True
0.5,20,2,3,15,od0,True,True,False
0.5,20,2,3,15,od1,True,True,False
0.5,20,2,3,15,od2,True,True,False
0.5,20,2,3,19,gw0,False,False,False
0.5,20,2,3,19,gw1,False,False,False
0.5,20,2,3,19,od0,False,True,True
0.5,20,2,3,19,od1,True,True,False
0.5,20,2,3,19,od2,True,True,False
0.5,20,2,3,23,gw0,False,False,False
0.5,20,2,3,23,gw1,False,True,True
0.5,20,2,3,23,od0,True,True,False
0.5,20,2,3,23,od1,False,False,False
0.5,20,2,3,23,od2,False,True,True
0.5,20,3,3,2,gw0,False,True,True
0.5,20,3,3,2,gw1,False,False,False
0.5,20,3,3,2,gw2,False,True,True
0.5,20,3,3,2,od0,False,True,True
0.5,20,3,3,2,od1,True,True,False
0.5,20,3,3,2,od2,True,True,False
0.5,20,3,3,6,gw0,False,True,True
0.5,20,3,3,6,gw1,False,True,True
0.5,20,3,3,6,gw2,False,True,True
0.5,20,3,3,6,od0,True,True,False
0.5,20,3,3,6,od1,True,True,False
0.5,20,3,3,6,od2,True,True,False
0.5,20,3,3,10,gw0,False,False,False
0.5,20,3,3,10,gw1,False,False,False
0.5,20,3,3,10,gw2,False,False,False
0.5,20,3,3,10,od0,True,True,False
0.5,20,3,3,10,od1,True,True,False
0.5,20,3,3,10,od2,True,True,False
0.5,20,3,3,14,gw0,False,True,True
0.5,20,3,3,14,gw1,False,True,True
0.5,20,3,3,14,gw2,False,True,True
0.5,20,3,3,14,od0,True,True,False
0.5,20,3,3,14,od1,True,True,False
0.5,20,3,3,14,od2,True,True,False
0.5,20,3,3,18,gw0,False,True,True
0.5,20,3,3,18,gw1,False,True,True
0.5,20,3,3,18,gw2,False,True,True
0.5,20,3,3,18,od0,True,True,False
0.5,20,3,3,18,od1,True,True,False
0.5,20,3,3,18,od2,True,True,False
0.5,20,3,3,22,gw0,False,True,True
0.5,20,3,3,22,gw1,False,True,True
0.5,20,3,3,22,gw2,False,True,True
0.5,20,3,3,22,od0,True,True,False
0.5,20,3,3,22,od1,True,True,False
0.5,20,3,3,22,od2,True,True,False
0.7,10,2,2,1,gw0,False,True,True
0.7,10,2,2,1,gw1,False,True,True
0.7,10,2,2,1,od0,True,True,False
0.7,10,2,2,1,od1,True,True,False
0.7,10,2,2,5,gw0,False,False,False
0.7,10,2,2,5,gw1,False,False,False
0.7,10,2,2,5,od0,False,False,False
0.7,10,2,2,5,od1,False,False,False
0.7,10,2,2,9,gw0,False,False,False
0.7,10,2,2,9,gw1,False,False,False
0.7,10,2,2,9,od0,False,False,False
0.7,10,2,2,9,od1,True,True,False
0.7,10,2,2,13,gw0,False,False,False
0.7,10,2,2,13,gw1,False,False,False
0.7,10,2,2,13,od0,False,True,True
0.7,10,2,2,13,od1,False,False,False
0.7,10,2,2,17,gw0,False,False,False
0.7,10,2,2,17,gw1,False,False,False
0.7,10,2,2,17,od0,False,False,False
0.7,10,2,2,17,od1,False,False,False
0.7,10,2,2,21,gw0,False,False,False
0.7,10,2,2,21,gw1,False,False,False
0.7,10,2,2,21,od0,False,False,False
0.7,10,2,2,21,od1,False,False,False
0.7,10,3,2,0,gw0,False,False,False
0.7,10,3,2,0,gw1,False,False,False
0.7,10,3,2,0,gw2,False,False,False
0.7,10,3,2,0,od0,False,False,False
0.7,10,3,2,0,od1,False,False,False
0.7,10,3,2,4,gw0,False,False,False
0.7,10,3,2,4,gw1,False,False,False
0.7,10,3,2,4,gw2,False,False,False
0.7,10,3,2,4,od0,False,False,False
0.7,10,3,2,4,od1,False,False,False
0.7,10,3,2,8,gw0,False,False,False
0.7,10,3,2,8,gw1,False,False,False
0.7,10,3,2,8,gw2,False,False,False
0.7,10,3,2,8,od0,False,False,False
0.7,10,3,2,8,od1,False,False,False
0.7,10,3,2,12,gw0,False,False,False
0.7,10,3,2,12,gw1,False,False,False
0.7,10,3,2,12,gw2,False,False,False
0.7,10,3,2,12,od0,False,True,True
0.7,10,3,2,12,od1,False,True,True
0.7,10,3,2,16,gw0,False,False,False
0.7,10,3,2,16,gw1,False,False,False
0.7,10,3,2,16,gw2,False,False,False
0.7,10,3,2,16,od0,False,False,False
0.7,10,3,2,16,od1,False,False,False
0.7,10,3,2,20,gw0,False,False,False
0.7,10,3,2,20,gw1,False,True,True
0.7,10,3,2,20,gw2,False,True,True
0.7,10,3,2,20,od0,False,True,True
0.7,10,3,2,20,od1,False,False,False
0.7,10,3,2,24,gw0,False,False,False
0.7,10,3,2,24,gw1,False,True,True
0.7,10,3,2,24,gw2,False,True,True
0.7,10,3,2,24,od0,False,False,False
0.7,10,3,2,24,od1,False,False,False
0.7,10,2,3,3,gw0,False,False,False
0.7,10,2,3,3,gw1,False,True,True
0.7,10,2,3,3,od0,False,True,True
0.7,10,2,3,3,od1,False,True,True
0.7,10,2,3,3,od2,False,False,False
0.7,10,2,3,7,gw0,False,False,False
0.7,10,2,3,7,gw1,False,False,False
0.7,10,2,3,7,od0,False,False,False
0.7,10,2,3,7,od1,False,False,False
0.7,10,2,3,7,od2,False,False,False
0.7,10,2,3,11,gw0,False,True,True
0.7,10,2,3,11,gw1,False,False,False
0.7,10,2,3,11,od0,False,False,False
0.7,10,2,3,11,od1,False,True,True
0.7,10,2,3,11,od2,True,True,False
0.7,10,2,3,15,gw0,False,False,False
0.7,10,2,3,15,gw1,False,False,False
0.7,10,2,3,15,od0,False,False,False
0.7,10,2,3,15,od1,False,False,False
0.7,10,2,3,15,od2,False,False,False
0.7,10,2,3,19,gw0,False,False,False
0.7,10,2,3,19,gw1,False,False,False
0.7,10,2,3,19,od0,False,True,True
0.7,10,2,3,19,od1,True,True,False
0.7,10,2,3,19,od2,True,True,False
0.7,10,2,3,23,gw0,False,True,True
0.7,10,2,3,23,gw1,False,True,True
0.7,10,2,3,23,od0,False,True,True
0.7,10,2,3,23,od1,False,True,True
0.7,10,2,3,23,od2,False,False,False
0.7,10,3,3,2,gw0,False,True,True
0.7,10,3,3,2,gw1,False,True,True
0.7,10,3,3,2,gw2,False,True,True
0.7,10,3,3,2,od0,False,False,False
0.7,10,3,3,2,od1,False,True,True
0.7,10,3,3,2,od2,True,True,False
0.7,10,3,3,6,gw0,False,False,False
0.7,10,3,3,6,gw1,False,False,False
0.7,10,3,3,6,gw2,False,False,False
0.7,10,3,3,6,od0,False,True,True
0.7,10,3,3,6,od1,False,False,False
0.7,10,3,3,6,od2,False,False,False
0.7,10,3,3,10,gw0,False,True,True
0.7,10,3,3,10,gw1,False,False,False
0.7,10,3,3,10,gw2,False,True,True
0.7,10,3,3,10,od0,False,False,False
0.7,10,3,3,10,od1,False,False,False
0.7,10,3,3,10,od2,False,True,True
0.7,10,3,3,14,gw0,False,False,False
0.7,10,3,3,14,gw1,False,False,False
0.7,10,3,3,14,gw2,False,False,False
0.7,10,3,3,14,od0,False,False,False
0.7,10,3,3,14,od1,False,False,False
0.7,10,3,3,14,od2,False,False,False
0.7,10,3,3,18,gw0,False,True,True
0.7,10,3,3,18,gw1,False,False,False
0.7,10,3,3,18,gw2,False,True,True
0.7,10,3,3,18,od0,False,True,True
0.7,10,3,3,18,od1,False,True,True
0.7,10,3,3,18,od2,False,True,True
0.7,10,3,3,22,gw0,False,True,True
0.7,10,3,3,22,gw1,False,True,True
0.7,10,3,3,22,gw2,False,True,True
0.7,10,3,3,22,od0,False,True,True
0.7,10,3,3,22,od1,False,True,True
0.7,10,3,3,22,od2,False,True,True
0.7,15,2,2,1,gw0,False,False,False
0.7,15,2,2,1,gw1,False,False,False
0.7,15,2,2,1,od0,False,False,False
0.7,15,2,2,1,od1,False,False,False
0.7,15,2,2,5,gw0,False,False,False
0.7,15,2,2,5,gw1,False,False,False
0.7,15,2,2,5,od0,False,False,False
0.7,15,2,2,5,od1,False,False,False
0.7,15,2,2,9,gw0,False,False,False
0.7,15,2,2,9,gw1,False,False,False
0.7,15,2,2,9,od0,False,False,False
0.7,15,2,2,9,od1,False,True,True
0.7,15,2,2,13,gw0,False,False,False
0.7,15,2,2,13,gw1,False,False,False
0.7,15,2,2,13,od0,False,True,True
0.7,15,2,2,13,od1,False,False,False
0.7,15,2,2,17,gw0,False,False,False
0.7,15,2,2,17,gw1,False,False,False
0.7,15,2,2,17,od0,False,False,False
0.7,15,2,2,17,od1,False,False,False
0.7,15,2,2,21,gw0,False,False,False
0.7,15,2,2,21,gw1,False,False,False
0.7,15,2,2,21,od0,False,True,True
0.7,15,2,2,21,od1,False,False,False
0.7,15,3,2,0,gw0,False,False,False
0.7,15,3,2,0,gw1,False,False,False
0.7,15,3,2,0,gw2,False,False,False
0.7,15,3,2,0,od0,False,False,False
0.7,15,3,2,0,od1,False,False,False
0.7,15,3,2,4,gw0,False,False,False
0.7,15,3,2,4,gw1,False,False,False
0.7,15,3,2,4,gw2,False,False,False
0.7,15,3,2,4,od0,False,False,False
0.7,15,3,2,4,od1,False,False,False
0.7,15,3,2,8,gw0,False,False,False
0.7,15,3,2,8,gw1,False,False,False
0.7,15,3,2,8,gw2,False,False,False
0.7,15,3,2,8,od0,False,False,False
0.7,15,3,2,8,od1,False,False,False
0.7,15,3,2,12,gw0,False,False,False
0.7,15,3,2,12,gw1,False,False,False
0.7,15,3,2,12,gw2,False,False,False
0.7,15,3,2,12,od0,False,False,False
0.7,15,3,2,12,od1,False,False,False
0.7,15,3,2,16,gw0,False,False,False
0.7,15,3,2,16,gw1,False,False,False
0.7,15,3,2,16,gw2,False,False,False
0.7,15,3,2,16,od0,False,False,False
0.7,15,3,2,16,od1,False,False,False
0.7,15,3,2,20,gw0,False,False,False
0.7,15,3,2,20,gw1,False,False,False
0.7,15,3,2,20,gw2,False,False,False
0.7,15,3,2,20,od0,False,False,False
0.7,15,3,2,20,od1,False,False,False
0.7,15,3,2,24,gw0,False,False,False
0.7,15,3,2,24,gw1,False,False,False
0.7,15,3,2,24,gw2,False,False,False
0.7,15,3,2,24,od0,False,False,False
0.7,15,3,2,24,od1,False,False,False
0.7,15,2,3,3,gw0,False,False,False
0.7,15,2,3,3,gw1,False,False,False
0.7,15,2,3,3,od0,False,False,False
0.7,15,2,3,3,od1,False,False,False
0.7,15,2,3,3,od2,False,False,False
0.7,15,2,3,7,gw0,False,False,False
0.7,15,2,3,7,gw1,False,False,False
0.7,15,2,3,7,od0,False,True,True
0.7,15,2,3,7,od1,False,False,False
0.7,15,2,3,7,od2,False,False,False
0.7,15,2,3,11,gw0,False,False,False
0.7,15,2,3,11,gw1,False,False,False
0.7,15,2,3,11,od0,True,True,False
0.7,15,2,3,11,od1,False,False,False
0.7,15,2,3,11,od2,False,False,False
0.7,15,2,3,15,gw0,False,False,False
0.7,15,2,3,15,gw1,False,False,False
0.7,15,2,3,15,od0,False,False,False
0.7,15,2,3,15,od1,False,False,False
0.7,15,2,3,15,od2,False,False,False
0.7,15,2,3,19,gw0,False,False,False
0.7,15,2,3,19,gw1,False,False,False
0.7,15,2,3,19,od0,False,True,True
0.7,15,2,3,19,od1,False,False,False
0.7,15,2,3,19,od2,False,False,False
0.7,15,2,3,23,gw0,False,False,False
0.7,15,2,3,23,gw1,False,False,False
0.7,15,2,3,23,od0,False,False,False
0.7,15,2,3,23,od1,False,False,False
0.7,15,2,3,23,od2,False,True,True
0.7,15,3,3,2,gw0,False,False,False
0.7,15,3,3,2,gw1,False,False,False
0.7,15,3,3,2,gw2,False,False,False
0.7,15,3,3,2,od0,False,False,False
0.7,15,3,3,2,od1,False,False,False
0.7,15,3,3,2,od2,False,False,False
0.7,15,3,3,6,gw0,False,False,False
0.7,15,3,3,6,gw1,False,False,False
0.7,15,3,3,6,gw2,False,False,False
0.7,15,3,3,6,od0,False,False,False
0.7,15,3,3,6,od1,False,False,False
0.7,15,3,3,6,od2,False,False,False
0.7,15,3,3,10,gw0,False,False,False
0.7,15,3,3,10,gw1,False,False,False
0.7,15,3,3,10,gw2,False,False,False
0.7,15,3,3,10,od0,False,False,False
0.7,15,3,3,10,od1,True,True,False
0.7,15,3,3,10,od2,False,False,False
0.7,15,3,3,14,gw0,False,False,False
0.7,15,3,3,14,gw1,False,False,False
0.7,15,3,3,14,gw2,False,False,False
0.7,15,3,3,14,od0,False,False,False
0.7,15,3,3,14,od1,False,False,False
0.7,15,3,3,14,od2,False,False,False
0.7,15,3,3,18,gw0,False,False,False
0.7,15,3,3,18,gw1,False,False,False
0.7,15,3,3,18,gw2,False,False,False
0.7,15,3,3,18,od0,False,False,False
0.7,15,3,3,18,od1,False,False,False
0.7,15,3,3,18,od2,False,True,True
0.7,15,3,3,22,gw0,False,False,False
0.7,15,3,3,22,gw1,False,False,False
0.7,15,3,3,22,gw2,False,False,False
0.7,15,3,3,22,od0,False,True,True
0.7,15,3,3,22,od1,False,True,True
0.7,15,3,3,22,od2,False,False,False
0.7,20,2,2,1,gw0,False,False,False
0.7,20,2,2,1,gw1,False,False,False
0.7,20,2,2,1,od0,False,False,False
0.7,20,2,2,1,od1,False,False,False
0.7,20,2,2,5,gw0,False,False,False
0.7,20,2,2,5,gw1,False,False,False
0.7,20,2,2,5,od0,False,False,False
0.7,20,2,2,5,od1,False,False,False
0.7,20,2,2,9,gw0,False,False,False
0.7,20,2,2,9,gw1,False,False,False
0.7,20,2,2,9,od0,False,False,False
0.7,20,2,2,9,od1,False,False,False
0.7,20,2,2,13,gw0,False,False,False
0.7,20,2,2,13,gw1,False,False,False
0.7,20,2,2,13,od0,False,False,False
0.7,20,2,2,13,od1,False,False,False
0.7,20,2,2,17,gw0,False,False,False
0.7,20,2,2,17,gw1,False,False,False
0.7,20,2,2,17,od0,True,True,False
0.7,20,2,2,17,od1,False,False,False
0.7,20,2,2,21,gw0,False,False,False
0.7,20,2,2,21,gw1,False,False,False
0.7,20,2,2,21,od0,False,False,False
0.7,20,2,2,21,od1,False,False,False
0.7,20,3,2,0,gw0,False,False,False
0.7,20,3,2,0,gw1,False,False,False
0.7,20,3,2,0,gw2,False,False,False
0.7,20,3,2,0,od0,False,False,False
0.7,20,3,2,0,od1,False,False,False
0.7,20,3,2,4,gw0,False,False,False
0.7,20,3,2,4,gw1,False,False,False
0.7,20,3,2,4,gw2,False,False,False
0.7,20,3,2,4,od0,False,False,False
0.7,20,3,2,4,od1,False,False,False
0.7,20,3,2,8,gw0,False,False,False
0.7,20,3,2,8,gw1,False,False,False
0.7,20,3,2,8,gw2,False,False,False
0.7,20,3,2,8,od0,False,False,False
0.7,20,3,2,8,od1,False,False,False
0.7,20,3,2,12,gw0,False,False,False
0.7,20,3,2,12,gw1,False,False,False
0.7,20,3,2,12,gw2,False,False,False
0.7,20,3,2,12,od0,False,False,False
0.7,20,3,2,12,od1,False,False,False
0.7,20,3,2,16,gw0,False,False,False
0.7,20,3,2,16,gw1,False,False,False
0.7,20,3,2,16,gw2,False,False,False
0.7,20,3,2,16,od0,False,False,False
0.7,20,3,2,16,od1,False,False,False
0.7,20,3,2,20,gw0,False,False,False
0.7,20,3,2,20,gw1,False,False,False
0.7,20,3,2,20,gw2,False,False,False
0.7,20,3,2,20,od0,False,False,False
0.7,20,3,2,20,od1,False,False,False
0.7,20,3,2,24,gw0,False,False,False
0.7,20,3,2,24,gw1,False,False,False
0.7,20,3,2,24,gw2,False,False,False
0.7,20,3,2,24,od0,False,False,False
0.7,20,3,2,24,od1,False,False,False
0.7,20,2,3,3,gw0,False,False,False
0.7,20,2,3,3,gw1,False,False,False
0.7,20,2,3,3,od0,False,False,False
0.7,20,2,3,3,od1,False,False,False
0.7,20,2,3,3,od2,False,False,False
0.7,20,2,3,7,gw0,False,False,False
0.7,20,2,3,7,gw1,False,False,False
0.7,20,2,3,7,od0,False,False,False
0.7,20,2,3,7,od1,False,False,False
0.7,20,2,3,7,od2,False,False,False
0.7,20,2,3,11,gw0,False,False,False
0.7,20,2,3,11,gw1,False,False,False
0.7,20,2,3,11,od0,False,False,False
0.7,20,2,3,11,od1,False,False,False
0.7,20,2,3,11,od2,False,True,True
0.7,20,2,3,15,gw0,False,False,False
0.7,20,2,3,15,gw1,False,False,False
0.7,20,2,3,15,od0,False,False,False
0.7,20,2,3,15,od1,False,False,False
0.7,20,2,3,15,od2,False,False,False
0.7,20,2,3,19,gw0,False,False,False
0.7,20,2,3,19,gw1,False,False,False
0.7,20,2,3,19,od0,False,False,False
0.7,20,2,3,19,od1,False,False,False
0.7,20,2,3,19,od2,False,False,False
0.7,20,2,3,23,gw0,False,False,False
0.7,20,2,3,23,gw1,False,False,False
0.7,20,2,3,23,od0,False,False,False
0.7,20,2,3,23,od1,False,False,False
0.7,20,2,3,23,od2,False,False,False
0.7,20,3,3,2,gw0,False,False,False
0.7,20,3,3,2,gw1,False,False,False
0.7,20,3,3,2,gw2,False,False,False
0.7,20,3,3,2,od0,False,False,False
0.7,20,3,3,2,od1,False,False,False
0.7,20,3,3,2,od2,False,False,False
0.7,20,3,3,6,gw0,False,False,False
0.7,20,3,3,6,gw1,False,False,False
0.7,20,3,3,6,gw2,False,False,False
0.7,20,3,3,6,od0,False,False,False
0.7,20,3,3,6,od1,False,False,False
0.7,20,3,3,6,od2,False,False,False
0.7,20,3,3,10,gw0,False,False,False
0.7,20,3,3,10,gw1,False,True,True
0.7,20,3,3,10,gw2,False,True,True
0.7,20,3,3,10,od0,False,False,False
0.7,20,3,3,10,od1,False,False,False
0.7,20,3,3,10,od2,False,False,False
0.7,20,3,3,14,gw0,False,False,False
0.7,20,3,3,14,gw1,False,False,False
0.7,20,3,3,14,gw2,False,False,False
0.7,20,3,3,14,od0,False,False,False
0.7,20,3,3,14,od1,False,False,False
0.7,20,3,3,14,od2,False,False,False
0.7,20,3,3,18,gw0,False,False,False
0.7,20,3,3,18,gw1,False,False,False
0.7,20,3,3,18,gw2,False,False,False
0.7,20,3,3,18,od0,False,True,True
0.7,20,3,3,18,od1,False,False,False
0.7,20,3,3,18,od2,False,False,False
0.7,20,3,3,22,gw0,False,False,False
0.7,20,3,3,22,gw1,False,False,False
0.7,20,3,3,22,gw2,False,False,False
0.7,20,3,3,22,od0,False,False,False
0.7,20,3,3,22,od1,False,False,False
0.7,20,3,3,22,od2,True,True,False
0.9,10,2,2,1,gw0,False,False,False
0.9,10,2,2,1,gw1,False,False,False
0.9,10,2,2,1,od0,False,False,False
0.9,10,2,2,1,od1,False,False,False
0.9,10,2,2,5,gw0,False,False,False
0.9,10,2,2,5,gw1,False,False,False
0.9,10,2,2,5,od0,False,False,False
0.9,10,2,2,5,od1,False,False,False
0.9,10,2,2,9,gw0,False,False,False
0.9,10,2,2,9,gw1,False,False,False
0.9,10,2,2,9,od0,False,False,False
0.9,10,2,2,9,od1,False,False,False
0.9,10,2,2,13,gw0,False,False,False
0.9,10,2,2,13,gw1,False,False,False
0.9,10,2,2,13,od0,False,False,False
0.9,10,2,2,13,od1,False,False,False
0.9,10,2,2,17,gw0,False,False,False
0.9,10,2,2,17,gw1,False,False,False
0.9,10,2,2,17,od0,False,False,False
0.9,10,2,2,17,od1,False,False,False
0.9,10,2,2,21,gw0,False,False,False
0.9,10,2,2,21,gw1,False,False,False
0.9,10,2,2,21,od0,False,False,False
0.9,10,2,2,21,od1,False,False,False
0.9,10,3,2,0,gw0,False,False,False
0.9,10,3,2,0,gw1,False,False,False
0.9,10,3,2,0,gw2,False,False,False
0.9,10,3,2,0,od0,False,False,False
0.9,10,3,2,0,od1,False,False,False
0.9,10,3,2,4,gw0,False,False,False
0.9,10,3,2,4,gw1,False,False,False
0.9,10,3,2,4,gw2,False,False,False
0.9,10,3,2,4,od0,False,False,False
0.9,10,3,2,4,od1,False,False,False
0.9,10,3,2,8,gw0,False,False,False
0.9,10,3,2,8,gw1,False,False,False
0.9,10,3,2,8,gw2,False,False,False
0.9,10,3,2,8,od0,False,False,False
0.9,10,3,2,8,od1,False,False,False
0.9,10,3,2,12,gw0,False,False,False
0.9,10,3,2,12,gw1,False,False,False
0.9,10,3,2,12,gw2,False,False,False
0.9,10,3,2,12,od0,False,False,False
0.9,10,3,2,12,od1,False,False,False
0.9,10,3,2,16,gw0,False,False,False
0.9,10,3,2,16,gw1,False,False,False
0.9,10,3,2,16,gw2,False,False,False
0.9,10,3,2,16,od0,False,False,False
0.9,10,3,2,16,od1,False,False,False
0.9,10,3,2,20,gw0,False,False,False
0.9,10,3,2,20,gw1,False,False,False
0.9,10,3,2,20,gw2,False,False,False
0.9,10,3,2,20,od0,False,False,False
0.9,10,3,2,20,od1,False,False,False
0.9,10,3,2,24,gw0,False,False,False
0.9,10,3,2,24,gw1,False,False,False
0.9,10,3,2,24,gw2,False,False,False
0.9,10,3,2,24,od0,False,False,False
0.9,10,3,2,24,od1,False,False,False
0.9,10,2,3,3,gw0,False,False,False
0.9,10,2,3,3,gw1,False,False,False
0.9,10,2,3,3,od0,False,False,False
0.9,10,2,3,3,od1,False,False,False
0.9,10,2,3,3,od2,False,False,False
0.9,10,2,3,7,gw0,False,False,False
0.9,10,2,3,7,gw1,False,False,False
0.9,10,2,3,7,od0,False,False,False
0.9,10,2,3,7,od1,False,False,False
0.9,10,2,3,7,od2,False,False,False
0.9,10,2,3,11,gw0,False,False,False
0.9,10,2,3,11,gw1,False,False,False
0.9,10,2,3,11,od0,False,False,False
0.9,10,2,3,11,od1,False,False,False
0.9,10,2,3,11,od2,False,False,False
0.9,10,2,3,15,gw0,False,False,False
0.9,10,2,3,15,gw1,False,False,False
0.9,10,2,3,15,od0,False,False,False
0.9,10,2,3,15,od1,False,False,False
0.9,10,2,3,15,od2,False,False,False
0.9,10,2,3,19,gw0,False,False,False
0.9,10,2,3,19,gw1,False,False,False
0.9,10,2,3,19,od0,False,False,False
0.9,10,2,3,19,od1,False,False,False
0.9,10,2,3,19,od2,False,True,True
0.9,10,2,3,23,gw0,False,False,False
0.9,10,2,3,23,gw1,False,False,False
0.9,10,2,3,23,od0,False,False,False
0.9,10,2,3,23,od1,False,False,False
0.9,10,2,3,23,od2,False,False,False
0.9,10,3,3,2,gw0,False,False,False
0.9,10,3,3,2,gw1,False,False,False
0.9,10,3,3,2,gw2,False,False,False
0.9,10,3,3,2,od0,False,False,False
0.9,10,3,3,2,od1,False,False,False
0.9,10,3,3,2,od2,False,False,False
0.9,10,3,3,6,gw0,False,False,False
0.9,10,3,3,6,gw1,False,False,False
0.9,10,3,3,6,gw2,False,False,False
0.9,10,3,3,6,od0,False,False,False
0.9,10,3,3,6,od1,False,False,False
0.9,10,3,3,6,od2,False,False,False
0.9,10,3,3,10,gw0,False,False,False
0.9,10,3,3,10,gw1,False,False,False
0.9,10,3,3,10,gw2,False,False,False
0.9,10,3,3,10,od0,False,False,False
0.9,10,3,3,10,od1,False,False,False
0.9,10,3,3,10,od2,False,False,False
0.9,10,3,3,14,gw0,False,False,False
0.9,10,3,3,14,gw1,False,False,False
0.9,10,3,3,14,gw2,False,False,False
0.9,10,3,3,14,od0,False,False,False
0.9,10,3,3,14,od1,False,True,True
0.9,10,3,3,14,od2,False,False,False
0.9,10,3,3,18,gw0,False,False,False
0.9,10,3,3,18,gw1,False,False,False
0.9,10,3,3,18,gw2,False,False,False
0.9,10,3,3,18,od0,False,False,False
0.9,10,3,3,18,od1,False,False,False
0.9,10,3,3,18,od2,False,False,False
0.9,10,3,3,22,gw0,False,False,False
0.9,10,3,3,22,gw1,False,False,False
0.9,10,3,3,22,gw2,False,True,True
0.9,10,3,3,22,od0,False,False,False
0.9,10,3,3,22,od1,False,False,False
0.9,10,3,3,22,od2,False,False,False
0.9,15,2,2,1,gw0,False,False,False
0.9,15,2,2,1,gw1,False,False,False
0.9,15,2,2,1,od0,False,False,False
0.9,15,2,2,1,od1,False,False,False
0.9,15,2,2,5,gw0,False,False,False
0.9,15,2,2,5,gw1,False,False,False
0.9,15,2,2,5,od0,False,False,False
0.9,15,2,2,5,od1,False,False,False
0.9,15,2,2,9,gw0,False,False,False
0.9,15,2,2,9,gw1,False,False,False
0.9,15,2,2,9,od0,False,False,False
0.9,15,2,2,9,od1,False,False,False
0.9,15,2,2,13,gw0,False,False,False
0.9,15,2,2,13,gw1,False,False,False
0.9,15,2,2,13,od0,False,False,False
0.9,15,2,2,13,od1,False,False,False
0.9,15,2,2,17,gw0,False,False,False
0.9,15,2,2,17,gw1,False,False,False
0.9,15,2,2,17,od0,False,False,False
0.9,15,2,2,17,od1,False,False,False
0.9,15,2,2,21,gw0,False,False,False
0.9,15,2,2,21,gw1,False,False,False
0.9,15,2,2,21,od0,False,False,False
0.9,15,2,2,21,od1,False,False,False
0.9,15,3,2,0,gw0,False,False,False
0.9,15,3,2,0,gw1,False,False,False
0.9,15,3,2,0,gw2,False,False,False
0.9,15,3,2,0,od0,False,True,True
0.9,15,3,2,0,od1,False,False,False
0.9,15,3,2,4,gw0,False,False,False
0.9,15,3,2,4,gw1,False,False,False
0.9,15,3,2,4,gw2,False,False,False
0.9,15,3,2,4,od0,False,False,False
0.9,15,3,2,4,od1,False,False,False
0.9,15,3,2,8,gw0,False,False,False
0.9,15,3,2,8,gw1,False,False,False
0.9,15,3,2,8,gw2,False,False,False
0.9,15,3,2,8,od0,False,False,False
0.9,15,3,2,8,od1,False,True,True
0.9,15,3,2,12,gw0,False,False,False
0.9,15,3,2,12,gw1,False,False,False
0.9,15,3,2,12,gw2,False,False,False
0.9,15,3,2,12,od0,False,False,False
0.9,15,3,2,12,od1,False,False,False
0.9,15,3,2,16,gw0,False,False,False
0.9,15,3,2,16,gw1,False,False,False
0.9,15,3,2,16,gw2,False,False,False
0.9,15,3,2,16,od0,False,False,False
0.9,15,3,2,16,od1,False,False,False
0.9,15,3,2,20,gw0,False,False,False
0.9,15,3,2,20,gw1,False,False,False
0.9,15,3,2,20,gw2,False,False,False
0.9,15,3,2,20,od0,False,False,False
0.9,15,3,2,20,od1,False,False,False
0.9,15,3,2,24,gw0,False,False,False
0.9,15,3,2,24,gw1,False,False,False
0.9,15,3,2,24,gw2,False,False,False
0.9,15,3,2,24,od0,False,False,False
0.9,15,3,2,24,od1,False,False,False
0.9,15,2,3,3,gw0,False,False,False
0.9,15,2,3,3,gw1,False,False,False
0.9,15,2,3,3,od0,False,False,False
0.9,15,2,3,3,od1,False,False,False
0.9,15,2,3,3,od2,False,False,False
0.9,15,2,3,7,gw0,False,False,False
0.9,15,2,3,7,gw1,False,False,False
0.9,15,2,3,7,od0,False,False,False
0.9,15,2,3,7,od1,False,False,False
0.9,15,2,3,7,od2,False,False,False
0.9,15,2,3,11,gw0,False,False,False
0.9,15,2,3,11,gw1,False,False,False
0.9,15,2,3,11,od0,False,False,False
0.9,15,2,3,11,od1,False,False,False
0.9,15,2,3,11,od2,False,False,False
0.9,15,2,3,15,gw0,False,False,False
0.9,15,2,3,15,gw1,False,False,False
0.9,15,2,3,15,od0,False,False,False
0.9,15,2,3,15,od1,False,False,False
0.9,15,2,3,15,od2,False,False,False
0.9,15,2,3,19,gw0,False,False,False
0.9,15,2,3,19,gw1,False,False,False
0.9,15,2,3,19,od0,False,False,False
0.9,15,2,3,19,od1,False,False,False
0.9,15,2,3,19,od2,False,False,False
0.9,15,2,3,23,gw0,False,False,False
0.9,15,2,3,23,gw1,False,False,False
0.9,15,2,3,23,od0,False,False,False
0.9,15,2,3,23,od1,False,False,False
0.9,15,2,3,23,od2,False,False,False
0.9,15,3,3,2,gw0,False,False,False
0.9,15,3,3,2,gw1,False,False,False
0.9,15,3,3,2,gw2,False,False,False
0.9,15,3,3,2,od0,False,False,False
0.9,15,3,3,2,od1,False,False,False
0.9,15,3,3,2,od2,False,False,False
0.9,15,3,3,6,gw0,False,False,False
0.9,15,3,3,6,gw1,False,False,False
0.9,15,3,3,6,gw2,False,False,False
0.9,15,3,3,6,od0,False,False,False
0.9,15,3,3,6,od1,False,False,False
0.9,15,3,3,6,od2,False,False,False
0.9,15,3,3,10,gw0,False,False,False
0.9,15,3,3,10,gw1,False,False,False
0.9,15,3,3,10,gw2,False,False,False
0.9,15,3,3,10,od0,False,False,False
0.9,15,3,3,10,od1,False,False,False
0.9,15,3,3,10,od2,False,False,False
0.9,15,3,3,14,gw0,False,False,False
0.9,15,3,3,14,gw1,False,False,False
0.9,15,3,3,14,gw2,False,False,False
0.9,15,3,3,14,od0,False,False,False
0.9,15,3,3,14,od1,False,False,False
0.9,15,3,3,14,od2,False,False,False
0.9,15,3,3,18,gw0,False,False,False
0.9,15,3,3,18,gw1,False,False,False
0.9,15,3,3,18,gw2,False,False,False
0.9,15,3,3,18,od0,False,False,False
0.9,15,3,3,18,od1,False,False,False
0.9,15,3,3,18,od2,False,False,False
0.9,15,3,3,22,gw0,False,False,False
0.9,15,3,3,22,gw1,False,False,False
0.9,15,3,3,22,gw2,False,False,False
0.9,15,3,3,22,od0,False,False,False
0.9,15,3,3,22,od1,False,False,False
0.9,15,3,3,22,od2,False,True,True
0.9,20,2,2,1,gw0,False,False,False
0.9,20,2,2,1,gw1,False,False,False
0.9,20,2,2,1,od0,False,False,False
0.9,20,2,2,1,od1,False,False,False
0.9,20,2,2,5,gw0,False,False,False
0.9,20,2,2,5,gw1,False,False,False
0.9,20,2,2,5,od0,False,False,False
0.9,20,2,2,5,od1,False,False,False
0.9,20,2,2,9,gw0,False,False,False
0.9,20,2,2,9,gw1,False,False,False
0.9,20,2,2,9,od0,False,False,False
0.9,20,2,2,9,od1,False,False,False
0.9,20,2,2,13,gw0,False,False,False
0.9,20,2,2,13,gw1,False,False,False
0.9,20,2,2,13,od0,False,False,False
0.9,20,2,2,13,od1,False,False,False
0.9,20,2,2,17,gw0,False,False,False
0.9,20,2,2,17,gw1,False,False,False
0.9,20,2,2,17,od0,False,False,False
0.9,20,2,2,17,od1,False,False,False
0.9,20,2,2,21,gw0,False,False,False
0.9,20,2,2,21,gw1,False,False,False
0.9,20,2,2,21,od0,False,False,False
0.9,20,2,2,21,od1,False,False,False
0.9,20,3,2,0,gw0,False,False,False
0.9,20,3,2,0,gw1,False,False,False
0.9,20,3,2,0,gw2,False,False,False
0.9,20,3,2,0,od0,False,False,False
0.9,20,3,2,0,od1,False,False,False
0.9,20,3,2,4,gw0,False,False,False
0.9,20,3,2,4,gw1,False,False,False
0.9,20,3,2,4,gw2,False,False,False
0.9,20,3,2,4,od0,False,False,False
0.9,20,3,2,4,od1,False,False,False
0.9,20,3,2,8,gw0,False,False,False
0.9,20,3,2,8,gw1,False,False,False
0.9,20,3,2,8,gw2,False,False,False
0.9,20,3,2,8,od0,False,False,False
0.9,20,3,2,8,od1,False,False,False
0.9,20,3,2,12,gw0,False,False,False
0.9,20,3,2,12,gw1,False,False,False
0.9,20,3,2,12,gw2,False,False,False
0.9,20,3,2,12,od0,False,False,False
0.9,20,3,2,12,od1,False,False,False
0.9,20,3,2,16,gw0,False,False,False
0.9,20,3,2,16,gw1,False,False,False
0.9,20,3,2,16,gw2,False,False,False
0.9,20,3,2,16,od0,False,False,False
0.9,20,3,2,16,od1,False,False,False
0.9,20,3,2,20,gw0,False,False,False
0.9,20,3,2,20,gw1,False,False,False
0.9,20,3,2,20,gw2,False,False,False
0.9,20,3,2,20,od0,False,False,False
0.9,20,3,2,20,od1,False,False,False
0.9,20,3,2,24,gw0,False,False,False
0.9,20,3,2,24,gw1,False,False,False
0.9,20,3,2,24,gw2,False,False,False
0.9,20,3,2,24,od0,False,False,False
0.9,20,3,2,24,od1,False,False,False
0.9,20,2,3,3,gw0,False,False,False
0.9,20,2,3,3,gw1,False,False,False
0.9,20,2,3,3,od0,False,False,False
0.9,20,2,3,3,od1,False,False,False
0.9,20,2,3,3,od2,False,False,False
0.9,20,2,3,7,gw0,False,False,False
0.9,20,2,3,7,gw1,False,False,False
0.9,20,2,3,7,od0,False,False,False
0.9,20,2,3,7,od1,False,False,False
0.9,20,2,3,7,od2,False,False,False
0.9,20,2,3,11,gw0,False,False,False
0.9,20,2,3,11,gw1,False,False,False
0.9,20,2,3,11,od0,False,False,False
0.9,20,2,3,11,od1,False,False,False
0.9,20,2,3,11,od2,False,False,False
0.9,20,2,3,15,gw0,False,False,False
0.9,20,2,3,15,gw1,False,False,False
0.9,20,2,3,15,od0,False,False,False
0.9,20,2,3,15,od1,False,False,False
0.9,20,2,3,15,od2,False,False,False
0.9,20,2,3,19,gw0,False,False,False
0.9,20,2,3,19,gw1,False,False,False
0.9,20,2,3,19,od0,False,False,False
0.9,20,2,3,19,od1,False,False,False
0.9,20,2,3,19,od2,False,False,False
0.9,20,2,3,23,gw0,False,False,False
0.9,20,2,3,23,gw1,False,False,False
0.9,20,2,3,23,od0,False,False,False
0.9,20,2,3,23,od1,False,False,False
0.9,20,2,3,23,od2,False,False,False
0.9,20,3,3,2,gw0,False,False,False
0.9,20,3,3,2,gw1,False,False,False
0.9,20,3,3,2,gw2,False,False,False
0.9,20,3,3,2,od0,False,False,False
0.9,20,3,3,2,od1,False,False,False
0.9,20,3,3,2,od2,False,False,False
0.9,20,3,3,6,gw0,False,False,False
0.9,20,3,3,6,gw1,False,False,False
0.9,20,3,3,6,gw2,False,False,False
0.9,20,3,3,6,od0,False,False,False
0.9,20,3,3,6,od1,False,False,False
0.9,20,3,3,6,od2,False,False,False
0.9,20,3,3,10,gw0,False,False,False
0.9,20,3,3,10,gw1,False,False,False
0.9,20,3,3,10,gw2,False,False,False
0.9,20,3,3,10,od0,False,False,False
0.9,20,3,3,10,od1,False,False,False
0.9,20,3,3,10,od2,False,True,True
0.9,20,3,3,14,gw0,False,False,False
0.9,20,3,3,14,gw1,False,False,False
0.9,20,3,3,14,gw2,False,False,False
0.9,20,3,3,14,od0,False,False,False
0.9,20,3,3,14,od1,False,False,False
0.9,20,3,3,14,od2,False,False,False
0.9,20,3,3,18,gw0,False,False,False
0.9,20,3,3,18,gw1,False,False,False
0.9,20,3,3,18,gw2,False,False,False
0.9,20,3,3,18,od0,False,False,False
0.9,20,3,3,18,od1,False,False,False
0.9,20,3,3,18,od2,False,False,False
0.9,20,3,3,22,gw0,False,False,False
0.9,20,3,3,22,gw1,False,False,False
0.9,20,3,3,22,gw2,False,False,False
0.9,20,3,3,22,od0,False,False,False
0.9,20,3,3,22,od1,False,False,False
0.9,20,3,3,22,od2,False,False,False
0.1,10,2,2,2,gw0,False,False,False
0.1,10,2,2,2,gw1,False,False,False
0.1,10,2,2,2,od0,False,False,False
0.1,10,2,2,2,od1,False,True,True
0.1,10,2,2,6,gw0,False,True,True
0.1,10,2,2,6,gw1,False,True,True
0.1,10,2,2,6,od0,True,True,False
0.1,10,2,2,6,od1,False,True,True
0.1,10,2,2,10,gw0,False,False,False
0.1,10,2,2,10,gw1,False,False,False
0.1,10,2,2,10,od0,True,True,False
0.1,10,2,2,10,od1,True,True,False
0.1,10,2,2,14,gw0,False,False,False
0.1,10,2,2,14,gw1,False,True,True
0.1,10,2,2,14,od0,True,True,False
0.1,10,2,2,14,od1,True,True,False
0.1,10,2,2,18,gw0,False,False,False
0.1,10,2,2,18,gw1,False,False,False
0.1,10,2,2,18,od0,False,True,True
0.1,10,2,2,18,od1,True,True,False
0.1,10,2,2,22,gw0,False,True,True
0.1,10,2,2,22,gw1,False,True,True
0.1,10,2,2,22,od0,True,True,False
0.1,10,2,2,22,od1,True,True,False
0.1,10,3,2,1,gw0,False,False,False
0.1,10,3,2,1,gw1,False,False,False
0.1,10,3,2,1,gw2,False,False,False
0.1,10,3,2,1,od0,True,True,False
0.1,10,3,2,1,od1,True,True,False
0.1,10,3,2,5,gw0,False,False,False
0.1,10,3,2,5,gw1,False,False,False
0.1,10,3,2,5,gw2,False,False,False
0.1,10,3,2,5,od0,False,False,False
0.1,10,3,2,5,od1,False,False,False
0.1,10,3,2,9,gw0,False,True,True
0.1,10,3,2,9,gw1,False,True,True
0.1,10,3,2,9,gw2,False,False,False
0.1,10,3,2,9,od0,True,True,False
0.1,10,3,2,9,od1,False,False,False
0.1,10,3,2,13,gw0,False,False,False
0.1,10,3,2,13,gw1,False,False,False
0.1,10,3,2,13,gw2,False,False,False
0.1,10,3,2,13,od0,False,True,True
0.1,10,3,2,13,od1,False,False,False
0.1,10,3,2,17,gw0,False,True,True
0.1,10,3,2,17,gw1,False,True,True
0.1,10,3,2,17,gw2,False,True,True
0.1,10,3,2,17,od0,True,True,False
0.1,10,3,2,17,od1,False,True,True
0.1,10,3,2,21,gw0,False,False,False
0.1,10,3,2,21,gw1,False,False,False
0.1,10,3,2,21,gw2,False,False,False
0.1,10,3,2,21,od0,False,False,False
0.1,10,3,2,21,od1,False,False,False
0.1,10,2,3,0,gw0,False,False,False
0.1,10,2,3,0,gw1,False,False,False
0.1,10,2,3,0,od0,False,False,False
0.1,10,2,3,0,od1,False,False,False
0.1,10,2,3,0,od2,False,False,False
0.1,10,2,3,4,gw0,False,False,False
0.1,10,2,3,4,gw1,False,False,False
0.1,10,2,3,4,od0,False,False,False
0.1,10,2,3,4,od1,False,False,False
0.1,10,2,3,4,od2,False,False,False
0.1,10,2,3,8,gw0,False,False,False
0.1,10,2,3,8,gw1,False,False,False
0.1,10,2,3,8,od0,True,True,False
0.1,10,2,3,8,od1,False,False,False
0.1,10,2,3,8,od2,True,True,False
0.1,10,2,3,12,gw0,False,True,True
0.1,10,2,3,12,gw1,False,True,True
0.1,10,2,3,12,od0,True,True,False
0.1,10,2,3,12,od1,True,True,False
0.1,10,2,3,12,od2,True,True,False
0.1,10,2,3,16,gw0,False,True,True
0.1,10,2,3,16,gw1,False,True,True
0.1,10,2,3,16,od0,True,True,False
0.1,10,2,3,16,od1,False,False,False
0.1,10,2,3,16,od2,False,False,False
0.1,10,2,3,20,gw0,False,False,False
0.1,10,2,3,20,gw1,False,False,False
0.1,10,2,3,20,od0,True,True,False
0.1,10,2,3,20,od1,True,True,False
0.1,10,2,3,20,od2,True,True,False
0.1,10,2,3,24,gw0,False,True,True
0.1,10,2,3,24,gw1,False,True,True
0.1,10,2,3,24,od0,False,False,False
0.1,10,2,3,24,od1,False,False,False
0.1,10,2,3,24,od2,False,True,True
0.1,10,3,3,3,gw0,False,True,True
0.1,10,3,3,3,gw1,False,True,True
0.1,10,3,3,3,gw2,False,True,True
0.1,10,3,3,3,od0,False,False,False
0.1,10,3,3,3,od1,True,True,False
0.1,10,3,3,3,od2,False,False,False
0.1,10,3,3,7,gw0,False,True,True
0.1,10,3,3,7,gw1,False,True,True
0.1,10,3,3,7,gw2,False,False,False
0.1,10,3,3,7,od0,False,False,False
0.1,10,3,3,7,od1,True,True,False
0.1,10,3,3,7,od2,True,True,False
0.1,10,3,3,11,gw0,False,True,True
0.1,10,3,3,11,gw1,False,True,True
0.1,10,3,3,11,gw2,False,True,True
0.1,10,3,3,11,od0,False,False,False
0.1,10,3,3,11,od1,False,True,True
0.1,10,3,3,11,od2,False,True,True
0.1,10,3,3,15,gw0,False,True,True
0.1,10,3,3,15,gw1,False,True,True
0.1,10,3,3,15,gw2,False,True,True
0.1,10,3,3,15,od0,True,True,False
0.1,10,3,3,15,od1,True,True,False
0.1,10,3,3,15,od2,False,True,True
0.1,10,3,3,19,gw0,False,False,False
0.1,10,3,3,19,gw1,False,False,False
0.1,10,3,3,19,gw2,False,False,False
0.1,10,3,3,19,od0,False,True,True
0.1,10,3,3,19,od1,False,False,False
0.1,10,3,3,19,od2,False,False,False
0.1,10,3,3,23,gw0,False,False,False
0.1,10,3,3,23,gw1,False,False,False
0.1,10,3,3,23,gw2,False,False,False
0.1,10,3,3,23,od0,True,True,False
0.1,10,3,3,23,od1,True,True,False
0.1,10,3,3,23,od2,False,True,True
0.1,15,2,2,2,gw0,False,True,True
0.1,15,2,2,2,gw1,False,True,True
0.1,15,2,2,2,od0,True,True,False
0.1,15,2,2,2,od1,True,True,False
0.1,15,2,2,6,gw0,False,True,True
0.1,15,2,2,6,gw1,False,True,True
0.1,15,2,2,6,od0,False,True,True
0.1,15,2,2,6,od1,False,True,True
0.1,15,2,2,10,gw0,False,False,False
0.1,15,2,2,10,gw1,False,False,False
0.1,15,2,2,10,od0,True,True,False
0.1,15,2,2,10,od1,False,True,True
0.1,15,2,2,14,gw0,False,False,False
0.1,15,2,2,14,gw1,False,False,False
0.1,15,2,2,14,od0,True,True,False
0.1,15,2,2,14,od1,True,True,False
0.1,15,2,2,18,gw0,False,False,False
0.1,15,2,2,18,gw1,False,False,False
0.1,15,2,2,18,od0,True,True,False
0.1,15,2,2,18,od1,False,True,True
0.1,15,2,2,22,gw0,False,False,False
0.1,15,2,2,22,gw1,False,False,False
0.1,15,2,2,22,od0,False,False,False
0.1,15,2,2,22,od1,False,False,False
0.1,15,3,2,1,gw0,False,False,False
0.1,15,3,2,1,gw1,False,False,False
0.1,15,3,2,1,gw2,False,False,False
0.1,15,3,2,1,od0,False,False,False
0.1,15,3,2,1,od1,False,False,False
0.1,15,3,2,5,gw0,False,False,False
0.1,15,3,2,5,gw1,False,False,False
0.1,15,3,2,5,gw2,False,False,False
0.1,15,3,2,5,od0,False,True,True
0.1,15,3,2,5,od1,False,True,True
0.1,15,3,2,9,gw0,False,False,False
0.1,15,3,2,9,gw1,False,False,False
0.1,15,3,2,9,gw2,False,False,False
0.1,15,3,2,9,od0,False,False,False
0.1,15,3,2,9,od1,False,False,False
0.1,15,3,2,13,gw0,False,False,False
0.1,15,3,2,13,gw1,False,False,False
0.1,15,3,2,13,gw2,False,False,False
0.1,15,3,2,13,od0,False,True,True
0.1,15,3,2,13,od1,False,False,False
0.1,15,3,2,17,gw0,False,False,False
0.1,15,3,2,17,gw1,False,False,False
0.1,15,3,2,17,gw2,False,False,False
0.1,15,3,2,17,od0,False,False,False
0.1,15,3,2,17,od1,False,True,True
0.1,15,3,2,21,gw0,False,False,False
0.1,15,3,2,21,gw1,False,False,False
0.1,15,3,2,21,gw2,False,False,False
0.1,15,3,2,21,od0,False,True,True
0.1,15,3,2,21,od1,False,False,False
0.1,15,2,3,0,gw0,False,False,False
0.1,15,2,3,0,gw1,False,False,False
0.1,15,2,3,0,od0,False,False,False
0.1,15,2,3,0,od1,False,True,True
0.1,15,2,3,0,od2,False,False,False
0.1,15,2,3,4,gw0,False,True,True
0.1,15,2,3,4,gw1,False,False,False
0.1,15,2,3,4,od0,False,False,False
0.1,15,2,3,4,od1,False,False,False
0.1,15,2,3,4,od2,False,True,True
0.1,15,2,3,8,gw0,False,False,False
0.1,15,2,3,8,gw1,False,False,False
0.1,15,2,3,8,od0,False,False,False
0.1,15,2,3,8,od1,False,False,False
0.1,15,2,3,8,od2,False,False,False
0.1,15,2,3,12,gw0,False,True,True
0.1,15,2,3,12,gw1,False,True,True
0.1,15,2,3,12,od0,True,True,False
0.1,15,2,3,12,od1,False,True,True
0.1,15,2,3,12,od2,False,True,True
0.1,15,2,3,16,gw0,False,True,True
0.1,15,2,3,16,gw1,False,False,False
0.1,15,2,3,16,od0,False,False,False
0.1,15,2,3,16,od1,False,False,False
0.1,15,2,3,16,od2,False,False,False
0.1,15,2,3,20,gw0,False,False,False
0.1,15,2,3,20,gw1,False,False,False
0.1,15,2,3,20,od0,True,True,False
0.1,15,2,3,20,od1,False,False,False
0.1,15,2,3,20,od2,True,True,False
0.1,15,2,3,24,gw0,False,False,False
0.1,15,2,3,24,gw1,False,False,False
0.1,15,2,3,24,od0,False,False,False
0.1,15,2,3,24,od1,False,False,False
0.1,15,2,3,24,od2,False,True,True
0.1,15,3,3,3,gw0,False,True,True
0.1,15,3,3,3,gw1,False,True,True
0.1,15,3,3,3,gw2,False,True,True
0.1,15,3,3,3,od0,False,False,False
0.1,15,3,3,3,od1,False,True,True
0.1,15,3,3,3,od2,False,False,False
0.1,15,3,3,7,gw0,False,False,False
0.1,15,3,3,7,gw1,False,False,False
0.1,15,3,3,7,gw2,False,False,False
0.1,15,3,3,7,od0,False,True,True
0.1,15,3,3,7,od1,False,True,True
0.1,15,3,3,7,od2,False,False,False
0.1,15,3,3,11,gw0,False,False,False
0.1,15,3,3,11,gw1,False,False,False
0.1,15,3,3,11,gw2,False,False,False
0.1,15,3,3,11,od0,True,True,False
0.1,15,3,3,11,od1,False,False,False
0.1,15,3,3,11,od2,False,False,False
0.1,15,3,3,15,gw0,False,False,False
0.1,15,3,3,15,gw1,False,False,False
0.1,15,3,3,15,gw2,False,False,False
0.1,15,3,3,15,od0,True,True,False
0.1,15,3,3,15,od1,False,True,True
0.1,15,3,3,15,od2,True,True,False
0.1,15,3,3,19,gw0,False,True,True
0.1,15,3,3,19,gw1,False,False,False
0.1,15,3,3,19,gw2,False,False,False
0.1,15,3,3,19,od0,False,False,False
0.1,15,3,3,19,od1,False,False,False
0.1,15,3,3,19,od2,False,True,True
0.1,15,3,3,23,gw0,False,True,True
0.1,15,3,3,23,gw1,False,True,True
0.1,15,3,3,23,gw2,False,True,True
0.1,15,3,3,23,od0,True,True,False
0.1,15,3,3,23,od1,True,True,False
0.1,15,3,3,23,od2,True,True,False
0.1,20,2,2,2,gw0,False,False,False
0.1,20,2,2,2,gw1,False,False,False
0.1,20,2,2,2,od0,False,False,False
0.1,20,2,2,2,od1,False,False,False
0.1,20,2,2,6,gw0,False,True,True
0.1,20,2,2,6,gw1,False,False,False
0.1,20,2,2,6,od0,False,False,False
0.1,20,2,2,6,od1,False,False,False
0.1,20,2,2,10,gw0,False,False,False
0.1,20,2,2,10,gw1,False,False,False
0.1,20,2,2,10,od0,True,True,False
0.1,20,2,2,10,od1,False,False,False
0.1,20,2,2,14,gw0,False,False,False
0.1,20,2,2,14,gw1,False,False,False
0.1,20,2,2,14,od0,False,False,False
0.1,20,2,2,14,od1,False,False,False
0.1,20,2,2,18,gw0,False,False,False
0.1,20,2,2,18,gw1,False,False,False
0.1,20,2,2,18,od0,False,False,False
0.1,20,2,2,18,od1,False,False,False
0.1,20,2,2,22,gw0,False,False,False
0.1,20,2,2,22,gw1,False,False,False
0.1,20,2,2,22,od0,False,False,False
0.1,20,2,2,22,od1,False,False,False
0.1,20,3,2,1,gw0,False,False,False
0.1,20,3,2,1,gw1,False,False,False
0.1,20,3,2,1,gw2,False,False,False
0.1,20,3,2,1,od0,False,True,True
0.1,20,3,2,1,od1,False,True,True
0.1,20,3,2,5,gw0,False,False,False
0.1,20,3,2,5,gw1,False,False,False
0.1,20,3,2,5,gw2,False,False,False
0.1,20,3,2,5,od0,False,False,False
0.1,20,3,2,5,od1,False,False,False
0.1,20,3,2,9,gw0,False,False,False
0.1,20,3,2,9,gw1,False,False,False
0.1,20,3,2,9,gw2,False,False,False
0.1,20,3,2,9,od0,False,False,False
0.1,20,3,2,9,od1,True,True,False
0.1,20,3,2,13,gw0,False,False,False
0.1,20,3,2,13,gw1,False,False,False
0.1,20,3,2,13,gw2,False,False,False
0.1,20,3,2,13,od0,False,True,True
0.1,20,3,2,13,od1,False,False,False
0.1,20,3,2,17,gw0,False,False,False
0.1,20,3,2,17,gw1,False,False,False
0.1,20,3,2,17,gw2,False,False,False
0.1,20,3,2,17,od0,False,False,False
0.1,20,3,2,17,od1,False,False,False
0.1,20,3,2,21,gw0,False,False,False
0.1,20,3,2,21,gw1,False,False,False
0.1,20,3,2,21,gw2,False,False,False
0.1,20,3,2,21,od0,False,False,False
0.1,20,3,2,21,od1,True,True,False
0.1,20,2,3,0,gw0,False,False,False
0.1,20,2,3,0,gw1,False,False,False
0.1,20,2,3,0,od0,False,False,False
0.1,20,2,3,0,od1,True,True,False
0.1,20,2,3,0,od2,False,False,False
0.1,20,2,3,4,gw0,False,False,False
0.1,20,2,3,4,gw1,False,False,False
0.1,20,2,3,4,od0,False,False,False
0.1,20,2,3,4,od1,True,True,False
0.1,20,2,3,4,od2,False,False,False
0.1,20,2,3,8,gw0,False,False,False
0.1,20,2,3,8,gw1,False,False,False
0.1,20,2,3,8,od0,False,False,False
0.1,20,2,3,8,od1,True,True,False
0.1,20,2,3,8,od2,False,False,False
0.1,20,2,3,12,gw0,False,False,False
0.1,20,2,3,12,gw1,False,False,False
0.1,20,2,3,12,od0,False,False,False
0.1,20,2,3,12,od1,False,False,False
0.1,20,2,3,12,od2,False,False,False
0.1,20,2,3,16,gw0,False,False,False
0.1,20,2,3,16,gw1,False,False,False
0.1,20,2,3,16,od0,False,False,False
0.1,20,2,3,16,od1,False,True,True
0.1,20,2,3,16,od2,False,False,False
0.1,20,2,3,20,gw0,False,False,False
0.1,20,2,3,20,gw1,False,False,False
0.1,20,2,3,20,od0,False,False,False
0.1,20,2,3,20,od1,False,False,False
0.1,20,2,3,20,od2,False,False,False
0.1,20,2,3,24,gw0,False,False,False
0.1,20,2,3,24,gw1,False,False,False
0.1,20,2,3,24,od0,False,False,False
0.1,20,2,3,24,od1,False,False,False
0.1,20,2,3,24,od2,False,False,False
0.1,20,3,3,3,gw0,False,False,False
0.1,20,3,3,3,gw1,False,False,False
0.1,20,3,3,3,gw2,False,False,False
0.1,20,3,3,3,od0,False,False,False
0.1,20,3,3,3,od1,False,False,False
0.1,20,3,3,3,od2,False,False,False
0.1,20,3,3,7,gw0,False,False,False
0.1,20,3,3,7,gw1,False,False,False
0.1,20,3,3,7,gw2,False,False,False
0.1,20,3,3,7,od0,False,False,False
0.1,20,3,3,7,od1,False,True,True
0.1,20,3,3,7,od2,True,True,False
0.1,20,3,3,11,gw0,False,False,False
0.1,20,3,3,11,gw1,False,False,False
0.1,20,3,3,11,gw2,False,False,False
0.1,20,3,3,11,od0,False,False,False
0.1,20,3,3,11,od1,False,False,False
0.1,20,3,3,11,od2,False,False,False
0.1,20,3,3,15,gw0,False,False,False
0.1,20,3,3,15,gw1,False,False,False
0.1,20,3,3,15,gw2,False,False,False
0.1,20,3,3,15,od0,False,True,True
0.1,20,3,3,15,od1,False,False,False
0.1,20,3,3,15,od2,False,False,False
0.1,20,3,3,19,gw0,False,False,False
0.1,20,3,3,19,gw1,False,False,False
0.1,20,3,3,19,gw2,False,False,False
0.1,20,3,3,19,od0,True,True,False
0.1,20,3,3,19,od1,False,False,False
0.1,20,3,3,19,od2,False,False,False
0.1,20,3,3,23,gw0,False,True,True
0.1,20,3,3,23,gw1,False,True,True
0.1,20,3,3,23,gw2,False,False,False
0.1,20,3,3,23,od0,False,False,False
0.1,20,3,3,23,od1,False,False,False
0.1,20,3,3,23,od2,False,False,False
0.3,10,2,2,2,gw0,False,True,True
0.3,10,2,2,2,gw1,False,False,False
0.3,10,2,2,2,od0,False,True,True
0.3,10,2,2,2,od1,False,False,False
0.3,10,2,2,6,gw0,False,False,False
0.3,10,2,2,6,gw1,False,False,False
0.3,10,2,2,6,od0,False,False,False
0.3,10,2,2,6,od1,False,False,False
0.3,10,2,2,10,gw0,False,True,True
0.3,10,2,2,10,gw1,False,True,True
0.3,10,2,2,10,od0,False,False,False
0.3,10,2,2,10,od1,True,True,False
0.3,10,2,2,14,gw0,False,False,False
0.3,10,2,2,14,gw1,False,False,False
0.3,10,2,2,14,od0,False,False,False
0.3,10,2,2,14,od1,False,False,False
0.3,10,2,2,18,gw0,False,False,False
0.3,10,2,2,18,gw1,False,False,False
0.3,10,2,2,18,od0,False,False,False
0.3,10,2,2,18,od1,False,False,False
0.3,10,2,2,22,gw0,False,True,True
0.3,10,2,2,22,gw1,False,True,True
0.3,10,2,2,22,od0,True,True,False
0.3,10,2,2,22,od1,True,True,False
0.3,10,3,2,1,gw0,False,True,True
0.3,10,3,2,1,gw1,False,True,True
0.3,10,3,2,1,gw2,False,True,True
0.3,10,3,2,1,od0,True,True,False
0.3,10,3,2,1,od1,True,True,False
0.3,10,3,2,5,gw0,False,False,False
0.3,10,3,2,5,gw1,False,False,False
0.3,10,3,2,5,gw2,False,False,False
0.3,10,3,2,5,od0,False,False,False
0.3,10,3,2,5,od1,True,True,False
0.3,10,3,2,9,gw0,False,True,True
0.3,10,3,2,9,gw1,False,True,True
0.3,10,3,2,9,gw2,False,True,True
0.3,10,3,2,9,od0,False,True,True
0.3,10,3,2,9,od1,False,False,False
0.3,10,3,2,13,gw0,False,False,False
0.3,10,3,2,13,gw1,False,False,False
0.3,10,3,2,13,gw2,False,False,False
0.3,10,3,2,13,od0,True,True,False
0.3,10,3,2,13,od1,True,True,False
0.3,10,3,2,17,gw0,False,True,True
0.3,10,3,2,17,gw1,False,False,False
0.3,10,3,2,17,gw2,False,True,True
0.3,10,3,2,17,od0,True,True,False
0.3,10,3,2,17,od1,True,True,False
0.3,10,3,2,21,gw0,False,True,True
0.3,10,3,2,21,gw1,False,True,True
0.3,10,3,2,21,gw2,False,True,True
0.3,10,3,2,21,od0,True,True,False
0.3,10,3,2,21,od1,True,True,False
0.3,10,2,3,0,gw0,False,True,True
0.3,10,2,3,0,gw1,False,False,False
0.3,10,2,3,0,od0,True,True,False
0.3,10,2,3,0,od1,False,False,False
0.3,10,2,3,0,od2,False,False,False
0.3,10,2,3,4,gw0,False,True,True
0.3,10,2,3,4,gw1,False,True,True
0.3,10,2,3,4,od0,True,True,False
0.3,10,2,3,4,od1,True,True,False
0.3,10,2,3,4,od2,True,True,False
0.3,10,2,3,8,gw0,False,False,False
0.3,10,2,3,8,gw1,False,False,False
0.3,10,2,3,8,od0,False,False,False
0.3,10,2,3,8,od1,False,True,True
0.3,10,2,3,8,od2,False,False,False
0.3,10,2,3,12,gw0,False,False,False
0.3,10,2,3,12,gw1,False,False,False
0.3,10,2,3,12,od0,False,False,False
0.3,10,2,3,12,od1,False,False,False
0.3,10,2,3,12,od2,False,False,False
0.3,10,2,3,16,gw0,False,False,False
0.3,10,2,3,16,gw1,False,False,False
0.3,10,2,3,16,od0,False,False,False
0.3,10,2,3,16,od1,False,False,False
0.3,10,2,3,16,od2,False,False,False
0.3,10,2,3,20,gw0,False,True,True
0.3,10,2,3,20,gw1,False,True,True
0.3,10,2,3,20,od0,False,False,False
0.3,10,2,3,20,od1,False,False,False
0.3,10,2,3,20,od2,False,False,False
0.3,10,2,3,24,gw0,False,False,False
0.3,10,2,3,24,gw1,False,True,True
0.3,10,2,3,24,od0,False,True,True
0.3,10,2,3,24,od1,False,True,True
0.3,10,2,3,24,od2,False,True,True
0.3,10,3,3,3,gw0,False,True,True
0.3,10,3,3,3,gw1,False,True,True
0.3,10,3,3,3,gw2,False,False,False
0.3,10,3,3,3,od0,True,True,False
0.3,10,3,3,3,od1,True,True,False
0.3,10,3,3,3,od2,True,True,False
0.3,10,3,3,7,gw0,False,False,False
0.3,10,3,3,7,gw1,False,False,False
0.3,10,3,3,7,gw2,False,False,False
0.3,10,3,3,7,od0,False,True,True
0.3,10,3,3,7,od1,False,False,False
0.3,10,3,3,7,od2,False,False,False
0.3,10,3,3,11,gw0,False,True,True
0.3,10,3,3,11,gw1,False,True,True
0.3,10,3,3,11,gw2,False,True,True
0.3,10,3,3,11,od0,False,True,True
0.3,10,3,3,11,od1,True,True,False
0.3,10,3,3,11,od2,False,True,True
0.3,10,3,3,15,gw0,False,False,False
0.3,10,3,3,15,gw1,False,False,False
0.3,10,3,3,15,gw2,False,False,False
0.3,10,3,3,15,od0,False,False,False
0.3,10,3,3,15,od1,False,False,False
0.3,10,3,3,15,od2,True,True,False
0.3,10,3,3,19,gw0,False,False,False
0.3,10,3,3,19,gw1,False,False,False
0.3,10,3,3,19,gw2,False,False,False
0.3,10,3,3,19,od0,True,True,False
0.3,10,3,3,19,od1,False,False,False
0.3,10,3,3,19,od2,False,False,False
0.3,10,3,3,23,gw0,False,True,True
0.3,10,3,3,23,gw1,False,True,True
0.3,10,3,3,23,gw2,False,True,True
0.3,10,3,3,23,od0,False,False,False
0.3,10,3,3,23,od1,True,True,False
0.3,10,3,3,23,od2,False,True,True
0.3,15,2,2,2,gw0,False,False,False
0.3,15,2,2,2,gw1,False,False,False
0.3,15,2,2,2,od0,False,False,False
0.3,15,2,2,2,od1,False,True,True
0.3,15,2,2,6,gw0,False,False,False
0.3,15,2,2,6,gw1,False,False,False
0.3,15,2,2,6,od0,True,True,False
0.3,15,2,2,6,od1,True,True,False
0.3,15,2,2,10,gw0,False,False,False
0.3,15,2,2,10,gw1,False,False,False
0.3,15,2,2,10,od0,False,False,False
0.3,15,2,2,10,od1,True,True,False
0.3,15,2,2,14,gw0,False,False,False
0.3,15,2,2,14,gw1,False,False,False
0.3,15,2,2,14,od0,False,False,False
0.3,15,2,2,14,od1,False,False,False
0.3,15,2,2,18,gw0,False,False,False
0.3,15,2,2,18,gw1,False,False,False
0.3,15,2,2,18,od0,True,True,False
0.3,15,2,2,18,od1,True,True,False
0.3,15,2,2,22,gw0,False,True,True
0.3,15,2,2,22,gw1,False,True,True
0.3,15,2,2,22,od0,True,True,False
0.3,15,2,2,22,od1,True,True,False
0.3,15,3,2,1,gw0,False,False,False
0.3,15,3,2,1,gw1,False,False,False
0.3,15,3,2,1,gw2,False,False,False
0.3,15,3,2,1,od0,False,True,True
0.3,15,3,2,1,od1,False,False,False
0.3,15,3,2,5,gw0,False,False,False
0.3,15,3,2,5,gw1,False,False,False
0.3,15,3,2,5,gw2,False,False,False
0.3,15,3,2,5,od0,True,True,False
0.3,15,3,2,5,od1,False,False,False
0.3,15,3,2,9,gw0,False,False,False
0.3,15,3,2,9,gw1,False,False,False
0.3,15,3,2,9,gw2,False,False,False
0.3,15,3,2,9,od0,False,False,False
0.3,15,3,2,9,od1,False,False,False
0.3,15,3,2,13,gw0,False,False,False
0.3,15,3,2,13,gw1,False,False,False
0.3,15,3,2,13,gw2,False,False,False
0.3,15,3,2,13,od0,False,False,False
0.3,15,3,2,13,od1,False,False,False
0.3,15,3,2,17,gw0,False,True,True
0.3,15,3,2,17,gw1,False,False,False
0.3,15,3,2,17,gw2,False,False,False
0.3,15,3,2,17,od0,False,False,False
0.3,15,3,2,17,od1,True,True,False
0.3,15,3,2,21,gw0,False,False,False
0.3,15,3,2,21,gw1,False,True,True
0.3,15,3,2,21,gw2,False,False,False
0.3,15,3,2,21,od0,True,True,False
0.3,15,3,2,21,od1,False,False,False
0.3,15,2,3,0,gw0,False,False,False
0.3,15,2,3,0,gw1,False,False,False
0.3,15,2,3,0,od0,False,False,False
0.3,15,2,3,0,od1,False,False,False
0.3,15,2,3,0,od2,False,True,True
0.3,15,2,3,4,gw0,False,True,True
0.3,15,2,3,4,gw1,False,True,True
0.3,15,2,3,4,od0,True,True,False
0.3,15,2,3,4,od1,False,True,True
0.3,15,2,3,4,od2,True,True,False
0.3,15,2,3,8,gw0,False,False,False
0.3,15,2,3,8,gw1,False,False,False
0.3,15,2,3,8,od0,False,True,True
0.3,15,2,3,8,od1,False,False,False
0.3,15,2,3,8,od2,False,False,False
0.3,15,2,3,12,gw0,False,False,False
0.3,15,2,3,12,gw1,False,False,False
0.3,15,2,3,12,od0,False,False,False
0.3,15,2,3,12,od1,False,False,False
0.3,15,2,3,12,od2,False,False,False
0.3,15,2,3,16,gw0,False,False,False
0.3,15,2,3,16,gw1,False,False,False
0.3,15,2,3,16,od0,False,False,False
0.3,15,2,3,16,od1,False,True,True
0.3,15,2,3,16,od2,True,True,False
0.3,15,2,3,20,gw0,False,False,False
0.3,15,2,3,20,gw1,False,False,False
0.3,15,2,3,20,od0,False,False,False
0.3,15,2,3,20,od1,False,False,False
0.3,15,2,3,20,od2,False,False,False
0.3,15,2,3,24,gw0,False,False,False
0.3,15,2,3,24,gw1,False,False,False
0.3,15,2,3,24,od0,False,False,False
0.3,15,2,3,24,od1,True,True,False
0.3,15,2,3,24,od2,False,False,False
0.3,15,3,3,3,gw0,False,False,False
0.3,15,3,3,3,gw1,False,False,False
0.3,15,3,3,3,gw2,False,False,False
0.3,15,3,3,3,od0,False,False,False
0.3,15,3,3,3,od1,False,False,False
0.3,15,3,3,3,od2,False,True,True
0.3,15,3,3,7,gw0,False,False,False
0.3,15,3,3,7,gw1,False,False,False
0.3,15,3,3,7,gw2,False,False,False
0.3,15,3,3,7,od0,False,False,False
0.3,15,3,3,7,od1,False,False,False
0.3,15,3,3,7,od2,False,True,True
0.3,15,3,3,11,gw0,False,False,False
0.3,15,3,3,11,gw1,False,False,False
0.3,15,3,3,11,gw2,False,False,False
0.3,15,3,3,11,od0,True,True,False
0.3,15,3,3,11,od1,True,True,False
0.3,15,3,3,11,od2,True,True,False
0.3,15,3,3,15,gw0,False,True,True
0.3,15,3,3,15,gw1,False,True,True
0.3,15,3,3,15,gw2,False,True,True
0.3,15,3,3,15,od0,False,False,False
0.3,15,3,3,15,od1,False,False,False
0.3,15,3,3,15,od2,False,True,True
0.3,15,3,3,19,gw0,False,False,False
0.3,15,3,3,19,gw1,False,False,False
0.3,15,3,3,19,gw2,False,False,False
0.3,15,3,3,19,od0,False,False,False
0.3,15,3,3,19,od1,False,False,False
0.3,15,3,3,19,od2,True,True,False
0.3,15,3,3,23,gw0,False,False,False
0.3,15,3,3,23,gw1,False,False,False
0.3,15,3,3,23,gw2,False,False,False
0.3,15,3,3,23,od0,False,True,True
0.3,15,3,3,23,od1,False,False,False
0.3,15,3,3,23,od2,False,False,False
0.3,20,2,2,2,gw0,False,False,False
0.3,20,2,2,2,gw1,False,False,False
0.3,20,2,2,2,od0,False,True,True
0.3,20,2,2,2,od1,False,False,False
0.3,20,2,2,6,gw0,False,False,False
0.3,20,2,2,6,gw1,False,False,False
0.3,20,2,2,6,od0,False,False,False
0.3,20,2,2,6,od1,False,False,False
0.3,20,2,2,10,gw0,False,False,False
0.3,20,2,2,10,gw1,False,False,False
0.3,20,2,2,10,od0,False,False,False
0.3,20,2,2,10,od1,True,True,False
0.3,20,2,2,14,gw0,False,False,False
0.3,20,2,2,14,gw1,False,False,False
0.3,20,2,2,14,od0,True,True,False
0.3,20,2,2,14,od1,False,False,False
0.3,20,2,2,18,gw0,False,True,True
0.3,20,2,2,18,gw1,False,True,True
0.3,20,2,2,18,od0,False,True,True
0.3,20,2,2,18,od1,False,True,True
0.3,20,2,2,22,gw0,False,False,False
0.3,20,2,2,22,gw1,False,False,False
0.3,20,2,2,22,od0,False,False,False
0.3,20,2,2,22,od1,False,False,False
0.3,20,3,2,1,gw0,False,False,False
0.3,20,3,2,1,gw1,False,False,False
0.3,20,3,2,1,gw2,False,False,False
0.3,20,3,2,1,od0,False,False,False
0.3,20,3,2,1,od1,False,False,False
0.3,20,3,2,5,gw0,False,False,False
0.3,20,3,2,5,gw1,False,False,False
0.3,20,3,2,5,gw2,False,False,False
0.3,20,3,2,5,od0,False,False,False
0.3,20,3,2,5,od1,False,True,True
0.3,20,3,2,9,gw0,False,False,False
0.3,20,3,2,9,gw1,False,True,True
0.3,20,3,2,9,gw2,False,False,False
0.3,20,3,2,9,od0,False,True,True
0.3,20,3,2,9,od1,False,True,True
0.3,20,3,2,13,gw0,False,True,True
0.3,20,3,2,13,gw1,False,False,False
0.3,20,3,2,13,gw2,False,True,True
0.3,20,3,2,13,od0,False,False,False
0.3,20,3,2,13,od1,False,False,False
0.3,20,3,2,17,gw0,False,False,False
0.3,20,3,2,17,gw1,False,False,False
0.3,20,3,2,17,gw2,False,False,False
0.3,20,3,2,17,od0,True,True,False
0.3,20,3,2,17,od1,True,True,False
0.3,20,3,2,21,gw0,False,False,False
0.3,20,3,2,21,gw1,False,False,False
0.3,20,3,2,21,gw2,False,False,False
0.3,20,3,2,21,od0,False,False,False
0.3,20,3,2,21,od1,False,False,False
0.3,20,2,3,0,gw0,False,False,False
0.3,20,2,3,0,gw1,False,False,False
0.3,20,2,3,0,od0,False,False,False
0.3,20,2,3,0,od1,False,False,False
0.3,20,2,3,0,od2,False,True,True
0.3,20,2,3,4,gw0,False,False,False
0.3,20,2,3,4,gw1,False,False,False
0.3,20,2,3,4,od0,False,False,False
0.3,20,2,3,4,od1,False,False,False
0.3,20,2,3,4,od2,False,False,False
0.3,20,2,3,8,gw0,False,False,False
0.3,20,2,3,8,gw1,False,False,False
0.3,20,2,3,8,od0,False,False,False
0.3,20,2,3,8,od1,True,True,False
0.3,20,2,3,8,od2,False,True,True
0.3,20,2,3,12,gw0,False,False,False
0.3,20,2,3,12,gw1,False,False,False
0.3,20,2,3,12,od0,False,False,False
0.3,20,2,3,12,od1,False,False,False
0.3,20,2,3,12,od2,False,False,False
0.3,20,2,3,16,gw0,False,False,False
0.3,20,2,3,16,gw1,False,False,False
0.3,20,2,3,16,od0,False,False,False
0.3,20,2,3,16,od1,False,False,False
0.3,20,2,3,16,od2,False,False,False
0.3,20,2,3,20,gw0,False,False,False
0.3,20,2,3,20,gw1,False,False,False
0.3,20,2,3,20,od0,False,False,False
0.3,20,2,3,20,od1,False,False,False
0.3,20,2,3,20,od2,False,False,False
0.3,20,2,3,24,gw0,False,True,True
0.3,20,2,3,24,gw1,False,True,True
0.3,20,2,3,24,od0,False,False,False
0.3,20,2,3,24,od1,False,False,False
0.3,20,2,3,24,od2,False,False,False
0.3,20,3,3,3,gw0,False,False,False
0.3,20,3,3,3,gw1,False,False,False
0.3,20,3,3,3,gw2,False,False,False
0.3,20,3,3,3,od0,False,False,False
0.3,20,3,3,3,od1,False,False,False
0.3,20,3,3,3,od2,False,False,False
0.3,20,3,3,7,gw0,False,False,False
0.3,20,3,3,7,gw1,False,False,False
0.3,20,3,3,7,gw2,False,False,False
0.3,20,3,3,7,od0,False,False,False
0.3,20,3,3,7,od1,False,False,False
0.3,20,3,3,7,od2,False,False,False
0.3,20,3,3,11,gw0,False,False,False
0.3,20,3,3,11,gw1,False,False,False
0.3,20,3,3,11,gw2,False,False,False
0.3,20,3,3,11,od0,False,False,False
0.3,20,3,3,11,od1,False,False,False
0.3,20,3,3,11,od2,False,False,False
0.3,20,3,3,15,gw0,False,False,False
0.3,20,3,3,15,gw1,False,False,False
0.3,20,3,3,15,gw2,False,False,False
0.3,20,3,3,15,od0,False,False,False
0.3,20,3,3,15,od1,False,False,False
0.3,20,3,3,15,od2,False,True,True
0.3,20,3,3,19,gw0,False,False,False
0.3,20,3,3,19,gw1,False,False,False
0.3,20,3,3,19,gw2,False,False,False
0.3,20,3,3,19,od0,False,False,False
0.3,20,3,3,19,od1,True,True,False
0.3,20,3,3,19,od2,False,False,False
0.3,20,3,3,23,gw0,False,False,False
0.3,20,3,3,23,gw1,False,False,False
0.3,20,3,3,23,gw2,False,False,False
0.3,20,3,3,23,od0,False,False,False
0.3,20,3,3,23,od1,False,True,True
0.3,20,3,3,23,od2,True,True,False
0.5,10,2,2,2,gw0,False,True,True
0.5,10,2,2,2,gw1,False,False,False
0.5,10,2,2,2,od0,True,True,False
0.5,10,2,2,2,od1,True,True,False
0.5,10,2,2,6,gw0,False,True,True
0.5,10,2,2,6,gw1,False,True,True
0.5,10,2,2,6,od0,True,True,False
0.5,10,2,2,6,od1,True,True,False
0.5,10,2,2,10,gw0,False,True,True
0.5,10,2,2,10,gw1,False,False,False
0.5,10,2,2,10,od0,True,True,False
0.5,10,2,2,10,od1,True,True,False
0.5,10,2,2,14,gw0,False,True,True
0.5,10,2,2,14,gw1,False,True,True
0.5,10,2,2,14,od0,True,True,False
0.5,10,2,2,14,od1,True,True,False
0.5,10,2,2,18,gw0,False,True,True
0.5,10,2,2,18,gw1,False,True,True
0.5,10,2,2,18,od0,False,False,False
0.5,10,2,2,18,od1,True,True,False
0.5,10,2,2,22,gw0,False,False,False
0.5,10,2,2,22,gw1,False,False,False
0.5,10,2,2,22,od0,True,True,False
0.5,10,2,2,22,od1,True,True,False
0.5,10,3,2,1,gw0,False,True,True
0.5,10,3,2,1,gw1,False,True,True
0.5,10,3,2,1,gw2,False,True,True
0.5,10,3,2,1,od0,True,True,False
0.5,10,3,2,1,od1,True,True,False
0.5,10,3,2,5,gw0,False,True,True
0.5,10,3,2,5,gw1,False,True,True
0.5,10,3,2,5,gw2,False,True,True
0.5,10,3,2,5,od0,True,True,False
0.5,10,3,2,5,od1,True,True,False
0.5,10,3,2,9,gw0,False,True,True
0.5,10,3,2,9,gw1,False,True,True
0.5,10,3,2,9,gw2,False,True,True
0.5,10,3,2,9,od0,True,True,False
0.5,10,3,2,9,od1,True,True,False
0.5,10,3,2,13,gw0,False,True,True
0.5,10,3,2,13,gw1,False,True,True
0.5,10,3,2,13,gw2,False,True,True
0.5,10,3,2,13,od0,True,True,False
0.5,10,3,2,13,od1,True,True,False
0.5,10,3,2,17,gw0,False,True,True
0.5,10,3,2,17,gw1,False,True,True
0.5,10,3,2,17,gw2,False,True,True
0.5,10,3,2,17,od0,False,False,False
0.5,10,3,2,17,od1,False,False,False
0.5,10,3,2,21,gw0,False,True,True
0.5,10,3,2,21,gw1,False,True,True
0.5,10,3,2,21,gw2,False,True,True
0.5,10,3,2,21,od0,True,True,False
0.5,10,3,2,21,od1,True,True,False
0.5,10,2,3,0,gw0,False,True,True
0.5,10,2,3,0,gw1,False,True,True
0.5,10,2,3,0,od0,True,True,False
0.5,10,2,3,0,od1,True,True,False
0.5,10,2,3,0,od2,True,True,False
0.5,10,2,3,4,gw0,False,False,False
0.5,10,2,3,4,gw1,False,False,False
0.5,10,2,3,4,od0,True,True,False
0.5,10,2,3,4,od1,True,True,False
0.5,10,2,3,4,od2,False,False,False
0.5,10,2,3,8,gw0,False,True,True
0.5,10,2,3,8,gw1,False,True,True
0.5,10,2,3,8,od0,False,False,False
0.5,10,2,3,8,od1,False,False,False
0.5,10,2,3,8,od2,True,True,False
0.5,10,2,3,12,gw0,False,True,True
0.5,10,2,3,12,gw1,False,True,True
0.5,10,2,3,12,od0,True,True,False
0.5,10,2,3,12,od1,True,True,False
0.5,10,2,3,12,od2,True,True,False
0.5,10,2,3,16,gw0,False,True,True
0.5,10,2,3,16,gw1,False,True,True
0.5,10,2,3,16,od0,True,True,False
0.5,10,2,3,16,od1,True,True,False
0.5,10,2,3,16,od2,True,True,False
0.5,10,2,3,20,gw0,False,True,True
0.5,10,2,3,20,gw1,False,True,True
0.5,10,2,3,20,od0,True,True,False
0.5,10,2,3,20,od1,True,True,False
0.5,10,2,3,20,od2,True,True,False
0.5,10,2,3,24,gw0,False,True,True
0.5,10,2,3,24,gw1,False,True,True
0.5,10,2,3,24,od0,True,True,False
0.5,10,2,3,24,od1,True,True,False
0.5,10,2,3,24,od2,True,True,False
0.5,10,3,3,3,gw0,False,True,True
0.5,10,3,3,3,gw1,False,True,True
0.5,10,3,3,3,gw2,False,True,True
0.5,10,3,3,3,od0,True,True,False
0.5,10,3,3,3,od1,True,True,False
0.5,10,3,3,3,od2,True,True,False
0.5,10,3,3,7,gw0,False,True,True
0.5,10,3,3,7,gw1,False,True,True
0.5,10,3,3,7,gw2,False,True,True
0.5,10,3,3,7,od0,True,True,False
0.5,10,3,3,7,od1,True,True,False
0.5,10,3,3,7,od2,True,True,False
0.5,10,3,3,11,gw0,False,False,False
0.5,10,3,3,11,gw1,False,False,False
0.5,10,3,3,11,gw2,False,False,False
0.5,10,3,3,11,od0,True,True,False
0.5,10,3,3,11,od1,True,True,False
0.5,10,3,3,11,od2,True,True,False
0.5,10,3,3,15,gw0,False,True,True
0.5,10,3,3,15,gw1,False,True,True
0.5,10,3,3,15,gw2,False,True,True
0.5,10,3,3,15,od0,True,True,False
0.5,10,3,3,15,od1,True,True,False
0.5,10,3,3,15,od2,True,True,False
0.5,10,3,3,19,gw0,False,True,True
0.5,10,3,3,19,gw1,False,True,True
0.5,10,3,3,19,gw2,False,True,True
0.5,10,3,3,19,od0,True,True,False
0.5,10,3,3,19,od1,True,True,False
0.5,10,3,3,19,od2,True,True,False
0.5,10,3,3,23,gw0,False,True,True
0.5,10,3,3,23,gw1,False,True,True
0.5,10,3,3,23,gw2,False,True,True
0.5,10,3,3,23,od0,True,True,False
0.5,10,3,3,23,od1,True,True,False
0.5,10,3,3,23,od2,False,True,True
0.5,15,2,2,2,gw0,False,True,True
0.5,15,2,2,2,gw1,False,True,True
0.5,15,2,2,2,od0,True,True,False
0.5,15,2,2,2,od1,True,True,False
0.5,15,2,2,6,gw0,False,True,True
0.5,15,2,2,6,gw1,False,True,True
0.5,15,2,2,6,od0,True,True,False
0.5,15,2,2,6,od1,True,True,False
0.5,15,2,2,10,gw0,False,True,True
0.5,15,2,2,10,gw1,False,True,True
0.5,15,2,2,10,od0,True,True,False
0.5,15,2,2,10,od1,False,False,False
0.5,15,2,2,14,gw0,False,False,False
0.5,15,2,2,14,gw1,False,False,False
0.5,15,2,2,14,od0,True,True,False
0.5,15,2,2,14,od1,True,True,False
0.5,15,2,2,18,gw0,False,True,True
0.5,15,2,2,18,gw1,False,True,True
0.5,15,2,2,18,od0,True,True,False
0.5,15,2,2,18,od1,True,True,False
0.5,15,2,2,22,gw0,False,True,True
0.5,15,2,2,22,gw1,False,True,True
0.5,15,2,2,22,od0,True,True,False
0.5,15,2,2,22,od1,True,True,False
0.5,15,3,2,1,gw0,False,True,True
0.5,15,3,2,1,gw1,False,True,True
0.5,15,3,2,1,gw2,False,True,True
0.5,15,3,2,1,od0,True,True,False
0.5,15,3,2,1,od1,True,True,False
0.5,15,3,2,5,gw0,False,True,True
0.5,15,3,2,5,gw1,False,True,True
0.5,15,3,2,5,gw2,False,True,True
0.5,15,3,2,5,od0,True,True,False
0.5,15,3,2,5,od1,True,True,False
0.5,15,3,2,9,gw0,False,False,False
0.5,15,3,2,9,gw1,False,False,False
0.5,15,3,2,9,gw2,False,False,False
0.5,15,3,2,9,od0,True,True,False
0.5,15,3,2,9,od1,True,True,False
0.5,15,3,2,13,gw0,False,False,False
0.5,15,3,2,13,gw1,False,True,True
0.5,15,3,2,13,gw2,False,True,True
0.5,15,3,2,13,od0,True,True,False
0.5,15,3,2,13,od1,True,True,False
0.5,15,3,2,17,gw0,False,True,True
0.5,15,3,2,17,gw1,False,True,True
0.5,15,3,2,17,gw2,False,True,True
0.5,15,3,2,17,od0,True,True,False
0.5,15,3,2,17,od1,True,True,False
0.5,15,3,2,21,gw0,False,False,False
0.5,15,3,2,21,gw1,False,False,False
0.5,15,3,2,21,gw2,False,False,False
0.5,15,3,2,21,od0,True,True,False
0.5,15,3,2,21,od1,True,True,False
0.5,15,2,3,0,gw0,False,True,True
0.5,15,2,3,0,gw1,False,True,True
0.5,15,2,3,0,od0,True,True,False
0.5,15,2,3,0,od1,False,True,True
0.5,15,2,3,0,od2,False,False,False
0.5,15,2,3,4,gw0,False,False,False
0.5,15,2,3,4,gw1,False,False,False
0.5,15,2,3,4,od0,True,True,False
0.5,15,2,3,4,od1,True,True,False
0.5,15,2,3,4,od2,True,True,False
0.5,15,2,3,8,gw0,False,True,True
0.5,15,2,3,8,gw1,False,True,True
0.5,15,2,3,8,od0,True,True,False
0.5,15,2,3,8,od1,True,True,False
0.5,15,2,3,8,od2,True,True,False
0.5,15,2,3,12,gw0,False,False,False
0.5,15,2,3,12,gw1,False,False,False
0.5,15,2,3,12,od0,True,True,False
0.5,15,2,3,12,od1,False,False,False
0.5,15,2,3,12,od2,True,True,False
0.5,15,2,3,16,gw0,False,True,True
0.5,15,2,3,16,gw1,False,True,True
0.5,15,2,3,16,od0,True,True,False
0.5,15,2,3,16,od1,True,True,False
0.5,15,2,3,16,od2,True,True,False
0.5,15,2,3,20,gw0,False,True,True
0.5,15,2,3,20,gw1,False,True,True
0.5,15,2,3,20,od0,False,True,True
0.5,15,2,3,20,od1,True,True,False
0.5,15,2,3,20,od2,False,True,True
0.5,15,2,3,24,gw0,False,True,True
0.5,15,2,3,24,gw1,False,True,True
0.5,15,2,3,24,od0,True,True,False
0.5,15,2,3,24,od1,True,True,False
0.5,15,2,3,24,od2,True,True,False
0.5,15,3,3,3,gw0,False,False,False
0.5,15,3,3,3,gw1,False,False,False
0.5,15,3,3,3,gw2,False,False,False
0.5,15,3,3,3,od0,True,True,False
0.5,15,3,3,3,od1,True,True,False
0.5,15,3,3,3,od2,True,True,False
0.5,15,3,3,7,gw0,False,True,True
0.5,15,3,3,7,gw1,False,True,True
0.5,15,3,3,7,gw2,False,True,True
0.5,15,3,3,7,od0,True,True,False
0.5,15,3,3,7,od1,True,True,False
0.5,15,3,3,7,od2,True,True,False
0.5,15,3,3,11,gw0,False,False,False
0.5,15,3,3,11,gw1,False,False,False
0.5,15,3,3,11,gw2,False,False,False
0.5,15,3,3,11,od0,False,False,False
0.5,15,3,3,11,od1,True,True,False
0.5,15,3,3,11,od2,True,True,False
0.5,15,3,3,15,gw0,False,True,True
0.5,15,3,3,15,gw1,False,True,True
0.5,15,3,3,15,gw2,False,True,True
0.5,15,3,3,15,od0,True,True,False
0.5,15,3,3,15,od1,True,True,False
0.5,15,3,3,15,od2,True,True,False
0.5,15,3,3,19,gw0,False,False,False
0.5,15,3,3,19,gw1,False,False,False
0.5,15,3,3,19,gw2,False,False,False
0.5,15,3,3,19,od0,True,True,False
0.5,15,3,3,19,od1,False,False,False
0.5,15,3,3,19,od2,True,True,False
0.5,15,3,3,23,gw0,False,False,False
0.5,15,3,3,23,gw1,False,False,False
0.5,15,3,3,23,gw2,False,False,False
0.5,15,3,3,23,od0,False,False,False
0.5,15,3,3,23,od1,True,True,False
0.5,15,3,3,23,od2,False,False,False
0.5,20,2,2,2,gw0,False,True,True
0.5,20,2,2,2,gw1,False,True,True
0.5,20,2,2,2,od0,True,True,False
0.5,20,2,2,2,od1,True,True,False
0.5,20,2,2,6,gw0,False,True,True
0.5,20,2,2,6,gw1,False,False,False
0.5,20,2,2,6,od0,True,True,False
0.5,20,2,2,6,od1,True,True,False
0.5,20,2,2,10,gw0,False,False,False
0.5,20,2,2,10,gw1,False,False,False
0.5,20,2,2,10,od0,True,True,False
0.5,20,2,2,10,od1,True,True,False
0.5,20,2,2,14,gw0,False,True,True
0.5,20,2,2,14,gw1,False,True,True
0.5,20,2,2,14,od0,True,True,False
0.5,20,2,2,14,od1,True,True,False
0.5,20,2,2,18,gw0,False,False,False
0.5,20,2,2,18,gw1,False,False,False
0.5,20,2,2,18,od0,True,True,False
0.5,20,2,2,18,od1,False,True,True
0.5,20,2,2,22,gw0,False,True,True
0.5,20,2,2,22,gw1,False,True,True
0.5,20,2,2,22,od0,True,True,False
0.5,20,2,2,22,od1,True,True,False
0.5,20,3,2,1,gw0,False,True,True
0.5,20,3,2,1,gw1,False,True,True
0.5,20,3,2,1,gw2,False,True,True
0.5,20,3,2,1,od0,True,True,False
0.5,20,3,2,1,od1,True,True,False
0.5,20,3,2,5,gw0,False,False,False
0.5,20,3,2,5,gw1,False,False,False
0.5,20,3,2,5,gw2,False,False,False
0.5,20,3,2,5,od0,False,False,False
0.5,20,3,2,5,od1,True,True,False
0.5,20,3,2,9,gw0,False,False,False
0.5,20,3,2,9,gw1,False,False,False
0.5,20,3,2,9,gw2,False,False,False
0.5,20,3,2,9,od0,True,True,False
0.5,20,3,2,9,od1,False,False,False
0.5,20,3,2,13,gw0,False,True,True
0.5,20,3,2,13,gw1,False,True,True
0.5,20,3,2,13,gw2,False,True,True
0.5,20,3,2,13,od0,True,True,False
0.5,20,3,2,13,od1,False,True,True
0.5,20,3,2,17,gw0,False,True,True
0.5,20,3,2,17,gw1,False,True,True
0.5,20,3,2,17,gw2,False,True,True
0.5,20,3,2,17,od0,True,True,False
0.5,20,3,2,17,od1,True,True,False
0.5,20,3,2,21,gw0,False,True,True
0.5,20,3,2,21,gw1,False,True,True
0.5,20,3,2,21,gw2,False,True,True
0.5,20,3,2,21,od0,True,True,False
0.5,20,3,2,21,od1,True,True,False
0.5,20,2,3,0,gw0,False,False,False
0.5,20,2,3,0,gw1,False,False,False
0.5,20,2,3,0,od0,True,True,False
0.5,20,2,3,0,od1,True,True,False
0.5,20,2,3,0,od2,False,False,False
0.5,20,2,3,4,gw0,False,False,False
0.5,20,2,3,4,gw1,False,False,False
0.5,20,2,3,4,od0,True,True,False
0.5,20,2,3,4,od1,False,False,False
0.5,20,2,3,4,od2,False,False,False
0.5,20,2,3,8,gw0,False,False,False
0.5,20,2,3,8,gw1,False,False,False
0.5,20,2,3,8,od0,False,True,True
0.5,20,2,3,8,od1,False,False,False
0.5,20,2,3,8,od2,False,False,False
0.5,20,2,3,12,gw0,False,False,False
0.5,20,2,3,12,gw1,False,False,False
0.5,20,2,3,12,od0,False,True,True
0.5,20,2,3,12,od1,True,True,False
0.5,20,2,3,12,od2,False,True,True
0.5,20,2,3,16,gw0,False,True,True
0.5,20,2,3,16,gw1,False,True,True
0.5,20,2,3,16,od0,True,True,False
0.5,20,2,3,16,od1,True,True,False
0.5,20,2,3,16,od2,True,True,False
0.5,20,2,3,20,gw0,False,True,True
0.5,20,2,3,20,gw1,False,True,True
0.5,20,2,3,20,od0,True,True,False
0.5,20,2,3,20,od1,True,True,False
0.5,20,2,3,20,od2,True,True,False
0.5,20,2,3,24,gw0,False,True,True
0.5,20,2,3,24,gw1,False,False,False
0.5,20,2,3,24,od0,True,True,False
0.5,20,2,3,24,od1,True,True,False
0.5,20,2,3,24,od2,True,True,False
0.5,20,3,3,3,gw0,False,False,False
0.5,20,3,3,3,gw1,False,False,False
0.5,20,3,3,3,gw2,False,False,False
0.5,20,3,3,3,od0,True,True,False
0.5,20,3,3,3,od1,True,True,False
0.5,20,3,3,3,od2,False,False,False
0.5,20,3,3,7,gw0,False,True,True
0.5,20,3,3,7,gw1,False,True,True
0.5,20,3,3,7,gw2,False,True,True
0.5,20,3,3,7,od0,True,True,False
0.5,20,3,3,7,od1,True,True,False
0.5,20,3,3,7,od2,True,True,False
0.5,20,3,3,11,gw0,False,False,False
0.5,20,3,3,11,gw1,False,True,True
0.5,20,3,3,11,gw2,False,False,False
0.5,20,3,3,11,od0,True,True,False
0.5,20,3,3,11,od1,True,True,False
0.5,20,3,3,11,od2,True,True,False
0.5,20,3,3,15,gw0,False,True,True
0.5,20,3,3,15,gw1,False,True,True
0.5,20,3,3,15,gw2,False,True,True
0.5,20,3,3,15,od0,True,True,False
0.5,20,3,3,15,od1,True,True,False
0.5,20,3,3,15,od2,True,True,False
0.5,20,3,3,19,gw0,False,False,False
0.5,20,3,3,19,gw1,False,False,False
0.5,20,3,3,19,gw2,False,False,False
0.5,20,3,3,19,od0,True,True,False
0.5,20,3,3,19,od1,False,False,False
0.5,20,3,3,19,od2,True,True,False
0.5,20,3,3,23,gw0,False,True,True
0.5,20,3,3,23,gw1,False,True,True
0.5,20,3,3,23,gw2,False,True,True
0.5,20,3,3,23,od0,True,True,False
0.5,20,3,3,23,od1,True,True,False
0.5,20,3,3,23,od2,True,True,False
0.7,10,2,2,2,gw0,False,False,False
0.7,10,2,2,2,gw1,False,False,False
0.7,10,2,2,2,od0,False,False,False
0.7,10,2,2,2,od1,True,True,False
0.7,10,2,2,6,gw0,False,False,False
0.7,10,2,2,6,gw1,False,False,False
0.7,10,2,2,6,od0,False,False,False
0.7,10,2,2,6,od1,False,True,True
0.7,10,2,2,10,gw0,False,False,False
0.7,10,2,2,10,gw1,False,False,False
0.7,10,2,2,10,od0,False,False,False
0.7,10,2,2,10,od1,False,True,True
0.7,10,2,2,14,gw0,False,False,False
0.7,10,2,2,14,gw1,False,False,False
0.7,10,2,2,14,od0,False,False,False
0.7,10,2,2,14,od1,True,True,False
0.7,10,2,2,18,gw0,False,False,False
0.7,10,2,2,18,gw1,False,True,True
0.7,10,2,2,18,od0,True,True,False
0.7,10,2,2,18,od1,False,False,False
0.7,10,2,2,22,gw0,False,False,False
0.7,10,2,2,22,gw1,False,False,False
0.7,10,2,2,22,od0,False,False,False
0.7,10,2,2,22,od1,False,False,False
0.7,10,3,2,1,gw0,False,False,False
0.7,10,3,2,1,gw1,False,False,False
0.7,10,3,2,1,gw2,False,False,False
0.7,10,3,2,1,od0,False,False,False
0.7,10,3,2,1,od1,False,False,False
0.7,10,3,2,5,gw0,False,True,True
0.7,10,3,2,5,gw1,False,True,True
0.7,10,3,2,5,gw2,False,False,False
0.7,10,3,2,5,od0,False,False,False
0.7,10,3,2,5,od1,False,False,False
0.7,10,3,2,9,gw0,False,False,False
0.7,10,3,2,9,gw1,False,False,False
0.7,10,3,2,9,gw2,False,False,False
0.7,10,3,2,9,od0,False,False,False
0.7,10,3,2,9,od1,False,False,False
0.7,10,3,2,13,gw0,False,True,True
0.7,10,3,2,13,gw1,False,True,True
0.7,10,3,2,13,gw2,False,False,False
0.7,10,3,2,13,od0,False,False,False
0.7,10,3,2,13,od1,False,False,False
0.7,10,3,2,17,gw0,False,False,False
0.7,10,3,2,17,gw1,False,False,False
0.7,10,3,2,17,gw2,False,False,False
0.7,10,3,2,17,od0,False,False,False
0.7,10,3,2,17,od1,False,False,False
0.7,10,3,2,21,gw0,False,False,False
0.7,10,3,2,21,gw1,False,False,False
0.7,10,3,2,21,gw2,False,False,False
0.7,10,3,2,21,od0,False,False,False
0.7,10,3,2,21,od1,False,False,False
0.7,10,2,3,0,gw0,False,False,False
0.7,10,2,3,0,gw1,False,False,False
0.7,10,2,3,0,od0,False,False,False
0.7,10,2,3,0,od1,True,True,False
0.7,10,2,3,0,od2,False,False,False
0.7,10,2,3,4,gw0,False,False,False
0.7,10,2,3,4,gw1,False,False,False
0.7,10,2,3,4,od0,False,False,False
0.7,10,2,3,4,od1,False,False,False
0.7,10,2,3,4,od2,False,True,True
0.7,10,2,3,8,gw0,False,True,True
0.7,10,2,3,8,gw1,False,True,True
0.7,10,2,3,8,od0,False,False,False
0.7,10,2,3,8,od1,False,False,False
0.7,10,2,3,8,od2,False,True,True
0.7,10,2,3,12,gw0,False,False,False
0.7,10,2,3,12,gw1,False,False,False
0.7,10,2,3,12,od0,False,True,True
0.7,10,2,3,12,od1,False,True,True
0.7,10,2,3,12,od2,False,False,False
0.7,10,2,3,16,gw0,False,False,False
0.7,10,2,3,16,gw1,False,False,False
0.7,10,2,3,16,od0,False,False,False
0.7,10,2,3,16,od1,False,False,False
0.7,10,2,3,16,od2,True,True,False
0.7,10,2,3,20,gw0,False,False,False
0.7,10,2,3,20,gw1,False,True,True
0.7,10,2,3,20,od0,False,False,False
0.7,10,2,3,20,od1,False,True,True
0.7,10,2,3,20,od2,True,True,False
0.7,10,2,3,24,gw0,False,True,True
0.7,10,2,3,24,gw1,False,True,True
0.7,10,2,3,24,od0,False,True,True
0.7,10,2,3,24,od1,False,False,False
0.7,10,2,3,24,od2,False,False,False
0.7,10,3,3,3,gw0,False,False,False
0.7,10,3,3,3,gw1,False,False,False
0.7,10,3,3,3,gw2,False,False,False
0.7,10,3,3,3,od0,False,False,False
0.7,10,3,3,3,od1,False,True,True
0.7,10,3,3,3,od2,False,False,False
0.7,10,3,3,7,gw0,False,False,False
0.7,10,3,3,7,gw1,False,False,False
0.7,10,3,3,7,gw2,False,False,False
0.7,10,3,3,7,od0,False,False,False
0.7,10,3,3,7,od1,False,False,False
0.7,10,3,3,7,od2,False,False,False
0.7,10,3,3,11,gw0,False,False,False
0.7,10,3,3,11,gw1,False,False,False
0.7,10,3,3,11,gw2,False,False,False
0.7,10,3,3,11,od0,False,False,False
0.7,10,3,3,11,od1,False,False,False
0.7,10,3,3,11,od2,False,False,False
0.7,10,3,3,15,gw0,False,False,False
0.7,10,3,3,15,gw1,False,True,True
0.7,10,3,3,15,gw2,False,True,True
0.7,10,3,3,15,od0,False,False,False
0.7,10,3,3,15,od1,False,False,False
0.7,10,3,3,15,od2,False,True,True
0.7,10,3,3,19,gw0,False,False,False
0.7,10,3,3,19,gw1,False,False,False
0.7,10,3,3,19,gw2,False,False,False
0.7,10,3,3,19,od0,False,False,False
0.7,10,3,3,19,od1,False,False,False
0.7,10,3,3,19,od2,False,True,True
0.7,10,3,3,23,gw0,False,False,False
0.7,10,3,3,23,gw1,False,False,False
0.7,10,3,3,23,gw2,False,False,False
0.7,10,3,3,23,od0,False,False,False
0.7,10,3,3,23,od1,False,False,False
0.7,10,3,3,23,od2,True,True,False
0.7,15,2,2,2,gw0,False,True,True
0.7,15,2,2,2,gw1,False,True,True
0.7,15,2,2,2,od0,True,True,False
0.7,15,2,2,2,od1,False,True,True
0.7,15,2,2,6,gw0,False,False,False
0.7,15,2,2,6,gw1,False,False,False
0.7,15,2,2,6,od0,False,False,False
0.7,15,2,2,6,od1,False,False,False
0.7,15,2,2,10,gw0,False,False,False
0.7,15,2,2,10,gw1,False,False,False
0.7,15,2,2,10,od0,False,False,False
0.7,15,2,2,10,od1,False,False,False
0.7,15,2,2,14,gw0,False,False,False
0.7,15,2,2,14,gw1,False,False,False
0.7,15,2,2,14,od0,False,False,False
0.7,15,2,2,14,od1,False,True,True
0.7,15,2,2,18,gw0,False,False,False
0.7,15,2,2,18,gw1,False,False,False
0.7,15,2,2,18,od0,False,False,False
0.7,15,2,2,18,od1,True,True,False
0.7,15,2,2,22,gw0,False,False,False
0.7,15,2,2,22,gw1,False,False,False
0.7,15,2,2,22,od0,False,True,True
0.7,15,2,2,22,od1,False,False,False
0.7,15,3,2,1,gw0,False,False,False
0.7,15,3,2,1,gw1,False,False,False
0.7,15,3,2,1,gw2,False,False,False
0.7,15,3,2,1,od0,False,False,False
0.7,15,3,2,1,od1,False,False,False
0.7,15,3,2,5,gw0,False,False,False
0.7,15,3,2,5,gw1,False,False,False
0.7,15,3,2,5,gw2,False,False,False
0.7,15,3,2,5,od0,False,False,False
0.7,15,3,2,5,od1,False,False,False
0.7,15,3,2,9,gw0,False,True,True
0.7,15,3,2,9,gw1,False,True,True
0.7,15,3,2,9,gw2,False,False,False
0.7,15,3,2,9,od0,False,False,False
0.7,15,3,2,9,od1,False,False,False
0.7,15,3,2,13,gw0,False,False,False
0.7,15,3,2,13,gw1,False,False,False
0.7,15,3,2,13,gw2,False,False,False
0.7,15,3,2,13,od0,False,False,False
0.7,15,3,2,13,od1,False,False,False
0.7,15,3,2,17,gw0,False,False,False
0.7,15,3,2,17,gw1,False,False,False
0.7,15,3,2,17,gw2,False,False,False
0.7,15,3,2,17,od0,False,False,False
0.7,15,3,2,17,od1,False,False,False
0.7,15,3,2,21,gw0,False,False,False
0.7,15,3,2,21,gw1,False,False,False
0.7,15,3,2,21,gw2,False,False,False
0.7,15,3,2,21,od0,False,False,False
0.7,15,3,2,21,od1,False,False,False
0.7,15,2,3,0,gw0,False,False,False
0.7,15,2,3,0,gw1,False,False,False
0.7,15,2,3,0,od0,False,False,False
0.7,15,2,3,0,od1,False,False,False
0.7,15,2,3,0,od2,False,True,True
0.7,15,2,3,4,gw0,False,False,False
0.7,15,2,3,4,gw1,False,True,True
0.7,15,2,3,4,od0,False,False,False
0.7,15,2,3,4,od1,False,False,False
0.7,15,2,3,4,od2,False,True,True
0.7,15,2,3,8,gw0,False,False,False
0.7,15,2,3,8,gw1,False,False,False
0.7,15,2,3,8,od0,False,False,False
0.7,15,2,3,8,od1,False,True,True
0.7,15,2,3,8,od2,False,True,True
0.7,15,2,3,12,gw0,False,False,False
0.7,15,2,3,12,gw1,False,False,False
0.7,15,2,3,12,od0,False,False,False
0.7,15,2,3,12,od1,False,True,True
0.7,15,2,3,12,od2,False,False,False
0.7,15,2,3,16,gw0,False,False,False
0.7,15,2,3,16,gw1,False,False,False
0.7,15,2,3,16,od0,False,False,False
0.7,15,2,3,16,od1,False,False,False
0.7,15,2,3,16,od2,False,False,False
0.7,15,2,3,20,gw0,False,False,False
0.7,15,2,3,20,gw1,False,False,False
0.7,15,2,3,20,od0,False,False,False
0.7,15,2,3,20,od1,False,False,False
0.7,15,2,3,20,od2,False,False,False
0.7,15,2,3,24,gw0,False,False,False
0.7,15,2,3,24,gw1,False,False,False
0.7,15,2,3,24,od0,False,False,False
0.7,15,2,3,24,od1,False,False,False
0.7,15,2,3,24,od2,False,False,False
0.7,15,3,3,3,gw0,False,False,False
0.7,15,3,3,3,gw1,False,False,False
0.7,15,3,3,3,gw2,False,False,False
0.7,15,3,3,3,od0,False,False,False
0.7,15,3,3,3,od1,False,False,False
0.7,15,3,3,3,od2,False,False,False
0.7,15,3,3,7,gw0,False,False,False
0.7,15,3,3,7,gw1,False,False,False
0.7,15,3,3,7,gw2,False,False,False
0.7,15,3,3,7,od0,False,False,False
0.7,15,3,3,7,od1,False,False,False
0.7,15,3,3,7,od2,False,False,False
0.7,15,3,3,11,gw0,False,False,False
0.7,15,3,3,11,gw1,False,False,False
0.7,15,3,3,11,gw2,False,False,False
0.7,15,3,3,11,od0,False,False,False
0.7,15,3,3,11,od1,False,True,True
0.7,15,3,3,11,od2,False,False,False
0.7,15,3,3,15,gw0,False,False,False
0.7,15,3,3,15,gw1,False,True,True
0.7,15,3,3,15,gw2,False,False,False
0.7,15,3,3,15,od0,False,True,True
0.7,15,3,3,15,od1,False,False,False
0.7,15,3,3,15,od2,False,False,False
0.7,15,3,3,19,gw0,False,False,False
0.7,15,3,3,19,gw1,False,False,False
0.7,15,3,3,19,gw2,False,False,False
0.7,15,3,3,19,od0,False,True,True
0.7,15,3,3,19,od1,False,False,False
0.7,15,3,3,19,od2,False,True,True
0.7,15,3,3,23,gw0,False,False,False
0.7,15,3,3,23,gw1,False,False,False
0.7,15,3,3,23,gw2,False,False,False
0.7,15,3,3,23,od0,False,False,False
0.7,15,3,3,23,od1,False,False,False
0.7,15,3,3,23,od2,False,True,True
0.7,20,2,2,2,gw0,False,False,False
0.7,20,2,2,2,gw1,False,False,False
0.7,20,2,2,2,od0,False,False,False
0.7,20,2,2,2,od1,False,False,False
0.7,20,2,2,6,gw0,False,False,False
0.7,20,2,2,6,gw1,False,False,False
0.7,20,2,2,6,od0,False,False,False
0.7,20,2,2,6,od1,False,False,False
0.7,20,2,2,10,gw0,False,False,False
0.7,20,2,2,10,gw1,False,False,False
0.7,20,2,2,10,od0,False,False,False
0.7,20,2,2,10,od1,False,False,False
0.7,20,2,2,14,gw0,False,False,False
0.7,20,2,2,14,gw1,False,False,False
0.7,20,2,2,14,od0,False,False,False
0.7,20,2,2,14,od1,False,False,False
0.7,20,2,2,18,gw0,False,False,False
0.7,20,2,2,18,gw1,False,False,False
0.7,20,2,2,18,od0,False,False,False
0.7,20,2,2,18,od1,False,False,False
0.7,20,2,2,22,gw0,False,False,False
0.7,20,2,2,22,gw1,False,False,False
0.7,20,2,2,22,od0,False,False,False
0.7,20,2,2,22,od1,False,False,False
0.7,20,3,2,1,gw0,False,False,False
0.7,20,3,2,1,gw1,False,False,False
0.7,20,3,2,1,gw2,False,False,False
0.7,20,3,2,1,od0,False,False,False
0.7,20,3,2,1,od1,False,False,False
0.7,20,3,2,5,gw0,False,False,False
0.7,20,3,2,5,gw1,False,False,False
0.7,20,3,2,5,gw2,False,False,False
0.7,20,3,2,5,od0,False,False,False
0.7,20,3,2,5,od1,False,False,False
0.7,20,3,2,9,gw0,False,False,False
0.7,20,3,2,9,gw1,False,False,False
0.7,20,3,2,9,gw2,False,False,False
0.7,20,3,2,9,od0,False,False,False
0.7,20,3,2,9,od1,False,False,False
0.7,20,3,2,13,gw0,False,True,True
0.7,20,3,2,13,gw1,False,False,False
0.7,20,3,2,13,gw2,False,False,False
0.7,20,3,2,13,od0,True,True,False
0.7,20,3,2,13,od1,False,False,False
0.7,20,3,2,17,gw0,False,False,False
0.7,20,3,2,17,gw1,False,False,False
0.7,20,3,2,17,gw2,False,False,False
0.7,20,3,2,17,od0,False,False,False
0.7,20,3,2,17,od1,False,False,False
0.7,20,3,2,21,gw0,False,False,False
0.7,20,3,2,21,gw1,False,False,False
0.7,20,3,2,21,gw2,False,False,False
0.7,20,3,2,21,od0,False,False,False
0.7,20,3,2,21,od1,False,False,False
0.7,20,2,3,0,gw0,False,False,False
0.7,20,2,3,0,gw1,False,False,False
0.7,20,2,3,0,od0,False,False,False
0.7,20,2,3,0,od1,False,False,False
0.7,20,2,3,0,od2,False,True,True
0.7,20,2,3,4,gw0,False,False,False
0.7,20,2,3,4,gw1,False,False,False
0.7,20,2,3,4,od0,False,False,False
0.7,20,2,3,4,od1,False,False,False
0.7,20,2,3,4,od2,False,False,False
0.7,20,2,3,8,gw0,False,False,False
0.7,20,2,3,8,gw1,False,False,False
0.7,20,2,3,8,od0,False,False,False
0.7,20,2,3,8,od1,False,False,False
0.7,20,2,3,8,od2,False,False,False
0.7,20,2,3,12,gw0,False,False,False
0.7,20,2,3,12,gw1,False,False,False
0.7,20,2,3,12,od0,False,False,False
0.7,20,2,3,12,od1,False,False,False
0.7,20,2,3,12,od2,False,False,False
0.7,20,2,3,16,gw0,False,False,False
0.7,20,2,3,16,gw1,False,False,False
0.7,20,2,3,16,od0,False,False,False
0.7,20,2,3,16,od1,False,False,False
0.7,20,2,3,16,od2,False,False,False
0.7,20,2,3,20,gw0,False,False,False
0.7,20,2,3,20,gw1,False,False,False
0.7,20,2,3,20,od0,False,False,False
0.7,20,2,3,20,od1,False,False,False
0.7,20,2,3,20,od2,False,False,False
0.7,20,2,3,24,gw0,False,False,False
0.7,20,2,3,24,gw1,False,False,False
0.7,20,2,3,24,od0,False,False,False
0.7,20,2,3,24,od1,False,False,False
0.7,20,2,3,24,od2,False,False,False
0.7,20,3,3,3,gw0,False,False,False
0.7,20,3,3,3,gw1,False,False,False
0.7,20,3,3,3,gw2,False,False,False
0.7,20,3,3,3,od0,False,False,False
0.7,20,3,3,3,od1,False,False,False
0.7,20,3,3,3,od2,False,False,False
0.7,20,3,3,7,gw0,False,False,False
0.7,20,3,3,7,gw1,False,False,False
0.7,20,3,3,7,gw2,False,False,False
0.7,20,3,3,7,od0,False,False,False
0.7,20,3,3,7,od1,False,False,False
0.7,20,3,3,7,od2,False,False,False
0.7,20,3,3,11,gw0,False,False,False
0.7,20,3,3,11,gw1,False,False,False
0.7,20,3,3,11,gw2,False,False,False
0.7,20,3,3,11,od0,False,False,False
0.7,20,3,3,11,od1,False,False,False
0.7,20,3,3,11,od2,False,False,False
0.7,20,3,3,15,gw0,False,False,False
0.7,20,3,3,15,gw1,False,False,False
0.7,20,3,3,15,gw2,False,False,False
0.7,20,3,3,15,od0,False,False,False
0.7,20,3,3,15,od1,False,False,False
0.7,20,3,3,15,od2,False,False,False
0.7,20,3,3,19,gw0,False,False,False
0.7,20,3,3,19,gw1,False,False,False
0.7,20,3,3,19,gw2,False,False,False
0.7,20,3,3,19,od0,False,False,False
0.7,20,3,3,19,od1,False,False,False
0.7,20,3,3,19,od2,False,False,False
0.7,20,3,3,23,gw0,False,False,False
0.7,20,3,3,23,gw1,False,False,False
0.7,20,3,3,23,gw2,False,False,False
0.7,20,3,3,23,od0,False,False,False
0.7,20,3,3,23,od1,False,False,False
0.7,20,3,3,23,od2,False,False,False
0.9,10,2,2,2,gw0,False,False,False
0.9,10,2,2,2,gw1,False,False,False
0.9,10,2,2,2,od0,False,False,False
0.9,10,2,2,2,od1,False,False,False
0.9,10,2,2,6,gw0,False,False,False
0.9,10,2,2,6,gw1,False,False,False
0.9,10,2,2,6,od0,False,False,False
0.9,10,2,2,6,od1,False,False,False
0.9,10,2,2,10,gw0,False,False,False
0.9,10,2,2,10,gw1,False,False,False
0.9,10,2,2,10,od0,False,False,False
0.9,10,2,2,10,od1,False,False,False
0.9,10,2,2,14,gw0,False,False,False
0.9,10,2,2,14,gw1,False,False,False
0.9,10,2,2,14,od0,False,False,False
0.9,10,2,2,14,od1,False,False,False
0.9,10,2,2,18,gw0,False,False,False
0.9,10,2,2,18,gw1,False,False,False
0.9,10,2,2,18,od0,False,False,False
0.9,10,2,2,18,od1,False,False,False
0.9,10,2,2,22,gw0,False,False,False
0.9,10,2,2,22,gw1,False,False,False
0.9,10,2,2,22,od0,False,False,False
0.9,10,2,2,22,od1,False,False,False
0.9,10,3,2,1,gw0,False,False,False
0.9,10,3,2,1,gw1,False,False,False
0.9,10,3,2,1,gw2,False,False,False
0.9,10,3,2,1,od0,False,False,False
0.9,10,3,2,1,od1,False,False,False
0.9,10,3,2,5,gw0,False,False,False
0.9,10,3,2,5,gw1,False,False,False
0.9,10,3,2,5,gw2,False,False,False
0.9,10,3,2,5,od0,False,False,False
0.9,10,3,2,5,od1,False,False,False
0.9,10,3,2,9,gw0,False,False,False
0.9,10,3,2,9,gw1,False,False,False
0.9,10,3,2,9,gw2,False,False,False
0.9,10,3,2,9,od0,False,False,False
0.9,10,3,2,9,od1,False,False,False
0.9,10,3,2,13,gw0,False,False,False
0.9,10,3,2,13,gw1,False,False,False
0.9,10,3,2,13,gw2,False,False,False
0.9,10,3,2,13,od0,False,False,False
0.9,10,3,2,13,od1,False,False,False
0.9,10,3,2,17,gw0,False,False,False
0.9,10,3,2,17,gw1,False,False,False
0.9,10,3,2,17,gw2,False,False,False
0.9,10,3,2,17,od0,False,False,False
0.9,10,3,2,17,od1,False,False,False
0.9,10,3,2,21,gw0,False,False,False
0.9,10,3,2,21,gw1,False,False,False
0.9,10,3,2,21,gw2,False,False,False
0.9,10,3,2,21,od0,False,False,False
0.9,10,3,2,21,od1,False,False,False
0.9,10,2,3,0,gw0,False,False,False
0.9,10,2,3,0,gw1,False,False,False
0.9,10,2,3,0,od0,False,False,False
0.9,10,2,3,0,od1,False,False,False
0.9,10,2,3,0,od2,False,False,False
0.9,10,2,3,4,gw0,False,False,False
0.9,10,2,3,4,gw1,False,False,False
0.9,10,2,3,4,od0,False,False,False
0.9,10,2,3,4,od1,False,False,False
0.9,10,2,3,4,od2,False,False,False
0.9,10,2,3,8,gw0,False,False,False
0.9,10,2,3,8,gw1,False,False,False
0.9,10,2,3,8,od0,False,False,False
0.9,10,2,3,8,od1,False,False,False
0.9,10,2,3,8,od2,False,False,False
0.9,10,2,3,12,gw0,False,False,False
0.9,10,2,3,12,gw1,False,False,False
0.9,10,2,3,12,od0,False,False,False
0.9,10,2,3,12,od1,False,False,False
0.9,10,2,3,12,od2,False,False,False
0.9,10,2,3,16,gw0,False,False,False
0.9,10,2,3,16,gw1,False,False,False
0.9,10,2,3,16,od0,False,False,False
0.9,10,2,3,16,od1,False,False,False
0.9,10,2,3,16,od2,False,False,False
0.9,10,2,3,20,gw0,False,False,False
0.9,10,2,3,20,gw1,False,False,False
0.9,10,2,3,20,od0,False,False,False
0.9,10,2,3,20,od1,False,False,False
0.9,10,2,3,20,od2,False,False,False
0.9,10,2,3,24,gw0,False,False,False
0.9,10,2,3,24,gw1,False,False,False
0.9,10,2,3,24,od0,False,False,False
0.9,10,2,3,24,od1,False,False,False
0.9,10,2,3,24,od2,False,False,False
0.9,10,3,3,3,gw0,False,False,False
0.9,10,3,3,3,gw1,False,False,False
0.9,10,3,3,3,gw2,False,False,False
0.9,10,3,3,3,od0,False,False,False
0.9,10,3,3,3,od1,False,False,False
0.9,10,3,3,3,od2,False,False,False
0.9,10,3,3,7,gw0,False,False,False
0.9,10,3,3,7,gw1,False,False,False
0.9,10,3,3,7,gw2,False,False,False
0.9,10,3,3,7,od0,False,False,False
0.9,10,3,3,7,od1,False,False,False
0.9,10,3,3,7,od2,False,False,False
0.9,10,3,3,11,gw0,False,False,False
0.9,10,3,3,11,gw1,False,False,False
0.9,10,3,3,11,gw2,False,False,False
0.9,10,3,3,11,od0,False,False,False
0.9,10,3,3,11,od1,False,True,True
0.9,10,3,3,11,od2,False,False,False
0.9,10,3,3,15,gw0,False,False,False
0.9,10,3,3,15,gw1,False,False,False
0.9,10,3,3,15,gw2,False,False,False
0.9,10,3,3,15,od0,False,False,False
0.9,10,3,3,15,od1,False,False,False
0.9,10,3,3,15,od2,False,False,False
0.9,10,3,3,19,gw0,False,False,False
0.9,10,3,3,19,gw1,False,False,False
0.9,10,3,3,19,gw2,False,False,False
0.9,10,3,3,19,od0,False,False,False
0.9,10,3,3,19,od1,False,False,False
0.9,10,3,3,19,od2,False,False,False
0.9,10,3,3,23,gw0,False,False,False
0.9,10,3,3,23,gw1,False,False,False
0.9,10,3,3,23,gw2,False,False,False
0.9,10,3,3,23,od0,False,False,False
0.9,10,3,3,23,od1,False,False,False
0.9,10,3,3,23,od2,False,False,False
0.9,15,2,2,2,gw0,False,False,False
0.9,15,2,2,2,gw1,False,False,False
0.9,15,2,2,2,od0,False,False,False
0.9,15,2,2,2,od1,False,False,False
0.9,15,2,2,6,gw0,False,False,False
0.9,15,2,2,6,gw1,False,False,False
0.9,15,2,2,6,od0,False,False,False
0.9,15,2,2,6,od1,False,False,False
0.9,15,2,2,10,gw0,False,False,False
0.9,15,2,2,10,gw1,False,False,False
0.9,15,2,2,10,od0,False,False,False
0.9,15,2,2,10,od1,False,False,False
0.9,15,2,2,14,gw0,False,False,False
0.9,15,2,2,14,gw1,False,False,False
0.9,15,2,2,14,od0,False,False,False
0.9,15,2,2,14,od1,False,False,False
0.9,15,2,2,18,gw0,False,False,False
0.9,15,2,2,18,gw1,False,False,False
0.9,15,2,2,18,od0,False,False,False
0.9,15,2,2,18,od1,False,False,False
0.9,15,2,2,22,gw0,False,False,False
0.9,15,2,2,22,gw1,False,False,False
0.9,15,2,2,22,od0,False,False,False
0.9,15,2,2,22,od1,False,False,False
0.9,15,3,2,1,gw0,False,False,False
0.9,15,3,2,1,gw1,False,False,False
0.9,15,3,2,1,gw2,False,False,False
0.9,15,3,2,1,od0,False,False,False
0.9,15,3,2,1,od1,False,False,False
0.9,15,3,2,5,gw0,False,False,False
0.9,15,3,2,5,gw1,False,False,False
0.9,15,3,2,5,gw2,False,False,False
0.9,15,3,2,5,od0,False,False,False
0.9,15,3,2,5,od1,False,False,False
0.9,15,3,2,9,gw0,False,False,False
0.9,15,3,2,9,gw1,False,False,False
0.9,15,3,2,9,gw2,False,False,False
0.9,15,3,2,9,od0,False,False,False
0.9,15,3,2,9,od1,False,False,False
0.9,15,3,2,13,gw0,False,False,False
0.9,15,3,2,13,gw1,False,False,False
0.9,15,3,2,13,gw2,False,False,False
0.9,15,3,2,13,od0,False,False,False
0.9,15,3,2,13,od1,False,False,False
0.9,15,3,2,17,gw0,False,False,False
0.9,15,3,2,17,gw1,False,False,False
0.9,15,3,2,17,gw2,False,False,False
0.9,15,3,2,17,od0,False,False,False
0.9,15,3,2,17,od1,False,False,False
0.9,15,3,2,21,gw0,False,False,False
0.9,15,3,2,21,gw1,False,False,False
0.9,15,3,2,21,gw2,False,False,False
0.9,15,3,2,21,od0,False,False,False
0.9,15,3,2,21,od1,False,False,False
0.9,15,2,3,0,gw0,False,False,False
0.9,15,2,3,0,gw1,False,False,False
0.9,15,2,3,0,od0,False,False,False
0.9,15,2,3,0,od1,False,False,False
0.9,15,2,3,0,od2,False,False,False
0.9,15,2,3,4,gw0,False,False,False
0.9,15,2,3,4,gw1,False,False,False
0.9,15,2,3,4,od0,False,False,False
0.9,15,2,3,4,od1,False,False,False
0.9,15,2,3,4,od2,False,False,False
0.9,15,2,3,8,gw0,False,False,False
0.9,15,2,3,8,gw1,False,False,False
0.9,15,2,3,8,od0,False,False,False
0.9,15,2,3,8,od1,False,False,False
0.9,15,2,3,8,od2,False,False,False
0.9,15,2,3,12,gw0,False,False,False
0.9,15,2,3,12,gw1,False,False,False
0.9,15,2,3,12,od0,False,False,False
0.9,15,2,3,12,od1,False,False,False
0.9,15,2,3,12,od2,False,False,False
0.9,15,2,3,16,gw0,False,False,False
0.9,15,2,3,16,gw1,False,False,False
0.9,15,2,3,16,od0,False,False,False
0.9,15,2,3,16,od1,False,False,False
0.9,15,2,3,16,od2,False,False,False
0.9,15,2,3,20,gw0,False,False,False
0.9,15,2,3,20,gw1,False,False,False
0.9,15,2,3,20,od0,False,False,False
0.9,15,2,3,20,od1,False,False,False
0.9,15,2,3,20,od2,False,False,False
0.9,15,2,3,24,gw0,False,False,False
0.9,15,2,3,24,gw1,False,False,False
0.9,15,2,3,24,od0,False,False,False
0.9,15,2,3,24,od1,False,False,False
0.9,15,2,3,24,od2,False,False,False
0.9,15,3,3,3,gw0,False,False,False
0.9,15,3,3,3,gw1,False,False,False
0.9,15,3,3,3,gw2,False,False,False
0.9,15,3,3,3,od0,False,False,False
0.9,15,3,3,3,od1,False,False,False
0.9,15,3,3,3,od2,False,False,False
0.9,15,3,3,7,gw0,False,False,False
0.9,15,3,3,7,gw1,False,False,False
0.9,15,3,3,7,gw2,False,False,False
0.9,15,3,3,7,od0,False,False,False
0.9,15,3,3,7,od1,False,True,True
0.9,15,3,3,7,od2,False,False,False
0.9,15,3,3,11,gw0,False,False,False
0.9,15,3,3,11,gw1,False,False,False
0.9,15,3,3,11,gw2,False,False,False
0.9,15,3,3,11,od0,False,False,False
0.9,15,3,3,11,od1,False,False,False
0.9,15,3,3,11,od2,False,False,False
0.9,15,3,3,15,gw0,False,False,False
0.9,15,3,3,15,gw1,False,False,False
0.9,15,3,3,15,gw2,False,False,False
0.9,15,3,3,15,od0,False,False,False
0.9,15,3,3,15,od1,False,False,False
0.9,15,3,3,15,od2,False,False,False
0.9,15,3,3,19,gw0,False,False,False
0.9,15,3,3,19,gw1,False,False,False
0.9,15,3,3,19,gw2,False,False,False
0.9,15,3,3,19,od0,False,False,False
0.9,15,3,3,19,od1,False,False,False
0.9,15,3,3,19,od2,False,False,False
0.9,15,3,3,23,gw0,False,False,False
0.9,15,3,3,23,gw1,False,False,False
0.9,15,3,3,23,gw2,False,False,False
0.9,15,3,3,23,od0,False,False,False
0.9,15,3,3,23,od1,False,False,False
0.9,15,3,3,23,od2,False,False,False
0.9,20,2,2,2,gw0,False,False,False
0.9,20,2,2,2,gw1,False,False,False
0.9,20,2,2,2,od0,False,False,False
0.9,20,2,2,2,od1,False,False,False
0.9,20,2,2,6,gw0,False,False,False
0.9,20,2,2,6,gw1,False,False,False
0.9,20,2,2,6,od0,False,False,False
0.9,20,2,2,6,od1,False,False,False
0.9,20,2,2,10,gw0,False,False,False
0.9,20,2,2,10,gw1,False,False,False
0.9,20,2,2,10,od0,False,False,False
0.9,20,2,2,10,od1,False,False,False
0.9,20,2,2,14,gw0,False,False,False
0.9,20,2,2,14,gw1,False,False,False
0.9,20,2,2,14,od0,False,False,False
0.9,20,2,2,14,od1,False,False,False
0.9,20,2,2,18,gw0,False,False,False
0.9,20,2,2,18,gw1,False,False,False
0.9,20,2,2,18,od0,False,False,False
0.9,20,2,2,18,od1,False,False,False
0.9,20,2,2,22,gw0,False,False,False
0.9,20,2,2,22,gw1,False,False,False
0.9,20,2,2,22,od0,False,False,False
0.9,20,2,2,22,od1,False,False,False
0.9,20,3,2,1,gw0,False,False,False
0.9,20,3,2,1,gw1,False,False,False
0.9,20,3,2,1,gw2,False,False,False
0.9,20,3,2,1,od0,False,False,False
0.9,20,3,2,1,od1,False,False,False
0.9,20,3,2,5,gw0,False,False,False
0.9,20,3,2,5,gw1,False,False,False
0.9,20,3,2,5,gw2,False,False,False
0.9,20,3,2,5,od0,False,False,False
0.9,20,3,2,5,od1,False,False,False
0.9,20,3,2,9,gw0,False,False,False
0.9,20,3,2,9,gw1,False,False,False
0.9,20,3,2,9,gw2,False,False,False
0.9,20,3,2,9,od0,False,False,False
0.9,20,3,2,9,od1,False,False,False
0.9,20,3,2,13,gw0,False,False,False
0.9,20,3,2,13,gw1,False,False,False
0.9,20,3,2,13,gw2,False,False,False
0.9,20,3,2,13,od0,False,False,False
0.9,20,3,2,13,od1,False,False,False
0.9,20,3,2,17,gw0,False,False,False
0.9,20,3,2,17,gw1,False,False,False
0.9,20,3,2,17,gw2,False,False,False
0.9,20,3,2,17,od0,False,False,False
0.9,20,3,2,17,od1,False,False,False
0.9,20,3,2,21,gw0,False,False,False
0.9,20,3,2,21,gw1,False,False,False
0.9,20,3,2,21,gw2,False,False,False
0.9,20,3,2,21,od0,False,False,False
0.9,20,3,2,21,od1,False,False,False
0.9,20,2,3,0,gw0,False,False,False
0.9,20,2,3,0,gw1,False,False,False
0.9,20,2,3,0,od0,False,False,False
0.9,20,2,3,0,od1,False,False,False
0.9,20,2,3,0,od2,False,False,False
0.9,20,2,3,4,gw0,False,False,False
0.9,20,2,3,4,gw1,False,False,False
0.9,20,2,3,4,od0,False,False,False
0.9,20,2,3,4,od1,False,False,False
0.9,20,2,3,4,od2,False,False,False
0.9,20,2,3,8,gw0,False,False,False
0.9,20,2,3,8,gw1,False,False,False
0.9,20,2,3,8,od0,False,False,False
0.9,20,2,3,8,od1,False,False,False
0.9,20,2,3,8,od2,False,False,False
0.9,20,2,3,12,gw0,False,False,False
0.9,20,2,3,12,gw1,False,False,False
0.9,20,2,3,12,od0,False,False,False
0.9,20,2,3,12,od1,False,False,False
0.9,20,2,3,12,od2,False,False,False
0.9,20,2,3,16,gw0,False,False,False
0.9,20,2,3,16,gw1,False,False,False
0.9,20,2,3,16,od0,False,False,False
0.9,20,2,3,16,od1,False,False,False
0.9,20,2,3,16,od2,False,False,False
0.9,20,2,3,20,gw0,False,False,False
0.9,20,2,3,20,gw1,False,False,False
0.9,20,2,3,20,od0,False,False,False
0.9,20,2,3,20,od1,False,False,False
0.9,20,2,3,20,od2,False,False,False
0.9,20,2,3,24,gw0,False,False,False
0.9,20,2,3,24,gw1,False,False,False
0.9,20,2,3,24,od0,False,False,False
0.9,20,2,3,24,od1,False,False,False
0.9,20,2,3,24,od2,False,False,False
0.9,20,3,3,3,gw0,False,False,False
0.9,20,3,3,3,gw1,False,False,False
0.9,20,3,3,3,gw2,False,False,False
0.9,20,3,3,3,od0,False,False,False
0.9,20,3,3,3,od1,False,False,False
0.9,20,3,3,3,od2,False,False,False
0.9,20,3,3,7,gw0,False,False,False
0.9,20,3,3,7,gw1,False,False,False
0.9,20,3,3,7,gw2,False,False,False
0.9,20,3,3,7,od0,False,False,False
0.9,20,3,3,7,od1,False,False,False
0.9,20,3,3,7,od2,False,False,False
0.9,20,3,3,11,gw0,False,False,False
0.9,20,3,3,11,gw1,False,False,False
0.9,20,3,3,11,gw2,False,False,False
0.9,20,3,3,11,od0,False,False,False
0.9,20,3,3,11,od1,False,False,False
0.9,20,3,3,11,od2,False,False,False
0.9,20,3,3,15,gw0,False,False,False
0.9,20,3,3,15,gw1,False,False,False
0.9,20,3,3,15,gw2,False,False,False
0.9,20,3,3,15,od0,False,False,False
0.9,20,3,3,15,od1,False,False,False
0.9,20,3,3,15,od2,False,False,False
0.9,20,3,3,19,gw0,False,False,False
0.9,20,3,3,19,gw1,False,False,False
0.9,20,3,3,19,gw2,False,False,False
0.9,20,3,3,19,od0,False,False,False
0.9,20,3,3,19,od1,False,False,False
0.9,20,3,3,19,od2,False,False,False
0.9,20,3,3,23,gw0,False,False,False
0.9,20,3,3,23,gw1,False,False,False
0.9,20,3,3,23,gw2,False,False,False
0.9,20,3,3,23,od0,False,False,False
0.9,20,3,3,23,od1,False,False,False
0.9,20,3,3,23,od2,False,False,False
0.1,10,2,2,3,gw0,False,False,False
0.1,10,2,2,3,gw1,False,False,False
0.1,10,2,2,3,od0,False,True,True
0.1,10,2,2,3,od1,False,True,True
0.1,10,2,2,7,gw0,False,False,False
0.1,10,2,2,7,gw1,False,False,False
0.1,10,2,2,7,od0,True,True,False
0.1,10,2,2,7,od1,True,True,False
0.1,10,2,2,11,gw0,False,True,True
0.1,10,2,2,11,gw1,False,True,True
0.1,10,2,2,11,od0,False,False,False
0.1,10,2,2,11,od1,False,True,True
0.1,10,2,2,15,gw0,False,False,False
0.1,10,2,2,15,gw1,False,False,False
0.1,10,2,2,15,od0,True,True,False
0.1,10,2,2,15,od1,True,True,False
0.1,10,2,2,19,gw0,False,True,True
0.1,10,2,2,19,gw1,False,True,True
0.1,10,2,2,19,od0,True,True,False
0.1,10,2,2,19,od1,True,True,False
0.1,10,2,2,23,gw0,False,False,False
0.1,10,2,2,23,gw1,False,False,False
0.1,10,2,2,23,od0,True,True,False
0.1,10,2,2,23,od1,False,False,False
0.1,10,3,2,2,gw0,False,True,True
0.1,10,3,2,2,gw1,False,True,True
0.1,10,3,2,2,gw2,False,False,False
0.1,10,3,2,2,od0,True,True,False
0.1,10,3,2,2,od1,True,True,False
0.1,10,3,2,6,gw0,False,False,False
0.1,10,3,2,6,gw1,False,False,False
0.1,10,3,2,6,gw2,False,False,False
0.1,10,3,2,6,od0,False,True,True
0.1,10,3,2,6,od1,False,False,False
0.1,10,3,2,10,gw0,False,False,False
0.1,10,3,2,10,gw1,False,False,False
0.1,10,3,2,10,gw2,False,False,False
0.1,10,3,2,10,od0,False,True,True
0.1,10,3,2,10,od1,False,False,False
0.1,10,3,2,14,gw0,False,False,False
0.1,10,3,2,14,gw1,False,False,False
0.1,10,3,2,14,gw2,False,False,False
0.1,10,3,2,14,od0,True,True,False
0.1,10,3,2,14,od1,False,True,True
0.1,10,3,2,18,gw0,False,True,True
0.1,10,3,2,18,gw1,False,True,True
0.1,10,3,2,18,gw2,False,True,True
0.1,10,3,2,18,od0,False,False,False
0.1,10,3,2,18,od1,True,True,False
0.1,10,3,2,22,gw0,False,True,True
0.1,10,3,2,22,gw1,False,True,True
0.1,10,3,2,22,gw2,False,True,True
0.1,10,3,2,22,od0,False,True,True
0.1,10,3,2,22,od1,True,True,False
0.1,10,2,3,1,gw0,False,False,False
0.1,10,2,3,1,gw1,False,False,False
0.1,10,2,3,1,od0,False,True,True
0.1,10,2,3,1,od1,True,True,False
0.1,10,2,3,1,od2,False,True,True
0.1,10,2,3,5,gw0,False,False,False
0.1,10,2,3,5,gw1,False,True,True
0.1,10,2,3,5,od0,True,True,False
0.1,10,2,3,5,od1,True,True,False
0.1,10,2,3,5,od2,True,True,False
0.1,10,2,3,9,gw0,False,False,False
0.1,10,2,3,9,gw1,False,False,False
0.1,10,2,3,9,od0,True,True,False
0.1,10,2,3,9,od1,False,False,False
0.1,10,2,3,9,od2,False,False,False
0.1,10,2,3,13,gw0,False,False,False
0.1,10,2,3,13,gw1,False,False,False
0.1,10,2,3,13,od0,True,True,False
0.1,10,2,3,13,od1,True,True,False
0.1,10,2,3,13,od2,False,False,False
0.1,10,2,3,17,gw0,False,False,False
0.1,10,2,3,17,gw1,False,False,False
0.1,10,2,3,17,od0,False,False,False
0.1,10,2,3,17,od1,False,False,False
0.1,10,2,3,17,od2,False,False,False
0.1,10,2,3,21,gw0,False,False,False
0.1,10,2,3,21,gw1,False,False,False
0.1,10,2,3,21,od0,False,True,True
0.1,10,2,3,21,od1,False,False,False
0.1,10,2,3,21,od2,False,False,False
0.1,10,3,3,0,gw0,False,False,False
0.1,10,3,3,0,gw1,False,False,False
0.1,10,3,3,0,gw2,False,False,False
0.1,10,3,3,0,od0,True,True,False
0.1,10,3,3,0,od1,False,False,False
0.1,10,3,3,0,od2,True,True,False
0.1,10,3,3,4,gw0,False,True,True
0.1,10,3,3,4,gw1,False,True,True
0.1,10,3,3,4,gw2,False,True,True
0.1,10,3,3,4,od0,True,True,False
0.1,10,3,3,4,od1,True,True,False
0.1,10,3,3,4,od2,True,True,False
0.1,10,3,3,8,gw0,False,False,False
0.1,10,3,3,8,gw1,False,False,False
0.1,10,3,3,8,gw2,False,False,False
0.1,10,3,3,8,od0,True,True,False
0.1,10,3,3,8,od1,False,False,False
0.1,10,3,3,8,od2,False,False,False
0.1,10,3,3,12,gw0,False,False,False
0.1,10,3,3,12,gw1,False,False,False
0.1,10,3,3,12,gw2,False,False,False
0.1,10,3,3,12,od0,True,True,False
0.1,10,3,3,12,od1,False,False,False
0.1,10,3,3,12,od2,True,True,False
0.1,10,3,3,16,gw0,False,False,False
0.1,10,3,3,16,gw1,False,False,False
0.1,10,3,3,16,gw2,False,False,False
0.1,10,3,3,16,od0,True,True,False
0.1,10,3,3,16,od1,False,False,False
0.1,10,3,3,16,od2,True,True,False
0.1,10,3,3,20,gw0,False,False,False
0.1,10,3,3,20,gw1,False,False,False
0.1,10,3,3,20,gw2,False,False,False
0.1,10,3,3,20,od0,False,False,False
0.1,10,3,3,20,od1,False,False,False
0.1,10,3,3,20,od2,True,True,False
0.1,10,3,3,24,gw0,False,False,False
0.1,10,3,3,24,gw1,False,False,False
0.1,10,3,3,24,gw2,False,False,False
0.1,10,3,3,24,od0,True,True,False
0.1,10,3,3,24,od1,True,True,False
0.1,10,3,3,24,od2,True,True,False
0.1,15,2,2,3,gw0,False,False,False
0.1,15,2,2,3,gw1,False,False,False
0.1,15,2,2,3,od0,False,False,False
0.1,15,2,2,3,od1,False,True,True
0.1,15,2,2,7,gw0,False,False,False
0.1,15,2,2,7,gw1,False,False,False
0.1,15,2,2,7,od0,False,True,True
0.1,15,2,2,7,od1,False,False,False
0.1,15,2,2,11,gw0,False,False,False
0.1,15,2,2,11,gw1,False,False,False
0.1,15,2,2,11,od0,False,False,False
0.1,15,2,2,11,od1,False,False,False
0.1,15,2,2,15,gw0,False,False,False
0.1,15,2,2,15,gw1,False,False,False
0.1,15,2,2,15,od0,False,True,True
0.1,15,2,2,15,od1,False,True,True
0.1,15,2,2,19,gw0,False,False,False
0.1,15,2,2,19,gw1,False,False,False
0.1,15,2,2,19,od0,True,True,False
0.1,15,2,2,19,od1,False,False,False
0.1,15,2,2,23,gw0,False,False,False
0.1,15,2,2,23,gw1,False,False,False
0.1,15,2,2,23,od0,False,False,False
0.1,15,2,2,23,od1,False,False,False
0.1,15,3,2,2,gw0,False,True,True
0.1,15,3,2,2,gw1,False,True,True
0.1,15,3,2,2,gw2,False,True,True
0.1,15,3,2,2,od0,False,True,True
0.1,15,3,2,2,od1,True,True,False
0.1,15,3,2,6,gw0,False,False,False
0.1,15,3,2,6,gw1,False,False,False
0.1,15,3,2,6,gw2,False,False,False
0.1,15,3,2,6,od0,False,False,False
0.1,15,3,2,6,od1,False,False,False
0.1,15,3,2,10,gw0,False,False,False
0.1,15,3,2,10,gw1,False,False,False
0.1,15,3,2,10,gw2,False,False,False
0.1,15,3,2,10,od0,True,True,False
0.1,15,3,2,10,od1,True,True,False
0.1,15,3,2,14,gw0,False,False,False
0.1,15,3,2,14,gw1,False,False,False
0.1,15,3,2,14,gw2,False,False,False
0.1,15,3,2,14,od0,False,False,False
0.1,15,3,2,14,od1,False,False,False
0.1,15,3,2,18,gw0,False,False,False
0.1,15,3,2,18,gw1,False,False,False
0.1,15,3,2,18,gw2,False,False,False
0.1,15,3,2,18,od0,False,False,False
0.1,15,3,2,18,od1,False,False,False
0.1,15,3,2,22,gw0,False,False,False
0.1,15,3,2,22,gw1,False,False,False
0.1,15,3,2,22,gw2,False,False,False
0.1,15,3,2,22,od0,False,False,False
0.1,15,3,2,22,od1,False,False,False
0.1,15,2,3,1,gw0,False,False,False
0.1,15,2,3,1,gw1,False,False,False
0.1,15,2,3,1,od0,False,False,False
0.1,15,2,3,1,od1,False,False,False
0.1,15,2,3,1,od2,False,False,False
0.1,15,2,3,5,gw0,False,True,True
0.1,15,2,3,5,gw1,False,True,True
0.1,15,2,3,5,od0,True,True,False
0.1,15,2,3,5,od1,True,True,False
0.1,15,2,3,5,od2,True,True,False
0.1,15,2,3,9,gw0,False,True,True
0.1,15,2,3,9,gw1,False,True,True
0.1,15,2,3,9,od0,True,True,False
0.1,15,2,3,9,od1,False,True,True
0.1,15,2,3,9,od2,True,True,False
0.1,15,2,3,13,gw0,False,False,False
0.1,15,2,3,13,gw1,False,False,False
0.1,15,2,3,13,od0,False,False,False
0.1,15,2,3,13,od1,False,True,True
0.1,15,2,3,13,od2,True,True,False
0.1,15,2,3,17,gw0,False,True,True
0.1,15,2,3,17,gw1,False,True,True
0.1,15,2,3,17,od0,False,True,True
0.1,15,2,3,17,od1,False,False,False
0.1,15,2,3,17,od2,False,True,True
0.1,15,2,3,21,gw0,False,True,True
0.1,15,2,3,21,gw1,False,True,True
0.1,15,2,3,21,od0,False,False,False
0.1,15,2,3,21,od1,False,False,False
0.1,15,2,3,21,od2,False,False,False
0.1,15,3,3,0,gw0,False,False,False
0.1,15,3,3,0,gw1,False,False,False
0.1,15,3,3,0,gw2,False,False,False
0.1,15,3,3,0,od0,False,False,False
0.1,15,3,3,0,od1,False,False,False
0.1,15,3,3,0,od2,False,False,False
0.1,15,3,3,4,gw0,False,False,False
0.1,15,3,3,4,gw1,False,False,False
0.1,15,3,3,4,gw2,False,False,False
0.1,15,3,3,4,od0,False,True,True
0.1,15,3,3,4,od1,False,False,False
0.1,15,3,3,4,od2,False,False,False
0.1,15,3,3,8,gw0,False,False,False
0.1,15,3,3,8,gw1,False,False,False
0.1,15,3,3,8,gw2,False,False,False
0.1,15,3,3,8,od0,False,False,False
0.1,15,3,3,8,od1,False,False,False
0.1,15,3,3,8,od2,False,False,False
0.1,15,3,3,12,gw0,False,False,False
0.1,15,3,3,12,gw1,False,False,False
0.1,15,3,3,12,gw2,False,True,True
0.1,15,3,3,12,od0,True,True,False
0.1,15,3,3,12,od1,True,True,False
0.1,15,3,3,12,od2,True,True,False
0.1,15,3,3,16,gw0,False,False,False
0.1,15,3,3,16,gw1,False,False,False
0.1,15,3,3,16,gw2,False,False,False
0.1,15,3,3,16,od0,True,True,False
0.1,15,3,3,16,od1,True,True,False
0.1,15,3,3,16,od2,False,True,True
0.1,15,3,3,20,gw0,False,False,False
0.1,15,3,3,20,gw1,False,False,False
0.1,15,3,3,20,gw2,False,False,False
0.1,15,3,3,20,od0,False,False,False
0.1,15,3,3,20,od1,False,False,False
0.1,15,3,3,20,od2,False,True,True
0.1,15,3,3,24,gw0,False,False,False
0.1,15,3,3,24,gw1,False,False,False
0.1,15,3,3,24,gw2,False,False,False
0.1,15,3,3,24,od0,True,True,False
0.1,15,3,3,24,od1,False,False,False
0.1,15,3,3,24,od2,True,True,False
0.1,20,2,2,3,gw0,False,False,False
0.1,20,2,2,3,gw1,False,False,False
0.1,20,2,2,3,od0,False,True,True
0.1,20,2,2,3,od1,False,False,False
0.1,20,2,2,7,gw0,False,False,False
0.1,20,2,2,7,gw1,False,False,False
0.1,20,2,2,7,od0,False,False,False
0.1,20,2,2,7,od1,False,False,False
0.1,20,2,2,11,gw0,False,False,False
0.1,20,2,2,11,gw1,False,False,False
0.1,20,2,2,11,od0,False,False,False
0.1,20,2,2,11,od1,False,False,False
0.1,20,2,2,15,gw0,False,False,False
0.1,20,2,2,15,gw1,False,False,False
0.1,20,2,2,15,od0,False,False,False
0.1,20,2,2,15,od1,False,False,False
0.1,20,2,2,19,gw0,False,False,False
0.1,20,2,2,19,gw1,False,False,False
0.1,20,2,2,19,od0,False,False,False
0.1,20,2,2,19,od1,False,False,False
0.1,20,2,2,23,gw0,False,True,True
0.1,20,2,2,23,gw1,False,False,False
0.1,20,2,2,23,od0,False,False,False
0.1,20,2,2,23,od1,False,False,False
0.1,20,3,2,2,gw0,False,False,False
0.1,20,3,2,2,gw1,False,False,False
0.1,20,3,2,2,gw2,False,False,False
0.1,20,3,2,2,od0,False,False,False
0.1,20,3,2,2,od1,False,False,False
0.1,20,3,2,6,gw0,False,False,False
0.1,20,3,2,6,gw1,False,False,False
0.1,20,3,2,6,gw2,False,False,False
0.1,20,3,2,6,od0,False,False,False
0.1,20,3,2,6,od1,False,False,False
0.1,20,3,2,10,gw0,False,False,False
0.1,20,3,2,10,gw1,False,False,False
0.1,20,3,2,10,gw2,False,False,False
0.1,20,3,2,10,od0,True,True,False
0.1,20,3,2,10,od1,True,True,False
0.1,20,3,2,14,gw0,False,False,False
0.1,20,3,2,14,gw1,False,False,False
0.1,20,3,2,14,gw2,False,False,False
0.1,20,3,2,14,od0,False,False,False
0.1,20,3,2,14,od1,False,False,False
0.1,20,3,2,18,gw0,False,False,False
0.1,20,3,2,18,gw1,False,False,False
0.1,20,3,2,18,gw2,False,False,False
0.1,20,3,2,18,od0,True,True,False
0.1,20,3,2,18,od1,True,True,False
0.1,20,3,2,22,gw0,False,False,False
0.1,20,3,2,22,gw1,False,False,False
0.1,20,3,2,22,gw2,False,False,False
0.1,20,3,2,22,od0,False,False,False
0.1,20,3,2,22,od1,False,True,True
0.1,20,2,3,1,gw0,False,False,False
0.1,20,2,3,1,gw1,False,False,False
0.1,20,2,3,1,od0,True,True,False
0.1,20,2,3,1,od1,True,True,False
0.1,20,2,3,1,od2,True,True,False
0.1,20,2,3,5,gw0,False,False,False
0.1,20,2,3,5,gw1,False,False,False
0.1,20,2,3,5,od0,False,False,False
0.1,20,2,3,5,od1,False,False,False
0.1,20,2,3,5,od2,False,False,False
0.1,20,2,3,9,gw0,False,True,True
0.1,20,2,3,9,gw1,False,False,False
0.1,20,2,3,9,od0,False,False,False
0.1,20,2,3,9,od1,False,False,False
0.1,20,2,3,9,od2,False,True,True
0.1,20,2,3,13,gw0,False,False,False
0.1,20,2,3,13,gw1,False,False,False
0.1,20,2,3,13,od0,False,False,False
0.1,20,2,3,13,od1,False,False,False
0.1,20,2,3,13,od2,False,False,False
0.1,20,2,3,17,gw0,False,False,False
0.1,20,2,3,17,gw1,False,False,False
0.1,20,2,3,17,od0,False,True,True
0.1,20,2,3,17,od1,True,True,False
0.1,20,2,3,17,od2,True,True,False
0.1,20,2,3,21,gw0,False,False,False
0.1,20,2,3,21,gw1,False,False,False
0.1,20,2,3,21,od0,False,True,True
0.1,20,2,3,21,od1,False,False,False
0.1,20,2,3,21,od2,False,False,False
0.1,20,3,3,0,gw0,False,False,False
0.1,20,3,3,0,gw1,False,False,False
0.1,20,3,3,0,gw2,False,False,False
0.1,20,3,3,0,od0,False,True,True
0.1,20,3,3,0,od1,False,False,False
0.1,20,3,3,0,od2,True,True,False
0.1,20,3,3,4,gw0,False,False,False
0.1,20,3,3,4,gw1,False,False,False
0.1,20,3,3,4,gw2,False,False,False
0.1,20,3,3,4,od0,False,False,False
0.1,20,3,3,4,od1,False,False,False
0.1,20,3,3,4,od2,False,False,False
0.1,20,3,3,8,gw0,False,False,False
0.1,20,3,3,8,gw1,False,False,False
0.1,20,3,3,8,gw2,False,False,False
0.1,20,3,3,8,od0,False,False,False
0.1,20,3,3,8,od1,False,True,True
0.1,20,3,3,8,od2,False,True,True
0.1,20,3,3,12,gw0,False,False,False
0.1,20,3,3,12,gw1,False,False,False
0.1,20,3,3,12,gw2,False,False,False
0.1,20,3,3,12,od0,False,True,True
0.1,20,3,3,12,od1,False,True,True
0.1,20,3,3,12,od2,True,True,False
0.1,20,3,3,16,gw0,False,False,False
0.1,20,3,3,16,gw1,False,False,False
0.1,20,3,3,16,gw2,False,False,False
0.1,20,3,3,16,od0,False,False,False
0.1,20,3,3,16,od1,False,False,False
0.1,20,3,3,16,od2,False,False,False
0.1,20,3,3,20,gw0,False,False,False
0.1,20,3,3,20,gw1,False,False,False
0.1,20,3,3,20,gw2,False,False,False
0.1,20,3,3,20,od0,False,False,False
0.1,20,3,3,20,od1,True,True,False
0.1,20,3,3,20,od2,True,True,False
0.1,20,3,3,24,gw0,False,True,True
0.1,20,3,3,24,gw1,False,False,False
0.1,20,3,3,24,gw2,False,False,False
0.1,20,3,3,24,od0,False,True,True
0.1,20,3,3,24,od1,False,False,False
0.1,20,3,3,24,od2,False,False,False
0.3,10,2,2,3,gw0,False,True,True
0.3,10,2,2,3,gw1,False,False,False
0.3,10,2,2,3,od0,True,True,False
0.3,10,2,2,3,od1,False,False,False
0.3,10,2,2,7,gw0,False,True,True
0.3,10,2,2,7,gw1,False,True,True
0.3,10,2,2,7,od0,False,True,True
0.3,10,2,2,7,od1,False,True,True
0.3,10,2,2,11,gw0,False,False,False
0.3,10,2,2,11,gw1,False,False,False
0.3,10,2,2,11,od0,False,False,False
0.3,10,2,2,11,od1,False,False,False
0.3,10,2,2,15,gw0,False,True,True
0.3,10,2,2,15,gw1,False,True,True
0.3,10,2,2,15,od0,False,True,True
0.3,10,2,2,15,od1,False,False,False
0.3,10,2,2,19,gw0,False,True,True
0.3,10,2,2,19,gw1,False,True,True
0.3,10,2,2,19,od0,False,True,True
0.3,10,2,2,19,od1,False,True,True
0.3,10,2,2,23,gw0,False,False,False
0.3,10,2,2,23,gw1,False,False,False
0.3,10,2,2,23,od0,False,False,False
0.3,10,2,2,23,od1,False,True,True
0.3,10,3,2,2,gw0,False,False,False
0.3,10,3,2,2,gw1,False,False,False
0.3,10,3,2,2,gw2,False,False,False
0.3,10,3,2,2,od0,False,True,True
0.3,10,3,2,2,od1,False,False,False
0.3,10,3,2,6,gw0,False,False,False
0.3,10,3,2,6,gw1,False,True,True
0.3,10,3,2,6,gw2,False,True,True
0.3,10,3,2,6,od0,True,True,False
0.3,10,3,2,6,od1,True,True,False
0.3,10,3,2,10,gw0,False,False,False
0.3,10,3,2,10,gw1,False,False,False
0.3,10,3,2,10,gw2,False,False,False
0.3,10,3,2,10,od0,False,False,False
0.3,10,3,2,10,od1,False,False,False
0.3,10,3,2,14,gw0,False,False,False
0.3,10,3,2,14,gw1,False,False,False
0.3,10,3,2,14,gw2,False,False,False
0.3,10,3,2,14,od0,False,False,False
0.3,10,3,2,14,od1,False,False,False
0.3,10,3,2,18,gw0,False,True,True
0.3,10,3,2,18,gw1,False,True,True
0.3,10,3,2,18,gw2,False,True,True
0.3,10,3,2,18,od0,False,True,True
0.3,10,3,2,18,od1,False,False,False
0.3,10,3,2,22,gw0,False,False,False
0.3,10,3,2,22,gw1,False,False,False
0.3,10,3,2,22,gw2,False,False,False
0.3,10,3,2,22,od0,False,False,False
0.3,10,3,2,22,od1,False,False,False
0.3,10,2,3,1,gw0,False,False,False
0.3,10,2,3,1,gw1,False,True,True
0.3,10,2,3,1,od0,False,True,True
0.3,10,2,3,1,od1,False,True,True
0.3,10,2,3,1,od2,True,True,False
0.3,10,2,3,5,gw0,False,False,False
0.3,10,2,3,5,gw1,False,False,False
0.3,10,2,3,5,od0,False,True,True
0.3,10,2,3,5,od1,False,True,True
0.3,10,2,3,5,od2,False,False,False
0.3,10,2,3,9,gw0,False,False,False
0.3,10,2,3,9,gw1,False,False,False
0.3,10,2,3,9,od0,True,True,False
0.3,10,2,3,9,od1,True,True,False
0.3,10,2,3,9,od2,False,False,False
0.3,10,2,3,13,gw0,False,False,False
0.3,10,2,3,13,gw1,False,False,False
0.3,10,2,3,13,od0,True,True,False
0.3,10,2,3,13,od1,True,True,False
0.3,10,2,3,13,od2,False,False,False
0.3,10,2,3,17,gw0,False,True,True
0.3,10,2,3,17,gw1,False,True,True
0.3,10,2,3,17,od0,True,True,False
0.3,10,2,3,17,od1,True,True,False
0.3,10,2,3,17,od2,True,True,False
0.3,10,2,3,21,gw0,False,False,False
0.3,10,2,3,21,gw1,False,False,False
0.3,10,2,3,21,od0,False,False,False
0.3,10,2,3,21,od1,True,True,False
0.3,10,2,3,21,od2,False,False,False
0.3,10,3,3,0,gw0,False,False,False
0.3,10,3,3,0,gw1,False,False,False
0.3,10,3,3,0,gw2,False,False,False
0.3,10,3,3,0,od0,False,False,False
0.3,10,3,3,0,od1,False,False,False
0.3,10,3,3,0,od2,False,False,False
0.3,10,3,3,4,gw0,False,True,True
0.3,10,3,3,4,gw1,False,True,True
0.3,10,3,3,4,gw2,False,True,True
0.3,10,3,3,4,od0,False,False,False
0.3,10,3,3,4,od1,True,True,False
0.3,10,3,3,4,od2,False,True,True
0.3,10,3,3,8,gw0,False,True,True
0.3,10,3,3,8,gw1,False,True,True
0.3,10,3,3,8,gw2,False,True,True
0.3,10,3,3,8,od0,True,True,False
0.3,10,3,3,8,od1,False,True,True
0.3,10,3,3,8,od2,False,True,True
0.3,10,3,3,12,gw0,False,False,False
0.3,10,3,3,12,gw1,False,False,False
0.3,10,3,3,12,gw2,False,False,False
0.3,10,3,3,12,od0,False,False,False
0.3,10,3,3,12,od1,False,True,True
0.3,10,3,3,12,od2,False,False,False
0.3,10,3,3,16,gw0,False,False,False
0.3,10,3,3,16,gw1,False,False,False
0.3,10,3,3,16,gw2,False,False,False
0.3,10,3,3,16,od0,False,False,False
0.3,10,3,3,16,od1,True,True,False
0.3,10,3,3,16,od2,True,True,False
0.3,10,3,3,20,gw0,False,False,False
0.3,10,3,3,20,gw1,False,False,False
0.3,10,3,3,20,gw2,False,False,False
0.3,10,3,3,20,od0,False,False,False
0.3,10,3,3,20,od1,False,False,False
0.3,10,3,3,20,od2,False,True,True
0.3,10,3,3,24,gw0,False,False,False
0.3,10,3,3,24,gw1,False,False,False
0.3,10,3,3,24,gw2,False,False,False
0.3,10,3,3,24,od0,False,False,False
0.3,10,3,3,24,od1,False,False,False
0.3,10,3,3,24,od2,False,False,False
0.3,15,2,2,3,gw0,False,False,False
0.3,15,2,2,3,gw1,False,False,False
0.3,15,2,2,3,od0,False,True,True
0.3,15,2,2,3,od1,False,False,False
0.3,15,2,2,7,gw0,False,False,False
0.3,15,2,2,7,gw1,False,False,False
0.3,15,2,2,7,od0,False,False,False
0.3,15,2,2,7,od1,False,False,False
0.3,15,2,2,11,gw0,False,False,False
0.3,15,2,2,11,gw1,False,False,False
0.3,15,2,2,11,od0,False,False,False
0.3,15,2,2,11,od1,False,False,False
0.3,15,2,2,15,gw0,False,False,False
0.3,15,2,2,15,gw1,False,True,True
0.3,15,2,2,15,od0,False,False,False
0.3,15,2,2,15,od1,True,True,False
0.3,15,2,2,19,gw0,False,False,False
0.3,15,2,2,19,gw1,False,False,False
0.3,15,2,2,19,od0,False,True,True
0.3,15,2,2,19,od1,False,True,True
0.3,15,2,2,23,gw0,False,False,False
0.3,15,2,2,23,gw1,False,False,False
0.3,15,2,2,23,od0,True,True,False
0.3,15,2,2,23,od1,False,False,False
0.3,15,3,2,2,gw0,False,False,False
0.3,15,3,2,2,gw1,False,False,False
0.3,15,3,2,2,gw2,False,False,False
0.3,15,3,2,2,od0,True,True,False
0.3,15,3,2,2,od1,False,False,False
0.3,15,3,2,6,gw0,False,True,True
0.3,15,3,2,6,gw1,False,False,False
0.3,15,3,2,6,gw2,False,True,True
0.3,15,3,2,6,od0,False,False,False
0.3,15,3,2,6,od1,False,False,False
0.3,15,3,2,10,gw0,False,False,False
0.3,15,3,2,10,gw1,False,True,True
0.3,15,3,2,10,gw2,False,True,True
0.3,15,3,2,10,od0,True,True,False
0.3,15,3,2,10,od1,True,True,False
0.3,15,3,2,14,gw0,False,False,False
0.3,15,3,2,14,gw1,False,False,False
0.3,15,3,2,14,gw2,False,False,False
0.3,15,3,2,14,od0,False,False,False
0.3,15,3,2,14,od1,False,False,False
0.3,15,3,2,18,gw0,False,True,True
0.3,15,3,2,18,gw1,False,True,True
0.3,15,3,2,18,gw2,False,True,True
0.3,15,3,2,18,od0,True,True,False
0.3,15,3,2,18,od1,True,True,False
0.3,15,3,2,22,gw0,False,False,False
0.3,15,3,2,22,gw1,False,False,False
0.3,15,3,2,22,gw2,False,False,False
0.3,15,3,2,22,od0,False,False,False
0.3,15,3,2,22,od1,False,True,True
0.3,15,2,3,1,gw0,False,False,False
0.3,15,2,3,1,gw1,False,False,False
0.3,15,2,3,1,od0,False,False,False
0.3,15,2,3,1,od1,False,False,False
0.3,15,2,3,1,od2,False,False,False
0.3,15,2,3,5,gw0,False,False,False
0.3,15,2,3,5,gw1,False,False,False
0.3,15,2,3,5,od0,True,True,False
0.3,15,2,3,5,od1,True,True,False
0.3,15,2,3,5,od2,False,False,False
0.3,15,2,3,9,gw0,False,False,False
0.3,15,2,3,9,gw1,False,True,True
0.3,15,2,3,9,od0,False,False,False
0.3,15,2,3,9,od1,False,True,True
0.3,15,2,3,9,od2,False,False,False
0.3,15,2,3,13,gw0,False,False,False
0.3,15,2,3,13,gw1,False,False,False
0.3,15,2,3,13,od0,True,True,False
0.3,15,2,3,13,od1,True,True,False
0.3,15,2,3,13,od2,True,True,False
0.3,15,2,3,17,gw0,False,False,False
0.3,15,2,3,17,gw1,False,False,False
0.3,15,2,3,17,od0,True,True,False
0.3,15,2,3,17,od1,False,True,True
0.3,15,2,3,17,od2,False,False,False
0.3,15,2,3,21,gw0,False,False,False
0.3,15,2,3,21,gw1,False,False,False
0.3,15,2,3,21,od0,False,False,False
0.3,15,2,3,21,od1,False,False,False
0.3,15,2,3,21,od2,True,True,False
0.3,15,3,3,0,gw0,False,True,True
0.3,15,3,3,0,gw1,False,True,True
0.3,15,3,3,0,gw2,False,False,False
0.3,15,3,3,0,od0,False,False,False
0.3,15,3,3,0,od1,False,False,False
0.3,15,3,3,0,od2,True,True,False
0.3,15,3,3,4,gw0,False,True,True
0.3,15,3,3,4,gw1,False,True,True
0.3,15,3,3,4,gw2,False,True,True
0.3,15,3,3,4,od0,False,False,False
0.3,15,3,3,4,od1,True,True,False
0.3,15,3,3,4,od2,True,True,False
0.3,15,3,3,8,gw0,False,False,False
0.3,15,3,3,8,gw1,False,False,False
0.3,15,3,3,8,gw2,False,False,False
0.3,15,3,3,8,od0,False,False,False
0.3,15,3,3,8,od1,False,False,False
0.3,15,3,3,8,od2,False,True,True
0.3,15,3,3,12,gw0,False,False,False
0.3,15,3,3,12,gw1,False,False,False
0.3,15,3,3,12,gw2,False,False,False
0.3,15,3,3,12,od0,False,True,True
0.3,15,3,3,12,od1,False,False,False
0.3,15,3,3,12,od2,True,True,False
0.3,15,3,3,16,gw0,False,False,False
0.3,15,3,3,16,gw1,False,False,False
0.3,15,3,3,16,gw2,False,False,False
0.3,15,3,3,16,od0,True,True,False
0.3,15,3,3,16,od1,False,False,False
0.3,15,3,3,16,od2,True,True,False
0.3,15,3,3,20,gw0,False,False,False
0.3,15,3,3,20,gw1,False,False,False
0.3,15,3,3,20,gw2,False,False,False
0.3,15,3,3,20,od0,False,False,False
0.3,15,3,3,20,od1,False,False,False
0.3,15,3,3,20,od2,False,False,False
0.3,15,3,3,24,gw0,False,False,False
0.3,15,3,3,24,gw1,False,False,False
0.3,15,3,3,24,gw2,False,False,False
0.3,15,3,3,24,od0,True,True,False
0.3,15,3,3,24,od1,True,True,False
0.3,15,3,3,24,od2,True,True,False
0.3,20,2,2,3,gw0,False,False,False
0.3,20,2,2,3,gw1,False,False,False
0.3,20,2,2,3,od0,False,True,True
0.3,20,2,2,3,od1,False,False,False
0.3,20,2,2,7,gw0,False,False,False
0.3,20,2,2,7,gw1,False,False,False
0.3,20,2,2,7,od0,False,True,True
0.3,20,2,2,7,od1,False,True,True
0.3,20,2,2,11,gw0,False,False,False
0.3,20,2,2,11,gw1,False,False,False
0.3,20,2,2,11,od0,False,False,False
0.3,20,2,2,11,od1,False,False,False
0.3,20,2,2,15,gw0,False,True,True
0.3,20,2,2,15,gw1,False,False,False
0.3,20,2,2,15,od0,False,True,True
0.3,20,2,2,15,od1,False,False,False
0.3,20,2,2,19,gw0,False,False,False
0.3,20,2,2,19,gw1,False,False,False
0.3,20,2,2,19,od0,False,False,False
0.3,20,2,2,19,od1,False,False,False
0.3,20,2,2,23,gw0,False,False,False
0.3,20,2,2,23,gw1,False,False,False
0.3,20,2,2,23,od0,False,True,True
0.3,20,2,2,23,od1,False,False,False
0.3,20,3,2,2,gw0,False,False,False
0.3,20,3,2,2,gw1,False,False,False
0.3,20,3,2,2,gw2,False,False,False
0.3,20,3,2,2,od0,False,False,False
0.3,20,3,2,2,od1,False,False,False
0.3,20,3,2,6,gw0,False,False,False
0.3,20,3,2,6,gw1,False,False,False
0.3,20,3,2,6,gw2,False,False,False
0.3,20,3,2,6,od0,False,False,False
0.3,20,3,2,6,od1,False,False,False
0.3,20,3,2,10,gw0,False,False,False
0.3,20,3,2,10,gw1,False,False,False
0.3,20,3,2,10,gw2,False,False,False
0.3,20,3,2,10,od0,True,True,False
0.3,20,3,2,10,od1,False,False,False
0.3,20,3,2,14,gw0,False,False,False
0.3,20,3,2,14,gw1,False,False,False
0.3,20,3,2,14,gw2,False,False,False
0.3,20,3,2,14,od0,False,False,False
0.3,20,3,2,14,od1,False,True,True
0.3,20,3,2,18,gw0,False,False,False
0.3,20,3,2,18,gw1,False,False,False
0.3,20,3,2,18,gw2,False,False,False
0.3,20,3,2,18,od0,False,True,True
0.3,20,3,2,18,od1,True,True,False
0.3,20,3,2,22,gw0,False,False,False
0.3,20,3,2,22,gw1,False,False,False
0.3,20,3,2,22,gw2,False,False,False
0.3,20,3,2,22,od0,False,False,False
0.3,20,3,2,22,od1,True,True,False
0.3,20,2,3,1,gw0,False,False,False
0.3,20,2,3,1,gw1,False,False,False
0.3,20,2,3,1,od0,False,True,True
0.3,20,2,3,1,od1,False,False,False
0.3,20,2,3,1,od2,False,False,False
0.3,20,2,3,5,gw0,False,False,False
0.3,20,2,3,5,gw1,False,False,False
0.3,20,2,3,5,od0,False,False,False
0.3,20,2,3,5,od1,False,False,False
0.3,20,2,3,5,od2,False,False,False
0.3,20,2,3,9,gw0,False,False,False
0.3,20,2,3,9,gw1,False,False,False
0.3,20,2,3,9,od0,False,False,False
0.3,20,2,3,9,od1,False,False,False
0.3,20,2,3,9,od2,False,False,False
0.3,20,2,3,13,gw0,False,False,False
0.3,20,2,3,13,gw1,False,False,False
0.3,20,2,3,13,od0,False,False,False
0.3,20,2,3,13,od1,False,True,True
0.3,20,2,3,13,od2,False,False,False
0.3,20,2,3,17,gw0,False,False,False
0.3,20,2,3,17,gw1,False,False,False
0.3,20,2,3,17,od0,False,False,False
0.3,20,2,3,17,od1,False,False,False
0.3,20,2,3,17,od2,False,False,False
0.3,20,2,3,21,gw0,False,False,False
0.3,20,2,3,21,gw1,False,False,False
0.3,20,2,3,21,od0,True,True,False
0.3,20,2,3,21,od1,False,False,False
0.3,20,2,3,21,od2,True,True,False
0.3,20,3,3,0,gw0,False,False,False
0.3,20,3,3,0,gw1,False,False,False
0.3,20,3,3,0,gw2,False,False,False
0.3,20,3,3,0,od0,True,True,False
0.3,20,3,3,0,od1,True,True,False
0.3,20,3,3,0,od2,False,True,True
0.3,20,3,3,4,gw0,False,False,False
0.3,20,3,3,4,gw1,False,False,False
0.3,20,3,3,4,gw2,False,False,False
0.3,20,3,3,4,od0,False,False,False
0.3,20,3,3,4,od1,False,False,False
0.3,20,3,3,4,od2,False,False,False
0.3,20,3,3,8,gw0,False,False,False
0.3,20,3,3,8,gw1,False,False,False
0.3,20,3,3,8,gw2,False,False,False
0.3,20,3,3,8,od0,False,False,False
0.3,20,3,3,8,od1,False,False,False
0.3,20,3,3,8,od2,False,False,False
0.3,20,3,3,12,gw0,False,False,False
0.3,20,3,3,12,gw1,False,False,False
0.3,20,3,3,12,gw2,False,False,False
0.3,20,3,3,12,od0,False,False,False
0.3,20,3,3,12,od1,False,False,False
0.3,20,3,3,12,od2,False,False,False
0.3,20,3,3,16,gw0,False,False,False
0.3,20,3,3,16,gw1,False,False,False
0.3,20,3,3,16,gw2,False,False,False
0.3,20,3,3,16,od0,False,False,False
0.3,20,3,3,16,od1,False,True,True
0.3,20,3,3,16,od2,False,True,True
0.3,20,3,3,20,gw0,False,False,False
0.3,20,3,3,20,gw1,False,False,False
0.3,20,3,3,20,gw2,False,False,False
0.3,20,3,3,20,od0,False,False,False
0.3,20,3,3,20,od1,False,False,False
0.3,20,3,3,20,od2,False,False,False
0.3,20,3,3,24,gw0,False,False,False
0.3,20,3,3,24,gw1,False,False,False
0.3,20,3,3,24,gw2,False,False,False
0.3,20,3,3,24,od0,True,True,False
0.3,20,3,3,24,od1,False,True,True
0.3,20,3,3,24,od2,True,True,False
0.5,10,2,2,3,gw0,False,True,True
0.5,10,2,2,3,gw1,False,True,True
0.5,10,2,2,3,od0,True,True,False
0.5,10,2,2,3,od1,True,True,False
0.5,10,2,2,7,gw0,False,True,True
0.5,10,2,2,7,gw1,False,False,False
0.5,10,2,2,7,od0,True,True,False
0.5,10,2,2,7,od1,True,True,False
0.5,10,2,2,11,gw0,False,True,True
0.5,10,2,2,11,gw1,False,True,True
0.5,10,2,2,11,od0,True,True,False
0.5,10,2,2,11,od1,True,True,False
0.5,10,2,2,15,gw0,False,False,False
0.5,10,2,2,15,gw1,False,False,False
0.5,10,2,2,15,od0,True,True,False
0.5,10,2,2,15,od1,True,True,False
0.5,10,2,2,19,gw0,False,True,True
0.5,10,2,2,19,gw1,False,True,True
0.5,10,2,2,19,od0,True,True,False
0.5,10,2,2,19,od1,True,True,False
0.5,10,2,2,23,gw0,False,True,True
0.5,10,2,2,23,gw1,False,True,True
0.5,10,2,2,23,od0,False,False,False
0.5,10,2,2,23,od1,False,False,False
0.5,10,3,2,2,gw0,False,True,True
0.5,10,3,2,2,gw1,False,True,True
0.5,10,3,2,2,gw2,False,True,True
0.5,10,3,2,2,od0,True,True,False
0.5,10,3,2,2,od1,True,True,False
0.5,10,3,2,6,gw0,False,True,True
0.5,10,3,2,6,gw1,False,True,True
0.5,10,3,2,6,gw2,False,True,True
0.5,10,3,2,6,od0,True,True,False
0.5,10,3,2,6,od1,True,True,False
0.5,10,3,2,10,gw0,False,True,True
0.5,10,3,2,10,gw1,False,True,True
0.5,10,3,2,10,gw2,False,True,True
0.5,10,3,2,10,od0,True,True,False
0.5,10,3,2,10,od1,True,True,False
0.5,10,3,2,14,gw0,False,True,True
0.5,10,3,2,14,gw1,False,True,True
0.5,10,3,2,14,gw2,False,True,True
0.5,10,3,2,14,od0,True,True,False
0.5,10,3,2,14,od1,True,True,False
0.5,10,3,2,18,gw0,False,True,True
0.5,10,3,2,18,gw1,False,True,True
0.5,10,3,2,18,gw2,False,True,True
0.5,10,3,2,18,od0,True,True,False
0.5,10,3,2,18,od1,True,True,False
0.5,10,3,2,22,gw0,False,False,False
0.5,10,3,2,22,gw1,False,False,False
0.5,10,3,2,22,gw2,False,False,False
0.5,10,3,2,22,od0,True,True,False
0.5,10,3,2,22,od1,True,True,False
0.5,10,2,3,1,gw0,False,True,True
0.5,10,2,3,1,gw1,False,True,True
0.5,10,2,3,1,od0,True,True,False
0.5,10,2,3,1,od1,True,True,False
0.5,10,2,3,1,od2,True,True,False
0.5,10,2,3,5,gw0,False,False,False
0.5,10,2,3,5,gw1,False,False,False
0.5,10,2,3,5,od0,True,True,False
0.5,10,2,3,5,od1,True,True,False
0.5,10,2,3,5,od2,True,True,False
0.5,10,2,3,9,gw0,False,True,True
0.5,10,2,3,9,gw1,False,False,False
0.5,10,2,3,9,od0,True,True,False
0.5,10,2,3,9,od1,True,True,False
0.5,10,2,3,9,od2,True,True,False
0.5,10,2,3,13,gw0,False,True,True
0.5,10,2,3,13,gw1,False,True,True
0.5,10,2,3,13,od0,True,True,False
0.5,10,2,3,13,od1,True,True,False
0.5,10,2,3,13,od2,True,True,False
0.5,10,2,3,17,gw0,False,True,True
0.5,10,2,3,17,gw1,False,False,False
0.5,10,2,3,17,od0,True,True,False
0.5,10,2,3,17,od1,True,True,False
0.5,10,2,3,17,od2,True,True,False
0.5,10,2,3,21,gw0,False,True,True
0.5,10,2,3,21,gw1,False,True,True
0.5,10,2,3,21,od0,True,True,False
0.5,10,2,3,21,od1,True,True,False
0.5,10,2,3,21,od2,True,True,False
0.5,10,3,3,0,gw0,False,True,True
0.5,10,3,3,0,gw1,False,True,True
0.5,10,3,3,0,gw2,False,True,True
0.5,10,3,3,0,od0,False,False,False
0.5,10,3,3,0,od1,False,True,True
0.5,10,3,3,0,od2,False,True,True
0.5,10,3,3,4,gw0,False,True,True
0.5,10,3,3,4,gw1,False,True,True
0.5,10,3,3,4,gw2,False,True,True
0.5,10,3,3,4,od0,False,False,False
0.5,10,3,3,4,od1,False,True,True
0.5,10,3,3,4,od2,False,True,True
0.5,10,3,3,8,gw0,False,False,False
0.5,10,3,3,8,gw1,False,True,True
0.5,10,3,3,8,gw2,False,True,True
0.5,10,3,3,8,od0,True,True,False
0.5,10,3,3,8,od1,True,True,False
0.5,10,3,3,8,od2,True,True,False
0.5,10,3,3,12,gw0,False,True,True
0.5,10,3,3,12,gw1,False,True,True
0.5,10,3,3,12,gw2,False,True,True
0.5,10,3,3,12,od0,True,True,False
0.5,10,3,3,12,od1,True,True,False
0.5,10,3,3,12,od2,True,True,False
0.5,10,3,3,16,gw0,False,True,True
0.5,10,3,3,16,gw1,False,True,True
0.5,10,3,3,16,gw2,False,True,True
0.5,10,3,3,16,od0,True,True,False
0.5,10,3,3,16,od1,True,True,False
0.5,10,3,3,16,od2,True,True,False
0.5,10,3,3,20,gw0,False,True,True
0.5,10,3,3,20,gw1,False,True,True
0.5,10,3,3,20,gw2,False,True,True
0.5,10,3,3,20,od0,True,True,False
0.5,10,3,3,20,od1,True,True,False
0.5,10,3,3,20,od2,True,True,False
0.5,10,3,3,24,gw0,False,True,True
0.5,10,3,3,24,gw1,False,True,True
0.5,10,3,3,24,gw2,False,True,True
0.5,10,3,3,24,od0,True,True,False
0.5,10,3,3,24,od1,True,True,False
0.5,10,3,3,24,od2,True,True,False
0.5,15,2,2,3,gw0,False,True,True
0.5,15,2,2,3,gw1,False,True,True
0.5,15,2,2,3,od0,True,True,False
0.5,15,2,2,3,od1,True,True,False
0.5,15,2,2,7,gw0,False,True,True
0.5,15,2,2,7,gw1,False,True,True
0.5,15,2,2,7,od0,True,True,False
0.5,15,2,2,7,od1,True,True,False
0.5,15,2,2,11,gw0,False,True,True
0.5,15,2,2,11,gw1,False,True,True
0.5,15,2,2,11,od0,True,True,False
0.5,15,2,2,11,od1,True,True,False
0.5,15,2,2,15,gw0,False,False,False
0.5,15,2,2,15,gw1,False,False,False
0.5,15,2,2,15,od0,False,False,False
0.5,15,2,2,15,od1,False,True,True
0.5,15,2,2,19,gw0,False,True,True
0.5,15,2,2,19,gw1,False,True,True
0.5,15,2,2,19,od0,True,True,False
0.5,15,2,2,19,od1,True,True,False
0.5,15,2,2,23,gw0,False,False,False
0.5,15,2,2,23,gw1,False,False,False
0.5,15,2,2,23,od0,True,True,False
0.5,15,2,2,23,od1,False,False,False
0.5,15,3,2,2,gw0,False,True,True
0.5,15,3,2,2,gw1,False,True,True
0.5,15,3,2,2,gw2,False,True,True
0.5,15,3,2,2,od0,True,True,False
0.5,15,3,2,2,od1,True,True,False
0.5,15,3,2,6,gw0,False,False,False
0.5,15,3,2,6,gw1,False,False,False
0.5,15,3,2,6,gw2,False,False,False
0.5,15,3,2,6,od0,True,True,False
0.5,15,3,2,6,od1,False,True,True
0.5,15,3,2,10,gw0,False,False,False
0.5,15,3,2,10,gw1,False,False,False
0.5,15,3,2,10,gw2,False,False,False
0.5,15,3,2,10,od0,True,True,False
0.5,15,3,2,10,od1,True,True,False
0.5,15,3,2,14,gw0,False,False,False
0.5,15,3,2,14,gw1,False,False,False
0.5,15,3,2,14,gw2,False,False,False
0.5,15,3,2,14,od0,False,True,True
0.5,15,3,2,14,od1,True,True,False
0.5,15,3,2,18,gw0,False,True,True
0.5,15,3,2,18,gw1,False,True,True
0.5,15,3,2,18,gw2,False,True,True
0.5,15,3,2,18,od0,True,True,False
0.5,15,3,2,18,od1,True,True,False
0.5,15,3,2,22,gw0,False,True,True
0.5,15,3,2,22,gw1,False,True,True
0.5,15,3,2,22,gw2,False,True,True
0.5,15,3,2,22,od0,True,True,False
0.5,15,3,2,22,od1,True,True,False
0.5,15,2,3,1,gw0,False,True,True
0.5,15,2,3,1,gw1,False,False,False
0.5,15,2,3,1,od0,True,True,False
0.5,15,2,3,1,od1,True,True,False
0.5,15,2,3,1,od2,True,True,False
0.5,15,2,3,5,gw0,False,True,True
0.5,15,2,3,5,gw1,False,True,True
0.5,15,2,3,5,od0,True,True,False
0.5,15,2,3,5,od1,True,True,False
0.5,15,2,3,5,od2,True,True,False
0.5,15,2,3,9,gw0,False,False,False
0.5,15,2,3,9,gw1,False,False,False
0.5,15,2,3,9,od0,True,True,False
0.5,15,2,3,9,od1,True,True,False
0.5,15,2,3,9,od2,True,True,False
0.5,15,2,3,13,gw0,False,True,True
0.5,15,2,3,13,gw1,False,False,False
0.5,15,2,3,13,od0,False,True,True
0.5,15,2,3,13,od1,False,False,False
0.5,15,2,3,13,od2,True,True,False
0.5,15,2,3,17,gw0,False,True,True
0.5,15,2,3,17,gw1,False,True,True
0.5,15,2,3,17,od0,True,True,False
0.5,15,2,3,17,od1,True,True,False
0.5,15,2,3,17,od2,True,True,False
0.5,15,2,3,21,gw0,False,True,True
0.5,15,2,3,21,gw1,False,True,True
0.5,15,2,3,21,od0,True,True,False
0.5,15,2,3,21,od1,True,True,False
0.5,15,2,3,21,od2,True,True,False
0.5,15,3,3,0,gw0,False,True,True
0.5,15,3,3,0,gw1,False,True,True
0.5,15,3,3,0,gw2,False,True,True
0.5,15,3,3,0,od0,True,True,False
0.5,15,3,3,0,od1,True,True,False
0.5,15,3,3,0,od2,True,True,False
0.5,15,3,3,4,gw0,False,True,True
0.5,15,3,3,4,gw1,False,True,True
0.5,15,3,3,4,gw2,False,True,True
0.5,15,3,3,4,od0,True,True,False
0.5,15,3,3,4,od1,True,True,False
0.5,15,3,3,4,od2,True,True,False
0.5,15,3,3,8,gw0,False,True,True
0.5,15,3,3,8,gw1,False,True,True
0.5,15,3,3,8,gw2,False,True,True
0.5,15,3,3,8,od0,True,True,False
0.5,15,3,3,8,od1,True,True,False
0.5,15,3,3,8,od2,True,True,False
0.5,15,3,3,12,gw0,False,False,False
0.5,15,3,3,12,gw1,False,False,False
0.5,15,3,3,12,gw2,False,False,False
0.5,15,3,3,12,od0,True,True,False
0.5,15,3,3,12,od1,True,True,False
0.5,15,3,3,12,od2,True,True,False
0.5,15,3,3,16,gw0,False,True,True
0.5,15,3,3,16,gw1,False,True,True
0.5,15,3,3,16,gw2,False,True,True
0.5,15,3,3,16,od0,True,True,False
0.5,15,3,3,16,od1,True,True,False
0.5,15,3,3,16,od2,True,True,False
0.5,15,3,3,20,gw0,False,True,True
0.5,15,3,3,20,gw1,False,True,True
0.5,15,3,3,20,gw2,False,True,True
0.5,15,3,3,20,od0,True,True,False
0.5,15,3,3,20,od1,True,True,False
0.5,15,3,3,20,od2,True,True,False
0.5,15,3,3,24,gw0,False,False,False
0.5,15,3,3,24,gw1,False,False,False
0.5,15,3,3,24,gw2,False,False,False
0.5,15,3,3,24,od0,False,False,False
0.5,15,3,3,24,od1,True,True,False
0.5,15,3,3,24,od2,True,True,False
0.5,20,2,2,3,gw0,False,True,True
0.5,20,2,2,3,gw1,False,True,True
0.5,20,2,2,3,od0,True,True,False
0.5,20,2,2,3,od1,True,True,False
0.5,20,2,2,7,gw0,False,True,True
0.5,20,2,2,7,gw1,False,True,True
0.5,20,2,2,7,od0,True,True,False
0.5,20,2,2,7,od1,True,True,False
0.5,20,2,2,11,gw0,False,True,True
0.5,20,2,2,11,gw1,False,True,True
0.5,20,2,2,11,od0,True,True,False
0.5,20,2,2,11,od1,True,True,False
0.5,20,2,2,15,gw0,False,True,True
0.5,20,2,2,15,gw1,False,True,True
0.5,20,2,2,15,od0,False,True,True
0.5,20,2,2,15,od1,False,False,False
0.5,20,2,2,19,gw0,False,False,False
0.5,20,2,2,19,gw1,False,False,False
0.5,20,2,2,19,od0,True,True,False
0.5,20,2,2,19,od1,True,True,False
0.5,20,2,2,23,gw0,False,False,False
0.5,20,2,2,23,gw1,False,False,False
0.5,20,2,2,23,od0,False,False,False
0.5,20,2,2,23,od1,True,True,False
0.5,20,3,2,2,gw0,False,True,True
0.5,20,3,2,2,gw1,False,False,False
0.5,20,3,2,2,gw2,False,True,True
0.5,20,3,2,2,od0,True,True,False
0.5,20,3,2,2,od1,True,True,False
0.5,20,3,2,6,gw0,False,False,False
0.5,20,3,2,6,gw1,False,False,False
0.5,20,3,2,6,gw2,False,False,False
0.5,20,3,2,6,od0,False,False,False
0.5,20,3,2,6,od1,False,True,True
0.5,20,3,2,10,gw0,False,True,True
0.5,20,3,2,10,gw1,False,True,True
0.5,20,3,2,10,gw2,False,True,True
0.5,20,3,2,10,od0,True,True,False
0.5,20,3,2,10,od1,True,True,False
0.5,20,3,2,14,gw0,False,True,True
0.5,20,3,2,14,gw1,False,True,True
0.5,20,3,2,14,gw2,False,True,True
0.5,20,3,2,14,od0,True,True,False
0.5,20,3,2,14,od1,True,True,False
0.5,20,3,2,18,gw0,False,False,False
0.5,20,3,2,18,gw1,False,False,False
0.5,20,3,2,18,gw2,False,False,False
0.5,20,3,2,18,od0,True,True,False
0.5,20,3,2,18,od1,True,True,False
0.5,20,3,2,22,gw0,False,True,True
0.5,20,3,2,22,gw1,False,True,True
0.5,20,3,2,22,gw2,False,True,True
0.5,20,3,2,22,od0,True,True,False
0.5,20,3,2,22,od1,True,True,False
0.5,20,2,3,1,gw0,False,False,False
0.5,20,2,3,1,gw1,False,False,False
0.5,20,2,3,1,od0,True,True,False
0.5,20,2,3,1,od1,True,True,False
0.5,20,2,3,1,od2,True,True,False
0.5,20,2,3,5,gw0,False,True,True
0.5,20,2,3,5,gw1,False,True,True
0.5,20,2,3,5,od0,True,True,False
0.5,20,2,3,5,od1,True,True,False
0.5,20,2,3,5,od2,True,True,False
0.5,20,2,3,9,gw0,False,True,True
0.5,20,2,3,9,gw1,False,True,True
0.5,20,2,3,9,od0,True,True,False
0.5,20,2,3,9,od1,True,True,False
0.5,20,2,3,9,od2,True,True,False
0.5,20,2,3,13,gw0,False,False,False
0.5,20,2,3,13,gw1,False,False,False
0.5,20,2,3,13,od0,False,False,False
0.5,20,2,3,13,od1,False,False,False
0.5,20,2,3,13,od2,False,False,False
0.5,20,2,3,17,gw0,False,False,False
0.5,20,2,3,17,gw1,False,True,True
0.5,20,2,3,17,od0,True,True,False
0.5,20,2,3,17,od1,False,False,False
0.5,20,2,3,17,od2,True,True,False
0.5,20,2,3,21,gw0,False,True,True
0.5,20,2,3,21,gw1,False,False,False
0.5,20,2,3,21,od0,True,True,False
0.5,20,2,3,21,od1,True,True,False
0.5,20,2,3,21,od2,True,True,False
0.5,20,3,3,0,gw0,False,True,True
0.5,20,3,3,0,gw1,False,True,True
0.5,20,3,3,0,gw2,False,True,True
0.5,20,3,3,0,od0,True,True,False
0.5,20,3,3,0,od1,True,True,False
0.5,20,3,3,0,od2,True,True,False
0.5,20,3,3,4,gw0,False,True,True
0.5,20,3,3,4,gw1,False,False,False
0.5,20,3,3,4,gw2,False,True,True
0.5,20,3,3,4,od0,True,True,False
0.5,20,3,3,4,od1,True,True,False
0.5,20,3,3,4,od2,True,True,False
0.5,20,3,3,8,gw0,False,True,True
0.5,20,3,3,8,gw1,False,True,True
0.5,20,3,3,8,gw2,False,True,True
0.5,20,3,3,8,od0,True,True,False
0.5,20,3,3,8,od1,True,True,False
0.5,20,3,3,8,od2,True,True,False
0.5,20,3,3,12,gw0,False,False,False
0.5,20,3,3,12,gw1,False,False,False
0.5,20,3,3,12,gw2,False,False,False
0.5,20,3,3,12,od0,True,True,False
0.5,20,3,3,12,od1,True,True,False
0.5,20,3,3,12,od2,True,True,False
0.5,20,3,3,16,gw0,False,False,False
0.5,20,3,3,16,gw1,False,False,False
0.5,20,3,3,16,gw2,False,True,True
0.5,20,3,3,16,od0,True,True,False
0.5,20,3,3,16,od1,True,True,False
0.5,20,3,3,16,od2,True,True,False
0.5,20,3,3,20,gw0,False,False,False
0.5,20,3,3,20,gw1,False,False,False
0.5,20,3,3,20,gw2,False,False,False
0.5,20,3,3,20,od0,True,True,False
0.5,20,3,3,20,od1,True,True,False
0.5,20,3,3,20,od2,True,True,False
0.5,20,3,3,24,gw0,False,False,False
0.5,20,3,3,24,gw1,False,False,False
0.5,20,3,3,24,gw2,False,False,False
0.5,20,3,3,24,od0,False,False,False
0.5,20,3,3,24,od1,False,False,False
0.5,20,3,3,24,od2,True,True,False
0.7,10,2,2,3,gw0,False,False,False
0.7,10,2,2,3,gw1,False,False,False
0.7,10,2,2,3,od0,False,False,False
0.7,10,2,2,3,od1,False,False,False
0.7,10,2,2,7,gw0,False,False,False
0.7,10,2,2,7,gw1,False,False,False
0.7,10,2,2,7,od0,False,True,True
0.7,10,2,2,7,od1,False,False,False
0.7,10,2,2,11,gw0,False,False,False
0.7,10,2,2,11,gw1,False,False,False
0.7,10,2,2,11,od0,False,False,False
0.7,10,2,2,11,od1,False,True,True
0.7,10,2,2,15,gw0,False,False,False
0.7,10,2,2,15,gw1,False,False,False
0.7,10,2,2,15,od0,False,False,False
0.7,10,2,2,15,od1,True,True,False
0.7,10,2,2,19,gw0,False,False,False
0.7,10,2,2,19,gw1,False,True,True
0.7,10,2,2,19,od0,False,False,False
0.7,10,2,2,19,od1,False,False,False
0.7,10,2,2,23,gw0,False,False,False
0.7,10,2,2,23,gw1,False,False,False
0.7,10,2,2,23,od0,False,False,False
0.7,10,2,2,23,od1,False,True,True
0.7,10,3,2,2,gw0,False,False,False
0.7,10,3,2,2,gw1,False,False,False
0.7,10,3,2,2,gw2,False,False,False
0.7,10,3,2,2,od0,False,False,False
0.7,10,3,2,2,od1,False,False,False
0.7,10,3,2,6,gw0,False,False,False
0.7,10,3,2,6,gw1,False,False,False
0.7,10,3,2,6,gw2,False,False,False
0.7,10,3,2,6,od0,False,False,False
0.7,10,3,2,6,od1,False,False,False
0.7,10,3,2,10,gw0,False,False,False
0.7,10,3,2,10,gw1,False,False,False
0.7,10,3,2,10,gw2,False,False,False
0.7,10,3,2,10,od0,False,False,False
0.7,10,3,2,10,od1,False,False,False
0.7,10,3,2,14,gw0,False,False,False
0.7,10,3,2,14,gw1,False,False,False
0.7,10,3,2,14,gw2,False,False,False
0.7,10,3,2,14,od0,False,False,False
0.7,10,3,2,14,od1,False,False,False
0.7,10,3,2,18,gw0,False,False,False
0.7,10,3,2,18,gw1,False,False,False
0.7,10,3,2,18,gw2,False,False,False
0.7,10,3,2,18,od0,False,False,False
0.7,10,3,2,18,od1,False,False,False
0.7,10,3,2,22,gw0,False,False,False
0.7,10,3,2,22,gw1,False,False,False
0.7,10,3,2,22,gw2,False,False,False
0.7,10,3,2,22,od0,False,False,False
0.7,10,3,2,22,od1,False,False,False
0.7,10,2,3,1,gw0,False,False,False
0.7,10,2,3,1,gw1,False,False,False
0.7,10,2,3,1,od0,False,False,False
0.7,10,2,3,1,od1,False,False,False
0.7,10,2,3,1,od2,False,False,False
0.7,10,2,3,5,gw0,False,True,True
0.7,10,2,3,5,gw1,False,False,False
0.7,10,2,3,5,od0,True,True,False
0.7,10,2,3,5,od1,False,False,False
0.7,10,2,3,5,od2,False,False,False
0.7,10,2,3,9,gw0,False,False,False
0.7,10,2,3,9,gw1,False,False,False
0.7,10,2,3,9,od0,False,False,False
0.7,10,2,3,9,od1,False,False,False
0.7,10,2,3,9,od2,False,True,True
0.7,10,2,3,13,gw0,False,False,False
0.7,10,2,3,13,gw1,False,False,False
0.7,10,2,3,13,od0,False,False,False
0.7,10,2,3,13,od1,False,False,False
0.7,10,2,3,13,od2,False,False,False
0.7,10,2,3,17,gw0,False,False,False
0.7,10,2,3,17,gw1,False,False,False
0.7,10,2,3,17,od0,False,False,False
0.7,10,2,3,17,od1,True,True,False
0.7,10,2,3,17,od2,True,True,False
0.7,10,2,3,21,gw0,False,False,False
0.7,10,2,3,21,gw1,False,True,True
0.7,10,2,3,21,od0,False,False,False
0.7,10,2,3,21,od1,False,False,False
0.7,10,2,3,21,od2,False,False,False
0.7,10,3,3,0,gw0,False,False,False
0.7,10,3,3,0,gw1,False,False,False
0.7,10,3,3,0,gw2,False,False,False
0.7,10,3,3,0,od0,False,False,False
0.7,10,3,3,0,od1,False,True,True
0.7,10,3,3,0,od2,False,False,False
0.7,10,3,3,4,gw0,False,True,True
0.7,10,3,3,4,gw1,False,True,True
0.7,10,3,3,4,gw2,False,True,True
0.7,10,3,3,4,od0,False,False,False
0.7,10,3,3,4,od1,False,True,True
0.7,10,3,3,4,od2,False,False,False
0.7,10,3,3,8,gw0,False,True,True
0.7,10,3,3,8,gw1,False,True,True
0.7,10,3,3,8,gw2,False,True,True
0.7,10,3,3,8,od0,False,False,False
0.7,10,3,3,8,od1,False,False,False
0.7,10,3,3,8,od2,True,True,False
0.7,10,3,3,12,gw0,False,False,False
0.7,10,3,3,12,gw1,False,False,False
0.7,10,3,3,12,gw2,False,False,False
0.7,10,3,3,12,od0,False,False,False
0.7,10,3,3,12,od1,True,True,False
0.7,10,3,3,12,od2,False,True,True
0.7,10,3,3,16,gw0,False,False,False
0.7,10,3,3,16,gw1,False,False,False
0.7,10,3,3,16,gw2,False,False,False
0.7,10,3,3,16,od0,False,False,False
0.7,10,3,3,16,od1,False,False,False
0.7,10,3,3,16,od2,False,False,False
0.7,10,3,3,20,gw0,False,True,True
0.7,10,3,3,20,gw1,False,True,True
0.7,10,3,3,20,gw2,False,True,True
0.7,10,3,3,20,od0,True,True,False
0.7,10,3,3,20,od1,False,True,True
0.7,10,3,3,20,od2,True,True,False
0.7,10,3,3,24,gw0,False,False,False
0.7,10,3,3,24,gw1,False,False,False
0.7,10,3,3,24,gw2,False,False,False
0.7,10,3,3,24,od0,False,False,False
0.7,10,3,3,24,od1,False,False,False
0.7,10,3,3,24,od2,False,True,True
0.7,15,2,2,3,gw0,False,False,False
0.7,15,2,2,3,gw1,False,False,False
0.7,15,2,2,3,od0,False,False,False
0.7,15,2,2,3,od1,False,False,False
0.7,15,2,2,7,gw0,False,False,False
0.7,15,2,2,7,gw1,False,False,False
0.7,15,2,2,7,od0,False,False,False
0.7,15,2,2,7,od1,False,False,False
0.7,15,2,2,11,gw0,False,False,False
0.7,15,2,2,11,gw1,False,False,False
0.7,15,2,2,11,od0,False,False,False
0.7,15,2,2,11,od1,False,False,False
0.7,15,2,2,15,gw0,False,False,False
0.7,15,2,2,15,gw1,False,False,False
0.7,15,2,2,15,od0,False,False,False
0.7,15,2,2,15,od1,False,False,False
0.7,15,2,2,19,gw0,False,False,False
0.7,15,2,2,19,gw1,False,False,False
0.7,15,2,2,19,od0,False,False,False
0.7,15,2,2,19,od1,False,False,False
0.7,15,2,2,23,gw0,False,False,False
0.7,15,2,2,23,gw1,False,False,False
0.7,15,2,2,23,od0,False,False,False
0.7,15,2,2,23,od1,False,False,False
0.7,15,3,2,2,gw0,False,True,True
0.7,15,3,2,2,gw1,False,True,True
0.7,15,3,2,2,gw2,False,True,True
0.7,15,3,2,2,od0,True,True,False
0.7,15,3,2,2,od1,False,True,True
0.7,15,3,2,6,gw0,False,False,False
0.7,15,3,2,6,gw1,False,False,False
0.7,15,3,2,6,gw2,False,False,False
0.7,15,3,2,6,od0,False,False,False
0.7,15,3,2,6,od1,False,False,False
0.7,15,3,2,10,gw0,False,False,False
0.7,15,3,2,10,gw1,False,False,False
0.7,15,3,2,10,gw2,False,False,False
0.7,15,3,2,10,od0,False,False,False
0.7,15,3,2,10,od1,False,False,False
0.7,15,3,2,14,gw0,False,False,False
0.7,15,3,2,14,gw1,False,False,False
0.7,15,3,2,14,gw2,False,False,False
0.7,15,3,2,14,od0,False,False,False
0.7,15,3,2,14,od1,False,False,False
0.7,15,3,2,18,gw0,False,False,False
0.7,15,3,2,18,gw1,False,False,False
0.7,15,3,2,18,gw2,False,False,False
0.7,15,3,2,18,od0,False,False,False
0.7,15,3,2,18,od1,False,False,False
0.7,15,3,2,22,gw0,False,False,False
0.7,15,3,2,22,gw1,False,False,False
0.7,15,3,2,22,gw2,False,False,False
0.7,15,3,2,22,od0,False,False,False
0.7,15,3,2,22,od1,False,False,False
0.7,15,2,3,1,gw0,False,False,False
0.7,15,2,3,1,gw1,False,False,False
0.7,15,2,3,1,od0,False,True,True
0.7,15,2,3,1,od1,False,True,True
0.7,15,2,3,1,od2,False,False,False
0.7,15,2,3,5,gw0,False,True,True
0.7,15,2,3,5,gw1,False,False,False
0.7,15,2,3,5,od0,True,True,False
0.7,15,2,3,5,od1,False,False,False
0.7,15,2,3,5,od2,False,False,False
0.7,15,2,3,9,gw0,False,False,False
0.7,15,2,3,9,gw1,False,False,False
0.7,15,2,3,9,od0,False,False,False
0.7,15,2,3,9,od1,False,False,False
0.7,15,2,3,9,od2,False,False,False
0.7,15,2,3,13,gw0,False,False,False
0.7,15,2,3,13,gw1,False,False,False
0.7,15,2,3,13,od0,False,False,False
0.7,15,2,3,13,od1,False,False,False
0.7,15,2,3,13,od2,False,False,False
0.7,15,2,3,17,gw0,False,False,False
0.7,15,2,3,17,gw1,False,False,False
0.7,15,2,3,17,od0,False,False,False
0.7,15,2,3,17,od1,False,False,False
0.7,15,2,3,17,od2,True,True,False
0.7,15,2,3,21,gw0,False,False,False
0.7,15,2,3,21,gw1,False,False,False
0.7,15,2,3,21,od0,False,True,True
0.7,15,2,3,21,od1,False,False,False
0.7,15,2,3,21,od2,False,False,False
0.7,15,3,3,0,gw0,False,False,False
0.7,15,3,3,0,gw1,False,False,False
0.7,15,3,3,0,gw2,False,False,False
0.7,15,3,3,0,od0,False,False,False
0.7,15,3,3,0,od1,False,False,False
0.7,15,3,3,0,od2,False,False,False
0.7,15,3,3,4,gw0,False,False,False
0.7,15,3,3,4,gw1,False,False,False
0.7,15,3,3,4,gw2,False,False,False
0.7,15,3,3,4,od0,False,False,False
0.7,15,3,3,4,od1,False,False,False
0.7,15,3,3,4,od2,False,False,False
0.7,15,3,3,8,gw0,False,False,False
0.7,15,3,3,8,gw1,False,False,False
0.7,15,3,3,8,gw2,False,False,False
0.7,15,3,3,8,od0,False,False,False
0.7,15,3,3,8,od1,False,False,False
0.7,15,3,3,8,od2,False,False,False
0.7,15,3,3,12,gw0,False,False,False
0.7,15,3,3,12,gw1,False,False,False
0.7,15,3,3,12,gw2,False,False,False
0.7,15,3,3,12,od0,False,True,True
0.7,15,3,3,12,od1,False,False,False
0.7,15,3,3,12,od2,False,False,False
0.7,15,3,3,16,gw0,False,False,False
0.7,15,3,3,16,gw1,False,False,False
0.7,15,3,3,16,gw2,False,False,False
0.7,15,3,3,16,od0,False,True,True
0.7,15,3,3,16,od1,False,False,False
0.7,15,3,3,16,od2,False,False,False
0.7,15,3,3,20,gw0,False,False,False
0.7,15,3,3,20,gw1,False,False,False
0.7,15,3,3,20,gw2,False,False,False
0.7,15,3,3,20,od0,False,True,True
0.7,15,3,3,20,od1,False,False,False
0.7,15,3,3,20,od2,False,False,False
0.7,15,3,3,24,gw0,False,False,False
0.7,15,3,3,24,gw1,False,False,False
0.7,15,3,3,24,gw2,False,False,False
0.7,15,3,3,24,od0,False,False,False
0.7,15,3,3,24,od1,False,False,False
0.7,15,3,3,24,od2,False,False,False
0.7,20,2,2,3,gw0,False,False,False
0.7,20,2,2,3,gw1,False,False,False
0.7,20,2,2,3,od0,False,False,False
0.7,20,2,2,3,od1,False,False,False
0.7,20,2,2,7,gw0,False,False,False
0.7,20,2,2,7,gw1,False,False,False
0.7,20,2,2,7,od0,False,False,False
0.7,20,2,2,7,od1,False,False,False
0.7,20,2,2,11,gw0,False,False,False
0.7,20,2,2,11,gw1,False,False,False
0.7,20,2,2,11,od0,False,False,False
0.7,20,2,2,11,od1,False,False,False
0.7,20,2,2,15,gw0,False,False,False
0.7,20,2,2,15,gw1,False,False,False
0.7,20,2,2,15,od0,False,False,False
0.7,20,2,2,15,od1,False,False,False
0.7,20,2,2,19,gw0,False,False,False
0.7,20,2,2,19,gw1,False,False,False
0.7,20,2,2,19,od0,False,False,False
0.7,20,2,2,19,od1,False,False,False
0.7,20,2,2,23,gw0,False,False,False
0.7,20,2,2,23,gw1,False,False,False
0.7,20,2,2,23,od0,False,False,False
0.7,20,2,2,23,od1,False,False,False
0.7,20,3,2,2,gw0,False,False,False
0.7,20,3,2,2,gw1,False,False,False
0.7,20,3,2,2,gw2,False,False,False
0.7,20,3,2,2,od0,False,False,False
0.7,20,3,2,2,od1,False,False,False
0.7,20,3,2,6,gw0,False,False,False
0.7,20,3,2,6,gw1,False,False,False
0.7,20,3,2,6,gw2,False,False,False
0.7,20,3,2,6,od0,False,False,False
0.7,20,3,2,6,od1,False,False,False
0.7,20,3,2,10,gw0,False,False,False
0.7,20,3,2,10,gw1,False,False,False
0.7,20,3,2,10,gw2,False,False,False
0.7,20,3,2,10,od0,False,False,False
0.7,20,3,2,10,od1,False,False,False
0.7,20,3,2,14,gw0,False,False,False
0.7,20,3,2,14,gw1,False,False,False
0.7,20,3,2,14,gw2,False,False,False
0.7,20,3,2,14,od0,False,False,False
0.7,20,3,2,14,od1,False,False,False
0.7,20,3,2,18,gw0,False,False,False
0.7,20,3,2,18,gw1,False,False,False
0.7,20,3,2,18,gw2,False,False,False
0.7,20,3,2,18,od0,False,False,False
0.7,20,3,2,18,od1,False,False,False
0.7,20,3,2,22,gw0,False,False,False
0.7,20,3,2,22,gw1,False,False,False
0.7,20,3,2,22,gw2,False,False,False
0.7,20,3,2,22,od0,False,False,False
0.7,20,3,2,22,od1,False,False,False
0.7,20,2,3,1,gw0,False,False,False
0.7,20,2,3,1,gw1,False,False,False
0.7,20,2,3,1,od0,False,False,False
0.7,20,2,3,1,od1,False,False,False
0.7,20,2,3,1,od2,False,False,False
0.7,20,2,3,5,gw0,False,False,False
0.7,20,2,3,5,gw1,False,False,False
0.7,20,2,3,5,od0,False,False,False
0.7,20,2,3,5,od1,False,False,False
0.7,20,2,3,5,od2,False,False,False
0.7,20,2,3,9,gw0,False,False,False
0.7,20,2,3,9,gw1,False,False,False
0.7,20,2,3,9,od0,False,False,False
0.7,20,2,3,9,od1,False,False,False
0.7,20,2,3,9,od2,False,False,False
0.7,20,2,3,13,gw0,False,False,False
0.7,20,2,3,13,gw1,False,False,False
0.7,20,2,3,13,od0,False,False,False
0.7,20,2,3,13,od1,False,False,False
0.7,20,2,3,13,od2,False,False,False
0.7,20,2,3,17,gw0,False,False,False
0.7,20,2,3,17,gw1,False,False,False
0.7,20,2,3,17,od0,False,False,False
0.7,20,2,3,17,od1,False,False,False
0.7,20,2,3,17,od2,False,False,False
0.7,20,2,3,21,gw0,False,False,False
0.7,20,2,3,21,gw1,False,False,False
0.7,20,2,3,21,od0,False,False,False
0.7,20,2,3,21,od1,False,False,False
0.7,20,2,3,21,od2,False,False,False
0.7,20,3,3,0,gw0,False,False,False
0.7,20,3,3,0,gw1,False,False,False
0.7,20,3,3,0,gw2,False,False,False
0.7,20,3,3,0,od0,False,False,False
0.7,20,3,3,0,od1,False,False,False
0.7,20,3,3,0,od2,False,False,False
0.7,20,3,3,4,gw0,False,False,False
0.7,20,3,3,4,gw1,False,False,False
0.7,20,3,3,4,gw2,False,False,False
0.7,20,3,3,4,od0,False,False,False
0.7,20,3,3,4,od1,False,False,False
0.7,20,3,3,4,od2,False,False,False
0.7,20,3,3,8,gw0,False,True,True
0.7,20,3,3,8,gw1,False,False,False
0.7,20,3,3,8,gw2,False,False,False
0.7,20,3,3,8,od0,False,False,False
0.7,20,3,3,8,od1,False,False,False
0.7,20,3,3,8,od2,False,False,False
0.7,20,3,3,12,gw0,False,False,False
0.7,20,3,3,12,gw1,False,False,False
0.7,20,3,3,12,gw2,False,False,False
0.7,20,3,3,12,od0,False,False,False
0.7,20,3,3,12,od1,False,False,False
0.7,20,3,3,12,od2,False,False,False
0.7,20,3,3,16,gw0,False,False,False
0.7,20,3,3,16,gw1,False,False,False
0.7,20,3,3,16,gw2,False,False,False
0.7,20,3,3,16,od0,False,False,False
0.7,20,3,3,16,od1,False,False,False
0.7,20,3,3,16,od2,False,False,False
0.7,20,3,3,20,gw0,False,False,False
0.7,20,3,3,20,gw1,False,False,False
0.7,20,3,3,20,gw2,False,False,False
0.7,20,3,3,20,od0,False,False,False
0.7,20,3,3,20,od1,False,False,False
0.7,20,3,3,20,od2,False,False,False
0.7,20,3,3,24,gw0,False,False,False
0.7,20,3,3,24,gw1,False,False,False
0.7,20,3,3,24,gw2,False,False,False
0.7,20,3,3,24,od0,False,False,False
0.7,20,3,3,24,od1,False,False,False
0.7,20,3,3,24,od2,False,False,False
0.9,10,2,2,3,gw0,False,False,False
0.9,10,2,2,3,gw1,False,False,False
0.9,10,2,2,3,od0,False,False,False
0.9,10,2,2,3,od1,False,False,False
0.9,10,2,2,7,gw0,False,False,False
0.9,10,2,2,7,gw1,False,False,False
0.9,10,2,2,7,od0,False,False,False
0.9,10,2,2,7,od1,False,False,False
0.9,10,2,2,11,gw0,False,False,False
0.9,10,2,2,11,gw1,False,False,False
0.9,10,2,2,11,od0,False,False,False
0.9,10,2,2,11,od1,False,False,False
0.9,10,2,2,15,gw0,False,False,False
0.9,10,2,2,15,gw1,False,False,False
0.9,10,2,2,15,od0,False,False,False
0.9,10,2,2,15,od1,False,False,False
0.9,10,2,2,19,gw0,False,False,False
0.9,10,2,2,19,gw1,False,False,False
0.9,10,2,2,19,od0,False,False,False
0.9,10,2,2,19,od1,False,False,False
0.9,10,2,2,23,gw0,False,False,False
0.9,10,2,2,23,gw1,False,False,False
0.9,10,2,2,23,od0,False,False,False
0.9,10,2,2,23,od1,False,False,False
0.9,10,3,2,2,gw0,False,False,False
0.9,10,3,2,2,gw1,False,False,False
0.9,10,3,2,2,gw2,False,False,False
0.9,10,3,2,2,od0,False,False,False
0.9,10,3,2,2,od1,False,False,False
0.9,10,3,2,6,gw0,False,False,False
0.9,10,3,2,6,gw1,False,False,False
0.9,10,3,2,6,gw2,False,False,False
0.9,10,3,2,6,od0,False,False,False
0.9,10,3,2,6,od1,False,False,False
0.9,10,3,2,10,gw0,False,False,False
0.9,10,3,2,10,gw1,False,False,False
0.9,10,3,2,10,gw2,False,False,False
0.9,10,3,2,10,od0,False,False,False
0.9,10,3,2,10,od1,False,False,False
0.9,10,3,2,14,gw0,False,False,False
0.9,10,3,2,14,gw1,False,False,False
0.9,10,3,2,14,gw2,False,False,False
0.9,10,3,2,14,od0,False,False,False
0.9,10,3,2,14,od1,False,False,False
0.9,10,3,2,18,gw0,False,False,False
0.9,10,3,2,18,gw1,False,False,False
0.9,10,3,2,18,gw2,False,False,False
0.9,10,3,2,18,od0,False,False,False
0.9,10,3,2,18,od1,False,False,False
0.9,10,3,2,22,gw0,False,False,False
0.9,10,3,2,22,gw1,False,False,False
0.9,10,3,2,22,gw2,False,False,False
0.9,10,3,2,22,od0,False,False,False
0.9,10,3,2,22,od1,False,False,False
0.9,10,2,3,1,gw0,False,False,False
0.9,10,2,3,1,gw1,False,False,False
0.9,10,2,3,1,od0,False,False,False
0.9,10,2,3,1,od1,False,False,False
0.9,10,2,3,1,od2,False,False,False
0.9,10,2,3,5,gw0,False,False,False
0.9,10,2,3,5,gw1,False,False,False
0.9,10,2,3,5,od0,False,False,False
0.9,10,2,3,5,od1,False,False,False
0.9,10,2,3,5,od2,False,False,False
0.9,10,2,3,9,gw0,False,False,False
0.9,10,2,3,9,gw1,False,False,False
0.9,10,2,3,9,od0,False,False,False
0.9,10,2,3,9,od1,False,False,False
0.9,10,2,3,9,od2,False,False,False
0.9,10,2,3,13,gw0,False,False,False
0.9,10,2,3,13,gw1,False,False,False
0.9,10,2,3,13,od0,False,False,False
0.9,10,2,3,13,od1,False,False,False
0.9,10,2,3,13,od2,False,False,False
0.9,10,2,3,17,gw0,False,False,False
0.9,10,2,3,17,gw1,False,False,False
0.9,10,2,3,17,od0,False,False,False
0.9,10,2,3,17,od1,False,False,False
0.9,10,2,3,17,od2,False,False,False
0.9,10,2,3,21,gw0,False,False,False
0.9,10,2,3,21,gw1,False,False,False
0.9,10,2,3,21,od0,False,False,False
0.9,10,2,3,21,od1,False,False,False
0.9,10,2,3,21,od2,False,False,False
0.9,10,3,3,0,gw0,False,False,False
0.9,10,3,3,0,gw1,False,False,False
0.9,10,3,3,0,gw2,False,False,False
0.9,10,3,3,0,od0,False,False,False
0.9,10,3,3,0,od1,False,False,False
0.9,10,3,3,0,od2,True,True,False
0.9,10,3,3,4,gw0,False,False,False
0.9,10,3,3,4,gw1,False,False,False
0.9,10,3,3,4,gw2,False,False,False
0.9,10,3,3,4,od0,False,False,False
0.9,10,3,3,4,od1,False,False,False
0.9,10,3,3,4,od2,False,False,False
0.9,10,3,3,8,gw0,False,False,False
0.9,10,3,3,8,gw1,False,False,False
0.9,10,3,3,8,gw2,False,False,False
0.9,10,3,3,8,od0,False,False,False
0.9,10,3,3,8,od1,False,False,False
0.9,10,3,3,8,od2,False,False,False
0.9,10,3,3,12,gw0,False,False,False
0.9,10,3,3,12,gw1,False,False,False
0.9,10,3,3,12,gw2,False,False,False
0.9,10,3,3,12,od0,False,False,False
0.9,10,3,3,12,od1,False,False,False
0.9,10,3,3,12,od2,False,False,False
0.9,10,3,3,16,gw0,False,False,False
0.9,10,3,3,16,gw1,False,False,False
0.9,10,3,3,16,gw2,False,False,False
0.9,10,3,3,16,od0,False,True,True
0.9,10,3,3,16,od1,False,False,False
0.9,10,3,3,16,od2,False,False,False
0.9,10,3,3,20,gw0,False,False,False
0.9,10,3,3,20,gw1,False,False,False
0.9,10,3,3,20,gw2,False,False,False
0.9,10,3,3,20,od0,False,False,False
0.9,10,3,3,20,od1,False,False,False
0.9,10,3,3,20,od2,False,False,False
0.9,10,3,3,24,gw0,False,False,False
0.9,10,3,3,24,gw1,False,False,False
0.9,10,3,3,24,gw2,False,False,False
0.9,10,3,3,24,od0,False,False,False
0.9,10,3,3,24,od1,False,False,False
0.9,10,3,3,24,od2,False,False,False
0.9,15,2,2,3,gw0,False,False,False
0.9,15,2,2,3,gw1,False,False,False
0.9,15,2,2,3,od0,False,False,False
0.9,15,2,2,3,od1,False,False,False
0.9,15,2,2,7,gw0,False,False,False
0.9,15,2,2,7,gw1,False,False,False
0.9,15,2,2,7,od0,False,False,False
0.9,15,2,2,7,od1,False,False,False
0.9,15,2,2,11,gw0,False,False,False
0.9,15,2,2,11,gw1,False,False,False
0.9,15,2,2,11,od0,False,False,False
0.9,15,2,2,11,od1,False,False,False
0.9,15,2,2,15,gw0,False,False,False
0.9,15,2,2,15,gw1,False,False,False
0.9,15,2,2,15,od0,False,False,False
0.9,15,2,2,15,od1,False,False,False
0.9,15,2,2,19,gw0,False,False,False
0.9,15,2,2,19,gw1,False,False,False
0.9,15,2,2,19,od0,False,False,False
0.9,15,2,2,19,od1,False,False,False
0.9,15,2,2,23,gw0,False,False,False
0.9,15,2,2,23,gw1,False,False,False
0.9,15,2,2,23,od0,False,False,False
0.9,15,2,2,23,od1,False,False,False
0.9,15,3,2,2,gw0,False,False,False
0.9,15,3,2,2,gw1,False,False,False
0.9,15,3,2,2,gw2,False,False,False
0.9,15,3,2,2,od0,False,False,False
0.9,15,3,2,2,od1,False,False,False
0.9,15,3,2,6,gw0,False,False,False
0.9,15,3,2,6,gw1,False,False,False
0.9,15,3,2,6,gw2,False,False,False
0.9,15,3,2,6,od0,False,False,False
0.9,15,3,2,6,od1,False,False,False
0.9,15,3,2,10,gw0,False,False,False
0.9,15,3,2,10,gw1,False,False,False
0.9,15,3,2,10,gw2,False,False,False
0.9,15,3,2,10,od0,False,False,False
0.9,15,3,2,10,od1,False,False,False
0.9,15,3,2,14,gw0,False,False,False
0.9,15,3,2,14,gw1,False,False,False
0.9,15,3,2,14,gw2,False,False,False
0.9,15,3,2,14,od0,False,False,False
0.9,15,3,2,14,od1,False,False,False
0.9,15,3,2,18,gw0,False,False,False
0.9,15,3,2,18,gw1,False,False,False
0.9,15,3,2,18,gw2,False,False,False
0.9,15,3,2,18,od0,False,False,False
0.9,15,3,2,18,od1,False,False,False
0.9,15,3,2,22,gw0,False,False,False
0.9,15,3,2,22,gw1,False,False,False
0.9,15,3,2,22,gw2,False,False,False
0.9,15,3,2,22,od0,False,False,False
0.9,15,3,2,22,od1,False,False,False
0.9,15,2,3,1,gw0,False,False,False
0.9,15,2,3,1,gw1,False,False,False
0.9,15,2,3,1,od0,False,False,False
0.9,15,2,3,1,od1,False,False,False
0.9,15,2,3,1,od2,False,False,False
0.9,15,2,3,5,gw0,False,False,False
0.9,15,2,3,5,gw1,False,False,False
0.9,15,2,3,5,od0,False,False,False
0.9,15,2,3,5,od1,False,False,False
0.9,15,2,3,5,od2,False,False,False
0.9,15,2,3,9,gw0,False,False,False
0.9,15,2,3,9,gw1,False,False,False
0.9,15,2,3,9,od0,False,False,False
0.9,15,2,3,9,od1,False,False,False
0.9,15,2,3,9,od2,False,False,False
0.9,15,2,3,13,gw0,False,False,False
0.9,15,2,3,13,gw1,False,False,False
0.9,15,2,3,13,od0,False,False,False
0.9,15,2,3,13,od1,False,False,False
0.9,15,2,3,13,od2,False,False,False
0.9,15,2,3,17,gw0,False,False,False
0.9,15,2,3,17,gw1,False,False,False
0.9,15,2,3,17,od0,False,False,False
0.9,15,2,3,17,od1,False,False,False
0.9,15,2,3,17,od2,False,False,False
0.9,15,2,3,21,gw0,False,False,False
0.9,15,2,3,21,gw1,False,False,False
0.9,15,2,3,21,od0,False,False,False
0.9,15,2,3,21,od1,False,True,True
0.9,15,2,3,21,od2,False,False,False
0.9,15,3,3,0,gw0,False,False,False
0.9,15,3,3,0,gw1,False,False,False
0.9,15,3,3,0,gw2,False,False,False
0.9,15,3,3,0,od0,False,False,False
0.9,15,3,3,0,od1,False,False,False
0.9,15,3,3,0,od2,False,False,False
0.9,15,3,3,4,gw0,False,False,False
0.9,15,3,3,4,gw1,False,False,False
0.9,15,3,3,4,gw2,False,False,False
0.9,15,3,3,4,od0,False,False,False
0.9,15,3,3,4,od1,False,False,False
0.9,15,3,3,4,od2,False,False,False
0.9,15,3,3,8,gw0,False,False,False
0.9,15,3,3,8,gw1,False,False,False
0.9,15,3,3,8,gw2,False,False,False
0.9,15,3,3,8,od0,False,False,False
0.9,15,3,3,8,od1,False,False,False
0.9,15,3,3,8,od2,False,False,False
0.9,15,3,3,12,gw0,False,False,False
0.9,15,3,3,12,gw1,False,False,False
0.9,15,3,3,12,gw2,False,False,False
0.9,15,3,3,12,od0,False,False,False
0.9,15,3,3,12,od1,False,False,False
0.9,15,3,3,12,od2,False,False,False
0.9,15,3,3,16,gw0,False,False,False
0.9,15,3,3,16,gw1,False,False,False
0.9,15,3,3,16,gw2,False,False,False
0.9,15,3,3,16,od0,False,False,False
0.9,15,3,3,16,od1,False,False,False
0.9,15,3,3,16,od2,False,False,False
0.9,15,3,3,20,gw0,False,False,False
0.9,15,3,3,20,gw1,False,False,False
0.9,15,3,3,20,gw2,False,False,False
0.9,15,3,3,20,od0,False,False,False
0.9,15,3,3,20,od1,False,False,False
0.9,15,3,3,20,od2,False,False,False
0.9,15,3,3,24,gw0,False,False,False
0.9,15,3,3,24,gw1,False,False,False
0.9,15,3,3,24,gw2,False,False,False
0.9,15,3,3,24,od0,False,False,False
0.9,15,3,3,24,od1,False,False,False
0.9,15,3,3,24,od2,False,False,False
0.9,20,2,2,3,gw0,False,False,False
0.9,20,2,2,3,gw1,False,False,False
0.9,20,2,2,3,od0,False,False,False
0.9,20,2,2,3,od1,False,False,False
0.9,20,2,2,7,gw0,False,False,False
0.9,20,2,2,7,gw1,False,False,False
0.9,20,2,2,7,od0,False,False,False
0.9,20,2,2,7,od1,False,False,False
0.9,20,2,2,11,gw0,False,False,False
0.9,20,2,2,11,gw1,False,False,False
0.9,20,2,2,11,od0,False,False,False
0.9,20,2,2,11,od1,False,False,False
0.9,20,2,2,15,gw0,False,False,False
0.9,20,2,2,15,gw1,False,False,False
0.9,20,2,2,15,od0,False,False,False
0.9,20,2,2,15,od1,False,False,False
0.9,20,2,2,19,gw0,False,False,False
0.9,20,2,2,19,gw1,False,False,False
0.9,20,2,2,19,od0,False,False,False
0.9,20,2,2,19,od1,False,False,False
0.9,20,2,2,23,gw0,False,False,False
0.9,20,2,2,23,gw1,False,False,False
0.9,20,2,2,23,od0,False,False,False
0.9,20,2,2,23,od1,False,False,False
0.9,20,3,2,2,gw0,False,False,False
0.9,20,3,2,2,gw1,False,False,False
0.9,20,3,2,2,gw2,False,False,False
0.9,20,3,2,2,od0,False,False,False
0.9,20,3,2,2,od1,False,False,False
0.9,20,3,2,6,gw0,False,False,False
0.9,20,3,2,6,gw1,False,False,False
0.9,20,3,2,6,gw2,False,False,False
0.9,20,3,2,6,od0,False,False,False
0.9,20,3,2,6,od1,False,False,False
0.9,20,3,2,10,gw0,False,False,False
0.9,20,3,2,10,gw1,False,False,False
0.9,20,3,2,10,gw2,False,False,False
0.9,20,3,2,10,od0,False,False,False
0.9,20,3,2,10,od1,False,False,False
0.9,20,3,2,14,gw0,False,False,False
0.9,20,3,2,14,gw1,False,False,False
0.9,20,3,2,14,gw2,False,False,False
0.9,20,3,2,14,od0,False,False,False
0.9,20,3,2,14,od1,False,False,False
0.9,20,3,2,18,gw0,False,False,False
0.9,20,3,2,18,gw1,False,False,False
0.9,20,3,2,18,gw2,False,False,False
0.9,20,3,2,18,od0,False,False,False
0.9,20,3,2,18,od1,False,False,False
0.9,20,3,2,22,gw0,False,False,False
0.9,20,3,2,22,gw1,False,False,False
0.9,20,3,2,22,gw2,False,False,False
0.9,20,3,2,22,od0,False,False,False
0.9,20,3,2,22,od1,False,False,False
0.9,20,2,3,1,gw0,False,False,False
0.9,20,2,3,1,gw1,False,False,False
0.9,20,2,3,1,od0,False,False,False
0.9,20,2,3,1,od1,False,False,False
0.9,20,2,3,1,od2,False,False,False
0.9,20,2,3,5,gw0,False,False,False
0.9,20,2,3,5,gw1,False,False,False
0.9,20,2,3,5,od0,False,False,False
0.9,20,2,3,5,od1,False,False,False
0.9,20,2,3,5,od2,False,False,False
0.9,20,2,3,9,gw0,False,False,False
0.9,20,2,3,9,gw1,False,False,False
0.9,20,2,3,9,od0,False,False,False
0.9,20,2,3,9,od1,False,False,False
0.9,20,2,3,9,od2,False,False,False
0.9,20,2,3,13,gw0,False,False,False
0.9,20,2,3,13,gw1,False,False,False
0.9,20,2,3,13,od0,False,False,False
0.9,20,2,3,13,od1,False,False,False
0.9,20,2,3,13,od2,False,False,False
0.9,20,2,3,17,gw0,False,False,False
0.9,20,2,3,17,gw1,False,False,False
0.9,20,2,3,17,od0,False,False,False
0.9,20,2,3,17,od1,False,False,False
0.9,20,2,3,17,od2,False,False,False
0.9,20,2,3,21,gw0,False,False,False
0.9,20,2,3,21,gw1,False,False,False
0.9,20,2,3,21,od0,False,True,True
0.9,20,2,3,21,od1,False,False,False
0.9,20,2,3,21,od2,False,False,False
0.9,20,3,3,0,gw0,False,False,False
0.9,20,3,3,0,gw1,False,False,False
0.9,20,3,3,0,gw2,False,False,False
0.9,20,3,3,0,od0,False,False,False
0.9,20,3,3,0,od1,False,False,False
0.9,20,3,3,0,od2,False,False,False
0.9,20,3,3,4,gw0,False,False,False
0.9,20,3,3,4,gw1,False,False,False
0.9,20,3,3,4,gw2,False,False,False
0.9,20,3,3,4,od0,False,False,False
0.9,20,3,3,4,od1,False,False,False
0.9,20,3,3,4,od2,False,False,False
0.9,20,3,3,8,gw0,False,False,False
0.9,20,3,3,8,gw1,False,False,False
0.9,20,3,3,8,gw2,False,False,False
0.9,20,3,3,8,od0,False,False,False
0.9,20,3,3,8,od1,False,False,False
0.9,20,3,3,8,od2,False,False,False
0.9,20,3,3,12,gw0,False,False,False
0.9,20,3,3,12,gw1,False,False,False
0.9,20,3,3,12,gw2,False,False,False
0.9,20,3,3,12,od0,False,False,False
0.9,20,3,3,12,od1,False,False,False
0.9,20,3,3,12,od2,False,False,False
0.9,20,3,3,16,gw0,False,False,False
0.9,20,3,3,16,gw1,False,False,False
0.9,20,3,3,16,gw2,False,False,False
0.9,20,3,3,16,od0,False,False,False
0.9,20,3,3,16,od1,False,False,False
0.9,20,3,3,16,od2,False,False,False
0.9,20,3,3,20,gw0,False,False,False
0.9,20,3,3,20,gw1,False,False,False
0.9,20,3,3,20,gw2,False,False,False
0.9,20,3,3,20,od0,False,False,False
0.9,20,3,3,20,od1,False,False,False
0.9,20,3,3,20,od2,False,False,False
0.9,20,3,3,24,gw0,False,False,False
0.9,20,3,3,24,gw1,False,False,False
0.9,20,3,3,24,gw2,False,False,False
0.9,20,3,3,24,od0,False,False,False
0.9,20,3,3,24,od1,False,False,False
0.9,20,3,3,24,od2,False,False,False
