alignment,n,n_gw,n_od,rep,menu,true_cost,status,fd_rate,mean_bundle,n_routes,pool_size,t_A,t_B,n_heur_blocks
0.1,10,2,2,5,B1,159.97301292080638,integer optimal solution,0.9,1.0,1,21,0.0,0.005418600000000051,3
0.1,10,2,2,5,B2,159.97301292080638,integer optimal solution,0.9,1.0,1,139,0.0,0.014350799999999886,3
0.1,10,2,2,5,B3,159.9730129208064,integer optimal solution,0.9,1.0,1,487,0.1783664,0.0304009999999999,3
0.1,10,2,2,5,HEUR,159.97301292080638,integer optimal solution,0.9,1.0,1,35,0.0,0.006471100000000174,3
0.1,10,2,2,5,B4,159.9730129208064,integer optimal solution,0.9,1.0,1,1127,1.1422801000000002,0.05122720000000003,3
0.1,10,2,2,12,B1,149.77018167815075,integer optimal solution,0.9,1.0,1,24,0.0,0.006144600000000278,2
0.1,10,2,2,12,B2,149.77018167815075,integer optimal solution,0.9,1.0,1,148,0.0,0.011115000000000208,2
0.1,10,2,2,12,B3,149.77018167815075,integer optimal solution,0.9,1.0,1,551,0.2020086000000001,0.03180760000000005,2
0.1,10,2,2,12,HEUR,149.77018167815075,integer optimal solution,0.9,1.0,1,34,0.0,0.008343200000000106,2
0.1,10,2,2,12,B4,149.77018167815072,integer optimal solution,0.9,1.0,1,1399,1.3963185000000002,0.05334770000000022,2
0.1,10,2,2,19,B1,182.6174649891593,integer optimal solution,1.0,0.0,0,20,0.0,0.003276899999999472,3
0.1,10,2,2,19,B2,182.6174649891593,integer optimal solution,1.0,0.0,0,150,0.0,0.011128599999999267,3
0.1,10,2,2,19,B3,182.61746498915926,integer optimal solution,1.0,0.0,0,607,0.2445997000000002,0.03438449999999982,3
0.1,10,2,2,19,HEUR,182.6174649891593,integer optimal solution,1.0,0.0,0,34,0.0,0.00692509999999924,3
0.1,10,2,2,19,B4,182.6174649891593,integer optimal solution,1.0,0.0,0,1611,1.8038721000000004,0.05172470000000029,3
0.1,10,3,2,1,B1,201.65269957160265,integer optimal solution,1.0,0.0,0,30,0.0,0.00373979999999996,2
0.1,10,3,2,1,B2,197.67750358716964,integer optimal solution,0.8,2.0,1,232,0.0,0.012057699999999727,2
0.1,10,3,2,1,B3,196.61162774941482,integer optimal solution,0.7,3.0,1,922,0.2538878999999996,0.03975289999999987,2
0.1,10,3,2,1,HEUR,201.65269957160265,integer optimal solution,1.0,0.0,0,45,0.0,0.005416700000000496,2
0.1,10,3,2,1,B4,195.3061784275097,integer optimal solution,0.6,4.0,1,2375,1.6676303,0.05691300000000066,2
0.1,10,3,2,8,B1,142.72713774160508,integer optimal solution,0.9,1.0,1,31,0.0,0.005243500000000623,2
0.1,10,3,2,8,B2,142.72713774160508,integer optimal solution,0.9,1.0,1,211,0.0,0.012901400000000507,2
0.1,10,3,2,8,B3,142.72713774160508,integer optimal solution,0.9,1.0,1,751,0.24993140000000036,0.03316389999999991,2
0.1,10,3,2,8,HEUR,142.72713774160508,integer optimal solution,0.9,1.0,1,46,0.0,0.005543600000001092,2
0.1,10,3,2,8,B4,142.72713774160508,integer optimal solution,0.9,1.0,1,1760,1.4457943000000002,0.05302070000000114,2
0.1,10,3,2,15,B1,145.05606116591645,integer optimal solution,0.8,1.0,2,32,0.0,0.005618899999999982,2
0.1,10,3,2,15,B2,145.05606116591645,integer optimal solution,0.8,1.0,2,222,0.0,0.013541999999999277,2
0.1,10,3,2,15,B3,145.05606116591645,integer optimal solution,0.8,1.0,2,872,0.27071680000000065,0.03844270000000094,2
0.1,10,3,2,15,HEUR,145.05606116591645,integer optimal solution,0.8,1.0,2,48,0.0,0.009323200000000753,2
0.1,10,3,2,15,B4,145.05606116591645,integer optimal solution,0.8,1.0,2,2324,2.039618299999999,0.06329739999999973,2
0.1,10,3,2,22,B1,180.17381251524233,integer optimal solution,1.0,0.0,0,31,0.0,0.0036034999999987605,3
0.1,10,3,2,22,B2,180.17381251524233,integer optimal solution,1.0,0.0,0,226,0.0,0.013141799999999648,3
0.1,10,3,2,22,B3,180.17381251524233,integer optimal solution,1.0,0.0,0,893,0.27501640000000016,0.038214900000001606,3
0.1,10,3,2,22,HEUR,180.17381251524233,integer optimal solution,1.0,0.0,0,47,0.0,0.005899700000000507,3
0.1,10,3,2,22,B4,180.17381251524233,integer optimal solution,1.0,0.0,0,2258,1.9258078999999988,0.056723899999999716,3
0.1,10,2,3,4,B1,164.4630341500239,integer optimal solution,0.8,1.0,2,23,0.0,0.0036314999999991215,1
0.1,10,2,3,4,B2,164.4630341500239,integer optimal solution,0.8,1.0,2,148,0.0,0.011217199999999039,1
0.1,10,2,3,4,B3,161.9705754765441,integer optimal solution,0.6,2.0,2,509,0.2209462000000002,0.0308452999999993,1
0.1,10,2,3,4,HEUR,164.4630341500239,integer optimal solution,0.8,1.0,2,27,0.0,0.005204899999998958,1
0.1,10,2,3,4,B4,159.16054825106687,integer optimal solution,0.6,4.0,1,1142,1.2181958999999996,0.055621599999998494,1
0.1,10,2,3,11,B1,147.9159035062736,integer optimal solution,1.0,0.0,0,20,0.0,0.0037413000000015018,1
0.1,10,2,3,11,B2,147.9159035062736,integer optimal solution,1.0,0.0,0,133,0.0,0.009999100000001704,1
0.1,10,2,3,11,B3,147.9159035062736,integer optimal solution,1.0,0.0,0,506,0.24905199999999894,0.02926610000000096,1
0.1,10,2,3,11,HEUR,147.9159035062736,integer optimal solution,1.0,0.0,0,23,0.0,0.004673000000000371,1
0.1,10,2,3,11,B4,147.9159035062736,integer optimal solution,1.0,0.0,0,1273,1.4900857999999992,0.05119549999999862,1
0.1,10,2,3,18,B1,143.52557177952508,integer optimal solution,0.8,1.0,2,23,0.0,0.007960399999998202,2
0.1,10,2,3,18,B2,143.52557177952508,integer optimal solution,0.8,1.0,2,140,0.0,0.011177899999999852,2
0.1,10,2,3,18,B3,143.52557177952508,integer optimal solution,0.8,1.0,2,508,0.24177429999999944,0.03149529999999956,2
0.1,10,2,3,18,HEUR,143.52557177952508,integer optimal solution,0.8,1.0,2,29,0.0,0.010800800000001942,2
0.1,10,2,3,18,B4,143.52557177952508,integer optimal solution,0.8,1.0,2,1271,1.541166699999998,0.056378500000001,2
0.1,10,3,3,0,B1,171.15632667954077,integer optimal solution,0.9,1.0,1,32,0.0,0.005159400000000147,2
0.1,10,3,3,0,B2,171.15632667954077,integer optimal solution,0.9,1.0,1,216,0.0,0.013334199999999186,2
0.1,10,3,3,0,B3,171.15632667954077,integer optimal solution,0.9,1.0,1,727,0.26112930000000034,0.04375789999999924,2
0.1,10,3,3,0,HEUR,171.15632667954077,integer optimal solution,0.9,1.0,1,44,0.0,0.007132000000002137,2
0.1,10,3,3,0,B4,171.15632667954077,integer optimal solution,0.9,1.0,1,1605,1.443533200000001,0.05377760000000009,2
0.1,10,3,3,7,B1,145.9800047439938,integer optimal solution,0.9,1.0,1,31,0.0,0.004963000000000051,1
0.1,10,3,3,7,B2,145.98000474399376,integer optimal solution,0.9,1.0,1,197,0.0,0.012349700000001462,1
0.1,10,3,3,7,B3,145.98000474399376,integer optimal solution,0.9,1.0,1,724,0.27294849999999826,0.03612710000000163,1
0.1,10,3,3,7,HEUR,145.9800047439938,integer optimal solution,0.9,1.0,1,37,0.0,0.006536600000000448,1
0.1,10,3,3,7,B4,145.9800047439938,integer optimal solution,0.9,1.0,1,1755,1.5161104000000023,0.045249200000000656,1
0.1,10,3,3,14,B1,188.29502006926216,integer optimal solution,1.0,0.0,0,32,0.0,0.0034989999999979204,2
0.1,10,3,3,14,B2,188.29502006926216,integer optimal solution,1.0,0.0,0,219,0.0,0.01943189999999717,2
0.1,10,3,3,14,B3,188.29502006926216,integer optimal solution,1.0,0.0,0,857,0.25241649999999893,0.029734499999999997,2
0.1,10,3,3,14,HEUR,188.29502006926216,integer optimal solution,1.0,0.0,0,45,0.0,0.005095000000000738,2
0.1,10,3,3,14,B4,188.29502006926216,integer optimal solution,1.0,0.0,0,2273,1.526908800000001,0.0692448999999975,2
0.1,10,3,3,21,B1,150.93177276394988,integer optimal solution,1.0,0.0,0,30,0.0,0.003409299999997728,1
0.1,10,3,3,21,B2,150.93177276394988,integer optimal solution,1.0,0.0,0,206,0.0,0.012476899999999347,1
0.1,10,3,3,21,B3,145.63344342067265,integer optimal solution,0.7,3.0,1,730,0.29665299999999917,0.029178800000000393,1
0.1,10,3,3,21,HEUR,150.93177276394988,integer optimal solution,1.0,0.0,0,36,0.0,0.005030200000000207,1
0.1,10,3,3,21,B4,143.42875960740656,integer optimal solution,0.6,4.0,1,1806,1.8235682000000004,0.055396899999998084,1
0.1,15,2,2,3,B1,269.36547600584385,integer optimal solution,0.9333333333333333,1.0,1,34,0.0,0.004317999999997824,4
0.1,15,2,2,3,B2,269.36547600584385,integer optimal solution,0.9333333333333333,1.0,1,324,0.0,0.016924100000004216,4
0.1,15,2,2,3,B3,269.36547600584385,integer optimal solution,0.9333333333333333,1.0,1,1969,0.8539990000000017,0.050122500000000514,4
0.1,15,2,2,3,HEUR,269.36547600584385,integer optimal solution,0.9333333333333333,1.0,1,48,0.0,0.005103699999999378,4
0.1,15,2,2,3,B4,269.36547600584385,integer optimal solution,0.9333333333333333,1.0,1,8344,13.730825299999996,0.18864190000000036,4
0.1,15,2,2,10,B1,240.8512333386908,integer optimal solution,1.0,0.0,0,31,0.0,0.004294100000002743,3
0.1,15,2,2,10,B2,240.8512333386908,integer optimal solution,1.0,0.0,0,349,0.0,0.018424099999997168,3
0.1,15,2,2,10,B3,240.8512333386908,integer optimal solution,1.0,0.0,0,2104,0.7995951000000048,0.047774700000005055,3
0.1,15,2,2,10,HEUR,240.8512333386908,integer optimal solution,1.0,0.0,0,55,0.0,0.008431600000001538,3
0.1,15,2,2,10,B4,240.8512333386908,integer optimal solution,1.0,0.0,0,8530,12.1216327,0.19769099999999895,3
0.1,15,2,2,17,B1,245.21395104099653,integer optimal solution,1.0,0.0,0,32,0.0,0.007221899999990455,4
0.1,15,2,2,17,B2,240.43619176170125,integer optimal solution,0.8666666666666667,2.0,1,359,0.0,0.0204418000000004,4
0.1,15,2,2,17,B3,231.1302351437152,integer optimal solution,0.8,3.0,1,2094,1.153836400000003,0.048708500000003596,4
0.1,15,2,2,17,HEUR,245.0225404477839,integer optimal solution,0.8666666666666667,2.0,1,51,0.0,0.007358700000011709,4
0.1,15,2,2,17,B4,218.2715398492604,integer optimal solution,0.4666666666666667,4.0,2,8335,18.885241400000005,0.19069879999999273,4
0.1,15,2,2,24,B1,225.40151403269016,integer optimal solution,0.9333333333333333,1.0,1,32,0.0,0.005156299999995895,3
0.1,15,2,2,24,B2,225.40151403269016,integer optimal solution,0.9333333333333333,1.0,1,292,0.0,0.016396500000013248,3
0.1,15,2,2,24,B3,222.63076316206903,integer optimal solution,0.7333333333333333,2.0,2,1541,0.7124409000000043,0.04357559999999694,3
0.1,15,2,2,24,HEUR,225.40151403269016,integer optimal solution,0.9333333333333333,1.0,1,47,0.0,0.007897400000004495,3
0.1,15,2,2,24,B4,217.79419192138326,integer optimal solution,0.6666666666666666,2.5,2,5554,8.108838500000005,0.1519483000000008,3
0.1,15,3,2,6,B1,260.22962152148153,integer optimal solution,0.8666666666666667,1.0,2,48,0.0,0.0042825999999962505,4
0.1,15,3,2,6,B2,258.5616269433603,integer optimal solution,0.8,1.5,2,488,0.0,0.022950199999996812,4
0.1,15,3,2,6,B3,258.5539102361177,integer optimal solution,0.8,3.0,1,2744,0.8501307999999881,0.06787150000000963,4
0.1,15,3,2,6,HEUR,260.22962152148153,integer optimal solution,0.8666666666666667,1.0,2,72,0.0,0.009203700000000481,4
0.1,15,3,2,6,B4,255.50444220080823,integer optimal solution,0.7333333333333333,4.0,1,10540,9.64380779999999,0.2429491999999982,4
0.1,15,3,2,13,B1,207.7918909410079,integer optimal solution,0.8666666666666667,1.0,2,49,0.0,0.004845299999999497,3
0.1,15,3,2,13,B2,198.48829513367372,integer optimal solution,0.8,1.5,2,442,0.0,0.02241639999999734,3
0.1,15,3,2,13,B3,197.62502940114547,integer optimal solution,0.7333333333333333,2.0,2,2431,0.8724775999999963,0.0567270000000093,3
0.1,15,3,2,13,HEUR,201.46991542258985,integer optimal solution,0.7333333333333333,2.0,2,72,0.0,0.007435799999996107,3
0.1,15,3,2,13,B4,194.12956123387727,integer optimal solution,0.6666666666666666,2.5,2,9267,10.301892800000005,0.23301159999999754,3
0.1,15,3,2,20,B1,246.8969836465918,integer optimal solution,0.9333333333333333,1.0,1,46,0.0,0.003543299999989813,6
0.1,15,3,2,20,B2,246.89698364659176,integer optimal solution,0.9333333333333333,1.0,1,491,0.0,0.025257499999980837,6
0.1,15,3,2,20,B3,246.8969836465918,integer optimal solution,0.9333333333333333,1.0,1,3162,1.2222958999999918,0.06920549999998116,6
0.1,15,3,2,20,HEUR,246.89698364659176,integer optimal solution,0.9333333333333333,1.0,1,84,0.0,0.006494599999996353,6
0.1,15,3,2,20,B4,246.8969836465918,integer optimal solution,0.9333333333333333,1.0,1,14018,20.48144529999999,0.31603990000002113,6
0.1,15,2,3,2,B1,212.8230768290514,integer optimal solution,0.8666666666666667,1.0,2,37,0.0,0.004478700000021263,5
0.1,15,2,3,2,B2,212.8230768290514,integer optimal solution,0.8666666666666667,1.0,2,309,0.0,0.01718149999999241,5
0.1,15,2,3,2,B3,212.82307682905133,integer optimal solution,0.8666666666666667,1.0,2,1684,0.8906881999999996,0.04657860000000369,5
0.1,15,2,3,2,HEUR,212.8230768290514,integer optimal solution,0.8666666666666667,1.0,2,57,0.0,0.007702700000010054,5
0.1,15,2,3,2,B4,206.23897107720603,integer optimal solution,0.6666666666666666,2.5,2,6189,10.55337990000001,0.15463799999997718,5
0.1,15,2,3,9,B1,252.49471997219177,integer optimal solution,1.0,0.0,0,31,0.0,0.0032227000000091266,5
0.1,15,2,3,9,B2,252.49471997219177,integer optimal solution,1.0,0.0,0,342,0.0,0.016491199999990158,5
0.1,15,2,3,9,B3,252.49471997219177,integer optimal solution,1.0,0.0,0,2044,1.0986668999999836,0.061748599999987164,5
0.1,15,2,3,9,HEUR,252.49471997219177,integer optimal solution,1.0,0.0,0,53,0.0,0.006526199999996152,5
0.1,15,2,3,9,B4,252.49471997219177,integer optimal solution,1.0,0.0,0,8067,16.138442800000007,0.2135116000000039,5
0.1,15,2,3,16,B1,253.7067612431376,integer optimal solution,0.8666666666666667,1.0,2,36,0.0,0.003602299999982961,5
0.1,15,2,3,16,B2,253.7067612431376,integer optimal solution,0.8666666666666667,1.0,2,341,0.0,0.015428100000008271,5
0.1,15,2,3,16,B3,253.7067612431376,integer optimal solution,0.8666666666666667,1.0,2,1988,1.013495799999987,0.04891560000001505,5
0.1,15,2,3,16,HEUR,253.7067612431376,integer optimal solution,0.8666666666666667,1.0,2,54,0.0,0.006692299999997431,5
0.1,15,2,3,16,B4,253.7067612431376,integer optimal solution,0.8666666666666667,1.0,2,7646,13.748964200000017,0.1906720000000064,5
0.1,15,2,3,23,B1,234.55844424668436,integer optimal solution,0.8666666666666667,1.0,2,35,0.0,0.004665399999993269,5
0.1,15,2,3,23,B2,234.55844424668436,integer optimal solution,0.8666666666666667,1.0,2,324,0.0,0.015541600000005928,5
0.1,15,2,3,23,B3,234.55844424668436,integer optimal solution,0.8666666666666667,1.0,2,1751,1.0415001000000075,0.0433179999999993,5
0.1,15,2,3,23,HEUR,234.55844424668436,integer optimal solution,0.8666666666666667,1.0,2,52,0.0,0.005793999999980315,5
0.1,15,2,3,23,B4,234.55844424668433,integer optimal solution,0.8666666666666667,1.0,2,6416,11.947365199999979,0.16476840000001403,5
0.1,15,3,3,5,B1,215.0045817152926,integer optimal solution,1.0,0.0,0,47,0.0,0.0034765999999990527,5
0.1,15,3,3,5,B2,213.00348226657852,integer optimal solution,0.8666666666666667,2.0,1,466,0.0,0.022346599999991668,5
0.1,15,3,3,5,B3,212.10818327310295,integer optimal solution,0.8,3.0,1,2736,1.1257576000000142,0.06318620000001829,5
0.1,15,3,3,5,HEUR,213.00348226657854,integer optimal solution,0.8666666666666667,2.0,1,81,0.0,0.006216800000004241,5
0.1,15,3,3,5,B4,208.9177526972448,integer optimal solution,0.7333333333333333,4.0,1,11092,14.609847700000017,0.2526980000000094,5
0.1,15,3,3,12,B1,233.32642763775175,integer optimal solution,0.9333333333333333,1.0,1,45,0.0,0.0033900999999900705,4
0.1,15,3,3,12,B2,233.32642763775175,integer optimal solution,0.9333333333333333,1.0,1,461,0.0,0.023168400000002976,4
0.1,15,3,3,12,B3,233.32642763775175,integer optimal solution,0.9333333333333333,1.0,1,2575,1.0488353000000075,0.05253630000001408,4
0.1,15,3,3,12,HEUR,233.32642763775175,integer optimal solution,0.9333333333333333,1.0,1,70,0.0,0.005854800000008709,4
0.1,15,3,3,12,B4,233.32642763775178,integer optimal solution,0.9333333333333333,1.0,1,9708,13.284651300000007,0.23201410000001488,4
0.1,15,3,3,19,B1,228.77535434537822,integer optimal solution,0.9333333333333333,1.0,1,50,0.0,0.005357699999990473,4
0.1,15,3,3,19,B2,228.77535434537822,integer optimal solution,0.9333333333333333,1.0,1,498,0.0,0.025019799999995485,4
0.1,15,3,3,19,B3,228.77535434537822,integer optimal solution,0.9333333333333333,1.0,1,3110,1.1773986999999977,0.07310229999998796,4
0.1,15,3,3,19,HEUR,228.77535434537822,integer optimal solution,0.9333333333333333,1.0,1,78,0.0,0.012099100000000362,4
0.1,15,3,3,19,B4,228.77535434537822,integer optimal solution,0.9333333333333333,1.0,1,13250,17.68188699999999,0.28855859999998756,4
0.1,20,2,2,1,B1,329.7568879081692,integer optimal solution,1.0,0.0,0,40,0.0,0.0035135999999909018,5
0.1,20,2,2,1,B2,329.7568879081692,integer optimal solution,1.0,0.0,0,573,0.0,0.026744199999996,5
0.1,20,2,2,1,B3,329.7568879081692,integer optimal solution,1.0,0.0,0,4606,2.226479399999988,0.10722119999999791,5
0.1,20,2,2,1,HEUR,329.7568879081691,integer optimal solution,1.0,0.0,0,65,0.0,0.00719379999998182,5
0.1,20,2,2,8,B1,306.2986003957011,integer optimal solution,0.85,1.0,3,44,0.0,0.007324099999976852,5
0.1,20,2,2,8,B2,300.5213743672908,integer optimal solution,0.8,1.3333333333333333,3,525,0.0,0.027380100000016228,5
0.1,20,2,2,8,B3,298.1266257099615,integer optimal solution,0.8,2.0,2,3942,1.8187116000000003,0.09281169999999861,5
0.1,20,2,2,8,HEUR,306.29860039570104,integer optimal solution,0.85,1.0,3,70,0.0,0.008034200000025749,5
0.1,20,2,2,15,B1,359.03461034878706,integer optimal solution,0.9,1.0,2,44,0.0,0.0042059999999821684,5
0.1,20,2,2,15,B2,352.2905016181052,integer optimal solution,0.8,1.3333333333333333,3,570,0.0,0.027771699999988186,5
0.1,20,2,2,15,B3,349.43210318402856,integer optimal solution,0.8,2.0,2,4539,2.0553423000000066,0.10911380000001714,5
0.1,20,2,2,15,HEUR,352.2905016181052,integer optimal solution,0.8,1.3333333333333333,3,65,0.0,0.009285400000010213,5
0.1,20,2,2,22,B1,269.16332132901766,integer optimal solution,0.85,1.0,3,52,0.0,0.006297600000010561,5
0.1,20,2,2,22,B2,263.9852519321147,integer optimal solution,0.65,1.75,4,558,0.0,0.02752340000000686,5
0.1,20,2,2,22,B3,259.02306901131055,integer optimal solution,0.6,2.0,4,4025,1.9467071999999916,0.09386829999999691,5
0.1,20,2,2,22,HEUR,263.0543072856584,integer optimal solution,0.7,1.5,4,73,0.0,0.009264500000000453,5
0.1,20,3,2,4,B1,339.19302631427047,integer optimal solution,0.9,1.0,2,63,0.0,0.003997099999992315,6
0.1,20,3,2,4,B2,339.19302631427047,integer optimal solution,0.9,1.0,2,900,0.0,0.0340001000000143,6
0.1,20,3,2,4,B3,339.19302631427047,integer optimal solution,0.9,1.0,2,6701,2.723040400000002,0.15306659999998828,6
0.1,20,3,2,4,HEUR,339.19302631427047,integer optimal solution,0.9,1.0,2,108,0.0,0.007496400000007952,6
0.1,20,3,2,11,B1,338.2510990582516,integer optimal solution,1.0,0.0,0,60,0.0,0.004250100000007251,7
0.1,20,3,2,11,B2,338.2510990582517,integer optimal solution,1.0,0.0,0,826,0.0,0.044164599999987786,7
0.1,20,3,2,11,B3,338.25109905825167,integer optimal solution,1.0,0.0,0,6275,2.6210901000000035,0.15705990000000725,7
0.1,20,3,2,11,HEUR,338.2510990582517,integer optimal solution,1.0,0.0,0,102,0.0,0.01029059999999049,7
0.1,20,3,2,18,B1,368.13264188846085,integer optimal solution,1.0,0.0,0,60,0.0,0.0027714999999943757,4
0.1,20,3,2,18,B2,367.2743081336226,integer optimal solution,0.9,2.0,1,902,0.0,0.03326110000000426,4
0.1,20,3,2,18,B3,359.0667394022576,integer optimal solution,0.85,3.0,1,7218,2.961077799999998,0.1748781000000008,4
0.1,20,3,2,18,HEUR,368.1326418884608,integer optimal solution,1.0,0.0,0,93,0.0,0.01169759999999087,4
0.1,20,2,3,0,B1,317.46706677012395,integer optimal solution,0.9,1.0,2,43,0.0,0.004271099999982653,5
0.1,20,2,3,0,B2,311.62700919865927,integer optimal solution,0.8,1.3333333333333333,3,562,0.0,0.02934460000000172,5
0.1,20,2,3,0,B3,302.5153588610747,integer optimal solution,0.75,1.6666666666666667,3,4282,2.4961189000000275,0.11697940000004792,5
0.1,20,2,3,0,HEUR,317.4670667701239,integer optimal solution,0.9,1.0,2,66,0.0,0.015306300000020201,5
0.1,20,2,3,7,B1,341.8714929577359,integer optimal solution,0.9,1.0,2,44,0.0,0.003372500000011769,5
0.1,20,2,3,7,B2,341.8714929577358,integer optimal solution,0.9,1.0,2,606,0.0,0.026503300000001673,5
0.1,20,2,3,7,B3,340.99623173046507,integer optimal solution,0.75,1.6666666666666667,3,4635,2.5882345999999643,0.10219200000000228,5
0.1,20,2,3,7,HEUR,341.8714929577358,integer optimal solution,0.9,1.0,2,70,0.0,0.006880000000023756,5
0.1,20,2,3,14,B1,324.7001564208659,integer optimal solution,0.95,1.0,1,43,0.0,0.0039022000000272783,5
0.1,20,2,3,14,B2,319.68581956840404,integer optimal solution,0.85,1.5,2,522,0.0,0.026864000000045962,5
0.1,20,2,3,14,B3,309.2909574683316,integer optimal solution,0.7,3.0,2,3821,2.2429756000000225,0.09052329999997255,5
0.1,20,2,3,14,HEUR,319.68581956840404,integer optimal solution,0.85,1.5,2,57,0.0,0.010024499999985892,5
0.1,20,2,3,21,B1,355.2411407980665,integer optimal solution,0.95,1.0,1,46,0.0,0.004431500000009692,6
0.1,20,2,3,21,B2,355.2411407980665,integer optimal solution,0.95,1.0,1,574,0.0,0.028237600000011298,6
0.1,20,2,3,21,B3,348.55294088921727,integer optimal solution,0.8,2.0,2,4401,2.3102485,0.10096790000000055,6
0.1,20,2,3,21,HEUR,355.2411407980665,integer optimal solution,0.95,1.0,1,79,0.0,0.007276699999977154,6
0.1,20,3,3,3,B1,327.4460973413398,integer optimal solution,0.8,1.0,4,70,0.0,0.007127400000001671,5
0.1,20,3,3,3,B2,327.4460973413398,integer optimal solution,0.8,1.0,4,904,0.0,0.04784899999998515,5
0.1,20,3,3,3,B3,327.4460973413398,integer optimal solution,0.8,1.0,4,7068,3.5616129,0.21369059999994988,5
0.1,20,3,3,3,HEUR,327.4460973413398,integer optimal solution,0.8,1.0,4,109,0.0,0.010305100000039147,5
0.1,20,3,3,10,B1,315.89761700493847,integer optimal solution,0.9,1.0,2,69,0.0,0.005150499999956537,5
0.1,20,3,3,10,B2,311.64012574230827,integer optimal solution,0.8,1.3333333333333333,3,836,0.0,0.03324470000001156,5
0.1,20,3,3,10,B3,306.03805091971185,integer optimal solution,0.75,1.6666666666666667,3,6210,2.76265589999997,0.15078379999999925,5
0.1,20,3,3,10,HEUR,309.5211750488403,integer optimal solution,0.8,2.0,2,109,0.0,0.01095730000002959,5
0.1,20,3,3,17,B1,320.3543897036799,integer optimal solution,0.85,1.0,3,67,0.0,0.004141599999968548,5
0.1,20,3,3,17,B2,320.3543897036799,integer optimal solution,0.85,1.0,3,887,0.0,0.03644489999999223,5
0.1,20,3,3,17,B3,314.1794182712431,integer optimal solution,0.75,1.6666666666666667,3,6823,2.9633010000000013,0.2563236000000302,5
0.1,20,3,3,17,HEUR,320.3543897036799,integer optimal solution,0.85,1.0,3,106,0.0,0.009047199999997702,5
0.1,20,3,3,24,B1,301.4124958170898,integer optimal solution,0.95,1.0,1,66,0.0,0.004352800000049228,6
0.1,20,3,3,24,B2,301.41249581708985,integer optimal solution,0.95,1.0,1,828,0.0,0.030885899999987032,6
0.1,20,3,3,24,B3,301.41249581708985,integer optimal solution,0.95,1.0,1,6284,2.903097800000012,0.15933660000001737,6
0.1,20,3,3,24,HEUR,301.41249581708985,integer optimal solution,0.95,1.0,1,110,0.0,0.009771300000011252,6
0.3,10,2,2,6,B1,176.37140802808185,integer optimal solution,0.9,1.0,1,24,0.0,0.005377100000032442,3
0.3,10,2,2,6,B2,175.117515852286,integer optimal solution,0.7,1.5,2,144,0.0,0.009800199999972392,3
0.3,10,2,2,6,B3,175.117515852286,integer optimal solution,0.7,1.5,2,509,0.18611149999998133,0.029240400000048794,3
0.3,10,2,2,6,HEUR,175.117515852286,integer optimal solution,0.7,1.5,2,34,0.0,0.005159800000001269,3
0.3,10,2,2,6,B4,172.42059727422188,integer optimal solution,0.6,4.0,1,1176,1.1023755999999594,0.04328540000000203,3
0.3,10,2,2,13,B1,140.17789322071658,integer optimal solution,0.9,1.0,1,25,0.0,0.004018599999994876,2
0.3,10,2,2,13,B2,140.17789322071658,integer optimal solution,0.9,1.0,1,157,0.0,0.008652299999994284,2
0.3,10,2,2,13,B3,140.17789322071658,integer optimal solution,0.9,1.0,1,572,0.2044536000000221,0.03058150000003934,2
0.3,10,2,2,13,HEUR,140.17789322071658,integer optimal solution,0.9,1.0,1,34,0.0,0.0044007999999848835,2
0.3,10,2,2,13,B4,140.17789322071658,integer optimal solution,0.9,1.0,1,1366,1.1844619999999964,0.04427490000000489,2
0.3,10,2,2,20,B1,119.21497985431674,integer optimal solution,0.8,1.0,2,23,0.0,0.0050630999999725645,2
0.3,10,2,2,20,B2,119.21497985431672,integer optimal solution,0.8,1.0,2,145,0.0,0.00816620000000512,2
0.3,10,2,2,20,B3,119.21497985431672,integer optimal solution,0.8,1.0,2,557,0.2048464000000081,0.03069790000000694,2
0.3,10,2,2,20,HEUR,119.21497985431672,integer optimal solution,0.8,1.0,2,33,0.0,0.005323700000019471,2
0.3,10,2,2,20,B4,119.21497985431672,integer optimal solution,0.8,1.0,2,1404,1.3563192999999956,0.04916010000005144,2
0.3,10,3,2,2,B1,160.88357861105447,integer optimal solution,0.9,1.0,1,32,0.0,0.005545699999970566,1
0.3,10,3,2,2,B2,160.88357861105447,integer optimal solution,0.9,1.0,1,198,0.0,0.015170000000011896,1
0.3,10,3,2,2,B3,156.0696624690725,integer optimal solution,0.6,2.0,2,673,0.210861599999987,0.029642299999977695,1
0.3,10,3,2,2,HEUR,158.3127124238241,integer optimal solution,0.7,3.0,1,42,0.0,0.004388500000004569,1
0.3,10,3,2,2,B4,154.8894493276705,integer optimal solution,0.6,4.0,1,1542,1.2604775000000359,0.04907029999998258,1
0.3,10,3,2,9,B1,183.5947815980273,integer optimal solution,1.0,0.0,0,32,0.0,0.002925500000003467,2
0.3,10,3,2,9,B2,183.59478159802728,integer optimal solution,1.0,0.0,0,237,0.0,0.010165099999994709,2
0.3,10,3,2,9,B3,183.59478159802728,integer optimal solution,1.0,0.0,0,989,0.23748510000001488,0.036393900000007307,2
0.3,10,3,2,9,HEUR,183.59478159802728,integer optimal solution,1.0,0.0,0,45,0.0,0.006214499999998679,2
0.3,10,3,2,9,B4,183.59478159802728,integer optimal solution,1.0,0.0,0,2691,1.887489099999982,0.05485339999995631,2
0.3,10,3,2,16,B1,161.66821567601855,integer optimal solution,0.9,1.0,1,33,0.0,0.005555000000015298,3
0.3,10,3,2,16,B2,159.67610324012162,integer optimal solution,0.7,1.5,2,204,0.0,0.013174800000001596,3
0.3,10,3,2,16,B3,153.68703799408334,integer optimal solution,0.6,2.0,2,717,0.29500789999997323,0.034149400000046626,3
0.3,10,3,2,16,HEUR,153.68703799408334,integer optimal solution,0.6,2.0,2,45,0.0,0.005426399999976184,3
0.3,10,3,2,16,B4,151.26248114234218,integer optimal solution,0.5,2.5,2,1670,1.88687299999998,0.05296729999997751,3
0.3,10,3,2,23,B1,183.13301418288708,integer optimal solution,0.8,1.0,2,33,0.0,0.003735000000006039,3
0.3,10,3,2,23,B2,180.95480314005607,integer optimal solution,0.7,1.5,2,240,0.0,0.01046710000002804,3
0.3,10,3,2,23,B3,174.35479680401681,integer optimal solution,0.7,3.0,1,916,0.25920059999998557,0.033814699999993536,3
0.3,10,3,2,23,HEUR,174.35479680401681,integer optimal solution,0.7,3.0,1,60,0.0,0.0077559999999721185,3
0.3,10,3,2,23,B4,168.73849426926438,integer optimal solution,0.6,4.0,1,2176,1.8862399999999866,0.04904620000002069,3
0.3,10,2,3,5,B1,148.8628619399716,integer optimal solution,0.9,1.0,1,24,0.0,0.0038905000000113432,1
0.3,10,2,3,5,B2,148.8628619399716,integer optimal solution,0.9,1.0,1,139,0.0,0.007630399999982274,1
0.3,10,2,3,5,B3,148.8628619399716,integer optimal solution,0.9,1.0,1,531,0.22020210000005136,0.02891600000003791,1
0.3,10,2,3,5,HEUR,148.8628619399716,integer optimal solution,0.9,1.0,1,34,0.0,0.0041385999999761225,1
0.3,10,2,3,5,B4,148.8628619399716,integer optimal solution,0.9,1.0,1,1374,1.0619981000000394,0.04550080000001344,1
0.3,10,2,3,12,B1,146.83177001302337,integer optimal solution,0.9,1.0,1,26,0.0,0.004802499999982501,2
0.3,10,2,3,12,B2,146.83177001302337,integer optimal solution,0.9,1.0,1,133,0.0,0.00895020000001523,2
0.3,10,2,3,12,B3,146.8317700130234,integer optimal solution,0.9,1.0,1,454,0.22947999999996682,0.026156399999990754,2
0.3,10,2,3,12,HEUR,146.83177001302337,integer optimal solution,0.9,1.0,1,32,0.0,0.0048987999999781096,2
0.3,10,2,3,12,B4,146.40715237456536,integer optimal solution,0.6,4.0,1,1093,1.3001783000000273,0.04342339999999467,2
0.3,10,2,3,19,B1,153.085119500067,integer optimal solution,0.8,1.0,2,21,0.0,0.003493999999989228,3
0.3,10,2,3,19,B2,153.085119500067,integer optimal solution,0.8,1.0,2,133,0.0,0.007119900000020607,3
0.3,10,2,3,19,B3,151.47939149297062,integer optimal solution,0.7,3.0,1,460,0.23193759999998065,0.029376400000046488,3
0.3,10,2,3,19,HEUR,153.08511950006704,integer optimal solution,0.8,1.0,2,34,0.0,0.0050880000000006476,3
0.3,10,2,3,19,B4,151.47939149297062,integer optimal solution,0.7,3.0,1,1055,1.1561361999999917,0.04240119999997205,3
0.3,10,3,3,1,B1,191.25509649477203,integer optimal solution,1.0,0.0,0,30,0.0,0.0028262999999810745,2
0.3,10,3,3,1,B2,191.2550964947721,integer optimal solution,1.0,0.0,0,239,0.0,0.01481189999998378,2
0.3,10,3,3,1,B3,191.2550964947721,integer optimal solution,1.0,0.0,0,935,0.3257145000000037,0.04011239999999816,2
0.3,10,3,3,1,HEUR,191.25509649477203,integer optimal solution,1.0,0.0,0,42,0.0,0.005704600000001392,2
0.3,10,3,3,1,B4,191.25509649477203,integer optimal solution,1.0,0.0,0,2374,2.4273499000000243,0.06247350000001006,2
0.3,10,3,3,8,B1,142.84927408567512,integer optimal solution,1.0,0.0,0,32,0.0,0.00432210000002442,1
0.3,10,3,3,8,B2,142.84927408567512,integer optimal solution,1.0,0.0,0,213,0.0,0.011574399999972229,1
0.3,10,3,3,8,B3,142.84927408567512,integer optimal solution,1.0,0.0,0,782,0.2444613999999774,0.03397830000000113,1
0.3,10,3,3,8,HEUR,142.84927408567512,integer optimal solution,1.0,0.0,0,37,0.0,0.004535599999996975,1
0.3,10,3,3,8,B4,142.84927408567512,integer optimal solution,1.0,0.0,0,1946,1.4259701999999947,0.056320400000004156,1
0.3,10,3,3,15,B1,125.12612386686357,integer optimal solution,0.9,1.0,1,33,0.0,0.0036109999999780484,2
0.3,10,3,3,15,B2,121.79319144476669,integer optimal solution,0.7,1.5,2,207,0.0,0.010784199999989141,2
0.3,10,3,3,15,B3,121.79319144476669,integer optimal solution,0.7,1.5,2,707,0.30149919999996655,0.03482569999999896,2
0.3,10,3,3,15,HEUR,125.12612386686357,integer optimal solution,0.9,1.0,1,44,0.0,0.00517450000000963,2
0.3,10,3,3,15,B4,121.79319144476669,integer optimal solution,0.7,1.5,2,1621,1.8724153000000001,0.04729090000000724,2
0.3,10,3,3,22,B1,161.46732712655398,integer optimal solution,0.8,1.0,2,35,0.0,0.004331699999966077,3
0.3,10,3,3,22,B2,158.82435643260482,integer optimal solution,0.8,2.0,1,235,0.0,0.011354799999992338,3
0.3,10,3,3,22,B3,158.82435643260482,integer optimal solution,0.8,2.0,1,958,0.3991611000000148,0.0334819000000266,3
0.3,10,3,3,22,HEUR,158.82435643260482,integer optimal solution,0.8,2.0,1,52,0.0,0.006688899999971909,3
0.3,10,3,3,22,B4,158.82435643260482,integer optimal solution,0.8,2.0,1,2476,3.2039671,0.05838549999998577,3
0.3,15,2,2,4,B1,267.7681749643714,integer optimal solution,0.9333333333333333,1.0,1,32,0.0,0.003843900000049416,5
0.3,15,2,2,4,B2,265.4627666477947,integer optimal solution,0.8666666666666667,2.0,1,332,0.0,0.015980500000011943,5
0.3,15,2,2,4,B3,263.81143993340487,integer optimal solution,0.8,3.0,1,2032,0.7963828000000035,0.04949570000002268,5
0.3,15,2,2,4,HEUR,263.81143993340487,integer optimal solution,0.8,3.0,1,59,0.0,0.006801999999993313,5
0.3,15,2,2,4,B4,263.81143993340487,integer optimal solution,0.8,3.0,1,8284,11.40044180000001,0.18932720000003656,5
0.3,15,2,2,11,B1,293.30707418231793,integer optimal solution,1.0,0.0,0,33,0.0,0.0034813999999983025,5
0.3,15,2,2,11,B2,289.30907911028436,integer optimal solution,0.7333333333333333,2.0,2,325,0.0,0.016446199999961664,5
0.3,15,2,2,11,B3,283.0851107377562,integer optimal solution,0.8,3.0,1,1897,0.6982869999999934,0.04680680000001303,5
0.3,15,2,2,11,HEUR,288.333966497324,integer optimal solution,0.8,3.0,1,55,0.0,0.004328600000008009,5
0.3,15,2,2,11,B4,276.97976303564064,integer optimal solution,0.7333333333333333,4.0,1,7614,9.235650399999997,0.17690840000000208,5
0.3,15,2,2,18,B1,283.28788357662665,integer optimal solution,1.0,0.0,0,30,0.0,0.003212600000040311,4
0.3,15,2,2,18,B2,283.28788357662665,integer optimal solution,1.0,0.0,0,338,0.0,0.015693800000008196,4
0.3,15,2,2,18,B3,283.2878835766266,integer optimal solution,1.0,0.0,0,2009,0.7470441000000392,0.054207000000019434,4
0.3,15,2,2,18,HEUR,283.28788357662665,integer optimal solution,1.0,0.0,0,50,0.0,0.00661990000003243,4
0.3,15,2,2,18,B4,281.19009373867726,integer optimal solution,0.7333333333333333,4.0,1,7926,10.31773770000001,0.17324729999995725,4
0.3,15,3,2,0,B1,294.0616897594671,integer optimal solution,0.9333333333333333,1.0,1,46,0.0,0.0034114999999701467,4
0.3,15,3,2,0,B2,294.0616897594671,integer optimal solution,0.9333333333333333,1.0,1,495,0.0,0.020143999999959306,4
0.3,15,3,2,0,B3,294.0616897594671,integer optimal solution,0.9333333333333333,1.0,1,2934,0.8950085999999828,0.0684340999999904,4
0.3,15,3,2,0,HEUR,294.0616897594671,integer optimal solution,0.9333333333333333,1.0,1,70,0.0,0.005384800000001633,4
0.3,15,3,2,0,B4,294.0616897594671,integer optimal solution,0.9333333333333333,1.0,1,11868,12.034795700000018,0.28924349999999777,4
0.3,15,3,2,7,B1,239.4896356983985,integer optimal solution,0.9333333333333333,1.0,1,47,0.0,0.004204600000036862,6
0.3,15,3,2,7,B2,232.0740742177888,integer optimal solution,0.7333333333333333,2.0,2,460,0.0,0.0242387999999778,6
0.3,15,3,2,7,B3,223.0198449777123,integer optimal solution,0.6,3.0,2,2508,0.8877442000000428,0.060241300000029696,6
0.3,15,3,2,7,HEUR,232.07407421778876,integer optimal solution,0.7333333333333333,2.0,2,82,0.0,0.007879399999978887,6
0.3,15,3,2,7,B4,220.2896626247487,integer optimal solution,0.6,3.0,2,9466,9.972752200000002,0.2505371999999966,6
0.3,15,3,2,14,B1,256.05053089298815,integer optimal solution,0.9333333333333333,1.0,1,49,0.0,0.003856199999972887,6
0.3,15,3,2,14,B2,251.54504675871405,integer optimal solution,0.8,1.5,2,537,0.0,0.022432600000001912,6
0.3,15,3,2,14,B3,242.16937069943157,integer optimal solution,0.7333333333333333,2.0,2,3097,1.1956321000000116,0.09517479999999523,6
0.3,15,3,2,14,HEUR,251.54504675871405,integer optimal solution,0.8,1.5,2,89,0.0,0.007909899999958725,6
0.3,15,3,2,14,B4,233.2758251681066,integer optimal solution,0.7333333333333333,4.0,1,11475,17.881200799999988,0.25738190000004124,6
0.3,15,3,2,21,B1,245.46235214760395,integer optimal solution,0.9333333333333333,1.0,1,46,0.0,0.0034850999999775922,3
0.3,15,3,2,21,B2,245.46235214760392,integer optimal solution,0.9333333333333333,1.0,1,500,0.0,0.024020199999995384,3
0.3,15,3,2,21,B3,245.46235214760395,integer optimal solution,0.9333333333333333,1.0,1,2831,0.8914641000000074,0.07633900000001859,3
0.3,15,3,2,21,HEUR,245.46235214760395,integer optimal solution,0.9333333333333333,1.0,1,69,0.0,0.007147300000042378,3
0.3,15,3,2,21,B4,245.46235214760395,integer optimal solution,0.9333333333333333,1.0,1,10966,11.13982820000001,0.2390320000000088,3
0.3,15,2,3,3,B1,252.31507141506543,integer optimal solution,0.9333333333333333,1.0,1,35,0.0,0.003805399999976089,5
0.3,15,2,3,3,B2,248.55797777840652,integer optimal solution,0.8,1.5,2,311,0.0,0.017577700000003915,5
0.3,15,2,3,3,B3,244.05374097929342,integer optimal solution,0.7333333333333333,2.0,2,1751,0.8681897000000163,0.04686149999997724,5
0.3,15,2,3,3,HEUR,248.55797777840652,integer optimal solution,0.8,1.5,2,51,0.0,0.007632999999998447,5
0.3,15,2,3,3,B4,242.96995120334194,integer optimal solution,0.7333333333333333,4.0,1,6813,11.257972300000006,0.1621279999999956,5
0.3,15,2,3,10,B1,236.4455056134094,integer optimal solution,0.8666666666666667,1.0,2,37,0.0,0.005286099999977978,4
0.3,15,2,3,10,B2,229.16978746822477,integer optimal solution,0.7333333333333333,1.3333333333333333,3,320,0.0,0.018330399999967995,4
0.3,15,2,3,10,B3,222.76430590587594,integer optimal solution,0.6666666666666666,1.6666666666666667,3,1765,0.9657027999999741,0.05041730000004918,4
0.3,15,2,3,10,HEUR,229.1697874682248,integer optimal solution,0.7333333333333333,1.3333333333333333,3,55,0.0,0.008924100000001545,4
0.3,15,2,3,10,B4,218.98982191988316,integer optimal solution,0.6,2.0,3,6684,12.347218499999997,0.1639430000000175,4
0.3,15,2,3,17,B1,227.18712099510932,integer optimal solution,1.0,0.0,0,32,0.0,0.003528700000003937,5
0.3,15,2,3,17,B2,220.7819977662192,integer optimal solution,0.8666666666666667,2.0,1,331,0.0,0.016444200000023557,5
0.3,15,2,3,17,B3,220.7819977662192,integer optimal solution,0.8666666666666667,2.0,1,2033,1.0994514999999865,0.046951199999966775,5
0.3,15,2,3,17,HEUR,220.78199776621923,integer optimal solution,0.8666666666666667,2.0,1,55,0.0,0.005389800000045852,5
0.3,15,2,3,17,B4,220.78199776621923,integer optimal solution,0.8666666666666667,2.0,1,8311,16.938788700000032,0.18922270000001618,5
0.3,15,2,3,24,B1,202.1813271348339,integer optimal solution,0.9333333333333333,1.0,1,35,0.0,0.004467300000044361,4
0.3,15,2,3,24,B2,201.10548156442388,integer optimal solution,0.8,1.5,2,304,0.0,0.015872100000024147,4
0.3,15,2,3,24,B3,197.7537642154934,integer optimal solution,0.7333333333333333,2.0,2,1623,1.0402981999999952,0.036507700000015575,4
0.3,15,2,3,24,HEUR,201.34899809081435,integer optimal solution,0.8,3.0,1,49,0.0,0.005854300000009971,4
0.3,15,2,3,24,B4,193.69831774050687,integer optimal solution,0.6666666666666666,2.5,2,5867,10.938844299999971,0.15074849999996331,4
0.3,15,3,3,6,B1,237.55246311255195,integer optimal solution,0.8666666666666667,1.0,2,48,0.0,0.0038839999999709107,5
0.3,15,3,3,6,B2,229.27638838063407,integer optimal solution,0.8,1.5,2,448,0.0,0.024399599999981092,5
0.3,15,3,3,6,B3,224.3078398201613,integer optimal solution,0.7333333333333333,2.0,2,2564,1.0549364999999966,0.05738389999999072,5
0.3,15,3,3,6,HEUR,237.55246311255195,integer optimal solution,0.8666666666666667,1.0,2,78,0.0,0.006011000000000877,5
0.3,15,3,3,6,B4,220.5179268771357,integer optimal solution,0.6666666666666666,2.5,2,10148,12.539140999999972,0.23621539999999186,5
0.3,15,3,3,13,B1,223.31839633614254,integer optimal solution,0.9333333333333333,1.0,1,46,0.0,0.0036008000000151696,4
0.3,15,3,3,13,B2,223.07995345431053,integer optimal solution,0.8,1.5,2,469,0.0,0.021634599999970305,4
0.3,15,3,3,13,B3,220.57105488620428,integer optimal solution,0.7333333333333333,2.0,2,2638,1.1535023999999794,0.06121650000000045,4
0.3,15,3,3,13,HEUR,223.31839633614254,integer optimal solution,0.9333333333333333,1.0,1,81,0.0,0.004482100000018363,4
0.3,15,3,3,13,B4,220.06553753470618,integer optimal solution,0.7333333333333333,4.0,1,10367,15.799447100000009,0.24040059999998675,4
0.3,15,3,3,20,B1,212.71140837538778,integer optimal solution,0.8666666666666667,1.0,2,50,0.0,0.004048900000043432,4
0.3,15,3,3,20,B2,212.71140837538775,integer optimal solution,0.8666666666666667,1.0,2,476,0.0,0.022655200000031073,4
0.3,15,3,3,20,B3,206.84270660347678,integer optimal solution,0.5333333333333333,2.3333333333333335,3,2621,1.338873700000022,0.06492529999997032,4
0.3,15,3,3,20,HEUR,212.09234170033903,integer optimal solution,0.7333333333333333,2.0,2,75,0.0,0.00490559999997231,4
0.3,15,3,3,20,B4,203.28840573771012,integer optimal solution,0.4,3.0,3,9445,17.589689999999962,0.23015060000000176,4
0.3,20,2,2,2,B1,343.58715287422586,integer optimal solution,0.9,1.0,2,42,0.0,0.00860810000000356,4
0.3,20,2,2,2,B2,341.9618277927981,integer optimal solution,0.85,1.5,2,600,0.0,0.030514100000004873,4
0.3,20,2,2,2,B3,339.5038630890954,integer optimal solution,0.8,2.0,2,4611,2.021008600000016,0.0943685999999957,4
0.3,20,2,2,2,HEUR,343.58715287422586,integer optimal solution,0.9,1.0,2,67,0.0,0.009070199999996476,4
0.3,20,2,2,9,B1,330.8785236928985,integer optimal solution,0.95,1.0,1,44,0.0,0.004136999999957425,5
0.3,20,2,2,9,B2,328.11017586904615,integer optimal solution,0.85,1.5,2,559,0.0,0.028780600000004597,5
0.3,20,2,2,9,B3,324.36025548331054,integer optimal solution,0.8,2.0,2,4262,1.8849882000000093,0.11417529999999942,5
0.3,20,2,2,9,HEUR,326.4275301866745,integer optimal solution,0.8,2.0,2,69,0.0,0.00858749999997599,5
0.3,20,2,2,16,B1,332.5238970107954,integer optimal solution,0.9,1.0,2,43,0.0,0.005724499999928412,7
0.3,20,2,2,16,B2,315.26478563730996,integer optimal solution,0.75,1.6666666666666667,3,574,0.0,0.028288900000006834,7
0.3,20,2,2,16,B3,304.2075829925895,integer optimal solution,0.65,2.3333333333333335,3,4567,2.1264624000000367,0.0987400000000207,7
0.3,20,2,2,16,HEUR,311.2399197503415,integer optimal solution,0.7,2.0,3,70,0.0,0.00930679999999029,7
0.3,20,2,2,23,B1,319.2184478995189,integer optimal solution,0.95,1.0,1,44,0.0,0.005174600000032115,6
0.3,20,2,2,23,B2,313.0838194645212,integer optimal solution,0.85,1.5,2,559,0.0,0.02864009999996142,6
0.3,20,2,2,23,B3,305.87987006013884,integer optimal solution,0.8,2.0,2,4266,2.066296800000032,0.10514319999992949,6
0.3,20,2,2,23,HEUR,319.2184478995189,integer optimal solution,0.95,1.0,1,72,0.0,0.010276500000031774,6
0.3,20,3,2,5,B1,301.1813736705189,integer optimal solution,0.9,1.0,2,63,0.0,0.00631969999994908,6
0.3,20,3,2,5,B2,291.51120188137145,integer optimal solution,0.8,2.0,2,822,0.0,0.032263800000009724,6
0.3,20,3,2,5,B3,286.64636074050657,integer optimal solution,0.7,3.0,2,6257,2.6001830000000155,0.1507444999999734,6
0.3,20,3,2,5,HEUR,291.9860397922349,integer optimal solution,0.75,1.6666666666666667,3,92,0.0,0.012791099999958533,6
0.3,20,3,2,12,B1,281.26722708929435,integer optimal solution,0.9,1.0,2,67,0.0,0.004509600000005776,7
0.3,20,3,2,12,B2,274.76847831095563,integer optimal solution,0.85,1.5,2,881,0.0,0.030930099999977756,7
0.3,20,3,2,12,B3,267.52772784770394,integer optimal solution,0.8,2.0,2,6740,2.5518015000000105,0.16864640000005693,7
0.3,20,3,2,12,HEUR,267.52772784770394,integer optimal solution,0.8,2.0,2,107,0.0,0.01123470000004545,7
0.3,20,3,2,19,B1,341.0744309570754,integer optimal solution,1.0,0.0,0,60,0.0,0.003608100000064951,7
0.3,20,3,2,19,B2,341.0744309570754,integer optimal solution,1.0,0.0,0,902,0.0,0.03434570000001713,7
0.3,20,3,2,19,B3,341.0744309570754,integer optimal solution,1.0,0.0,0,7789,3.5902135000000044,0.16183200000000397,7
0.3,20,3,2,19,HEUR,341.0744309570754,integer optimal solution,1.0,0.0,0,118,0.0,0.009498100000087106,7
0.3,20,2,3,1,B1,324.0027958202293,integer optimal solution,0.95,1.0,1,48,0.0,0.004062800000042444,5
0.3,20,2,3,1,B2,315.0375772258179,integer optimal solution,0.8,2.0,2,624,0.0,0.027754200000003948,5
0.3,20,2,3,1,B3,311.0120247508106,integer optimal solution,0.75,2.5,2,5016,2.940305999999964,0.10485740000001442,5
0.3,20,2,3,1,HEUR,315.20675304937305,integer optimal solution,0.9,2.0,1,71,0.0,0.008889300000078038,5
0.3,20,2,3,8,B1,271.26626361814516,integer optimal solution,0.95,1.0,1,47,0.0,0.003966100000070583,6
0.3,20,2,3,8,B2,270.469198940177,integer optimal solution,0.85,1.5,2,554,0.0,0.02815850000001774,6
0.3,20,2,3,8,B3,266.730871283238,integer optimal solution,0.8,2.0,2,4066,2.746738999999934,0.09482450000007248,6
0.3,20,2,3,8,HEUR,271.26626361814516,integer optimal solution,0.95,1.0,1,75,0.0,0.007740900000044348,6
0.3,20,2,3,15,B1,306.4899443966603,integer optimal solution,0.95,1.0,1,42,0.0,0.0036020000000007713,5
0.3,20,2,3,15,B2,302.7339563258696,integer optimal solution,0.85,1.5,2,548,0.0,0.02764819999993051,5
0.3,20,2,3,15,B3,299.59494323973996,integer optimal solution,0.85,3.0,1,4048,2.2716343000000734,0.09331650000001446,5
0.3,20,2,3,15,HEUR,306.4899443966603,integer optimal solution,0.95,1.0,1,70,0.0,0.005662000000029366,5
0.3,20,2,3,22,B1,323.31591922167485,integer optimal solution,0.95,1.0,1,43,0.0,0.0044422999999369495,7
0.3,20,2,3,22,B2,323.3108927543016,integer optimal solution,0.9,2.0,1,543,0.0,0.028314000000023043,7
0.3,20,2,3,22,B3,319.1486287729284,integer optimal solution,0.85,3.0,1,4179,2.400632500000029,0.10005649999993693,7
0.3,20,2,3,22,HEUR,323.3108927543016,integer optimal solution,0.9,2.0,1,83,0.0,0.008104000000002998,7
0.3,20,3,3,4,B1,344.3024784928574,integer optimal solution,0.95,1.0,1,64,0.0,0.004922800000031202,8
0.3,20,3,3,4,B2,339.51597897901564,integer optimal solution,0.85,1.5,2,933,0.0,0.036469500000066546,8
0.3,20,3,3,4,B3,326.8017058765997,integer optimal solution,0.65,2.3333333333333335,3,7064,3.7743576000000303,0.162824999999998,8
0.3,20,3,3,4,HEUR,340.6252947450857,integer optimal solution,0.85,1.5,2,114,0.0,0.008439599999974234,8
0.3,20,3,3,11,B1,340.2967618048674,integer optimal solution,0.85,1.0,3,73,0.0,0.009458400000085021,4
0.3,20,3,3,11,B2,340.2967618048674,integer optimal solution,0.85,1.0,3,857,0.0,0.044584699999973054,4
0.3,20,3,3,11,B3,337.14969506130615,integer optimal solution,0.75,1.6666666666666667,3,6314,3.0394000000000005,0.1555938999999853,4
0.3,20,3,3,11,HEUR,340.29676180486746,integer optimal solution,0.85,1.0,3,101,0.0,0.010560100000020611,4
0.3,20,3,3,18,B1,309.1993645032083,integer optimal solution,0.95,1.0,1,64,0.0,0.0052798000000393586,4
0.3,20,3,3,18,B2,309.19936450320824,integer optimal solution,0.95,1.0,1,839,0.0,0.034062199999993936,4
0.3,20,3,3,18,B3,309.19936450320824,integer optimal solution,0.95,1.0,1,6543,2.978268899999989,0.1661951000000954,4
0.3,20,3,3,18,HEUR,309.19936450320824,integer optimal solution,0.95,1.0,1,108,0.0,0.011705399999982546,4
0.5,10,2,2,0,B1,168.97890754279922,integer optimal solution,0.9,1.0,1,22,0.0,0.004538800000091214,2
0.5,10,2,2,0,B2,168.97890754279925,integer optimal solution,0.9,1.0,1,147,0.0,0.008926399999950263,2
0.5,10,2,2,0,B3,168.97890754279925,integer optimal solution,0.9,1.0,1,551,0.22867710000002717,0.029753099999993537,2
0.5,10,2,2,0,HEUR,168.97890754279925,integer optimal solution,0.9,1.0,1,32,0.0,0.004331500000034794,2
0.5,10,2,2,0,B4,168.97890754279925,integer optimal solution,0.9,1.0,1,1364,1.639659800000004,0.04649840000001859,2
0.5,10,2,2,7,B1,191.92512491123955,integer optimal solution,1.0,0.0,0,20,0.0,0.0039460000000417494,2
0.5,10,2,2,7,B2,191.92512491123952,integer optimal solution,1.0,0.0,0,169,0.0,0.016240499999980784,2
0.5,10,2,2,7,B3,191.92512491123955,integer optimal solution,1.0,0.0,0,732,0.299720099999945,0.03672510000001239,2
0.5,10,2,2,7,HEUR,191.92512491123955,integer optimal solution,1.0,0.0,0,29,0.0,0.00421209999990424,2
0.5,10,2,2,7,B4,191.92512491123952,integer optimal solution,1.0,0.0,0,2138,2.8030886000000237,0.05903349999994134,2
0.5,10,2,2,14,B1,172.16240476001158,integer optimal solution,1.0,0.0,0,20,0.0,0.0038571000000047206,2
0.5,10,2,2,14,B2,172.16240476001158,integer optimal solution,1.0,0.0,0,149,0.0,0.011145899999974063,2
0.5,10,2,2,14,B3,172.16240476001158,integer optimal solution,1.0,0.0,0,565,0.20154569999999694,0.03159919999995964,2
0.5,10,2,2,14,HEUR,172.16240476001158,integer optimal solution,1.0,0.0,0,26,0.0,0.004394299999944451,2
0.5,10,2,2,14,B4,172.16240476001158,integer optimal solution,1.0,0.0,0,1448,1.3870574000000033,0.047387000000071566,2
0.5,10,2,2,21,B1,191.5860698563717,integer optimal solution,1.0,0.0,0,20,0.0,0.0032947000000831395,3
0.5,10,2,2,21,B2,191.5860698563717,integer optimal solution,1.0,0.0,0,166,0.0,0.00849130000005971,3
0.5,10,2,2,21,B3,191.5860698563717,integer optimal solution,1.0,0.0,0,718,0.30828509999992093,0.029795200000080513,3
0.5,10,2,2,21,HEUR,191.5860698563717,integer optimal solution,1.0,0.0,0,39,0.0,0.004243400000063957,3
0.5,10,2,2,21,B4,191.5860698563717,integer optimal solution,1.0,0.0,0,1890,2.73194239999998,0.04640059999996993,3
0.5,10,3,2,3,B1,168.22036753729554,integer optimal solution,1.0,0.0,0,30,0.0,0.003470999999990454,2
0.5,10,3,2,3,B2,168.22036753729554,integer optimal solution,1.0,0.0,0,215,0.0,0.0095410000000129,2
0.5,10,3,2,3,B3,168.22036753729554,integer optimal solution,1.0,0.0,0,782,0.27102930000000924,0.04247869999994691,2
0.5,10,3,2,3,HEUR,168.22036753729554,integer optimal solution,1.0,0.0,0,36,0.0,0.005349000000023807,2
0.5,10,3,2,3,B4,168.22036753729554,integer optimal solution,1.0,0.0,0,1904,1.7814511999999922,0.05279050000001462,2
0.5,10,3,2,10,B1,151.7304860680637,integer optimal solution,1.0,0.0,0,30,0.0,0.0032442000000401094,2
0.5,10,3,2,10,B2,151.7304860680637,integer optimal solution,1.0,0.0,0,222,0.0,0.010298599999941871,2
0.5,10,3,2,10,B3,151.7304860680637,integer optimal solution,1.0,0.0,0,899,0.2813576999999441,0.033918900000003305,2
0.5,10,3,2,10,HEUR,151.7304860680637,integer optimal solution,1.0,0.0,0,39,0.0,0.004735399999958645,2
0.5,10,3,2,10,B4,151.7304860680637,integer optimal solution,1.0,0.0,0,2390,2.300185699999929,0.051494800000000396,2
0.5,10,3,2,17,B1,177.81707909563684,integer optimal solution,0.9,1.0,1,32,0.0,0.0032350000000178625,3
0.5,10,3,2,17,B2,177.81707909563684,integer optimal solution,0.9,1.0,1,211,0.0,0.009441599999945538,3
0.5,10,3,2,17,B3,177.81707909563684,integer optimal solution,0.9,1.0,1,719,0.20525980000002164,0.030460300000072493,3
0.5,10,3,2,17,HEUR,177.81707909563684,integer optimal solution,0.9,1.0,1,47,0.0,0.005078599999933431,3
0.5,10,3,2,17,B4,177.81707909563684,integer optimal solution,0.9,1.0,1,1751,1.2561626000000388,0.05768209999996543,3
0.5,10,3,2,24,B1,185.24820268739046,integer optimal solution,1.0,0.0,0,30,0.0,0.0034202000000504995,2
0.5,10,3,2,24,B2,185.2482026873905,integer optimal solution,1.0,0.0,0,257,0.0,0.011732599999959348,2
0.5,10,3,2,24,B3,183.31484243085833,integer optimal solution,0.7,3.0,1,999,0.3245551999999634,0.04653579999990143,2
0.5,10,3,2,24,HEUR,183.31484243085836,integer optimal solution,0.7,3.0,1,42,0.0,0.006050100000038583,2
0.5,10,3,2,24,B4,172.58941401539312,integer optimal solution,0.6,4.0,1,2381,2.4143470999999863,0.05632130000003599,2
0.5,10,2,3,6,B1,199.12756483658416,integer optimal solution,1.0,0.0,0,20,0.0,0.0041241000000127315,2
0.5,10,2,3,6,B2,199.12756483658413,integer optimal solution,1.0,0.0,0,160,0.0,0.00880050000000665,2
0.5,10,2,3,6,B3,199.12756483658416,integer optimal solution,1.0,0.0,0,604,0.26032039999995504,0.03361280000001443,2
0.5,10,2,3,6,HEUR,199.12756483658413,integer optimal solution,1.0,0.0,0,34,0.0,0.004454500000065309,2
0.5,10,2,3,6,B4,199.12756483658413,integer optimal solution,1.0,0.0,0,1590,1.9164438999999902,0.04699229999994259,2
0.5,10,2,3,13,B1,182.68856187359665,integer optimal solution,1.0,0.0,0,20,0.0,0.003076600000099461,3
0.5,10,2,3,13,B2,182.68856187359665,integer optimal solution,1.0,0.0,0,156,0.0,0.007842800000048555,3
0.5,10,2,3,13,B3,182.68856187359668,integer optimal solution,1.0,0.0,0,593,0.26210650000007263,0.027187000000026273,3
0.5,10,2,3,13,HEUR,182.68856187359668,integer optimal solution,1.0,0.0,0,34,0.0,0.0036182999999709864,3
0.5,10,2,3,13,B4,182.68856187359665,integer optimal solution,1.0,0.0,0,1452,1.4704027000000224,0.04522959999997056,3
0.5,10,2,3,20,B1,205.40508997702398,integer optimal solution,1.0,0.0,0,20,0.0,0.0035243999999465814,2
0.5,10,2,3,20,B2,205.40508997702398,integer optimal solution,1.0,0.0,0,151,0.0,0.007626999999956752,2
0.5,10,2,3,20,B3,205.40508997702398,integer optimal solution,1.0,0.0,0,555,0.28040229999999156,0.02892059999999219,2
0.5,10,2,3,20,HEUR,205.40508997702398,integer optimal solution,1.0,0.0,0,26,0.0,0.0032628000000158863,2
0.5,10,2,3,20,B4,205.40508997702398,integer optimal solution,1.0,0.0,0,1310,1.751133999999979,0.042467999999985295,2
0.5,10,3,3,2,B1,144.7286606371713,integer optimal solution,0.9,1.0,1,33,0.0,0.0037500000000818545,2
0.5,10,3,3,2,B2,144.7286606371713,integer optimal solution,0.9,1.0,1,237,0.0,0.010198100000025079,2
0.5,10,3,3,2,B3,144.7286606371713,integer optimal solution,0.9,1.0,1,922,0.3273199000000204,0.03138610000007702,2
0.5,10,3,3,2,HEUR,144.7286606371713,integer optimal solution,0.9,1.0,1,43,0.0,0.0060338999999203224,2
0.5,10,3,3,2,B4,144.7286606371713,integer optimal solution,0.9,1.0,1,2354,2.296978499999909,0.05060479999997369,2
0.5,10,3,3,9,B1,154.22234213448212,integer optimal solution,1.0,0.0,0,30,0.0,0.0033070000000634536,3
0.5,10,3,3,9,B2,154.22234213448212,integer optimal solution,1.0,0.0,0,218,0.0,0.011774499999887666,3
0.5,10,3,3,9,B3,154.22234213448212,integer optimal solution,1.0,0.0,0,887,0.3607253000000128,0.03192360000002736,3
0.5,10,3,3,9,HEUR,154.2223421344821,integer optimal solution,1.0,0.0,0,49,0.0,0.003099199999951452,3
0.5,10,3,3,9,B4,154.2223421344821,integer optimal solution,1.0,0.0,0,2464,2.907092300000045,0.05411920000005921,3
0.5,10,3,3,16,B1,169.7402310260672,integer optimal solution,1.0,0.0,0,30,0.0,0.004597699999976612,2
0.5,10,3,3,16,B2,169.74023102606716,integer optimal solution,1.0,0.0,0,237,0.0,0.011427099999991697,2
0.5,10,3,3,16,B3,169.7402310260672,integer optimal solution,1.0,0.0,0,942,0.3748886999999286,0.03521200000000135,2
0.5,10,3,3,16,HEUR,169.74023102606716,integer optimal solution,1.0,0.0,0,42,0.0,0.004096099999969738,2
0.5,10,3,3,16,B4,169.7402310260672,integer optimal solution,1.0,0.0,0,2406,2.8307547999999088,0.05855399999995825,2
0.5,10,3,3,23,B1,167.55458402084327,integer optimal solution,1.0,0.0,0,31,0.0,0.003449299999942923,2
0.5,10,3,3,23,B2,167.55458402084327,integer optimal solution,1.0,0.0,0,217,0.0,0.011757699999975557,2
0.5,10,3,3,23,B3,167.55458402084327,integer optimal solution,1.0,0.0,0,848,0.3191875999999638,0.03257330000008096,2
0.5,10,3,3,23,HEUR,167.55458402084327,integer optimal solution,1.0,0.0,0,43,0.0,0.004120400000033442,2
0.5,10,3,3,23,B4,167.55458402084327,integer optimal solution,1.0,0.0,0,2250,2.3513264000000618,0.05563459999996212,2
0.5,15,2,2,5,B1,241.3145204683932,integer optimal solution,1.0,0.0,0,30,0.0,0.003666599999974096,4
0.5,15,2,2,5,B2,241.31452046839323,integer optimal solution,1.0,0.0,0,315,0.0,0.016018799999983457,4
0.5,15,2,2,5,B3,241.31452046839323,integer optimal solution,1.0,0.0,0,1783,0.7358174999999392,0.04496249999999691,4
0.5,15,2,2,5,HEUR,241.3145204683932,integer optimal solution,1.0,0.0,0,46,0.0,0.007004699999924924,4
0.5,15,2,2,5,B4,241.3145204683932,integer optimal solution,1.0,0.0,0,6901,10.021627699999954,0.20643979999999829,4
0.5,15,2,2,12,B1,275.31987102273376,integer optimal solution,1.0,0.0,0,30,0.0,0.0034107000000176413,4
0.5,15,2,2,12,B2,275.31987102273376,integer optimal solution,1.0,0.0,0,351,0.0,0.016547599999967133,4
0.5,15,2,2,12,B3,275.31987102273376,integer optimal solution,1.0,0.0,0,2159,0.8447543999999425,0.05182749999994485,4
0.5,15,2,2,12,HEUR,275.3198710227337,integer optimal solution,1.0,0.0,0,51,0.0,0.007803800000033334,4
0.5,15,2,2,12,B4,275.3198710227337,integer optimal solution,1.0,0.0,0,8898,13.587630699999977,0.2957403999999997,4
0.5,15,2,2,19,B1,276.85423789447515,integer optimal solution,1.0,0.0,0,30,0.0,0.0036804000000074666,5
0.5,15,2,2,19,B2,276.85423789447515,integer optimal solution,1.0,0.0,0,351,0.0,0.017020200000047225,5
0.5,15,2,2,19,B3,276.85423789447515,integer optimal solution,1.0,0.0,0,2224,0.9250204999999596,0.04411749999997028,5
0.5,15,2,2,19,HEUR,276.85423789447515,integer optimal solution,1.0,0.0,0,54,0.0,0.004799600000069404,5
0.5,15,2,2,19,B4,276.85423789447515,integer optimal solution,1.0,0.0,0,9232,15.106244800000013,0.1911636999999473,5
0.5,15,3,2,1,B1,261.83838117784734,integer optimal solution,1.0,0.0,0,45,0.0,0.003394299999968098,4
0.5,15,3,2,1,B2,261.8383811778474,integer optimal solution,1.0,0.0,0,514,0.0,0.02512259999991784,4
0.5,15,3,2,1,B3,261.83838117784734,integer optimal solution,1.0,0.0,0,2998,1.0085791999999856,0.06816709999998238,4
0.5,15,3,2,1,HEUR,261.83838117784734,integer optimal solution,1.0,0.0,0,81,0.0,0.0053740999999263295,4
0.5,15,3,2,1,B4,261.83838117784734,integer optimal solution,1.0,0.0,0,11112,13.640876300000059,0.2718183000000636,4
0.5,15,3,2,8,B1,276.8329909667001,integer optimal solution,1.0,0.0,0,46,0.0,0.0038898999999901207,5
0.5,15,3,2,8,B2,274.41289508192153,integer optimal solution,0.8666666666666667,2.0,1,525,0.0,0.02159089999997832,5
0.5,15,3,2,8,B3,269.4487603659895,integer optimal solution,0.8,3.0,1,2997,1.0130447999999888,0.06794330000002446,5
0.5,15,3,2,8,HEUR,276.8329909667001,integer optimal solution,1.0,0.0,0,72,0.0,0.004555900000013935,5
0.5,15,3,2,8,B4,262.2225284164416,integer optimal solution,0.7333333333333333,4.0,1,11353,12.782434299999977,0.24508959999991475,5
0.5,15,3,2,15,B1,254.5244816494941,integer optimal solution,1.0,0.0,0,45,0.0,0.003530899999987014,6
0.5,15,3,2,15,B2,254.52448164949408,integer optimal solution,1.0,0.0,0,498,0.0,0.022338099999956285,6
0.5,15,3,2,15,B3,254.5244816494941,integer optimal solution,1.0,0.0,0,2999,1.1005535000000464,0.0726064000000406,6
0.5,15,3,2,15,HEUR,254.52448164949408,integer optimal solution,1.0,0.0,0,83,0.0,0.006475099999988743,6
0.5,15,3,2,15,B4,254.52448164949408,integer optimal solution,1.0,0.0,0,11850,15.98278240000002,0.24880529999995815,6
0.5,15,3,2,22,B1,252.17614959916992,integer optimal solution,1.0,0.0,0,45,0.0,0.003567499999917345,3
0.5,15,3,2,22,B2,252.17614959916995,integer optimal solution,1.0,0.0,0,481,0.0,0.024167700000020886,3
0.5,15,3,2,22,B3,252.17614959916995,integer optimal solution,1.0,0.0,0,2865,0.9113656000000674,0.06495910000001004,3
0.5,15,3,2,22,HEUR,252.17614959916992,integer optimal solution,1.0,0.0,0,70,0.0,0.005291999999940344,3
0.5,15,3,2,22,B4,252.17614959916997,integer optimal solution,1.0,0.0,0,11802,12.359615499999904,0.26006070000005366,3
0.5,15,2,3,4,B1,272.4689417350145,integer optimal solution,0.9333333333333333,1.0,1,30,0.0,0.0042180000000371365,4
0.5,15,2,3,4,B2,272.4689417350144,integer optimal solution,0.9333333333333333,1.0,1,320,0.0,0.018056399999977657,4
0.5,15,2,3,4,B3,272.4689417350144,integer optimal solution,0.9333333333333333,1.0,1,1835,0.9178556000000526,0.047514200000023266,4
0.5,15,2,3,4,HEUR,272.4689417350145,integer optimal solution,0.9333333333333333,1.0,1,48,0.0,0.005203199999982644,4
0.5,15,2,3,4,B4,272.4689417350144,integer optimal solution,0.9333333333333333,1.0,1,7202,12.652037599999971,0.16483270000003358,4
0.5,15,2,3,11,B1,280.74954338176246,integer optimal solution,1.0,0.0,0,30,0.0,0.003326200000060453,4
0.5,15,2,3,11,B2,280.74954338176246,integer optimal solution,1.0,0.0,0,351,0.0,0.014923700000053941,4
0.5,15,2,3,11,B3,280.74954338176246,integer optimal solution,1.0,0.0,0,2162,1.084762899999987,0.04993320000005497,4
0.5,15,2,3,11,HEUR,280.74954338176246,integer optimal solution,1.0,0.0,0,48,0.0,0.005839399999899797,4
0.5,15,2,3,11,B4,280.74954338176246,integer optimal solution,1.0,0.0,0,8774,14.170767800000021,0.18663870000000315,4
0.5,15,2,3,18,B1,276.9024961726186,integer optimal solution,1.0,0.0,0,30,0.0,0.003069800000048417,3
0.5,15,2,3,18,B2,276.9024961726186,integer optimal solution,1.0,0.0,0,383,0.0,0.015683800000033443,3
0.5,15,2,3,18,B3,276.9024961726186,integer optimal solution,1.0,0.0,0,2443,1.5817339000000175,0.0452188000000433,3
0.5,15,2,3,18,HEUR,276.9024961726186,integer optimal solution,1.0,0.0,0,45,0.0,0.005253500000094391,3
0.5,15,2,3,18,B4,276.9024961726186,integer optimal solution,1.0,0.0,0,9748,26.948929700000008,0.20955449999996745,3
0.5,15,3,3,0,B1,266.96424629926173,integer optimal solution,1.0,0.0,0,45,0.0,0.0026673999999502485,3
0.5,15,3,3,0,B2,266.9642462992617,integer optimal solution,1.0,0.0,0,473,0.0,0.022844599999984894,3
0.5,15,3,3,0,B3,266.9642462992616,integer optimal solution,1.0,0.0,0,2723,0.9664194000000634,0.05842399999994541,3
0.5,15,3,3,0,HEUR,266.96424629926173,integer optimal solution,1.0,0.0,0,62,0.0,0.004481199999986529,3
0.5,15,3,3,0,B4,266.96424629926173,integer optimal solution,1.0,0.0,0,10581,11.99072149999995,0.2434974999999895,3
0.5,15,3,3,7,B1,281.6055021291675,integer optimal solution,1.0,0.0,0,45,0.0,0.0031979999999975917,4
0.5,15,3,3,7,B2,281.6055021291675,integer optimal solution,1.0,0.0,0,511,0.0,0.026289799999972274,4
0.5,15,3,3,7,B3,281.6055021291675,integer optimal solution,1.0,0.0,0,3029,1.225576799999999,0.07883090000007087,4
0.5,15,3,3,7,HEUR,281.60550212916746,integer optimal solution,1.0,0.0,0,76,0.0,0.005027499999982865,4
0.5,15,3,3,7,B4,281.6055021291675,integer optimal solution,1.0,0.0,0,12120,18.42299950000006,0.2622273000000632,4
0.5,15,3,3,14,B1,292.1784434433761,integer optimal solution,1.0,0.0,0,45,0.0,0.0037558999999873777,5
0.5,15,3,3,14,B2,292.1784434433762,integer optimal solution,1.0,0.0,0,547,0.0,0.028298799999902258,5
0.5,15,3,3,14,B3,292.1784434433762,integer optimal solution,1.0,0.0,0,3131,1.1864023999999063,0.0726767999999538,5
0.5,15,3,3,14,HEUR,292.1784434433761,integer optimal solution,1.0,0.0,0,85,0.0,0.006186399999933201,5
0.5,15,3,3,14,B4,288.89863707239533,integer optimal solution,0.7333333333333333,4.0,1,11779,16.498072699999966,0.23464620000004288,5
0.5,15,3,3,21,B1,260.19184241912376,integer optimal solution,1.0,0.0,0,45,0.0,0.003428600000006554,3
0.5,15,3,3,21,B2,260.19184241912376,integer optimal solution,1.0,0.0,0,480,0.0,0.0238589000000502,3
0.5,15,3,3,21,B3,257.17503599967836,integer optimal solution,0.8,3.0,1,2680,1.0764937000000145,0.06684289999998327,3
0.5,15,3,3,21,HEUR,260.1918424191237,integer optimal solution,1.0,0.0,0,68,0.0,0.004702000000065709,3
0.5,15,3,3,21,B4,257.17503599967836,integer optimal solution,0.8,3.0,1,9971,13.036330200000066,0.23437509999996564,3
0.5,20,2,2,3,B1,348.94671096878,integer optimal solution,1.0,0.0,0,40,0.0,0.0041674999999941065,8
0.5,20,2,2,3,B2,348.94671096877994,integer optimal solution,1.0,0.0,0,597,0.0,0.02759559999992689,8
0.5,20,2,2,3,B3,348.94671096877994,integer optimal solution,1.0,0.0,0,4676,2.2785915999999133,0.09547709999992549,8
0.5,20,2,2,3,HEUR,348.94671096878,integer optimal solution,1.0,0.0,0,78,0.0,0.005602899999985311,8
0.5,20,2,2,10,B1,357.01726454534423,integer optimal solution,0.95,1.0,1,40,0.0,0.0042563999999174484,6
0.5,20,2,2,10,B2,355.0979530688493,integer optimal solution,0.9,2.0,1,599,0.0,0.02738890000000538,6
0.5,20,2,2,10,B3,349.0309281902956,integer optimal solution,0.85,3.0,1,4638,2.1487151999999696,0.10562310000000252,6
0.5,20,2,2,10,HEUR,357.01726454534423,integer optimal solution,0.95,1.0,1,71,0.0,0.009139600000025894,6
0.5,20,2,2,17,B1,359.1199624116506,integer optimal solution,1.0,0.0,0,40,0.0,0.003674599999953898,6
0.5,20,2,2,17,B2,356.9132305027365,integer optimal solution,0.9,2.0,1,584,0.0,0.02841399999999794,6
0.5,20,2,2,17,B3,356.9132305027365,integer optimal solution,0.9,2.0,1,4569,1.8706945000000132,0.10236310000004778,6
0.5,20,2,2,17,HEUR,359.1199624116506,integer optimal solution,1.0,0.0,0,69,0.0,0.006975799999963783,6
0.5,20,2,2,24,B1,297.1934794101718,integer optimal solution,1.0,0.0,0,40,0.0,0.002673200000003817,6
0.5,20,2,2,24,B2,297.1934794101718,integer optimal solution,1.0,0.0,0,569,0.0,0.022885200000018813,6
0.5,20,2,2,24,B3,297.1934794101718,integer optimal solution,1.0,0.0,0,4527,1.9258859999999913,0.10113350000005994,6
0.5,20,2,2,24,HEUR,297.1934794101718,integer optimal solution,1.0,0.0,0,69,0.0,0.008848000000057255,6
0.5,20,3,2,6,B1,370.0313970227831,integer optimal solution,1.0,0.0,0,62,0.0,0.004745400000047084,6
0.5,20,3,2,6,B2,367.5073543323222,integer optimal solution,0.9,2.0,1,879,0.0,0.03137889999993604,6
0.5,20,3,2,6,B3,356.81232721359004,integer optimal solution,0.85,3.0,1,6790,2.203994400000056,0.1587577999999894,6
0.5,20,3,2,6,HEUR,368.5788776746756,integer optimal solution,0.9,2.0,1,106,0.0,0.005115599999953702,6
0.5,20,3,2,13,B1,345.7467761030191,integer optimal solution,1.0,0.0,0,61,0.0,0.0041596999999455875,6
0.5,20,3,2,13,B2,345.7467761030191,integer optimal solution,1.0,0.0,0,914,0.0,0.02630819999990308,6
0.5,20,3,2,13,B3,345.7467761030191,integer optimal solution,1.0,0.0,0,7503,2.822229899999911,0.1595291000000998,6
0.5,20,3,2,13,HEUR,345.7467761030191,integer optimal solution,1.0,0.0,0,111,0.0,0.0050177000000530825,6
0.5,20,3,2,20,B1,350.37406158029216,integer optimal solution,1.0,0.0,0,60,0.0,0.0037923999999520674,5
0.5,20,3,2,20,B2,350.37406158029216,integer optimal solution,1.0,0.0,0,900,0.0,0.029410900000016227,5
0.5,20,3,2,20,B3,350.3740615802921,integer optimal solution,1.0,0.0,0,6930,2.660591899999986,0.15896190000000843,5
0.5,20,3,2,20,HEUR,350.37406158029216,integer optimal solution,1.0,0.0,0,109,0.0,0.00906529999997474,5
0.5,20,2,3,2,B1,345.66971002429534,integer optimal solution,1.0,0.0,0,40,0.0,0.0035268000000314714,7
0.5,20,2,3,2,B2,345.66971002429534,integer optimal solution,1.0,0.0,0,583,0.0,0.03013239999995676,7
0.5,20,2,3,2,B3,345.6697100242954,integer optimal solution,1.0,0.0,0,4613,3.117537099999936,0.10018830000001344,7
0.5,20,2,3,2,HEUR,345.66971002429534,integer optimal solution,1.0,0.0,0,71,0.0,0.010914400000046953,7
0.5,20,2,3,9,B1,393.0334492880718,integer optimal solution,1.0,0.0,0,40,0.0,0.0037102999999660824,6
0.5,20,2,3,9,B2,393.0334492880718,integer optimal solution,1.0,0.0,0,602,0.0,0.03420359999995526,6
0.5,20,2,3,9,B3,393.0334492880718,integer optimal solution,1.0,0.0,0,5090,2.8956214999999474,0.12096669999993992,6
0.5,20,2,3,9,HEUR,393.03344928807184,integer optimal solution,1.0,0.0,0,70,0.0,0.007351399999947716,6
0.5,20,2,3,16,B1,320.4807170305109,integer optimal solution,1.0,0.0,0,40,0.0,0.003614699999957338,7
0.5,20,2,3,16,B2,320.4807170305109,integer optimal solution,1.0,0.0,0,569,0.0,0.051863700000012614,7
0.5,20,2,3,16,B3,320.48071703051096,integer optimal solution,1.0,0.0,0,4260,2.709698499999945,0.09018240000000333,7
0.5,20,2,3,16,HEUR,320.4807170305109,integer optimal solution,1.0,0.0,0,73,0.0,0.008067200000027697,7
0.5,20,2,3,23,B1,312.6997106740435,integer optimal solution,1.0,0.0,0,42,0.0,0.003589400000009846,5
0.5,20,2,3,23,B2,312.69971067404356,integer optimal solution,1.0,0.0,0,574,0.0,0.025923600000055558,5
0.5,20,2,3,23,B3,312.6997106740435,integer optimal solution,1.0,0.0,0,4425,2.541666599999985,0.09706979999998566,5
0.5,20,2,3,23,HEUR,312.69971067404356,integer optimal solution,1.0,0.0,0,70,0.0,0.005126099999984035,5
0.5,20,3,3,5,B1,378.5042620035272,integer optimal solution,1.0,0.0,0,60,0.0,0.003818700000010722,7
0.5,20,3,3,5,B2,372.583437984756,integer optimal solution,0.9,2.0,1,920,0.0,0.03391080000005786,7
0.5,20,3,3,5,B3,360.4025381803781,integer optimal solution,0.85,3.0,1,7051,3.238384900000028,0.14179060000003574,7
0.5,20,3,3,5,HEUR,372.583437984756,integer optimal solution,0.9,2.0,1,107,0.0,0.007725000000050386,7
0.5,20,3,3,12,B1,361.5276566873787,integer optimal solution,1.0,0.0,0,60,0.0,0.003516499999932421,8
0.5,20,3,3,12,B2,361.5276566873787,integer optimal solution,1.0,0.0,0,886,0.0,0.03285500000004049,8
0.5,20,3,3,12,B3,361.5276566873787,integer optimal solution,1.0,0.0,0,6768,2.7986005000000205,0.14506759999994756,8
0.5,20,3,3,12,HEUR,361.52765668737874,integer optimal solution,1.0,0.0,0,109,0.0,0.006459399999926063,8
0.5,20,3,3,19,B1,336.66092560860716,integer optimal solution,0.95,1.0,1,61,0.0,0.0033991999999898326,7
0.5,20,3,3,19,B2,327.65818148111316,integer optimal solution,0.85,1.5,2,852,0.0,0.032764700000029734,7
0.5,20,3,3,19,B3,318.95600298359295,integer optimal solution,0.8,2.0,2,6469,2.9424434999999676,0.13499949999993532,7
0.5,20,3,3,19,HEUR,336.6609256086072,integer optimal solution,0.95,1.0,1,103,0.0,0.005164100000001781,7
0.7,10,2,2,1,B1,124.47671466959865,integer optimal solution,1.0,0.0,0,20,0.0,0.002623399999947651,3
0.7,10,2,2,1,B2,124.47671466959865,integer optimal solution,1.0,0.0,0,137,0.0,0.008254000000079031,3
0.7,10,2,2,1,B3,124.47671466959865,integer optimal solution,1.0,0.0,0,480,0.16628399999990506,0.023071299999969597,3
0.7,10,2,2,1,HEUR,124.47671466959865,integer optimal solution,1.0,0.0,0,30,0.0,0.0046056000001044595,3
0.7,10,2,2,1,B4,124.47671466959865,integer optimal solution,1.0,0.0,0,1118,1.2190088999999489,0.034626900000034766,3
0.7,10,2,2,8,B1,93.77447046465363,integer optimal solution,0.8,1.0,2,32,0.0,0.0063970999999583,3
0.7,10,2,2,8,B2,88.03048606501245,integer optimal solution,0.6,2.0,2,152,0.0,0.009471100000041588,3
0.7,10,2,2,8,B3,88.03048606501245,integer optimal solution,0.6,2.0,2,495,0.21252070000002732,0.02818769999998949,3
0.7,10,2,2,8,HEUR,91.35222126100587,integer optimal solution,0.5,1.6666666666666667,3,46,0.0,0.0065607000000227345,3
0.7,10,2,2,8,B4,86.80070210518599,integer optimal solution,0.3,2.3333333333333335,3,1175,1.560145000000034,0.041479999999978645,3
0.7,10,2,2,15,B1,144.10617627313704,integer optimal solution,0.9,1.0,1,21,0.0,0.003293900000016947,2
0.7,10,2,2,15,B2,144.10617627313704,integer optimal solution,0.9,1.0,1,138,0.0,0.007615999999984524,2
0.7,10,2,2,15,B3,142.17743571604066,integer optimal solution,0.7,3.0,1,456,0.2105043999999907,0.0263859000000366,2
0.7,10,2,2,15,HEUR,143.4270770520827,integer optimal solution,0.6,2.0,2,27,0.0,0.004397299999936877,2
0.7,10,2,2,15,B4,139.76299842223784,integer optimal solution,0.6,4.0,1,1004,1.2298490000000584,0.031701600000019425,2
0.7,10,2,2,22,B1,138.2101610921342,integer optimal solution,0.8,1.0,2,28,0.0,0.004223799999977018,3
0.7,10,2,2,22,B2,134.3847801768362,integer optimal solution,0.6,2.0,2,136,0.0,0.009237600000005841,3
0.7,10,2,2,22,B3,134.38478017683622,integer optimal solution,0.6,2.0,2,455,0.18255790000000616,0.028511200000025383,3
0.7,10,2,2,22,HEUR,134.62020721716794,integer optimal solution,0.7,1.5,2,40,0.0,0.006792000000018561,3
0.7,10,2,2,22,B4,134.3847801768362,integer optimal solution,0.6,2.0,2,1109,1.2522758000000067,0.04361549999998715,3
0.7,10,3,2,4,B1,149.6541452109402,integer optimal solution,0.8,1.0,2,35,0.0,0.005864500000029693,2
0.7,10,3,2,4,B2,148.47216439022256,integer optimal solution,0.7,1.5,2,206,0.0,0.01091709999991508,2
0.7,10,3,2,4,B3,148.47216439022256,integer optimal solution,0.7,1.5,2,705,0.24997800000005554,0.03193880000003446,2
0.7,10,3,2,4,HEUR,149.65414521094016,integer optimal solution,0.8,1.0,2,43,0.0,0.005412500000034015,2
0.7,10,3,2,4,B4,148.47216439022256,integer optimal solution,0.7,1.5,2,1582,1.7185292000000345,0.04581199999995533,2
0.7,10,3,2,11,B1,134.10572446660976,integer optimal solution,0.7,1.0,3,36,0.0,0.005946300000005067,2
0.7,10,3,2,11,B2,128.33730225839605,integer optimal solution,0.5,1.6666666666666667,3,261,0.0,0.010865500000022621,2
0.7,10,3,2,11,B3,125.18472826239483,integer optimal solution,0.4,2.0,3,1162,0.6379994000000124,0.036650399999984984,2
0.7,10,3,2,11,HEUR,134.10572446660976,integer optimal solution,0.7,1.0,3,50,0.0,0.005229100000065046,2
0.7,10,3,2,11,B4,124.5172856915784,integer optimal solution,0.3,2.3333333333333335,3,3271,8.104213699999946,0.06711069999994379,2
0.7,10,3,2,18,B1,144.83633925988562,integer optimal solution,0.8,1.0,2,34,0.0,0.0050525999999990745,3
0.7,10,3,2,18,B2,144.2081086726461,integer optimal solution,0.7,1.5,2,211,0.0,0.0068668999999772495,3
0.7,10,3,2,18,B3,139.5632656803125,integer optimal solution,0.6,2.0,2,802,0.22086830000000646,0.022611200000028475,3
0.7,10,3,2,18,HEUR,144.2081086726461,integer optimal solution,0.7,1.5,2,49,0.0,0.005606199999988348,3
0.7,10,3,2,18,B4,135.79986450549364,integer optimal solution,0.5,2.5,2,2006,1.64812900000004,0.055059299999925315,3
0.7,10,2,3,0,B1,135.07266247460257,integer optimal solution,0.8,1.0,2,26,0.0,0.005375399999934416,1
0.7,10,2,3,0,B2,132.7798107926859,integer optimal solution,0.7,1.5,2,157,0.0,0.008663699999942764,1
0.7,10,2,3,0,B3,132.7798107926859,integer optimal solution,0.7,1.5,2,539,0.26851380000005065,0.027720400000021073,1
0.7,10,2,3,0,HEUR,135.07266247460257,integer optimal solution,0.8,1.0,2,34,0.0,0.00411939999992228,1
0.7,10,2,3,0,B4,132.7798107926859,integer optimal solution,0.7,1.5,2,1189,1.6487766999999849,0.04288880000001427,1
0.7,10,2,3,7,B1,139.00986363670663,integer optimal solution,0.8,1.0,2,28,0.0,0.005581900000038331,2
0.7,10,2,3,7,B2,138.1126194597606,integer optimal solution,0.8,2.0,1,150,0.0,0.010073899999952118,2
0.7,10,2,3,7,B3,138.1126194597606,integer optimal solution,0.8,2.0,1,502,0.20133469999996123,0.028173300000048584,2
0.7,10,2,3,7,HEUR,139.0098636367066,integer optimal solution,0.8,1.0,2,36,0.0,0.00552980000009029,2
0.7,10,2,3,7,B4,138.1126194597606,integer optimal solution,0.8,2.0,1,1200,1.1593688000000384,0.04548650000003818,2
0.7,10,2,3,14,B1,104.56726556571607,integer optimal solution,0.8,1.0,2,30,0.0,0.004062599999997474,3
0.7,10,2,3,14,B2,103.26673157173384,integer optimal solution,0.6,1.3333333333333333,3,149,0.0,0.008455900000058136,3
0.7,10,2,3,14,B3,103.26673157173384,integer optimal solution,0.6,1.3333333333333333,3,511,0.2318908999999394,0.026892999999972744,3
0.7,10,2,3,14,HEUR,104.56726556571606,integer optimal solution,0.8,1.0,2,45,0.0,0.006076699999994162,3
0.7,10,2,3,14,B4,103.26673157173384,integer optimal solution,0.6,1.3333333333333333,3,1207,1.5035186999999723,0.04544349999991937,3
0.7,10,2,3,21,B1,145.5717346172185,integer optimal solution,0.8,1.0,2,27,0.0,0.005823699999950804,2
0.7,10,2,3,21,B2,144.9637744360062,integer optimal solution,0.6,1.3333333333333333,3,162,0.0,0.009125799999992523,2
0.7,10,2,3,21,B3,142.88540195831112,integer optimal solution,0.6,2.0,2,575,0.2822965000000295,0.03174639999997453,2
0.7,10,2,3,21,HEUR,142.88540195831112,integer optimal solution,0.6,2.0,2,33,0.0,0.004793399999925896,2
0.7,10,2,3,21,B4,138.92868180016978,integer optimal solution,0.5,2.5,2,1353,2.040622600000006,0.04596430000003693,2
0.7,10,3,3,3,B1,156.92686536253044,integer optimal solution,0.8,1.0,2,38,0.0,0.003859099999999671,3
0.7,10,3,3,3,B2,155.86789157918037,integer optimal solution,0.8,2.0,1,215,0.0,0.010177699999985634,3
0.7,10,3,3,3,B3,155.86789157918037,integer optimal solution,0.8,2.0,1,739,0.2551997000000483,0.0303679999999531,3
0.7,10,3,3,3,HEUR,156.9268653625304,integer optimal solution,0.8,1.0,2,57,0.0,0.005608800000004521,3
0.7,10,3,3,3,B4,155.86789157918037,integer optimal solution,0.8,2.0,1,1734,1.283607800000027,0.04947390000006635,3
0.7,10,3,3,10,B1,128.93445003530374,integer optimal solution,0.9,1.0,1,36,0.0,0.004292700000064542,3
0.7,10,3,3,10,B2,128.93445003530374,integer optimal solution,0.9,1.0,1,205,0.0,0.009966199999894343,3
0.7,10,3,3,10,B3,128.93445003530374,integer optimal solution,0.9,1.0,1,725,0.23448350000001028,0.03505370000004859,3
0.7,10,3,3,10,HEUR,128.93445003530374,integer optimal solution,0.9,1.0,1,48,0.0,0.005295000000046457,3
0.7,10,3,3,10,B4,128.93445003530374,integer optimal solution,0.9,1.0,1,1716,1.2776175000000194,0.046713500000009844,3
0.7,10,3,3,17,B1,135.7447163349243,integer optimal solution,0.8,1.0,2,36,0.0,0.004595300000005409,3
0.7,10,3,3,17,B2,135.74471633492428,integer optimal solution,0.8,1.0,2,218,0.0,0.010607199999981276,3
0.7,10,3,3,17,B3,135.74471633492428,integer optimal solution,0.8,1.0,2,794,0.3503847000000633,0.03447249999999258,3
0.7,10,3,3,17,HEUR,135.7447163349243,integer optimal solution,0.8,1.0,2,53,0.0,0.005169799999976021,3
0.7,10,3,3,17,B4,135.7447163349243,integer optimal solution,0.8,1.0,2,1919,2.3946674999999686,0.052256400000032954,3
0.7,10,3,3,24,B1,136.32375392901497,integer optimal solution,0.8,1.0,2,38,0.0,0.005124700000010307,3
0.7,10,3,3,24,B2,132.76926998305058,integer optimal solution,0.7,1.5,2,205,0.0,0.010581300000012561,3
0.7,10,3,3,24,B3,132.76926998305058,integer optimal solution,0.7,1.5,2,696,0.36650040000006356,0.03139279999993505,3
0.7,10,3,3,24,HEUR,132.76926998305058,integer optimal solution,0.7,1.5,2,63,0.0,0.004820099999960803,3
0.7,10,3,3,24,B4,132.76926998305058,integer optimal solution,0.7,1.5,2,1587,2.3917672999999695,0.04720980000001873,3
0.7,15,2,2,6,B1,207.0430749754861,integer optimal solution,0.8666666666666667,1.0,2,34,0.0,0.0047187999999778185,4
0.7,15,2,2,6,B2,204.92393057864285,integer optimal solution,0.8,1.5,2,312,0.0,0.014349199999969642,4
0.7,15,2,2,6,B3,202.96113437367458,integer optimal solution,0.6666666666666666,1.6666666666666667,3,1692,0.6918382000000065,0.0411248999999998,4
0.7,15,2,2,6,HEUR,204.92393057864288,integer optimal solution,0.8,1.5,2,50,0.0,0.0048797000000604385,4
0.7,15,2,2,6,B4,200.07252986317778,integer optimal solution,0.6666666666666666,2.5,2,6467,7.526373100000001,0.1641740000000027,4
0.7,15,2,2,13,B1,216.84374068414488,integer optimal solution,0.9333333333333333,1.0,1,33,0.0,0.003904599999941638,5
0.7,15,2,2,13,B2,216.84374068414485,integer optimal solution,0.9333333333333333,1.0,1,323,0.0,0.016715999999973974,5
0.7,15,2,2,13,B3,216.84374068414485,integer optimal solution,0.9333333333333333,1.0,1,1772,0.6969222000000173,0.046819799999980205,5
0.7,15,2,2,13,HEUR,216.84374068414485,integer optimal solution,0.9333333333333333,1.0,1,53,0.0,0.006425499999977546,5
0.7,15,2,2,13,B4,214.86810035971777,integer optimal solution,0.7333333333333333,4.0,1,6841,8.237088200000017,0.15376800000001367,5
0.7,15,2,2,20,B1,262.46630043708956,integer optimal solution,1.0,0.0,0,34,0.0,0.0035075000000688306,3
0.7,15,2,2,20,B2,255.15109647203172,integer optimal solution,0.8666666666666667,2.0,1,313,0.0,0.01650080000001708,3
0.7,15,2,2,20,B3,250.53259938469805,integer optimal solution,0.8,3.0,1,1820,0.6733527999999751,0.04443229999992582,3
0.7,15,2,2,20,HEUR,250.53259938469807,integer optimal solution,0.8,3.0,1,45,0.0,0.005695400000035988,3
0.7,15,2,2,20,B4,248.99742386467125,integer optimal solution,0.7333333333333333,4.0,1,7065,8.188176100000078,0.16646400000001904,3
0.7,15,3,2,2,B1,199.2420177136362,integer optimal solution,1.0,0.0,0,46,0.0,0.0035980000000108703,5
0.7,15,3,2,2,B2,199.24201771363622,integer optimal solution,1.0,0.0,0,460,0.0,0.02202199999999266,5
0.7,15,3,2,2,B3,199.2420177136362,integer optimal solution,1.0,0.0,0,2739,0.919561999999928,0.060870599999930164,5
0.7,15,3,2,2,HEUR,199.2420177136362,integer optimal solution,1.0,0.0,0,70,0.0,0.005557500000008986,5
0.7,15,3,2,2,B4,199.2420177136362,integer optimal solution,1.0,0.0,0,11103,13.14937169999996,0.2532406999999921,5
0.7,15,3,2,9,B1,207.12105318066864,integer optimal solution,0.8666666666666667,1.0,2,52,0.0,0.003919500000051812,4
0.7,15,3,2,9,B2,206.15942884206578,integer optimal solution,0.8666666666666667,2.0,1,463,0.0,0.02127210000003288,4
0.7,15,3,2,9,B3,206.15942884206578,integer optimal solution,0.8666666666666667,2.0,1,2604,0.9280537999999297,0.06252119999999195,4
0.7,15,3,2,9,HEUR,207.12105318066864,integer optimal solution,0.8666666666666667,1.0,2,77,0.0,0.0058016000000407075,4
0.7,15,3,2,9,B4,206.15942884206578,integer optimal solution,0.8666666666666667,2.0,1,10355,9.247131800000034,0.24243049999995492,4
0.7,15,3,2,16,B1,229.32024120251683,integer optimal solution,0.8666666666666667,1.0,2,48,0.0,0.004165000000057262,5
0.7,15,3,2,16,B2,227.46440668686841,integer optimal solution,0.8,1.5,2,490,0.0,0.02082980000000134,5
0.7,15,3,2,16,B3,225.96179832658433,integer optimal solution,0.7333333333333333,2.0,2,2824,0.9915217000000212,0.06325030000004972,5
0.7,15,3,2,16,HEUR,229.3202412025168,integer optimal solution,0.8666666666666667,1.0,2,82,0.0,0.006393200000047727,5
0.7,15,3,2,16,B4,225.96179832658433,integer optimal solution,0.7333333333333333,2.0,2,10905,13.351615100000004,0.24396569999998974,5
0.7,15,3,2,23,B1,237.44167879871222,integer optimal solution,0.8666666666666667,1.0,2,51,0.0,0.002988599999980579,1
0.7,15,3,2,23,B2,235.11662497199046,integer optimal solution,0.7333333333333333,2.0,2,461,0.0,0.019946299999901385,1
0.7,15,3,2,23,B3,232.72808075872496,integer optimal solution,0.7333333333333333,2.0,2,2704,0.865579900000057,0.06191320000004907,1
0.7,15,3,2,23,HEUR,237.4416787987122,integer optimal solution,0.8666666666666667,1.0,2,56,0.0,0.0068044000000782034,1
0.7,15,3,2,23,B4,232.64960539121577,integer optimal solution,0.7333333333333333,4.0,1,10860,11.08417780000002,0.23790499999995518,1
0.7,15,2,3,5,B1,228.97681068480375,integer optimal solution,0.9333333333333333,1.0,1,34,0.0,0.003951799999981631,5
0.7,15,2,3,5,B2,227.30051786391908,integer optimal solution,0.8666666666666667,2.0,1,328,0.0,0.01649910000003274,5
0.7,15,2,3,5,B3,227.30051786391908,integer optimal solution,0.8666666666666667,2.0,1,1972,0.9334878999999319,0.046272700000031364,5
0.7,15,2,3,5,HEUR,227.30051786391908,integer optimal solution,0.8666666666666667,2.0,1,59,0.0,0.0056230000000141445,5
0.7,15,2,3,5,B4,224.96169342121797,integer optimal solution,0.7333333333333333,4.0,1,8335,10.92971,0.20303660000001855,5
0.7,15,2,3,12,B1,191.385784137485,integer optimal solution,0.8666666666666667,1.0,2,38,0.0,0.005207800000107454,3
0.7,15,2,3,12,B2,189.5512509990111,integer optimal solution,0.8666666666666667,2.0,1,296,0.0,0.012835400000085428,3
0.7,15,2,3,12,B3,189.5512509990111,integer optimal solution,0.8666666666666667,2.0,1,1552,0.8444117999999889,0.04213330000004589,3
0.7,15,2,3,12,HEUR,191.38578413748496,integer optimal solution,0.8666666666666667,1.0,2,49,0.0,0.005053900000007161,3
0.7,15,2,3,12,B4,189.5512509990111,integer optimal solution,0.8666666666666667,2.0,1,5826,11.123400599999968,0.15953520000005028,3
0.7,15,2,3,19,B1,196.1637751984499,integer optimal solution,0.8,1.0,3,49,0.0,0.004748700000050121,2
0.7,15,2,3,19,B2,190.31392478773637,integer optimal solution,0.6,2.0,3,337,0.0,0.021157200000061493,2
0.7,15,2,3,19,B3,188.54448178449718,integer optimal solution,0.5333333333333333,2.3333333333333335,3,1806,0.9388138000000481,0.0443543999999747,2
0.7,15,2,3,19,HEUR,193.80489800197756,integer optimal solution,0.6666666666666666,1.6666666666666667,3,56,0.0,0.0073406999999861,2
0.7,15,2,3,19,B4,188.54448178449718,integer optimal solution,0.5333333333333333,2.3333333333333335,3,7069,12.273949199999947,0.16707770000004984,2
0.7,15,3,3,1,B1,210.47511713986583,integer optimal solution,0.8666666666666667,1.0,2,64,0.0,0.0047142999999323365,3
0.7,15,3,3,1,B2,209.5902990158944,integer optimal solution,0.7333333333333333,1.3333333333333333,3,465,0.0,0.023208099999919796,3
0.7,15,3,3,1,B3,205.65644595743478,integer optimal solution,0.6666666666666666,1.6666666666666667,3,2509,1.1403614000000744,0.06001200000002882,3
0.7,15,3,3,1,HEUR,205.65644595743478,integer optimal solution,0.6666666666666666,1.6666666666666667,3,80,0.0,0.008680699999899844,3
0.7,15,3,3,1,B4,203.7272718156863,integer optimal solution,0.6,2.0,3,9034,14.351541999999995,0.22312360000000808,3
0.7,15,3,3,8,B1,192.53857756136694,integer optimal solution,0.7333333333333333,1.0,4,57,0.0,0.0053284000000530796,4
0.7,15,3,3,8,B2,185.3239957125989,integer optimal solution,0.6,1.5,4,447,0.0,0.022835600000007616,4
0.7,15,3,3,8,B3,183.79130221752146,integer optimal solution,0.5333333333333333,1.75,4,2329,1.3318328999999949,0.06316760000004251,4
0.7,15,3,3,8,HEUR,185.74811231655224,integer optimal solution,0.6666666666666666,1.6666666666666667,3,76,0.0,0.0076056999998854735,4
0.7,15,3,3,8,B4,179.40928969578715,integer optimal solution,0.5333333333333333,1.75,4,8407,19.795588300000077,0.2376612999998997,4
0.7,15,3,3,15,B1,191.98876789076726,integer optimal solution,0.9333333333333333,1.0,1,57,0.0,0.004101000000218846,3
0.7,15,3,3,15,B2,189.712521841203,integer optimal solution,0.8666666666666667,2.0,1,463,0.0,0.022198899999921196,3
0.7,15,3,3,15,B3,187.92421632666685,integer optimal solution,0.6666666666666666,2.5,2,2368,1.415417400000024,0.06066540000006171,3
0.7,15,3,3,15,HEUR,191.98876789076726,integer optimal solution,0.9333333333333333,1.0,1,70,0.0,0.006892899999911606,3
0.7,15,3,3,15,B4,186.9430718421946,integer optimal solution,0.6,3.0,2,8589,15.860775999999987,0.21835989999999583,3
0.7,15,3,3,22,B1,223.81825994853267,integer optimal solution,0.9333333333333333,1.0,1,54,0.0,0.004016299999875628,4
0.7,15,3,3,22,B2,223.81825994853267,integer optimal solution,0.9333333333333333,1.0,1,483,0.0,0.0324739000000136,4
0.7,15,3,3,22,B3,220.15796927675112,integer optimal solution,0.7333333333333333,2.0,2,2640,1.0322737000001325,0.09979509999993752,4
0.7,15,3,3,22,HEUR,223.81825994853267,integer optimal solution,0.9333333333333333,1.0,1,83,0.0,0.004477900000210866,4
0.7,15,3,3,22,B4,219.57746442931833,integer optimal solution,0.7333333333333333,4.0,1,9937,12.122766599999977,0.21329319999995278,4
0.7,20,2,2,4,B1,289.6665186201636,integer optimal solution,0.9,1.0,2,47,0.0,0.005342899999959627,6
0.7,20,2,2,4,B2,286.8247033204021,integer optimal solution,0.8,1.3333333333333333,3,542,0.0,0.027047299999821917,6
0.7,20,2,2,4,B3,271.3176612935597,integer optimal solution,0.6,2.0,4,4047,2.66783149999992,0.09972059999995508,6
0.7,20,2,2,4,HEUR,284.13341428273645,integer optimal solution,0.75,1.6666666666666667,3,67,0.0,0.005497999999988679,6
0.7,20,2,2,11,B1,241.1302409650546,integer optimal solution,0.9,1.0,2,50,0.0,0.005217299999912939,6
0.7,20,2,2,11,B2,238.63754707358157,integer optimal solution,0.75,1.6666666666666667,3,527,0.0,0.021267600000101083,6
0.7,20,2,2,11,B3,235.5026759356047,integer optimal solution,0.7,2.0,3,3761,1.6637611999999535,0.09158019999995304,6
0.7,20,2,2,11,HEUR,238.7426256764224,integer optimal solution,0.75,1.6666666666666667,3,70,0.0,0.00905390000002626,6
0.7,20,2,2,18,B1,264.1616383920624,integer optimal solution,0.9,1.0,2,60,0.0,0.004820599999902697,4
0.7,20,2,2,18,B2,254.2211183341581,integer optimal solution,0.7,2.0,3,542,0.0,0.01935800000001109,4
0.7,20,2,2,18,B3,251.00448968956292,integer optimal solution,0.65,2.3333333333333335,3,3858,1.9774357999999665,0.0850058999999419,4
0.7,20,2,2,18,HEUR,263.69257582189476,integer optimal solution,0.75,1.6666666666666667,3,74,0.0,0.01914519999991171,4
0.7,20,3,2,0,B1,216.20801135494696,integer optimal solution,0.9,1.0,2,68,0.0,0.004650800000035815,5
0.7,20,3,2,0,B2,212.5626707688194,integer optimal solution,0.75,1.6666666666666667,3,843,0.0,0.032310099999904196,5
0.7,20,3,2,0,B3,208.6002166123307,integer optimal solution,0.6,2.0,4,6118,3.9983190000000377,0.1688429000000724,5
0.7,20,3,2,0,HEUR,213.55937547345732,integer optimal solution,0.65,2.3333333333333335,3,104,0.0,0.012583700000050158,5
0.7,20,3,2,7,B1,265.61231094567967,integer optimal solution,0.85,1.0,3,74,0.0,0.006185700000060024,5
0.7,20,3,2,7,B2,259.2207637323422,integer optimal solution,0.65,1.75,4,830,0.0,0.03334350000000086,5
0.7,20,3,2,7,B3,256.2145065283024,integer optimal solution,0.6,2.0,4,6147,2.3275767000000087,0.1673110000001543,5
0.7,20,3,2,7,HEUR,261.26512504173854,integer optimal solution,0.65,2.3333333333333335,3,103,0.0,0.009359599999925194,5
0.7,20,3,2,14,B1,281.6749243455548,integer optimal solution,0.85,1.0,3,72,0.0,0.005279599999994389,6
0.7,20,3,2,14,B2,259.3290086084396,integer optimal solution,0.6,2.0,4,824,0.0,0.03285909999999603,6
0.7,20,3,2,14,B3,251.7977831314302,integer optimal solution,0.55,2.25,4,5857,3.1113465999999335,0.14373740000019097,6
0.7,20,3,2,14,HEUR,269.71232918581495,integer optimal solution,0.7,1.5,4,102,0.0,0.009701899999981833,6
0.7,20,3,2,21,B1,271.91039858915167,integer optimal solution,0.85,1.0,3,79,0.0,0.005922300000065661,4
0.7,20,3,2,21,B2,265.15144062754393,integer optimal solution,0.7,2.0,3,843,0.0,0.03166729999998097,4
0.7,20,3,2,21,B3,258.0960276711078,integer optimal solution,0.5,2.5,4,5991,2.9658163999999942,0.14620829999989837,4
0.7,20,3,2,21,HEUR,260.0763572765052,integer optimal solution,0.55,2.25,4,106,0.0,0.007142400000020643,4
0.7,20,2,3,3,B1,220.66078936479818,integer optimal solution,0.8,1.0,4,61,0.0,0.0056256000000303175,4
0.7,20,2,3,3,B2,203.49394221685847,integer optimal solution,0.6,2.0,4,599,0.0,0.027468500000168206,4
0.7,20,2,3,3,B3,202.09280764954772,integer optimal solution,0.55,2.25,4,4209,3.860729999999876,0.10455269999988559,4
0.7,20,2,3,3,HEUR,211.16570202057716,integer optimal solution,0.55,1.8,5,77,0.0,0.009379100000160179,4
0.7,20,2,3,10,B1,300.65605440000576,integer optimal solution,0.85,1.0,3,50,0.0,0.007362699999930555,5
0.7,20,2,3,10,B2,298.31221327963226,integer optimal solution,0.85,1.5,2,604,0.0,0.024424199999884877,5
0.7,20,2,3,10,B3,298.31221327963226,integer optimal solution,0.85,1.5,2,4430,2.558746999999812,0.10645240000008016,5
0.7,20,2,3,10,HEUR,300.65605440000576,integer optimal solution,0.85,1.0,3,76,0.0,0.010597499999903448,5
0.7,20,2,3,17,B1,263.7552707803144,integer optimal solution,0.9,1.0,2,52,0.0,0.005051599999887912,7
0.7,20,2,3,17,B2,260.44098938584943,integer optimal solution,0.8,2.0,2,551,0.0,0.02605349999998907,7
0.7,20,2,3,17,B3,255.55336876558775,integer optimal solution,0.75,2.5,2,4056,2.3303644000000077,0.09471650000000409,7
0.7,20,2,3,17,HEUR,257.6753131734369,integer optimal solution,0.75,1.6666666666666667,3,77,0.0,0.005899600000020655,7
0.7,20,2,3,24,B1,298.61047873490213,integer optimal solution,0.85,1.0,3,47,0.0,0.005556800000022122,5
0.7,20,2,3,24,B2,297.5811791594605,integer optimal solution,0.85,1.5,2,542,0.0,0.02910769999994045,5
0.7,20,2,3,24,B3,297.5811791594605,integer optimal solution,0.85,1.5,2,4021,1.9684277000001202,0.09781530000009298,5
0.7,20,2,3,24,HEUR,298.6104787349021,integer optimal solution,0.85,1.0,3,73,0.0,0.006601600000067265,5
0.7,20,3,3,6,B1,271.84820798884044,integer optimal solution,0.9,1.0,2,89,0.0,0.005404099999850587,5
0.7,20,3,3,6,B2,254.5369666629756,integer optimal solution,0.5,2.0,5,817,0.0,0.03986609999992652,5
0.7,20,3,3,6,B3,248.55653064718206,integer optimal solution,0.4,2.4,5,5465,4.2061509000000115,0.15593730000000505,5
0.7,20,3,3,6,HEUR,259.8448275434534,integer optimal solution,0.65,1.75,4,111,0.0,0.01630210000007537,5
0.7,20,3,3,13,B1,329.3572997177242,integer optimal solution,0.9,1.0,2,75,0.0,0.0056861999999000545,6
0.7,20,3,3,13,B2,324.05843517803225,integer optimal solution,0.8,1.3333333333333333,3,829,0.0,0.02419559999998455,6
0.7,20,3,3,13,B3,318.7998770261624,integer optimal solution,0.65,2.3333333333333335,3,6173,2.6389049000001705,0.14635820000012245,6
0.7,20,3,3,13,HEUR,318.79987702616245,integer optimal solution,0.65,2.3333333333333335,3,107,0.0,0.009084600000051068,6
0.7,20,3,3,20,B1,281.59483535619415,integer optimal solution,0.9,1.0,2,72,0.0,0.006128699999862874,4
0.7,20,3,3,20,B2,278.3236162408392,integer optimal solution,0.7,2.0,3,816,0.0,0.0336826000000201,4
0.7,20,3,3,20,B3,275.06241346049217,integer optimal solution,0.7,2.0,3,6196,2.791229299999941,0.13539319999995314,4
0.7,20,3,3,20,HEUR,281.59483535619415,integer optimal solution,0.9,1.0,2,94,0.0,0.014424899999994523,4
0.9,10,2,2,2,B1,81.18289041094012,integer optimal solution,0.8,1.0,2,38,0.0,0.005887499999971624,3
0.9,10,2,2,2,B2,74.94062774632238,integer optimal solution,0.6,2.0,2,172,0.0,0.009180799999967348,3
0.9,10,2,2,2,B3,74.94062774632238,integer optimal solution,0.6,2.0,2,505,0.5553689999999278,0.025047600000107195,3
0.9,10,2,2,2,HEUR,78.14286261287688,integer optimal solution,0.7,1.5,2,48,0.0,0.006345199999941542,3
0.9,10,2,2,2,B4,72.04868735581668,integer optimal solution,0.2,2.6666666666666665,3,1136,6.02334709999991,0.03424729999983356,3
0.9,10,2,2,9,B1,82.9272945547423,integer optimal solution,0.9,1.0,1,31,0.0,0.003861899999947127,4
0.9,10,2,2,9,B2,82.9272945547423,integer optimal solution,0.9,1.0,1,152,0.0,0.008986400000139838,4
0.9,10,2,2,9,B3,79.97675018007716,integer optimal solution,0.6,2.0,2,529,0.5384280999999191,0.030358299999988958,4
0.9,10,2,2,9,HEUR,81.56484596134096,integer optimal solution,0.6,2.0,2,47,0.0,0.004711799999995492,4
0.9,10,2,2,9,B4,77.72367857534664,integer optimal solution,0.5,2.5,2,1219,6.995657400000027,0.03383329999996931,4
0.9,10,2,2,16,B1,95.57416773777454,integer optimal solution,0.9,1.0,1,32,0.0,0.003911500000185697,4
0.9,10,2,2,16,B2,94.73586102589833,integer optimal solution,0.7,1.5,2,171,0.0,0.008606600000121034,4
0.9,10,2,2,16,B3,89.18724027816761,integer optimal solution,0.3,2.3333333333333335,3,651,0.6242925999999898,0.029839300000048752,4
0.9,10,2,2,16,HEUR,89.77197160085015,integer optimal solution,0.6,2.0,2,46,0.0,0.004689000000098531,4
0.9,10,2,2,16,B4,85.23459255253789,integer optimal solution,0.5,2.5,2,1645,8.318453200000022,0.05205249999994521,4
0.9,10,2,2,23,B1,116.33603636705608,integer optimal solution,0.7,1.0,3,28,0.0,0.004068199999892386,3
0.9,10,2,2,23,B2,105.1117227187672,integer optimal solution,0.5,1.6666666666666667,3,179,0.0,0.00806590000001961,3
0.9,10,2,2,23,B3,92.90486751357767,integer optimal solution,0.1,2.25,4,708,0.6188222000000678,0.029246700000157944,3
0.9,10,2,2,23,HEUR,112.77527145091432,integer optimal solution,0.6,2.0,2,40,0.0,0.006020399999897563,3
0.9,10,2,2,23,B4,87.6217886214064,integer optimal solution,0.0,2.5,4,1836,9.079705699999977,0.048741500000005544,3
0.9,10,3,2,5,B1,99.2257850511572,integer optimal solution,0.8,1.0,2,40,0.0,0.0050886999999875115,4
0.9,10,3,2,5,B2,94.4763785803618,integer optimal solution,0.6,2.0,2,252,0.0,0.010766599999897153,4
0.9,10,3,2,5,B3,88.50288188607514,integer optimal solution,0.2,2.6666666666666665,3,924,0.9135194000000411,0.03260820000014064,4
0.9,10,3,2,5,HEUR,89.73592036788253,integer optimal solution,0.5,2.5,2,57,0.0,0.005610599999954502,4
0.9,10,3,2,5,B4,83.96810267032195,integer optimal solution,0.0,3.3333333333333335,3,2256,10.273436599999968,0.06198689999996532,4
0.9,10,3,2,12,B1,86.38673757233795,integer optimal solution,0.8,1.0,2,44,0.0,0.005949599999894417,3
0.9,10,3,2,12,B2,76.97127185747561,integer optimal solution,0.4,2.0,3,234,0.0,0.011038200000029974,3
0.9,10,3,2,12,B3,71.30552932619958,integer optimal solution,0.0,2.5,4,781,0.6696507999999994,0.0348282999998446,3
0.9,10,3,2,12,HEUR,74.75501664869381,integer optimal solution,0.4,2.0,3,63,0.0,0.007611300000007759,3
0.9,10,3,2,12,B4,71.19523150871525,integer optimal solution,0.0,2.5,4,1844,8.506777100000136,0.054645899999968606,3
0.9,10,3,2,19,B1,86.83175963298092,integer optimal solution,0.8,1.0,2,35,0.0,0.00467890000004445,3
0.9,10,3,2,19,B2,78.5218947140861,integer optimal solution,0.4,2.0,3,249,0.0,0.011037900000019363,3
0.9,10,3,2,19,B3,69.75603017546337,integer optimal solution,0.0,2.5,4,922,0.7222520000000259,0.044301900000164096,3
0.9,10,3,2,19,HEUR,74.66324698377075,integer optimal solution,0.2,2.0,4,53,0.0,0.006439400000090245,3
0.9,10,3,2,19,B4,64.91274408206134,integer optimal solution,0.1,3.0,3,2255,9.557748200000105,0.056612600000107705,3
0.9,10,2,3,1,B1,93.22387856915496,integer optimal solution,0.8,1.0,2,40,0.0,0.005854100000078688,4
0.9,10,2,3,1,B2,91.49263110280324,integer optimal solution,0.7,1.5,2,141,0.0,0.009831800000029034,4
0.9,10,2,3,1,B3,88.81564300474002,integer optimal solution,0.5,1.6666666666666667,3,401,0.6495006000000103,0.035233399999924586,4
0.9,10,2,3,1,HEUR,91.39006806374546,integer optimal solution,0.5,1.6666666666666667,3,49,0.0,0.011833699999897362,4
0.9,10,2,3,1,B4,84.42176425864234,integer optimal solution,0.4,2.0,3,862,6.400188099999923,0.03983149999999114,4
0.9,10,2,3,8,B1,96.22563754969207,integer optimal solution,0.5,1.0,5,47,0.0,0.005528999999796724,3
0.9,10,2,3,8,B2,83.22115518647674,integer optimal solution,0.3,1.75,4,179,0.0,0.008624999999938154,3
0.9,10,2,3,8,B3,77.64269306746613,integer optimal solution,0.0,2.0,5,599,0.6206690999999864,0.03009010000005219,3
0.9,10,2,3,8,HEUR,80.31626582044552,integer optimal solution,0.1,2.25,4,60,0.0,0.005267700000104014,3
0.9,10,2,3,8,B4,74.18554993583496,integer optimal solution,0.0,2.5,4,1419,7.612927599999921,0.045051300000068295,3
0.9,10,2,3,15,B1,98.33685438466469,integer optimal solution,0.7,1.0,3,32,0.0,0.0058741999998801475,4
0.9,10,2,3,15,B2,89.72040896956076,integer optimal solution,0.5,1.25,4,143,0.0,0.008054600000150458,4
0.9,10,2,3,15,B3,87.00976761692837,integer optimal solution,0.4,1.5,4,476,0.6776449999999841,0.02780080000002272,4
0.9,10,2,3,15,HEUR,89.72040896956076,integer optimal solution,0.5,1.25,4,45,0.0,0.005475500000102329,4
0.9,10,2,3,15,B4,85.9236805447108,integer optimal solution,0.3,1.75,4,1096,7.318093100000169,0.039352599999801896,4
0.9,10,2,3,22,B1,94.74000805375823,integer optimal solution,0.9,1.0,1,26,0.0,0.0035981000000901986,4
0.9,10,2,3,22,B2,94.74000805375823,integer optimal solution,0.9,1.0,1,157,0.0,0.008102500000177315,4
0.9,10,2,3,22,B3,93.25768125861399,integer optimal solution,0.4,3.0,2,548,0.6458635999999842,0.02989390000016101,4
0.9,10,2,3,22,HEUR,94.74000805375823,integer optimal solution,0.9,1.0,1,41,0.0,0.0039263999999548105,4
0.9,10,2,3,22,B4,90.71902400532325,integer optimal solution,0.3,3.5,2,1267,8.20367599999986,0.04424449999987701,4
0.9,10,3,3,4,B1,100.47397702876674,integer optimal solution,0.7,1.0,3,46,0.0,0.010172600000032617,2
0.9,10,3,3,4,B2,96.34627965871431,integer optimal solution,0.4,1.5,4,234,0.0,0.007707600000003367,2
0.9,10,3,3,4,B3,92.11675273205321,integer optimal solution,0.3,1.75,4,777,0.7704046000001199,0.02407349999998587,2
0.9,10,3,3,4,HEUR,95.96408026784368,integer optimal solution,0.4,1.5,4,58,0.0,0.005758199999945646,2
0.9,10,3,3,4,B4,90.57233971849374,integer optimal solution,0.2,2.0,4,1812,9.153265799999872,0.052225399999997535,2
0.9,10,3,3,11,B1,111.92944571001404,integer optimal solution,0.7,1.0,3,40,0.0,0.004195699999854696,4
0.9,10,3,3,11,B2,103.98053203492663,integer optimal solution,0.6,1.3333333333333333,3,233,0.0,0.010722299999997631,4
0.9,10,3,3,11,B3,96.22247815176635,integer optimal solution,0.2,2.0,4,832,0.8198958999998922,0.03241450000018631,4
0.9,10,3,3,11,HEUR,105.78792102839249,integer optimal solution,0.5,1.6666666666666667,3,63,0.0,0.006024199999956181,4
0.9,10,3,3,11,B4,90.84940755241996,integer optimal solution,0.0,2.5,4,1971,9.693810299999996,0.054038499999933265,4
0.9,10,3,3,18,B1,108.12200268882512,integer optimal solution,0.7,1.0,3,46,0.0,0.006394000000000233,3
0.9,10,3,3,18,B2,107.1751647090179,integer optimal solution,0.4,1.5,4,254,0.0,0.010540699999864955,3
0.9,10,3,3,18,B3,101.43162089158619,integer optimal solution,0.3,1.75,4,905,0.7894063000001097,0.02565099999992526,3
0.9,10,3,3,18,HEUR,101.65523510266296,integer optimal solution,0.4,1.5,4,64,0.0,0.004379499999913605,3
0.9,10,3,3,18,B4,95.64215790718325,integer optimal solution,0.1,3.0,3,2245,10.62075249999998,0.03837080000016613,3
0.9,15,2,2,0,B1,161.13840002509278,integer optimal solution,0.8666666666666667,1.0,2,47,0.0,0.005931500000087908,6
0.9,15,2,2,0,B2,148.381935500638,integer optimal solution,0.4666666666666667,2.0,4,351,0.0,0.020205999999916457,6
0.9,15,2,2,0,B3,141.39510421282012,integer optimal solution,0.3333333333333333,2.5,4,1848,2.068356499999936,0.040775799999892115,6
0.9,15,2,2,0,HEUR,151.3935331767789,integer optimal solution,0.5333333333333333,1.75,4,66,0.0,0.006271900000001551,6
0.9,15,2,2,0,B4,133.59963792259975,integer optimal solution,0.2,3.0,4,6883,47.07320600000003,0.1600257000000056,6
0.9,15,2,2,7,B1,191.27949765389263,integer optimal solution,0.8666666666666667,1.0,2,50,0.0,0.005416700000068886,5
0.9,15,2,2,7,B2,169.4604775465399,integer optimal solution,0.6,2.0,3,355,0.0,0.0117246999998315,5
0.9,15,2,2,7,B3,153.53093433078953,integer optimal solution,0.3333333333333333,2.5,4,1932,2.0965687000000344,0.04191409999998541,5
0.9,15,2,2,7,HEUR,176.04387622751833,integer optimal solution,0.5333333333333333,1.75,4,65,0.0,0.005371200000126919,5
0.9,15,2,2,7,B4,145.57938971677638,integer optimal solution,0.4666666666666667,2.6666666666666665,3,7452,42.36328400000002,0.22527149999996254,5
0.9,15,2,2,14,B1,137.17479928357687,integer optimal solution,0.9333333333333333,1.0,1,43,0.0,0.003905300000042189,5
0.9,15,2,2,14,B2,128.20523123321414,integer optimal solution,0.6,2.0,3,355,0.0,0.01725039999996625,5
0.9,15,2,2,14,B3,117.4930267022347,integer optimal solution,0.4666666666666667,2.6666666666666665,3,2004,2.183798700000125,0.05905329999995956,5
0.9,15,2,2,14,HEUR,121.91281450116585,integer optimal solution,0.4666666666666667,2.6666666666666665,3,62,0.0,0.006599099999903046,5
0.9,15,2,2,14,B4,106.44071234791885,integer optimal solution,0.3333333333333333,3.3333333333333335,3,7454,51.411468600000035,0.14373539999996865,5
0.9,15,2,2,21,B1,180.8446574428204,integer optimal solution,0.8,1.0,3,45,0.0,0.005625300000019706,5
0.9,15,2,2,21,B2,159.10566297444154,integer optimal solution,0.4666666666666667,2.0,4,381,0.0,0.016264099999943937,5
0.9,15,2,2,21,B3,147.81420072881434,integer optimal solution,0.3333333333333333,2.5,4,2204,2.06121660000008,0.04286119999983384,5
0.9,15,2,2,21,HEUR,157.73980343128673,integer optimal solution,0.4666666666666667,2.0,4,67,0.0,0.009147600000005696,5
0.9,15,2,2,21,B4,136.74845780735123,integer optimal solution,0.2,3.0,4,8533,46.09345639999992,0.16263529999991988,5
0.9,15,3,2,3,B1,139.05148572725582,integer optimal solution,0.8666666666666667,1.0,2,66,0.0,0.0043412999998508894,5
0.9,15,3,2,3,B2,126.810512396542,integer optimal solution,0.4666666666666667,2.0,4,523,0.0,0.024086099999976796,5
0.9,15,3,2,3,B3,123.17323385684746,integer optimal solution,0.3333333333333333,2.5,4,2888,2.4765086999998402,0.06741759999999886,5
0.9,15,3,2,3,HEUR,135.1998021197727,integer optimal solution,0.7333333333333333,1.3333333333333333,3,97,0.0,0.0060975999999755,5
0.9,15,3,2,3,B4,117.56311541117668,integer optimal solution,0.2,3.0,4,11095,58.73441159999993,0.1983592999999928,5
0.9,15,3,2,10,B1,134.64489873318843,integer optimal solution,0.8,1.0,3,61,0.0,0.004899000000023079,4
0.9,15,3,2,10,B2,127.36307838962996,integer optimal solution,0.6666666666666666,1.6666666666666667,3,508,0.0,0.022816799999873183,4
0.9,15,3,2,10,B3,126.13495767210105,integer optimal solution,0.5333333333333333,2.3333333333333335,3,2710,2.511281800000006,0.045387099999970815,4
0.9,15,3,2,10,HEUR,132.40636359908297,integer optimal solution,0.6666666666666666,1.6666666666666667,3,79,0.0,0.005791899999849193,4
0.9,15,3,2,10,B4,121.66329902964833,integer optimal solution,0.4666666666666667,2.6666666666666665,3,9925,52.315196300000025,0.24252019999994445,4
0.9,15,3,2,17,B1,142.52958012287667,integer optimal solution,0.8,1.0,3,67,0.0,0.004988099999991391,4
0.9,15,3,2,17,B2,131.0907771679343,integer optimal solution,0.6,2.0,3,518,0.0,0.023899299999811774,4
0.9,15,3,2,17,B3,123.11454012791644,integer optimal solution,0.3333333333333333,2.5,4,2632,2.550299300000006,0.05663600000002589,4
0.9,15,3,2,17,HEUR,137.14029495749975,integer optimal solution,0.5333333333333333,1.75,4,89,0.0,0.008048099999996339,4
0.9,15,3,2,17,B4,116.03313790369128,integer optimal solution,0.2,3.0,4,9558,54.144494500000064,0.18842059999997218,4
0.9,15,3,2,24,B1,147.21695186540273,integer optimal solution,0.8,1.0,3,60,0.0,0.004826500000035594,5
0.9,15,3,2,24,B2,139.28526534101968,integer optimal solution,0.6,2.0,3,532,0.0,0.025064700000029916,5
0.9,15,3,2,24,B3,132.05799491729204,integer optimal solution,0.3333333333333333,2.5,4,3091,2.7048081000000366,0.06841090000011718,5
0.9,15,3,2,24,HEUR,138.09910627737833,integer optimal solution,0.4666666666666667,2.0,4,89,0.0,0.010147700000061377,5
0.9,15,3,2,24,B4,125.37601410600124,integer optimal solution,0.2,3.0,4,11948,63.19339850000006,0.23031960000002982,5
0.9,15,2,3,6,B1,151.29847170835149,integer optimal solution,0.7333333333333333,1.0,4,51,0.0,0.005283900000222275,5
0.9,15,2,3,6,B2,141.0242998218368,integer optimal solution,0.6,1.5,4,342,0.0,0.019068800000013653,5
0.9,15,2,3,6,B3,132.79110032210994,integer optimal solution,0.26666666666666666,2.2,5,1731,2.409666799999968,0.04618019999998069,5
0.9,15,2,3,6,HEUR,138.40325293428103,integer optimal solution,0.4666666666666667,1.6,5,68,0.0,0.006811900000002424,5
0.9,15,2,3,6,B4,125.29049143287087,integer optimal solution,0.26666666666666666,2.75,4,6392,54.84394889999999,0.17567189999999755,5
0.9,15,2,3,13,B1,139.39535960163946,integer optimal solution,0.8,1.0,3,52,0.0,0.006011199999875316,5
0.9,15,2,3,13,B2,134.5749787913967,integer optimal solution,0.7333333333333333,1.3333333333333333,3,368,0.0,0.015316099999836297,5
0.9,15,2,3,13,B3,134.5749787913967,integer optimal solution,0.7333333333333333,1.3333333333333333,3,2026,2.443508800000018,0.03580850000003011,5
0.9,15,2,3,13,HEUR,134.57497879139666,integer optimal solution,0.7333333333333333,1.3333333333333333,3,70,0.0,0.007561299999906623,5
0.9,15,2,3,13,B4,133.2448771160453,integer optimal solution,0.4666666666666667,2.0,4,7611,55.81770319999987,0.16445240000007288,5
0.9,15,2,3,20,B1,128.91992154856865,integer optimal solution,0.8,1.0,3,46,0.0,0.005134899999802656,5
0.9,15,2,3,20,B2,121.56334499989616,integer optimal solution,0.6,1.5,4,332,0.0,0.01072359999989203,5
0.9,15,2,3,20,B3,116.95010643824787,integer optimal solution,0.4,2.25,4,1893,2.3651120999998057,0.03481449999981123,5
0.9,15,2,3,20,HEUR,121.69185334607876,integer optimal solution,0.4666666666666667,2.0,4,65,0.0,0.008165500000131942,5
0.9,15,2,3,20,B4,113.02240388052995,integer optimal solution,0.26666666666666666,2.75,4,7340,56.595975599999974,0.16728950000015175,5
0.9,15,3,3,2,B1,143.50639988277666,integer optimal solution,0.7333333333333333,1.0,4,68,0.0,0.006152899999960937,5
0.9,15,3,3,2,B2,128.15698374144313,integer optimal solution,0.4666666666666667,2.0,4,548,0.0,0.018313900000066496,5
0.9,15,3,3,2,B3,122.98400923230409,integer optimal solution,0.2,2.4,5,3075,3.295774100000017,0.05541199999993296,5
0.9,15,3,3,2,HEUR,132.31707903211782,integer optimal solution,0.3333333333333333,1.6666666666666667,6,89,0.0,0.009339100000033795,5
0.9,15,3,3,2,B4,118.96028351023735,integer optimal solution,0.13333333333333333,2.6,5,11745,67.25320299999998,0.2760714999999436,5
0.9,15,3,3,9,B1,149.0137112176957,integer optimal solution,0.8666666666666667,1.0,2,64,0.0,0.004963900000120702,5
0.9,15,3,3,9,B2,139.5452125805002,integer optimal solution,0.6,2.0,3,467,0.0,0.018661800000018047,5
0.9,15,3,3,9,B3,134.23366569681394,integer optimal solution,0.13333333333333333,2.6,5,2414,2.8339148000000023,0.06241700000009587,5
0.9,15,3,3,9,HEUR,144.06708971043506,integer optimal solution,0.6,2.0,3,86,0.0,0.009438999999929365,5
0.9,15,3,3,9,B4,126.75239990973988,integer optimal solution,0.06666666666666667,3.5,4,8761,56.630145600000105,0.28556810000009136,5
0.9,15,3,3,16,B1,128.62084823237137,integer optimal solution,0.7333333333333333,1.0,4,60,0.0,0.005381500000112283,5
0.9,15,3,3,16,B2,122.03638082431448,integer optimal solution,0.6,1.5,4,528,0.0,0.019400000000132422,5
0.9,15,3,3,16,B3,114.46697057183138,integer optimal solution,0.2,2.4,5,2959,3.0639112000001205,0.07511409999960961,5
0.9,15,3,3,16,HEUR,119.6150946778969,integer optimal solution,0.3333333333333333,2.0,5,91,0.0,0.008433200000126817,5
0.9,15,3,3,16,B4,107.96631551547254,integer optimal solution,0.06666666666666667,2.8,5,11007,64.0744666999999,0.22819970000000467,5
0.9,15,3,3,23,B1,134.2550893281832,integer optimal solution,0.6666666666666666,1.0,5,76,0.0,0.0042220000000270375,6
0.9,15,3,3,23,B2,125.95462905003926,integer optimal solution,0.4666666666666667,1.6,5,500,0.0,0.017861700000139535,6
0.9,15,3,3,23,B3,122.04261553686415,integer optimal solution,0.4,1.8,5,2523,2.7201829999999063,0.04434549999996307,6
0.9,15,3,3,23,HEUR,123.54734366656055,integer optimal solution,0.4,1.8,5,103,0.0,0.005008799999814073,6
0.9,15,3,3,23,B4,116.31708471350177,integer optimal solution,0.2,2.4,5,9124,59.96160599999985,0.21438370000032592,6
0.9,20,2,2,5,B1,238.8191688403935,integer optimal solution,0.85,1.0,3,58,0.0,0.006687000000056287,7
0.9,20,2,2,5,B2,218.36355015225888,integer optimal solution,0.7,2.0,3,623,0.0,0.029849300000023504,7
0.9,20,2,2,5,B3,204.18567821895124,integer optimal solution,0.5,2.5,4,4360,6.190074699999968,0.09213850000014645,7
0.9,20,2,2,5,HEUR,225.33801583884457,integer optimal solution,0.8,1.3333333333333333,3,79,0.0,0.0060972000001129345,7
0.9,20,2,2,12,B1,208.5883843023866,integer optimal solution,0.85,1.0,3,63,0.0,0.0043579999996836705,6
0.9,20,2,2,12,B2,196.95120847413526,integer optimal solution,0.6,2.0,4,610,0.0,0.024191200000132085,6
0.9,20,2,2,12,B3,188.36349926001176,integer optimal solution,0.5,2.5,4,4423,5.965772800000195,0.07023320000007516,6
0.9,20,2,2,12,HEUR,201.85485145249373,integer optimal solution,0.65,1.75,4,81,0.0,0.006344500000068365,6
0.9,20,2,2,19,B1,190.17324228571553,integer optimal solution,0.9,1.0,2,58,0.0,0.005091399999855639,7
0.9,20,2,2,19,B2,186.79175993745383,integer optimal solution,0.75,1.6666666666666667,3,632,0.0,0.031118299999889132,7
0.9,20,2,2,19,B3,180.30773036379304,integer optimal solution,0.65,2.3333333333333335,3,4913,6.291255200000251,0.12284140000019761,7
0.9,20,2,2,19,HEUR,184.24020309194924,integer optimal solution,0.7,2.0,3,88,0.0,0.009614499999770487,7
0.9,20,3,2,1,B1,194.19437685817755,integer optimal solution,0.85,1.0,3,79,0.0,0.005400200000167388,6
0.9,20,3,2,1,B2,183.510266627671,integer optimal solution,0.5,2.0,5,913,0.0,0.027055200000177138,6
0.9,20,3,2,1,B3,172.26281996867704,integer optimal solution,0.35,2.6,5,6804,7.610035400000015,0.14212720000023182,6
0.9,20,3,2,1,HEUR,183.39496379301005,integer optimal solution,0.45,2.2,5,111,0.0,0.008259800000359974,6
0.9,20,3,2,8,B1,192.18151595202443,integer optimal solution,0.85,1.0,3,86,0.0,0.006944000000203232,7
0.9,20,3,2,8,B2,176.42602530915082,integer optimal solution,0.6,2.0,4,878,0.0,0.03412509999998292,7
0.9,20,3,2,8,B3,163.3239711244414,integer optimal solution,0.35,2.6,5,5975,7.592839599999934,0.13022210000008272,7
0.9,20,3,2,8,HEUR,181.2927418732348,integer optimal solution,0.65,1.75,4,117,0.0,0.012607599999682861,7
0.9,20,3,2,15,B1,231.13271498093695,integer optimal solution,0.85,1.0,3,76,0.0,0.005832199999986187,7
0.9,20,3,2,15,B2,209.67089787550864,integer optimal solution,0.55,1.8,5,919,0.0,0.030308399999739777,7
0.9,20,3,2,15,B3,191.53060009003212,integer optimal solution,0.4,2.4,5,7074,7.871947300000102,0.17124299999977666,7
0.9,20,3,2,15,HEUR,201.53714582315928,integer optimal solution,0.45,2.2,5,118,0.0,0.013547600000038074,7
0.9,20,3,2,22,B1,194.21923123331226,integer optimal solution,0.9,1.0,2,79,0.0,0.0052560999997695035,6
0.9,20,3,2,22,B2,185.14855644857795,integer optimal solution,0.65,1.75,4,965,0.0,0.02945880000015677,6
0.9,20,3,2,22,B3,173.7327050483632,integer optimal solution,0.4,2.4,5,7775,7.8472381000001405,0.15416400000003705,6
0.9,20,3,2,22,HEUR,184.1269090390945,integer optimal solution,0.5,2.0,5,122,0.0,0.010363599999891449,6
0.9,20,2,3,4,B1,189.99919056591963,integer optimal solution,0.85,1.0,3,78,0.0,0.006273399999827234,6
0.9,20,2,3,4,B2,170.87237166320688,integer optimal solution,0.6,2.0,4,650,0.0,0.0249364000001151,6
0.9,20,2,3,4,B3,163.27464256783693,integer optimal solution,0.4,2.4,5,4369,7.204974499999935,0.11080129999982091,6
0.9,20,2,3,4,HEUR,181.82792111433676,integer optimal solution,0.6,2.0,4,101,0.0,0.010189999999965949,6
0.9,20,2,3,11,B1,183.9684059076004,integer optimal solution,0.8,1.0,4,72,0.0,0.006794899999931658,6
0.9,20,2,3,11,B2,173.41345911669623,integer optimal solution,0.55,1.8,5,658,0.0,0.02657500000032087,6
0.9,20,2,3,11,B3,166.98773153135,integer optimal solution,0.45,2.2,5,4817,7.446238200000153,0.120854700000109,6
0.9,20,2,3,11,HEUR,175.7736111997679,integer optimal solution,0.6,2.0,4,95,0.0,0.009098699999867677,6
0.9,20,2,3,18,B1,186.38549575714933,integer optimal solution,0.8,1.0,4,68,0.0,0.0058068999996976345,6
0.9,20,2,3,18,B2,175.6409158416313,integer optimal solution,0.55,1.8,5,554,0.0,0.024904800000058458,6
0.9,20,2,3,18,B3,172.9043194304051,integer optimal solution,0.45,2.2,5,3618,5.8723517000003085,0.07911879999983285,6
0.9,20,2,3,18,HEUR,182.8969425497694,integer optimal solution,0.65,1.4,5,86,0.0,0.007486900000003516,6
0.9,20,3,3,0,B1,184.96528934029578,integer optimal solution,0.8,1.0,4,84,0.0,0.0061583000001519395,7
0.9,20,3,3,0,B2,172.41411391589008,integer optimal solution,0.65,1.75,4,863,0.0,0.02832330000001093,7
0.9,20,3,3,0,B3,168.8875113545627,integer optimal solution,0.45,2.2,5,6151,8.298009799999818,0.11630659999991622,7
0.9,20,3,3,0,HEUR,178.93182733632167,integer optimal solution,0.55,1.8,5,120,0.0,0.006311699999969278,7
0.9,20,3,3,7,B1,162.55862735171664,integer optimal solution,0.85,1.0,3,86,0.0,0.0043101999999635154,6
0.9,20,3,3,7,B2,149.66454392310027,integer optimal solution,0.5,2.0,5,756,0.0,0.02471880000030069,6
0.9,20,3,3,7,B3,143.07265516158284,integer optimal solution,0.25,2.5,6,4806,6.963394700000208,0.13201359999993656,6
0.9,20,3,3,7,HEUR,153.6697074508968,integer optimal solution,0.45,2.2,5,107,0.0,0.008550000000013824,6
0.9,20,3,3,14,B1,212.51561459479018,integer optimal solution,0.9,1.0,2,90,0.0,0.004552899999907822,8
0.9,20,3,3,14,B2,201.92547017474098,integer optimal solution,0.7,1.5,4,911,0.0,0.029833900000085123,8
0.9,20,3,3,14,B3,186.28044854164185,integer optimal solution,0.45,2.2,5,6895,8.990744900000209,0.14941230000022188,8
0.9,20,3,3,14,HEUR,189.12632051332767,integer optimal solution,0.6,2.0,4,128,0.0,0.008143099999870174,8
0.9,20,3,3,21,B1,205.36284612582793,integer optimal solution,0.75,1.0,5,79,0.0,0.005566100000123697,7
0.9,20,3,3,21,B2,193.427144811921,integer optimal solution,0.45,1.8333333333333333,6,889,0.0,0.03583859999980632,7
0.9,20,3,3,21,B3,179.07834520852563,integer optimal solution,0.25,2.5,6,6664,7.373926799999936,0.12209050000001298,7
0.9,20,3,3,21,HEUR,198.26112827315237,integer optimal solution,0.45,1.8333333333333333,6,121,0.0,0.006821099999797298,7
