alignment,n,n_gw,n_od,rep,menu,true_cost,status,fd_rate,mean_bundle,n_routes,pool_size,t_A,t_B,n_heur_blocks
0.1,10,2,2,6,B1,160.2203603155235,integer optimal solution,1.0,0.0,0,21,0.0,0.006930600000000009,2
0.1,10,2,2,6,B2,160.2203603155235,integer optimal solution,1.0,0.0,0,140,0.0,0.01188509999999976,2
0.1,10,2,2,6,B3,160.22036031552346,integer optimal solution,1.0,0.0,0,551,0.24193849999999997,0.03485289999999974,2
0.1,10,2,2,6,HEUR,160.2203603155235,integer optimal solution,1.0,0.0,0,27,0.0,0.0071496999999998145,2
0.1,10,2,2,6,B4,160.2203603155235,integer optimal solution,1.0,0.0,0,1533,1.9215112,0.05168190000000017,2
0.1,10,2,2,13,B1,150.10525406166437,integer optimal solution,1.0,0.0,0,20,0.0,0.004136400000000151,3
0.1,10,2,2,13,B2,149.7798779045166,integer optimal solution,0.8,2.0,1,124,0.0,0.010569899999999688,3
0.1,10,2,2,13,B3,144.30163650037258,integer optimal solution,0.7,3.0,1,424,0.17650639999999962,0.03308150000000021,3
0.1,10,2,2,13,HEUR,150.10525406166437,integer optimal solution,1.0,0.0,0,29,0.0,0.00527539999999993,3
0.1,10,2,2,13,B4,144.3016365003726,integer optimal solution,0.7,3.0,1,980,0.9484336,0.04298190000000002,3
0.1,10,2,2,20,B1,161.73255690928593,integer optimal solution,0.9,1.0,1,24,0.0,0.005049599999999543,3
0.1,10,2,2,20,B2,161.73255690928593,integer optimal solution,0.9,1.0,1,144,0.0,0.010938600000000243,3
0.1,10,2,2,20,B3,161.73255690928593,integer optimal solution,0.9,1.0,1,536,0.18145070000000008,0.03537720000000011,3
0.1,10,2,2,20,HEUR,161.73255690928593,integer optimal solution,0.9,1.0,1,36,0.0,0.007864399999999883,3
0.1,10,2,2,20,B4,161.73255690928593,integer optimal solution,0.9,1.0,1,1370,1.3127759,0.04752069999999975,3
0.1,10,3,2,2,B1,161.58820187737933,integer optimal solution,0.9,1.0,1,30,0.0,0.006209000000000131,2
0.1,10,3,2,2,B2,161.58820187737936,integer optimal solution,0.9,1.0,1,220,0.0,0.013308699999999618,2
0.1,10,3,2,2,B3,161.58820187737936,integer optimal solution,0.9,1.0,1,849,0.2575296999999992,0.036806599999999356,2
0.1,10,3,2,2,HEUR,161.58820187737936,integer optimal solution,0.9,1.0,1,36,0.0,0.008442900000000364,2
0.1,10,3,2,2,B4,161.58820187737933,integer optimal solution,0.9,1.0,1,2081,1.8786759999999996,0.05561419999999995,2
0.1,10,3,2,9,B1,175.9496379936466,integer optimal solution,1.0,0.0,0,31,0.0,0.003592300000001103,3
0.1,10,3,2,9,B2,175.9496379936466,integer optimal solution,1.0,0.0,0,226,0.0,0.014518499999999435,3
0.1,10,3,2,9,B3,175.9496379936466,integer optimal solution,1.0,0.0,0,866,0.2698158000000008,0.038111899999998755,3
0.1,10,3,2,9,HEUR,175.9496379936466,integer optimal solution,1.0,0.0,0,53,0.0,0.00681820000000144,3
0.1,10,3,2,9,B4,175.9496379936466,integer optimal solution,1.0,0.0,0,2235,1.959530599999999,0.060599800000000315,3
0.1,10,3,2,16,B1,163.4000483208153,integer optimal solution,1.0,0.0,0,30,0.0,0.003490599999999233,2
0.1,10,3,2,16,B2,163.4000483208153,integer optimal solution,1.0,0.0,0,198,0.0,0.014706099999999722,2
0.1,10,3,2,16,B3,161.4566753071876,integer optimal solution,0.7,3.0,1,696,0.23889519999999997,0.03536070000000002,2
0.1,10,3,2,16,HEUR,163.4000483208153,integer optimal solution,1.0,0.0,0,42,0.0,0.006174899999999539,2
0.1,10,3,2,16,B4,161.45667530718757,integer optimal solution,0.7,3.0,1,1602,1.2759988,0.05612230000000018,2
0.1,10,3,2,23,B1,119.51857251446211,integer optimal solution,0.9,1.0,1,34,0.0,0.004777699999999996,2
0.1,10,3,2,23,B2,119.51857251446211,integer optimal solution,0.9,1.0,1,202,0.0,0.013521599999998912,2
0.1,10,3,2,23,B3,119.51857251446211,integer optimal solution,0.9,1.0,1,732,0.24600209999999834,0.035791200000000245,2
0.1,10,3,2,23,HEUR,119.51857251446211,integer optimal solution,0.9,1.0,1,48,0.0,0.0072784999999999656,2
0.1,10,3,2,23,B4,119.51857251446211,integer optimal solution,0.9,1.0,1,1796,1.7888470000000005,0.060722900000000024,2
0.1,10,2,3,5,B1,180.5640080902653,integer optimal solution,0.9,1.0,1,20,0.0,0.009357099999999008,1
0.1,10,2,3,5,B2,180.5640080902653,integer optimal solution,0.9,1.0,1,135,0.0,0.010121800000000292,1
0.1,10,2,3,5,B3,180.5640080902653,integer optimal solution,0.9,1.0,1,478,0.18655640000000062,0.03701889999999963,1
0.1,10,2,3,5,HEUR,180.5640080902653,integer optimal solution,0.9,1.0,1,26,0.0,0.005351800000001461,1
0.1,10,2,3,5,B4,180.5640080902653,integer optimal solution,0.9,1.0,1,1128,1.0319140000000004,0.047155599999999964,1
0.1,10,2,3,12,B1,200.5319324141281,integer optimal solution,1.0,0.0,0,20,0.0,0.004447599999998886,4
0.1,10,2,3,12,B2,200.53193241412814,integer optimal solution,1.0,0.0,0,153,0.0,0.019249999999999545,4
0.1,10,2,3,12,B3,200.53193241412814,integer optimal solution,1.0,0.0,0,562,0.214224999999999,0.04071219999999798,4
0.1,10,2,3,12,HEUR,200.53193241412814,integer optimal solution,1.0,0.0,0,43,0.0,0.007439999999999003,4
0.1,10,2,3,12,B4,200.53193241412814,integer optimal solution,1.0,0.0,0,1378,1.2926835999999984,0.05738640000000217,4
0.1,10,2,3,19,B1,180.72846409186207,integer optimal solution,1.0,0.0,0,20,0.0,0.003808799999998058,2
0.1,10,2,3,19,B2,179.92828886403476,integer optimal solution,0.8,2.0,1,151,0.0,0.009327800000001218,2
0.1,10,2,3,19,B3,179.92828886403476,integer optimal solution,0.8,2.0,1,575,0.24093039999999988,0.03258029999999934,2
0.1,10,2,3,19,HEUR,179.9282888640348,integer optimal solution,0.8,2.0,1,29,0.0,0.0067747999999987485,2
0.1,10,2,3,19,B4,179.92828886403478,integer optimal solution,0.8,2.0,1,1449,1.4166325999999998,0.05449300000000079,2
0.1,10,3,3,1,B1,180.71983956837155,integer optimal solution,0.9,1.0,1,32,0.0,0.004892700000002748,2
0.1,10,3,3,1,B2,180.71983956837153,integer optimal solution,0.9,1.0,1,230,0.0,0.013701499999999811,2
0.1,10,3,3,1,B3,180.71983956837155,integer optimal solution,0.9,1.0,1,849,0.38261010000000084,0.03760710000000245,2
0.1,10,3,3,1,HEUR,180.71983956837155,integer optimal solution,0.9,1.0,1,56,0.0,0.005333499999998992,2
0.1,10,3,3,1,B4,180.71983956837155,integer optimal solution,0.9,1.0,1,2108,2.846686000000002,0.07111989999999935,2
0.1,10,3,3,8,B1,149.8072924901106,integer optimal solution,0.8,1.0,2,34,0.0,0.00889839999999964,1
0.1,10,3,3,8,B2,149.8072924901106,integer optimal solution,0.8,1.0,2,196,0.0,0.01339060000000103,1
0.1,10,3,3,8,B3,146.32840364098763,integer optimal solution,0.7,3.0,1,642,0.23175859999999915,0.0364161999999979,1
0.1,10,3,3,8,HEUR,146.32840364098763,integer optimal solution,0.7,3.0,1,39,0.0,0.00524430000000109,1
0.1,10,3,3,8,B4,146.32840364098763,integer optimal solution,0.7,3.0,1,1486,1.4858563999999994,0.048883700000001085,1
0.1,10,3,3,15,B1,142.78649948161004,integer optimal solution,1.0,0.0,0,31,0.0,0.002521999999999025,2
0.1,10,3,3,15,B2,142.78649948161004,integer optimal solution,1.0,0.0,0,196,0.0,0.012407700000000688,2
0.1,10,3,3,15,B3,142.78649948161004,integer optimal solution,1.0,0.0,0,711,0.29037300000000243,0.032717300000001615,2
0.1,10,3,3,15,HEUR,142.78649948161004,integer optimal solution,1.0,0.0,0,43,0.0,0.0061765999999998655,2
0.1,10,3,3,15,B4,142.78649948161004,integer optimal solution,1.0,0.0,0,1764,1.9416080000000022,0.050093899999996694,2
0.1,10,3,3,22,B1,140.4851343257632,integer optimal solution,1.0,0.0,0,30,0.0,0.004473799999999528,3
0.1,10,3,3,22,B2,139.08519335506952,integer optimal solution,0.8,2.0,1,204,0.0,0.011167300000000324,3
0.1,10,3,3,22,B3,137.06498096046698,integer optimal solution,0.7,3.0,1,739,0.31955199999999806,0.035688900000000245,3
0.1,10,3,3,22,HEUR,139.08519335506952,integer optimal solution,0.8,2.0,1,51,0.0,0.007579800000002024,3
0.1,10,3,3,22,B4,135.5962184937028,integer optimal solution,0.6,4.0,1,1751,1.651056299999997,0.054877799999999866,3
0.1,15,2,2,4,B1,245.6219047376623,integer optimal solution,0.8,1.0,3,36,0.0,0.0055970000000016285,5
0.1,15,2,2,4,B2,231.66551211767046,integer optimal solution,0.6,1.5,4,358,0.0,0.01884000000000441,5
0.1,15,2,2,4,B3,227.02216047366005,integer optimal solution,0.6666666666666666,1.6666666666666667,3,2079,1.0241544000000005,0.05148179999999769,5
0.1,15,2,2,4,HEUR,232.35014490779838,integer optimal solution,0.7333333333333333,2.0,2,60,0.0,0.007537499999997976,5
0.1,15,2,2,4,B4,215.62251472364892,integer optimal solution,0.3333333333333333,2.5,4,7810,13.930674899999996,0.1827238000000051,5
0.1,15,2,2,11,B1,230.94161374172387,integer optimal solution,0.9333333333333333,1.0,1,33,0.0,0.004810700000000168,3
0.1,15,2,2,11,B2,229.42227898996975,integer optimal solution,0.8,1.5,2,328,0.0,0.01572389999999757,3
0.1,15,2,2,11,B3,228.0178307617851,integer optimal solution,0.7333333333333333,2.0,2,1868,0.7413574999999994,0.049182399999999404,3
0.1,15,2,2,11,HEUR,228.0178307617851,integer optimal solution,0.7333333333333333,2.0,2,51,0.0,0.009878000000000497,3
0.1,15,2,2,11,B4,227.24400352948163,integer optimal solution,0.7333333333333333,4.0,1,7211,8.758940500000001,0.18572430000000395,3
0.1,15,2,2,18,B1,229.0549604362404,integer optimal solution,1.0,0.0,0,31,0.0,0.0025905999999906726,6
0.1,15,2,2,18,B2,229.05496043624044,integer optimal solution,1.0,0.0,0,323,0.0,0.023870999999999754,6
0.1,15,2,2,18,B3,228.1107573421631,integer optimal solution,0.8,3.0,1,1784,0.8219378000000006,0.049921399999988125,6
0.1,15,2,2,18,HEUR,229.05496043624044,integer optimal solution,1.0,0.0,0,59,0.0,0.0077184000000016795,6
0.1,15,2,2,18,B4,227.69964733905326,integer optimal solution,0.7333333333333333,4.0,1,6647,9.964961199999998,0.17209909999999695,6
0.1,15,3,2,0,B1,233.9372572842855,integer optimal solution,0.9333333333333333,1.0,1,46,0.0,0.003607500000001096,4
0.1,15,3,2,0,B2,232.0035243223288,integer optimal solution,0.8,1.5,2,492,0.0,0.021777000000000157,4
0.1,15,3,2,0,B3,231.05417098027732,integer optimal solution,0.7333333333333333,2.0,2,2969,1.0755351000000104,0.06402820000000986,4
0.1,15,3,2,0,HEUR,233.9372572842855,integer optimal solution,0.9333333333333333,1.0,1,76,0.0,0.008676400000013018,4
0.1,15,3,2,0,B4,231.05417098027732,integer optimal solution,0.7333333333333333,2.0,2,11758,15.160083400000005,0.2585285999999911,4
0.1,15,3,2,7,B1,267.68082549571585,integer optimal solution,0.9333333333333333,1.0,1,46,0.0,0.0036325999999888836,2
0.1,15,3,2,7,B2,267.68082549571585,integer optimal solution,0.9333333333333333,1.0,1,485,0.0,0.02494109999999239,2
0.1,15,3,2,7,B3,267.68082549571585,integer optimal solution,0.9333333333333333,1.0,1,2814,1.1712336000000079,0.06136819999998977,2
0.1,15,3,2,7,HEUR,267.6808254957158,integer optimal solution,0.9333333333333333,1.0,1,64,0.0,0.006450299999997355,2
0.1,15,3,2,7,B4,267.68082549571585,integer optimal solution,0.9333333333333333,1.0,1,10953,13.236314100000001,0.271704100000008,2
0.1,15,3,2,14,B1,258.59776006640186,integer optimal solution,0.8666666666666667,1.0,2,49,0.0,0.0045785000000080345,3
0.1,15,3,2,14,B2,258.59776006640186,integer optimal solution,0.8666666666666667,1.0,2,500,0.0,0.022072699999995393,3
0.1,15,3,2,14,B3,257.86725307029076,integer optimal solution,0.8,3.0,1,2954,1.002203300000005,0.07278099999999199,3
0.1,15,3,2,14,HEUR,258.59776006640186,integer optimal solution,0.8666666666666667,1.0,2,69,0.0,0.010109099999993987,3
0.1,15,3,2,14,B4,254.25646154000142,integer optimal solution,0.7333333333333333,4.0,1,11741,13.598173100000011,0.26994830000001,3
0.1,15,3,2,21,B1,272.32179259458604,integer optimal solution,1.0,0.0,0,48,0.0,0.020193999999989387,4
0.1,15,3,2,21,B2,272.32179259458604,integer optimal solution,1.0,0.0,0,504,0.0,0.02704629999999497,4
0.1,15,3,2,21,B3,270.74825992749066,integer optimal solution,0.8,3.0,1,2840,1.0885274999999979,0.06549490000000446,4
0.1,15,3,2,21,HEUR,272.32179259458604,integer optimal solution,1.0,0.0,0,75,0.0,0.0060780999999963115,4
0.1,15,3,2,21,B4,263.2900236008833,integer optimal solution,0.7333333333333333,4.0,1,10446,13.1238278,0.2322711000000055,4
0.1,15,2,3,3,B1,219.13420936727758,integer optimal solution,0.8666666666666667,1.0,2,36,0.0,0.004725900000011052,4
0.1,15,2,3,3,B2,219.13420936727755,integer optimal solution,0.8666666666666667,1.0,2,299,0.0,0.01709410000000844,4
0.1,15,2,3,3,B3,219.13420936727758,integer optimal solution,0.8666666666666667,1.0,2,1680,0.8448151000000053,0.04278709999999819,4
0.1,15,2,3,3,HEUR,219.13420936727758,integer optimal solution,0.8666666666666667,1.0,2,56,0.0,0.005593399999980875,4
0.1,15,2,3,3,B4,219.13420936727758,integer optimal solution,0.8666666666666667,1.0,2,6567,10.837473400000007,0.18994100000000458,4
0.1,15,2,3,10,B1,205.56565011347362,integer optimal solution,0.9333333333333333,1.0,1,36,0.0,0.003423700000013241,4
0.1,15,2,3,10,B2,205.56565011347362,integer optimal solution,0.9333333333333333,1.0,1,353,0.0,0.017626000000007025,4
0.1,15,2,3,10,B3,205.56565011347362,integer optimal solution,0.9333333333333333,1.0,1,2172,1.2557345999999825,0.04865439999997534,4
0.1,15,2,3,10,HEUR,205.56565011347362,integer optimal solution,0.9333333333333333,1.0,1,52,0.0,0.0075482999999962885,4
0.1,15,2,3,10,B4,205.56565011347362,integer optimal solution,0.9333333333333333,1.0,1,9024,19.73913490000001,0.19854469999998514,4
0.1,15,2,3,17,B1,304.86824258352436,integer optimal solution,0.9333333333333333,1.0,1,33,0.0,0.0036522000000047683,4
0.1,15,2,3,17,B2,304.8682425835243,integer optimal solution,0.9333333333333333,1.0,1,355,0.0,0.017514199999993707,4
0.1,15,2,3,17,B3,304.86824258352436,integer optimal solution,0.9333333333333333,1.0,1,2167,1.0457265000000007,0.053602200000000266,4
0.1,15,2,3,17,HEUR,304.8682425835243,integer optimal solution,0.9333333333333333,1.0,1,51,0.0,0.005170600000013792,4
0.1,15,2,3,17,B4,304.86824258352436,integer optimal solution,0.9333333333333333,1.0,1,9007,15.290845199999978,0.199025899999981,4
0.1,15,2,3,24,B1,259.44214393658825,integer optimal solution,0.8666666666666667,1.0,2,38,0.0,0.005442400000021053,4
0.1,15,2,3,24,B2,252.37068599107292,integer optimal solution,0.7333333333333333,2.0,2,321,0.0,0.016779799999994793,4
0.1,15,2,3,24,B3,247.52219566871221,integer optimal solution,0.6,3.0,2,1810,0.9211460999999872,0.0448447999999928,4
0.1,15,2,3,24,HEUR,258.65690549707494,integer optimal solution,0.7333333333333333,2.0,2,55,0.0,0.006117999999986523,4
0.1,15,2,3,24,B4,244.2127151470273,integer optimal solution,0.7333333333333333,4.0,1,7122,11.225473099999988,0.17866820000000416,4
0.1,15,3,3,6,B1,193.0020129315284,integer optimal solution,1.0,0.0,0,48,0.0,0.004523799999986977,3
0.1,15,3,3,6,B2,193.00201293152838,integer optimal solution,1.0,0.0,0,482,0.0,0.02593109999997978,3
0.1,15,3,3,6,B3,193.00201293152838,integer optimal solution,1.0,0.0,0,2810,1.073262299999982,0.06555900000000747,3
0.1,15,3,3,6,HEUR,193.00201293152838,integer optimal solution,1.0,0.0,0,66,0.0,0.00536439999999061,3
0.1,15,3,3,6,B4,189.2258476360949,integer optimal solution,0.7333333333333333,4.0,1,11170,14.02382879999999,0.24953890000000456,3
0.1,15,3,3,13,B1,248.95526467239398,integer optimal solution,0.8666666666666667,1.0,2,49,0.0,0.0035833000000025095,3
0.1,15,3,3,13,B2,241.8294325598354,integer optimal solution,0.6666666666666666,1.6666666666666667,3,436,0.0,0.022651100000018687,3
0.1,15,3,3,13,B3,238.07220182623,integer optimal solution,0.7333333333333333,2.0,2,2518,1.1093122999999991,0.0634967999999958,3
0.1,15,3,3,13,HEUR,239.35489172739562,integer optimal solution,0.6666666666666666,2.5,2,61,0.0,0.005290999999999713,3
0.1,15,3,3,13,B4,233.7170185563252,integer optimal solution,0.6666666666666666,2.5,2,10176,13.788549999999987,0.24623130000000515,3
0.1,15,3,3,20,B1,255.20698009272337,integer optimal solution,0.9333333333333333,1.0,1,50,0.0,0.004512399999981653,4
0.1,15,3,3,20,B2,242.65531563784765,integer optimal solution,0.8,1.5,2,474,0.0,0.022844999999989568,4
0.1,15,3,3,20,B3,235.91549172562895,integer optimal solution,0.5333333333333333,2.3333333333333335,3,2644,1.1649450999999829,0.0610527999999988,4
0.1,15,3,3,20,HEUR,236.7048045822578,integer optimal solution,0.7333333333333333,2.0,2,76,0.0,0.005701500000014903,4
0.1,15,3,3,20,B4,230.6146304615454,integer optimal solution,0.6666666666666666,2.5,2,9802,14.52149829999999,0.2457828999999947,4
0.1,20,2,2,2,B1,327.8117418654248,integer optimal solution,0.95,1.0,1,45,0.0,0.004722900000018626,6
0.1,20,2,2,2,B2,327.8117418654248,integer optimal solution,0.95,1.0,1,549,0.0,0.03085930000000303,6
0.1,20,2,2,2,B3,327.1626976819469,integer optimal solution,0.8,2.0,2,4146,1.8848031999999932,0.10035060000001295,6
0.1,20,2,2,2,HEUR,327.8117418654247,integer optimal solution,0.95,1.0,1,70,0.0,0.010167700000010882,6
0.1,20,2,2,9,B1,339.78390074639356,integer optimal solution,0.95,1.0,1,46,0.0,0.00394690000001674,6
0.1,20,2,2,9,B2,339.78390074639367,integer optimal solution,0.95,1.0,1,595,0.0,0.028955400000000964,6
0.1,20,2,2,9,B3,336.9331943194211,integer optimal solution,0.8,2.0,2,4650,2.264794299999977,0.10525429999998437,6
0.1,20,2,2,9,HEUR,339.7839007463936,integer optimal solution,0.95,1.0,1,69,0.0,0.008957799999990357,6
0.1,20,2,2,16,B1,357.73052452364544,integer optimal solution,0.95,1.0,1,42,0.0,0.004051699999990888,7
0.1,20,2,2,16,B2,357.73052452364544,integer optimal solution,0.95,1.0,1,610,0.0,0.029155699999989793,7
0.1,20,2,2,16,B3,351.7596880053947,integer optimal solution,0.8,2.0,2,4814,2.357720499999999,0.1006215000000168,7
0.1,20,2,2,16,HEUR,357.7305245236455,integer optimal solution,0.95,1.0,1,68,0.0,0.007101800000015146,7
0.1,20,2,2,23,B1,352.1100637073601,integer optimal solution,0.95,1.0,1,45,0.0,0.004012600000010025,6
0.1,20,2,2,23,B2,352.11006370736004,integer optimal solution,0.95,1.0,1,566,0.0,0.03197529999999915,6
0.1,20,2,2,23,B3,352.11006370736004,integer optimal solution,0.95,1.0,1,4446,1.9418546999999933,0.09223010000002319,6
0.1,20,2,2,23,HEUR,352.11006370736015,integer optimal solution,0.95,1.0,1,73,0.0,0.0078036999999824275,6
0.1,20,3,2,5,B1,314.0121315115475,integer optimal solution,0.85,1.0,3,65,0.0,0.006424900000013167,5
0.1,20,3,2,5,B2,307.86306178468953,integer optimal solution,0.75,1.6666666666666667,3,787,0.0,0.033887500000020054,5
0.1,20,3,2,5,B3,305.75744395284147,integer optimal solution,0.7,3.0,2,5981,2.188098200000013,0.1439081999999985,5
0.1,20,3,2,5,HEUR,308.36034210076144,integer optimal solution,0.8,2.0,2,100,0.0,0.00623769999998558,5
0.1,20,3,2,12,B1,320.3729808410931,integer optimal solution,0.85,1.0,3,69,0.0,0.008089799999993375,5
0.1,20,3,2,12,B2,316.86933993199005,integer optimal solution,0.85,1.5,2,841,0.0,0.028320100000001958,5
0.1,20,3,2,12,B3,312.1657096612086,integer optimal solution,0.8,2.0,2,6119,2.6852415999999835,0.15192619999999124,5
0.1,20,3,2,12,HEUR,320.3729808410931,integer optimal solution,0.85,1.0,3,104,0.0,0.007499599999988504,5
0.1,20,3,2,19,B1,309.25974885475046,integer optimal solution,0.9,1.0,2,65,0.0,0.0031538000000068678,5
0.1,20,3,2,19,B2,306.31452263565643,integer optimal solution,0.9,2.0,1,860,0.0,0.03528430000000071,5
0.1,20,3,2,19,B3,306.31452263565654,integer optimal solution,0.9,2.0,1,6871,2.444170700000001,0.16714020000000573,5
0.1,20,3,2,19,HEUR,306.31452263565654,integer optimal solution,0.9,2.0,1,95,0.0,0.01094349999999622,5
0.1,20,2,3,1,B1,303.5942117244407,integer optimal solution,0.95,1.0,1,40,0.0,0.0041387999999926706,7
0.1,20,2,3,1,B2,301.7037717899873,integer optimal solution,0.9,2.0,1,577,0.0,0.026976399999995238,7
0.1,20,2,3,1,B3,299.54231057253514,integer optimal solution,0.85,3.0,1,4253,2.6020613999999966,0.08614919999999415,7
0.1,20,2,3,1,HEUR,303.5942117244407,integer optimal solution,0.95,1.0,1,69,0.0,0.004764800000003788,7
0.1,20,2,3,8,B1,303.80762350798835,integer optimal solution,0.9,1.0,2,44,0.0,0.0060647999999901,7
0.1,20,2,3,8,B2,303.09473649589853,integer optimal solution,0.8,1.3333333333333333,3,599,0.0,0.029526400000008834,7
0.1,20,2,3,8,B3,300.5353205780896,integer optimal solution,0.75,1.6666666666666667,3,4854,2.774758300000002,0.10744089999997186,7
0.1,20,2,3,8,HEUR,303.3916712127365,integer optimal solution,0.8,1.3333333333333333,3,69,0.0,0.010558300000013787,7
0.1,20,2,3,15,B1,348.2304531979348,integer optimal solution,0.9,1.0,2,44,0.0,0.0044321999999965556,6
0.1,20,2,3,15,B2,348.2304531979348,integer optimal solution,0.9,1.0,2,528,0.0,0.028968300000030922,6
0.1,20,2,3,15,B3,348.2304531979348,integer optimal solution,0.9,1.0,2,4054,2.2368419000000017,0.0953989000000206,6
0.1,20,2,3,15,HEUR,348.2304531979348,integer optimal solution,0.9,1.0,2,65,0.0,0.004896900000005644,6
0.1,20,2,3,22,B1,333.9675243949348,integer optimal solution,0.95,1.0,1,42,0.0,0.002653800000018691,5
0.1,20,2,3,22,B2,319.14275594315455,integer optimal solution,0.75,1.6666666666666667,3,556,0.0,0.02232230000004165,5
0.1,20,2,3,22,B3,308.10163352805654,integer optimal solution,0.7,3.0,2,4132,2.393181900000002,0.09983479999999645,5
0.1,20,2,3,22,HEUR,322.7024859839528,integer optimal solution,0.75,2.5,2,61,0.0,0.008492399999965983,5
0.1,20,3,3,4,B1,315.290176507583,integer optimal solution,0.85,1.0,3,72,0.0,0.005888200000015331,6
0.1,20,3,3,4,B2,313.4980492844126,integer optimal solution,0.8,1.3333333333333333,3,831,0.0,0.032046299999990424,6
0.1,20,3,3,4,B3,309.9778375332468,integer optimal solution,0.7,2.0,3,6055,2.957901800000002,0.15261930000002621,6
0.1,20,3,3,4,HEUR,313.4980492844127,integer optimal solution,0.8,1.3333333333333333,3,111,0.0,0.0068400000000110595,6
0.1,20,3,3,11,B1,301.6458703158164,integer optimal solution,0.85,1.0,3,67,0.0,0.007948399999975209,5
0.1,20,3,3,11,B2,301.0741647842542,integer optimal solution,0.8,1.3333333333333333,3,841,0.0,0.0354727000000139,5
0.1,20,3,3,11,B3,301.0741647842542,integer optimal solution,0.8,1.3333333333333333,3,6514,2.97753739999996,0.15461109999995415,5
0.1,20,3,3,11,HEUR,301.6458703158164,integer optimal solution,0.85,1.0,3,101,0.0,0.009601399999951354,5
0.1,20,3,3,18,B1,305.83590349979744,integer optimal solution,0.9,1.0,2,65,0.0,0.005332099999975526,7
0.1,20,3,3,18,B2,299.8789705143047,integer optimal solution,0.75,1.6666666666666667,3,834,0.0,0.03961429999998245,7
0.1,20,3,3,18,B3,295.5044071094989,integer optimal solution,0.7,2.0,3,6251,2.8054404999999747,0.19963450000000194,7
0.1,20,3,3,18,HEUR,301.12089808686994,integer optimal solution,0.75,1.6666666666666667,3,109,0.0,0.01367640000000847,7
0.3,10,2,2,0,B1,182.40507901338788,integer optimal solution,1.0,0.0,0,20,0.0,0.003644600000029641,2
0.3,10,2,2,0,B2,182.40507901338788,integer optimal solution,1.0,0.0,0,140,0.0,0.009845499999983076,2
0.3,10,2,2,0,B3,182.40507901338788,integer optimal solution,1.0,0.0,0,532,0.22508170000003247,0.026793300000008458,2
0.3,10,2,2,0,HEUR,182.4050790133879,integer optimal solution,1.0,0.0,0,32,0.0,0.0026933999999982916,2
0.3,10,2,2,0,B4,182.40507901338788,integer optimal solution,1.0,0.0,0,1324,1.558542999999986,0.046641099999988,2
0.3,10,2,2,7,B1,169.63587481458177,integer optimal solution,1.0,0.0,0,22,0.0,0.003932900000052086,3
0.3,10,2,2,7,B2,169.63587481458174,integer optimal solution,1.0,0.0,0,138,0.0,0.00796139999999923,3
0.3,10,2,2,7,B3,169.63587481458174,integer optimal solution,1.0,0.0,0,536,0.2219235000000026,0.02800960000001851,3
0.3,10,2,2,7,HEUR,169.63587481458174,integer optimal solution,1.0,0.0,0,32,0.0,0.003998899999999139,3
0.3,10,2,2,7,B4,169.63587481458174,integer optimal solution,1.0,0.0,0,1417,1.826606800000036,0.04913269999997283,3
0.3,10,2,2,14,B1,152.79854823236977,integer optimal solution,0.9,1.0,1,25,0.0,0.004346499999996922,2
0.3,10,2,2,14,B2,152.79854823236974,integer optimal solution,0.9,1.0,1,152,0.0,0.009629099999983737,2
0.3,10,2,2,14,B3,152.79854823236974,integer optimal solution,0.9,1.0,1,547,0.20174389999999676,0.03119659999998703,2
0.3,10,2,2,14,HEUR,152.79854823236977,integer optimal solution,0.9,1.0,1,32,0.0,0.0051025999999865235,2
0.3,10,2,2,14,B4,152.79854823236974,integer optimal solution,0.9,1.0,1,1353,1.3882247000000234,0.04928999999998496,2
0.3,10,2,2,21,B1,161.07946038859814,integer optimal solution,0.9,1.0,1,24,0.0,0.0038187999999763633,3
0.3,10,2,2,21,B2,161.07946038859814,integer optimal solution,0.9,1.0,1,164,0.0,0.009295899999983703,3
0.3,10,2,2,21,B3,161.07946038859814,integer optimal solution,0.9,1.0,1,620,0.28436890000000403,0.031193900000005215,3
0.3,10,2,2,21,HEUR,161.07946038859814,integer optimal solution,0.9,1.0,1,40,0.0,0.005525200000022323,3
0.3,10,2,2,21,B4,161.07946038859814,integer optimal solution,0.9,1.0,1,1493,1.9725757999999587,0.04964799999999059,3
0.3,10,3,2,3,B1,197.481865161579,integer optimal solution,1.0,0.0,0,31,0.0,0.0033106000000202584,2
0.3,10,3,2,3,B2,197.481865161579,integer optimal solution,1.0,0.0,0,255,0.0,0.01114719999998215,2
0.3,10,3,2,3,B3,197.48186516157904,integer optimal solution,1.0,0.0,0,958,0.25466030000001183,0.028306199999974524,2
0.3,10,3,2,3,HEUR,197.48186516157898,integer optimal solution,1.0,0.0,0,50,0.0,0.005143099999997958,2
0.3,10,3,2,3,B4,197.481865161579,integer optimal solution,1.0,0.0,0,2391,1.9474485000000072,0.05359010000000808,2
0.3,10,3,2,10,B1,142.57081211729718,integer optimal solution,0.8,1.0,2,35,0.0,0.004598200000032193,4
0.3,10,3,2,10,B2,139.05706372319997,integer optimal solution,0.7,1.5,2,205,0.0,0.011080600000013874,4
0.3,10,3,2,10,B3,137.15711467250526,integer optimal solution,0.6,2.0,2,751,0.27343440000004193,0.031872599999985596,4
0.3,10,3,2,10,HEUR,139.05706372319997,integer optimal solution,0.7,1.5,2,55,0.0,0.007968899999980295,4
0.3,10,3,2,10,B4,136.32098042809204,integer optimal solution,0.6,4.0,1,1873,1.6973838000000114,0.050520000000005894,4
0.3,10,3,2,17,B1,205.7897270113018,integer optimal solution,1.0,0.0,0,30,0.0,0.004056999999988875,3
0.3,10,3,2,17,B2,205.78972701130186,integer optimal solution,1.0,0.0,0,235,0.0,0.010249899999962508,3
0.3,10,3,2,17,B3,205.7897270113018,integer optimal solution,1.0,0.0,0,998,0.24129130000000032,0.03300590000003467,3
0.3,10,3,2,17,HEUR,205.78972701130186,integer optimal solution,1.0,0.0,0,51,0.0,0.004834200000004785,3
0.3,10,3,2,17,B4,205.78972701130186,integer optimal solution,1.0,0.0,0,2779,1.926517600000011,0.06089950000000499,3
0.3,10,3,2,24,B1,132.29137989784326,integer optimal solution,0.9,1.0,1,33,0.0,0.003493999999989228,1
0.3,10,3,2,24,B2,132.29137989784326,integer optimal solution,0.9,1.0,1,209,0.0,0.011065900000005513,1
0.3,10,3,2,24,B3,132.29137989784323,integer optimal solution,0.9,1.0,1,768,0.24671050000000605,0.030923799999982293,1
0.3,10,3,2,24,HEUR,132.29137989784326,integer optimal solution,0.9,1.0,1,41,0.0,0.004081200000030094,1
0.3,10,3,2,24,B4,132.29137989784326,integer optimal solution,0.9,1.0,1,1965,1.5603898999999615,0.05920840000004546,1
0.3,10,2,3,6,B1,174.69301991901696,integer optimal solution,1.0,0.0,0,21,0.0,0.003930099999990944,3
0.3,10,2,3,6,B2,174.693019919017,integer optimal solution,1.0,0.0,0,161,0.0,0.012928600000009283,3
0.3,10,2,3,6,B3,174.69301991901696,integer optimal solution,1.0,0.0,0,614,0.27354509999997845,0.031086500000014894,3
0.3,10,2,3,6,HEUR,174.693019919017,integer optimal solution,1.0,0.0,0,34,0.0,0.005673099999967235,3
0.3,10,2,3,6,B4,174.69301991901696,integer optimal solution,1.0,0.0,0,1475,1.9348175000000083,0.047679400000049554,3
0.3,10,2,3,13,B1,129.8040508169775,integer optimal solution,0.9,1.0,1,22,0.0,0.003930100000047787,2
0.3,10,2,3,13,B2,129.8040508169775,integer optimal solution,0.9,1.0,1,130,0.0,0.008037999999999101,2
0.3,10,2,3,13,B3,129.71630309921005,integer optimal solution,0.7,3.0,1,447,0.19609610000003386,0.02716859999998178,2
0.3,10,2,3,13,HEUR,129.8040508169775,integer optimal solution,0.9,1.0,1,29,0.0,0.0053134000000341075,2
0.3,10,2,3,13,B4,129.71630309921005,integer optimal solution,0.7,3.0,1,996,1.0589443000000074,0.04358079999997244,2
0.3,10,2,3,20,B1,134.6976159422081,integer optimal solution,0.9,1.0,1,27,0.0,0.00417779999997947,2
0.3,10,2,3,20,B2,134.69761594220813,integer optimal solution,0.9,1.0,1,142,0.0,0.007564899999977115,2
0.3,10,2,3,20,B3,134.6976159422081,integer optimal solution,0.9,1.0,1,507,0.24992270000001326,0.02916179999999713,2
0.3,10,2,3,20,HEUR,134.69761594220813,integer optimal solution,0.9,1.0,1,34,0.0,0.0034334999999714455,2
0.3,10,2,3,20,B4,134.6976159422081,integer optimal solution,0.9,1.0,1,1212,1.6673287000000414,0.04491399999994883,2
0.3,10,3,3,2,B1,147.99578741349467,integer optimal solution,0.8,1.0,2,37,0.0,0.005384800000001633,4
0.3,10,3,3,2,B2,142.0458603320034,integer optimal solution,0.7,1.5,2,209,0.0,0.01052130000005036,4
0.3,10,3,3,2,B3,142.0458603320034,integer optimal solution,0.7,1.5,2,767,0.3365398000000255,0.031022199999995337,4
0.3,10,3,3,2,HEUR,142.0458603320034,integer optimal solution,0.7,1.5,2,61,0.0,0.0072230000000104155,4
0.3,10,3,3,2,B4,142.0458603320034,integer optimal solution,0.7,1.5,2,1878,2.071780199999978,0.0514107999999851,4
0.3,10,3,3,9,B1,151.7196176925704,integer optimal solution,1.0,0.0,0,30,0.0,0.0027757000000292464,2
0.3,10,3,3,9,B2,151.7196176925704,integer optimal solution,1.0,0.0,0,231,0.0,0.011733300000003055,2
0.3,10,3,3,9,B3,151.7196176925704,integer optimal solution,1.0,0.0,0,919,0.325060800000017,0.03529720000000225,2
0.3,10,3,3,9,HEUR,151.7196176925704,integer optimal solution,1.0,0.0,0,44,0.0,0.006583400000010897,2
0.3,10,3,3,9,B4,151.7196176925704,integer optimal solution,1.0,0.0,0,2434,2.5467897000000335,0.05226879999997891,2
0.3,10,3,3,16,B1,177.94308549931733,integer optimal solution,0.9,1.0,1,31,0.0,0.00382009999998445,3
0.3,10,3,3,16,B2,172.40967984179764,integer optimal solution,0.7,1.5,2,216,0.0,0.012941699999998946,3
0.3,10,3,3,16,B3,167.2744629780075,integer optimal solution,0.7,3.0,1,747,0.25410110000001396,0.03401400000001331,3
0.3,10,3,3,16,HEUR,174.9385716098784,integer optimal solution,0.8,2.0,1,47,0.0,0.006259499999998752,3
0.3,10,3,3,16,B4,167.2744629780075,integer optimal solution,0.7,3.0,1,1734,1.4700244999999654,0.04743610000002718,3
0.3,10,3,3,23,B1,165.95074332708836,integer optimal solution,0.9,1.0,1,32,0.0,0.00366860000002589,3
0.3,10,3,3,23,B2,165.95074332708836,integer optimal solution,0.9,1.0,1,236,0.0,0.014509400000008554,3
0.3,10,3,3,23,B3,165.95074332708836,integer optimal solution,0.9,1.0,1,873,0.3768289000000209,0.03886400000004642,3
0.3,10,3,3,23,HEUR,165.95074332708836,integer optimal solution,0.9,1.0,1,55,0.0,0.004636399999981222,3
0.3,10,3,3,23,B4,165.95074332708833,integer optimal solution,0.9,1.0,1,2126,2.925275899999974,0.052380200000015975,3
0.3,15,2,2,5,B1,231.61833624963398,integer optimal solution,0.9333333333333333,1.0,1,33,0.0,0.0035557999999582535,3
0.3,15,2,2,5,B2,231.618336249634,integer optimal solution,0.9333333333333333,1.0,1,347,0.0,0.016039200000022902,3
0.3,15,2,2,5,B3,229.84513710908794,integer optimal solution,0.7333333333333333,2.0,2,1888,0.8679472999999689,0.04074179999997796,3
0.3,15,2,2,5,HEUR,231.61833624963398,integer optimal solution,0.9333333333333333,1.0,1,49,0.0,0.0052805000000262226,3
0.3,15,2,2,5,B4,225.0403378939761,integer optimal solution,0.6666666666666666,2.5,2,6741,11.932599800000048,0.15889979999997195,3
0.3,15,2,2,12,B1,292.0312984032478,integer optimal solution,0.8666666666666667,1.0,2,33,0.0,0.005030499999975291,4
0.3,15,2,2,12,B2,292.0312984032478,integer optimal solution,0.8666666666666667,1.0,2,308,0.0,0.017210400000010395,4
0.3,15,2,2,12,B3,284.15935899508355,integer optimal solution,0.7333333333333333,2.0,2,1712,0.6987553999999818,0.044264099999963946,4
0.3,15,2,2,12,HEUR,292.0312984032478,integer optimal solution,0.8666666666666667,1.0,2,45,0.0,0.006009500000004664,4
0.3,15,2,2,12,B4,277.7423695226827,integer optimal solution,0.6666666666666666,2.5,2,6621,8.073121399999991,0.15195380000000114,4
0.3,15,2,2,19,B1,199.83083779092448,integer optimal solution,1.0,0.0,0,33,0.0,0.003340999999977612,4
0.3,15,2,2,19,B2,199.83083779092448,integer optimal solution,1.0,0.0,0,321,0.0,0.016636600000026647,4
0.3,15,2,2,19,B3,197.86175267319868,integer optimal solution,0.8,3.0,1,1742,0.7794425999999817,0.04579090000004271,4
0.3,15,2,2,19,HEUR,197.86175267319868,integer optimal solution,0.8,3.0,1,51,0.0,0.008477499999969496,4
0.3,15,2,2,19,B4,194.09003446366484,integer optimal solution,0.7333333333333333,4.0,1,6496,9.551043100000015,0.15961499999997386,4
0.3,15,3,2,1,B1,266.7342743838983,integer optimal solution,0.9333333333333333,1.0,1,48,0.0,0.0036804000000074666,4
0.3,15,3,2,1,B2,262.0850266837493,integer optimal solution,0.8666666666666667,2.0,1,481,0.0,0.024256000000036693,4
0.3,15,3,2,1,B3,260.16493546659626,integer optimal solution,0.8,3.0,1,2879,0.9376260000000229,0.06475080000001299,4
0.3,15,3,2,1,HEUR,260.16493546659626,integer optimal solution,0.8,3.0,1,83,0.0,0.006386899999995421,4
0.3,15,3,2,1,B4,260.1649354665962,integer optimal solution,0.8,3.0,1,11831,13.349452100000008,0.2590645999999879,4
0.3,15,3,2,8,B1,234.790952616146,integer optimal solution,0.8,1.0,3,49,0.0,0.0049218999999993684,4
0.3,15,3,2,8,B2,232.14352371070447,integer optimal solution,0.8,1.5,2,506,0.0,0.018100300000014613,4
0.3,15,3,2,8,B3,231.8272859294498,integer optimal solution,0.7333333333333333,2.0,2,2862,1.0059946000000082,0.06418800000000147,4
0.3,15,3,2,8,HEUR,234.79095261614603,integer optimal solution,0.8,1.0,3,75,0.0,0.00866120000000592,4
0.3,15,3,2,8,B4,226.00383653747065,integer optimal solution,0.6666666666666666,2.5,2,10355,13.489539699999966,0.2499516999999969,4
0.3,15,3,2,15,B1,255.74569615870638,integer optimal solution,1.0,0.0,0,47,0.0,0.003644800000017767,3
0.3,15,3,2,15,B2,255.7456961587064,integer optimal solution,1.0,0.0,0,481,0.0,0.02474330000001146,3
0.3,15,3,2,15,B3,255.74569615870638,integer optimal solution,1.0,0.0,0,2674,1.0443408000000431,0.056697299999996176,3
0.3,15,3,2,15,HEUR,255.74569615870644,integer optimal solution,1.0,0.0,0,69,0.0,0.004342599999972663,3
0.3,15,3,2,15,B4,255.74569615870644,integer optimal solution,1.0,0.0,0,9814,12.68605389999999,0.22634520000002567,3
0.3,15,3,2,22,B1,232.86149339063095,integer optimal solution,0.9333333333333333,1.0,1,48,0.0,0.004715599999997266,4
0.3,15,3,2,22,B2,219.45686032305937,integer optimal solution,0.7333333333333333,2.0,2,468,0.0,0.02176009999999451,4
0.3,15,3,2,22,B3,215.40481180481697,integer optimal solution,0.6666666666666666,2.5,2,2522,1.0710416999999666,0.06378749999998945,4
0.3,15,3,2,22,HEUR,232.8614933906309,integer optimal solution,0.9333333333333333,1.0,1,69,0.0,0.006492900000012014,4
0.3,15,3,2,22,B4,215.40481180481697,integer optimal solution,0.6666666666666666,2.5,2,9329,10.393678599999987,0.22789389999996956,4
0.3,15,2,3,4,B1,252.28728326178475,integer optimal solution,1.0,0.0,0,31,0.0,0.003762900000026548,6
0.3,15,2,3,4,B2,252.28728326178475,integer optimal solution,1.0,0.0,0,349,0.0,0.016954100000020844,6
0.3,15,2,3,4,B3,252.28728326178472,integer optimal solution,1.0,0.0,0,2083,1.071930899999984,0.05049470000000156,6
0.3,15,2,3,4,HEUR,252.28728326178475,integer optimal solution,1.0,0.0,0,69,0.0,0.0059082000000216794,6
0.3,15,2,3,4,B4,250.9359239952941,integer optimal solution,0.7333333333333333,4.0,1,8372,16.151938400000006,0.16818380000000843,6
0.3,15,2,3,11,B1,268.317026935596,integer optimal solution,0.8666666666666667,1.0,2,38,0.0,0.0051315000000045075,4
0.3,15,2,3,11,B2,268.317026935596,integer optimal solution,0.8666666666666667,1.0,2,327,0.0,0.018559400000015103,4
0.3,15,2,3,11,B3,264.0141930466289,integer optimal solution,0.7333333333333333,2.0,2,1772,0.8671137000000044,0.051541999999983545,4
0.3,15,2,3,11,HEUR,268.317026935596,integer optimal solution,0.8666666666666667,1.0,2,55,0.0,0.007904499999995096,4
0.3,15,2,3,11,B4,263.9268251361753,integer optimal solution,0.7333333333333333,4.0,1,6723,9.922200799999985,0.18439460000001873,4
0.3,15,2,3,18,B1,268.2651553660605,integer optimal solution,0.9333333333333333,1.0,1,31,0.0,0.003471100000012939,5
0.3,15,2,3,18,B2,263.46291396194067,integer optimal solution,0.8,1.5,2,335,0.0,0.015073599999993803,5
0.3,15,2,3,18,B3,263.46291396194067,integer optimal solution,0.8,1.5,2,1971,0.8845918000000097,0.0461013000000321,5
0.3,15,2,3,18,HEUR,268.2651553660605,integer optimal solution,0.9333333333333333,1.0,1,54,0.0,0.00384830000001557,5
0.3,15,2,3,18,B4,263.4629139619407,integer optimal solution,0.8,1.5,2,8039,12.052745100000038,0.1769613000000163,5
0.3,15,3,3,0,B1,267.7979661095219,integer optimal solution,0.9333333333333333,1.0,1,47,0.0,0.0031308000000080938,4
0.3,15,3,3,0,B2,267.79796610952195,integer optimal solution,0.9333333333333333,1.0,1,481,0.0,0.022661900000002788,4
0.3,15,3,3,0,B3,267.7979661095219,integer optimal solution,0.9333333333333333,1.0,1,2709,1.0685359999999946,0.05755920000001424,4
0.3,15,3,3,0,HEUR,267.79796610952195,integer optimal solution,0.9333333333333333,1.0,1,67,0.0,0.005668200000002344,4
0.3,15,3,3,0,B4,267.79796610952195,integer optimal solution,0.9333333333333333,1.0,1,10083,13.160326499999996,0.2356717000000117,4
0.3,15,3,3,7,B1,251.25645109280507,integer optimal solution,0.8666666666666667,1.0,2,51,0.0,0.0043130999999903,4
0.3,15,3,3,7,B2,247.78044330894852,integer optimal solution,0.8666666666666667,2.0,1,470,0.0,0.022960699999998724,4
0.3,15,3,3,7,B3,247.78044330894852,integer optimal solution,0.8666666666666667,2.0,1,2655,1.0009172000000035,0.06358009999996739,4
0.3,15,3,3,7,HEUR,251.25645109280504,integer optimal solution,0.8666666666666667,1.0,2,69,0.0,0.0077645000000075015,4
0.3,15,3,3,7,B4,247.78044330894852,integer optimal solution,0.8666666666666667,2.0,1,10261,12.702528799999982,0.23660890000002155,4
0.3,15,3,3,14,B1,244.40628228504522,integer optimal solution,1.0,0.0,0,49,0.0,0.0061618999999950574,3
0.3,15,3,3,14,B2,244.40628228504522,integer optimal solution,1.0,0.0,0,468,0.0,0.025633200000015677,3
0.3,15,3,3,14,B3,244.4062822850452,integer optimal solution,1.0,0.0,0,2662,1.0568157999999812,0.06392370000003211,3
0.3,15,3,3,14,HEUR,244.4062822850452,integer optimal solution,1.0,0.0,0,66,0.0,0.005870499999957701,3
0.3,15,3,3,14,B4,244.4062822850452,integer optimal solution,1.0,0.0,0,10363,14.116866300000027,0.26631059999999707,3
0.3,15,3,3,21,B1,228.24522450618136,integer optimal solution,0.8666666666666667,1.0,2,54,0.0,0.00413080000004129,4
0.3,15,3,3,21,B2,226.17380996333148,integer optimal solution,0.8,1.5,2,454,0.0,0.02526340000002847,4
0.3,15,3,3,21,B3,223.83534853542682,integer optimal solution,0.7333333333333333,2.0,2,2521,0.9532209000000194,0.060325200000022505,4
0.3,15,3,3,21,HEUR,223.83534853542685,integer optimal solution,0.7333333333333333,2.0,2,77,0.0,0.008635799999979099,4
0.3,15,3,3,21,B4,223.83534853542682,integer optimal solution,0.7333333333333333,2.0,2,9867,10.877103900000009,0.24119830000000775,4
0.3,20,2,2,3,B1,260.4638919250663,integer optimal solution,0.95,1.0,1,45,0.0,0.004695800000035888,7
0.3,20,2,2,3,B2,260.4638919250663,integer optimal solution,0.95,1.0,1,526,0.0,0.029786699999988286,7
0.3,20,2,2,3,B3,257.0323573270833,integer optimal solution,0.7,3.0,2,3700,1.923047600000018,0.09580929999998489,7
0.3,20,2,2,3,HEUR,257.0323573270833,integer optimal solution,0.7,3.0,2,66,0.0,0.0064522000000124535,7
0.3,20,2,2,10,B1,310.62532173755943,integer optimal solution,0.9,1.0,2,44,0.0,0.006907300000023042,7
0.3,20,2,2,10,B2,306.88389484968405,integer optimal solution,0.75,1.6666666666666667,3,565,0.0,0.025586799999985033,7
0.3,20,2,2,10,B3,299.6297927565523,integer optimal solution,0.8,2.0,2,4298,1.8137629999999945,0.0974552999999787,7
0.3,20,2,2,10,HEUR,302.26089164146964,integer optimal solution,0.65,2.3333333333333335,3,74,0.0,0.007986300000027313,7
0.3,20,2,2,17,B1,348.2716084093489,integer optimal solution,0.95,1.0,1,41,0.0,0.0031033999999863227,7
0.3,20,2,2,17,B2,348.0632955361034,integer optimal solution,0.85,1.5,2,586,0.0,0.027792200000021694,7
0.3,20,2,2,17,B3,344.49845747516946,integer optimal solution,0.85,3.0,1,4669,1.8445214000000192,0.0945821000000251,7
0.3,20,2,2,17,HEUR,348.2716084093489,integer optimal solution,0.95,1.0,1,65,0.0,0.008631999999977324,7
0.3,20,2,2,24,B1,333.25064568376933,integer optimal solution,0.95,1.0,1,43,0.0,0.004135799999971823,4
0.3,20,2,2,24,B2,333.25064568376933,integer optimal solution,0.95,1.0,1,584,0.0,0.02551099999999451,4
0.3,20,2,2,24,B3,333.25064568376933,integer optimal solution,0.95,1.0,1,4320,2.0241501000000426,0.08952349999998432,4
0.3,20,2,2,24,HEUR,333.25064568376933,integer optimal solution,0.95,1.0,1,62,0.0,0.006253099999980805,4
0.3,20,3,2,6,B1,314.68696911095583,integer optimal solution,0.95,1.0,1,62,0.0,0.002726800000004914,6
0.3,20,3,2,6,B2,314.68696911095583,integer optimal solution,0.95,1.0,1,810,0.0,0.030958800000007614,6
0.3,20,3,2,6,B3,311.7053565404466,integer optimal solution,0.8,2.0,2,5847,2.170785300000034,0.1494617999999832,6
0.3,20,3,2,6,HEUR,314.68696911095583,integer optimal solution,0.95,1.0,1,96,0.0,0.011308000000042284,6
0.3,20,3,2,13,B1,356.01243770509524,integer optimal solution,0.9,1.0,2,62,0.0,0.0038645000000201435,4
0.3,20,3,2,13,B2,356.01243770509524,integer optimal solution,0.9,1.0,2,958,0.0,0.030776600000024246,4
0.3,20,3,2,13,B3,356.01243770509524,integer optimal solution,0.9,1.0,2,7757,3.309792200000004,0.16258730000004107,4
0.3,20,3,2,13,HEUR,356.01243770509524,integer optimal solution,0.9,1.0,2,91,0.0,0.006072800000026746,4
0.3,20,3,2,20,B1,330.7817560819015,integer optimal solution,0.9,1.0,2,64,0.0,0.004144299999950363,7
0.3,20,3,2,20,B2,327.05320873704983,integer optimal solution,0.85,1.5,2,825,0.0,0.03123840000000655,7
0.3,20,3,2,20,B3,324.7597872613793,integer optimal solution,0.8,2.0,2,6165,2.178654300000005,0.15930909999997311,7
0.3,20,3,2,20,HEUR,330.7817560819015,integer optimal solution,0.9,1.0,2,110,0.0,0.00701320000001715,7
0.3,20,2,3,2,B1,310.6854724033952,integer optimal solution,0.95,1.0,1,42,0.0,0.0037264000000050146,5
0.3,20,2,3,2,B2,307.36376947910065,integer optimal solution,0.85,1.5,2,560,0.0,0.025898100000063096,5
0.3,20,2,3,2,B3,300.7993012251681,integer optimal solution,0.8,2.0,2,4591,2.5701487000000043,0.09177040000008674,5
0.3,20,2,3,2,HEUR,307.3637694791007,integer optimal solution,0.85,1.5,2,66,0.0,0.00646859999994831,5
0.3,20,2,3,9,B1,294.3980711495871,integer optimal solution,0.95,1.0,1,49,0.0,0.005535000000008949,5
0.3,20,2,3,9,B2,287.18447672345565,integer optimal solution,0.8,2.0,2,621,0.0,0.030423800000107803,5
0.3,20,2,3,9,B3,276.20296696020466,integer optimal solution,0.65,2.3333333333333335,3,4852,3.5378961999999774,0.1069571000000451,5
0.3,20,2,3,9,HEUR,281.13737200463015,integer optimal solution,0.75,2.5,2,70,0.0,0.009961499999917578,5
0.3,20,2,3,16,B1,345.2252102563115,integer optimal solution,0.85,1.0,3,45,0.0,0.005773899999894638,6
0.3,20,2,3,16,B2,336.76434466821314,integer optimal solution,0.75,1.25,4,541,0.0,0.027519900000015696,6
0.3,20,2,3,16,B3,334.0261677864394,integer optimal solution,0.75,1.6666666666666667,3,4168,2.428877199999988,0.092268200000035,6
0.3,20,2,3,16,HEUR,336.7643446682132,integer optimal solution,0.75,1.25,4,76,0.0,0.008054600000036771,6
0.3,20,2,3,23,B1,339.3529572838837,integer optimal solution,0.95,1.0,1,44,0.0,0.0038916999999401014,7
0.3,20,2,3,23,B2,334.4570656761008,integer optimal solution,0.8,2.0,2,539,0.0,0.02613850000000184,7
0.3,20,2,3,23,B3,327.55242961415956,integer optimal solution,0.7,3.0,2,4116,2.1914838000000145,0.09511510000004364,7
0.3,20,2,3,23,HEUR,334.73437304402876,integer optimal solution,0.8,2.0,2,82,0.0,0.007080500000029133,7
0.3,20,3,3,5,B1,352.6602851771206,integer optimal solution,1.0,0.0,0,61,0.0,0.0038912999999638487,8
0.3,20,3,3,5,B2,349.95436029277977,integer optimal solution,0.9,2.0,1,879,0.0,0.0304499000000078,8
0.3,20,3,3,5,B3,342.9286919457852,integer optimal solution,0.85,3.0,1,6628,2.654644899999994,0.15553120000004128,8
0.3,20,3,3,5,HEUR,349.9543602927798,integer optimal solution,0.9,2.0,1,120,0.0,0.009356600000046456,8
0.3,20,3,3,12,B1,291.34573799624235,integer optimal solution,0.85,1.0,3,67,0.0,0.004825099999948179,8
0.3,20,3,3,12,B2,286.41040023314207,integer optimal solution,0.8,1.3333333333333333,3,813,0.0,0.03350579999994352,8
0.3,20,3,3,12,B3,281.3412633742098,integer optimal solution,0.75,1.6666666666666667,3,6011,2.8596235999999635,0.1517505000000483,8
0.3,20,3,3,12,HEUR,286.4104002331421,integer optimal solution,0.8,1.3333333333333333,3,108,0.0,0.009771199999931923,8
0.3,20,3,3,19,B1,368.3240875064163,integer optimal solution,0.9,1.0,2,67,0.0,0.004776799999945069,6
0.3,20,3,3,19,B2,368.32408750641633,integer optimal solution,0.9,1.0,2,910,0.0,0.03446509999992031,6
0.3,20,3,3,19,B3,368.3240875064163,integer optimal solution,0.9,1.0,2,7119,3.1890295999999125,0.151341900000034,6
0.3,20,3,3,19,HEUR,368.3240875064163,integer optimal solution,0.9,1.0,2,113,0.0,0.006410499999901731,6
0.5,10,2,2,1,B1,186.92705934090404,integer optimal solution,1.0,0.0,0,20,0.0,0.003567299999986062,3
0.5,10,2,2,1,B2,186.92705934090404,integer optimal solution,1.0,0.0,0,163,0.0,0.008037400000034722,3
0.5,10,2,2,1,B3,186.927059340904,integer optimal solution,1.0,0.0,0,678,0.2569666000000552,0.029356399999983296,3
0.5,10,2,2,1,HEUR,186.927059340904,integer optimal solution,1.0,0.0,0,30,0.0,0.004476500000009764,3
0.5,10,2,2,1,B4,186.92705934090404,integer optimal solution,1.0,0.0,0,1786,1.8625574000000142,0.05191530000001876,3
0.5,10,2,2,8,B1,170.75868669266254,integer optimal solution,1.0,0.0,0,20,0.0,0.0034666999999899417,2
0.5,10,2,2,8,B2,170.75868669266254,integer optimal solution,1.0,0.0,0,153,0.0,0.007793100000071718,2
0.5,10,2,2,8,B3,167.70750679700717,integer optimal solution,0.7,3.0,1,568,0.19728069999996478,0.027287500000056752,2
0.5,10,2,2,8,HEUR,170.75868669266254,integer optimal solution,1.0,0.0,0,29,0.0,0.004021599999987302,2
0.5,10,2,2,8,B4,167.70750679700717,integer optimal solution,0.7,3.0,1,1424,1.4734371000000692,0.04463459999999486,2
0.5,10,2,2,15,B1,211.7179988472235,integer optimal solution,1.0,0.0,0,20,0.0,0.0031281000000262793,3
0.5,10,2,2,15,B2,211.71799884722353,integer optimal solution,1.0,0.0,0,142,0.0,0.00865570000007665,3
0.5,10,2,2,15,B3,211.7179988472235,integer optimal solution,1.0,0.0,0,506,0.16467069999998785,0.026643399999898065,3
0.5,10,2,2,15,HEUR,211.7179988472235,integer optimal solution,1.0,0.0,0,28,0.0,0.004435599999965234,3
0.5,10,2,2,15,B4,211.71799884722353,integer optimal solution,1.0,0.0,0,1150,0.9272927000000664,0.04259730000001127,3
0.5,10,2,2,22,B1,210.88477401376386,integer optimal solution,0.9,1.0,1,20,0.0,0.005433199999970384,2
0.5,10,2,2,22,B2,210.88477401376386,integer optimal solution,0.9,1.0,1,148,0.0,0.010108299999956216,2
0.5,10,2,2,22,B3,205.14999325212335,integer optimal solution,0.7,3.0,1,557,0.2003540000000612,0.03303600000003826,2
0.5,10,2,2,22,HEUR,210.88477401376383,integer optimal solution,0.9,1.0,1,27,0.0,0.005197600000087732,2
0.5,10,2,2,22,B4,205.14999325212335,integer optimal solution,0.7,3.0,1,1387,1.5053317000000561,0.045994900000096095,2
0.5,10,3,2,4,B1,187.8421866220204,integer optimal solution,1.0,0.0,0,30,0.0,0.003367899999943802,2
0.5,10,3,2,4,B2,187.84218662202042,integer optimal solution,1.0,0.0,0,199,0.0,0.01453619999995226,2
0.5,10,3,2,4,B3,187.84218662202042,integer optimal solution,1.0,0.0,0,781,0.29059510000001865,0.03209670000001097,2
0.5,10,3,2,4,HEUR,187.84218662202042,integer optimal solution,1.0,0.0,0,39,0.0,0.005225399999972069,2
0.5,10,3,2,4,B4,187.84218662202042,integer optimal solution,1.0,0.0,0,2133,2.6447257999999465,0.05170650000002297,2
0.5,10,3,2,11,B1,182.90355293445234,integer optimal solution,1.0,0.0,0,30,0.0,0.0031957000001057168,2
0.5,10,3,2,11,B2,182.90355293445234,integer optimal solution,1.0,0.0,0,230,0.0,0.00893040000005385,2
0.5,10,3,2,11,B3,177.07611424042577,integer optimal solution,0.7,3.0,1,815,0.3022745999999188,0.03240479999999479,2
0.5,10,3,2,11,HEUR,182.9035529344523,integer optimal solution,1.0,0.0,0,42,0.0,0.005732400000056259,2
0.5,10,3,2,11,B4,177.0761142404258,integer optimal solution,0.7,3.0,1,1874,2.0563211999999567,0.04728669999997237,2
0.5,10,3,2,18,B1,146.0628804214672,integer optimal solution,1.0,0.0,0,30,0.0,0.00404660000003787,2
0.5,10,3,2,18,B2,146.06288042146724,integer optimal solution,1.0,0.0,0,217,0.0,0.0099760000000515,2
0.5,10,3,2,18,B3,146.06288042146724,integer optimal solution,1.0,0.0,0,818,0.2460032000000183,0.02997019999997974,2
0.5,10,3,2,18,HEUR,146.06288042146724,integer optimal solution,1.0,0.0,0,43,0.0,0.005119100000001708,2
0.5,10,3,2,18,B4,146.06288042146724,integer optimal solution,1.0,0.0,0,2058,1.4886480999999776,0.04875450000008641,2
0.5,10,2,3,0,B1,153.49048707427198,integer optimal solution,1.0,0.0,0,20,0.0,0.004514200000016899,0
0.5,10,2,3,0,B2,153.49048707427198,integer optimal solution,1.0,0.0,0,141,0.0,0.012708399999951325,0
0.5,10,2,3,0,B3,153.49048707427198,integer optimal solution,1.0,0.0,0,538,0.22861539999996694,0.03431050000006053,0
0.5,10,2,3,0,HEUR,153.49048707427198,integer optimal solution,1.0,0.0,0,20,0.0,0.0037199999999302236,0
0.5,10,2,3,0,B4,153.49048707427198,integer optimal solution,1.0,0.0,0,1314,1.474059699999998,0.05069279999997889,0
0.5,10,2,3,7,B1,177.55878898904402,integer optimal solution,1.0,0.0,0,20,0.0,0.00443710000001829,3
0.5,10,2,3,7,B2,177.55878898904402,integer optimal solution,1.0,0.0,0,137,0.0,0.008311000000048807,3
0.5,10,2,3,7,B3,177.55878898904405,integer optimal solution,1.0,0.0,0,478,0.23510120000003099,0.0288721000000578,3
0.5,10,2,3,7,HEUR,177.55878898904402,integer optimal solution,1.0,0.0,0,26,0.0,0.005589999999983775,3
0.5,10,2,3,7,B4,177.55878898904405,integer optimal solution,1.0,0.0,0,1071,1.2526278000000275,0.03898990000004687,3
0.5,10,2,3,14,B1,176.81076577631723,integer optimal solution,1.0,0.0,0,20,0.0,0.003530000000068867,2
0.5,10,2,3,14,B2,176.81076577631723,integer optimal solution,1.0,0.0,0,148,0.0,0.011452400000052876,2
0.5,10,2,3,14,B3,176.81076577631723,integer optimal solution,1.0,0.0,0,539,0.2060979000000316,0.03368599999998878,2
0.5,10,2,3,14,HEUR,176.8107657763172,integer optimal solution,1.0,0.0,0,30,0.0,0.0042148999999653824,2
0.5,10,2,3,14,B4,176.8107657763172,integer optimal solution,1.0,0.0,0,1294,1.351565800000003,0.040211499999941225,2
0.5,10,2,3,21,B1,185.96082903503424,integer optimal solution,1.0,0.0,0,20,0.0,0.0032182999999577078,4
0.5,10,2,3,21,B2,185.9608290350342,integer optimal solution,1.0,0.0,0,167,0.0,0.009465900000009242,4
0.5,10,2,3,21,B3,185.96082903503424,integer optimal solution,1.0,0.0,0,669,0.2537707000000182,0.03275840000003427,4
0.5,10,2,3,21,HEUR,185.9608290350342,integer optimal solution,1.0,0.0,0,40,0.0,0.004250500000011925,4
0.5,10,2,3,21,B4,185.96082903503424,integer optimal solution,1.0,0.0,0,1636,1.6405569999999443,0.053499500000043554,4
0.5,10,3,3,3,B1,202.5354175368385,integer optimal solution,1.0,0.0,0,30,0.0,0.005061599999976352,3
0.5,10,3,3,3,B2,202.53541753683848,integer optimal solution,1.0,0.0,0,224,0.0,0.00891460000002553,3
0.5,10,3,3,3,B3,202.53541753683848,integer optimal solution,1.0,0.0,0,907,0.3032159000000547,0.03309830000000602,3
0.5,10,3,3,3,HEUR,202.5354175368385,integer optimal solution,1.0,0.0,0,46,0.0,0.004252099999916936,3
0.5,10,3,3,3,B4,202.53541753683848,integer optimal solution,1.0,0.0,0,2461,2.232207799999969,0.055187400000022535,3
0.5,10,3,3,10,B1,198.86044214574235,integer optimal solution,1.0,0.0,0,30,0.0,0.004390999999941414,3
0.5,10,3,3,10,B2,198.86044214574238,integer optimal solution,1.0,0.0,0,205,0.0,0.018710699999928693,3
0.5,10,3,3,10,B3,198.86044214574235,integer optimal solution,1.0,0.0,0,702,0.2739137999999457,0.036347099999943566,3
0.5,10,3,3,10,HEUR,198.86044214574238,integer optimal solution,1.0,0.0,0,48,0.0,0.005347799999981362,3
0.5,10,3,3,10,B4,198.86044214574238,integer optimal solution,1.0,0.0,0,1616,1.6981334000000743,0.06308239999998477,3
0.5,10,3,3,17,B1,153.77378054150915,integer optimal solution,1.0,0.0,0,30,0.0,0.00319790000003195,2
0.5,10,3,3,17,B2,153.77378054150915,integer optimal solution,1.0,0.0,0,223,0.0,0.010901799999942341,2
0.5,10,3,3,17,B3,153.77378054150915,integer optimal solution,1.0,0.0,0,839,0.34176270000000386,0.03958809999994628,2
0.5,10,3,3,17,HEUR,153.77378054150915,integer optimal solution,1.0,0.0,0,49,0.0,0.0047358000000485845,2
0.5,10,3,3,17,B4,153.77378054150913,integer optimal solution,1.0,0.0,0,2045,1.8155431000000135,0.05368979999991552,2
0.5,10,3,3,24,B1,167.78389995607583,integer optimal solution,1.0,0.0,0,30,0.0,0.0034673999999768057,3
0.5,10,3,3,24,B2,167.78389995607583,integer optimal solution,1.0,0.0,0,219,0.0,0.011344600000029459,3
0.5,10,3,3,24,B3,167.78389995607583,integer optimal solution,1.0,0.0,0,830,0.3368927999999869,0.03232290000005378,3
0.5,10,3,3,24,HEUR,167.78389995607583,integer optimal solution,1.0,0.0,0,46,0.0,0.0050618000000213215,3
0.5,10,3,3,24,B4,167.78389995607583,integer optimal solution,1.0,0.0,0,2012,2.3381795999999895,0.04961439999999584,3
0.5,15,2,2,6,B1,267.4918505751667,integer optimal solution,1.0,0.0,0,30,0.0,0.003391999999962536,5
0.5,15,2,2,6,B2,267.4918505751667,integer optimal solution,1.0,0.0,0,366,0.0,0.016205600000034792,5
0.5,15,2,2,6,B3,267.4918505751667,integer optimal solution,1.0,0.0,0,2251,1.0723033000000441,0.04877690000000712,5
0.5,15,2,2,6,HEUR,267.4918505751667,integer optimal solution,1.0,0.0,0,53,0.0,0.005424299999958748,5
0.5,15,2,2,6,B4,267.4918505751667,integer optimal solution,1.0,0.0,0,8945,16.60377630000005,0.19533949999993183,5
0.5,15,2,2,13,B1,235.87949118807862,integer optimal solution,0.9333333333333333,1.0,1,31,0.0,0.0033413999999538646,5
0.5,15,2,2,13,B2,235.8794911880786,integer optimal solution,0.9333333333333333,1.0,1,337,0.0,0.014537799999970957,5
0.5,15,2,2,13,B3,235.8794911880786,integer optimal solution,0.9333333333333333,1.0,1,1868,0.8567533000000367,0.041183999999930165,5
0.5,15,2,2,13,HEUR,235.8794911880786,integer optimal solution,0.9333333333333333,1.0,1,50,0.0,0.005152699999939614,5
0.5,15,2,2,13,B4,235.87949118807862,integer optimal solution,0.9333333333333333,1.0,1,6606,11.012909100000002,0.18874329999994188,5
0.5,15,2,2,20,B1,250.13450481022937,integer optimal solution,0.9333333333333333,1.0,1,30,0.0,0.0038607999999840104,4
0.5,15,2,2,20,B2,250.13450481022937,integer optimal solution,0.9333333333333333,1.0,1,351,0.0,0.016905800000017734,4
0.5,15,2,2,20,B3,250.13450481022937,integer optimal solution,0.9333333333333333,1.0,1,2183,1.003171400000042,0.04436220000002322,4
0.5,15,2,2,20,HEUR,250.13450481022937,integer optimal solution,0.9333333333333333,1.0,1,58,0.0,0.005497699999978067,4
0.5,15,2,2,20,B4,250.13450481022937,integer optimal solution,0.9333333333333333,1.0,1,9065,16.533930899999973,0.26762509999991835,4
0.5,15,3,2,2,B1,263.8954802352928,integer optimal solution,1.0,0.0,0,45,0.0,0.0034256000000141285,4
0.5,15,3,2,2,B2,263.8954802352928,integer optimal solution,1.0,0.0,0,533,0.0,0.02256410000006781,4
0.5,15,3,2,2,B3,263.8954802352927,integer optimal solution,1.0,0.0,0,3147,1.141777300000058,0.06809520000001612,4
0.5,15,3,2,2,HEUR,263.8954802352927,integer optimal solution,1.0,0.0,0,74,0.0,0.005593799999928706,4
0.5,15,3,2,2,B4,263.8954802352928,integer optimal solution,1.0,0.0,0,11989,16.770426199999974,0.2570273000000043,4
0.5,15,3,2,9,B1,271.50586210417157,integer optimal solution,1.0,0.0,0,45,0.0,0.0032051000000592467,4
0.5,15,3,2,9,B2,271.50586210417157,integer optimal solution,1.0,0.0,0,553,0.0,0.02130720000002384,4
0.5,15,3,2,9,B3,271.50586210417157,integer optimal solution,1.0,0.0,0,3591,1.3875848000000133,0.07171059999996032,4
0.5,15,3,2,9,HEUR,271.50586210417157,integer optimal solution,1.0,0.0,0,79,0.0,0.005864900000005946,4
0.5,15,3,2,9,B4,271.50586210417157,integer optimal solution,1.0,0.0,0,15555,22.484346799999912,0.3143212999999605,4
0.5,15,3,2,16,B1,295.8672201402471,integer optimal solution,0.9333333333333333,1.0,1,45,0.0,0.0038562999999385283,5
0.5,15,3,2,16,B2,291.62902360349847,integer optimal solution,0.8666666666666667,2.0,1,503,0.0,0.02637210000000323,5
0.5,15,3,2,16,B3,291.62902360349847,integer optimal solution,0.8666666666666667,2.0,1,2799,1.0791193000000021,0.06370300000003226,5
0.5,15,3,2,16,HEUR,295.86722014024707,integer optimal solution,0.9333333333333333,1.0,1,79,0.0,0.006476199999951859,5
0.5,15,3,2,16,B4,291.62902360349847,integer optimal solution,0.8666666666666667,2.0,1,10225,15.116609700000026,0.22982839999997395,5
0.5,15,3,2,23,B1,246.85706129314843,integer optimal solution,1.0,0.0,0,45,0.0,0.003603099999963888,3
0.5,15,3,2,23,B2,246.85706129314843,integer optimal solution,1.0,0.0,0,529,0.0,0.021702499999946667,3
0.5,15,3,2,23,B3,246.85706129314843,integer optimal solution,1.0,0.0,0,3105,1.1241579000000002,0.0729886000000306,3
0.5,15,3,2,23,HEUR,246.85706129314843,integer optimal solution,1.0,0.0,0,85,0.0,0.0079108999999562,3
0.5,15,3,2,23,B4,246.85706129314843,integer optimal solution,1.0,0.0,0,12060,14.05147020000004,0.24086799999997766,3
0.5,15,2,3,5,B1,249.21092435913,integer optimal solution,1.0,0.0,0,30,0.0,0.0040103999999701045,4
0.5,15,2,3,5,B2,249.21092435913,integer optimal solution,1.0,0.0,0,336,0.0,0.01594980000004398,4
0.5,15,2,3,5,B3,249.21092435913,integer optimal solution,1.0,0.0,0,2150,1.3334176999999272,0.04464150000001155,4
0.5,15,2,3,5,HEUR,249.21092435913,integer optimal solution,1.0,0.0,0,46,0.0,0.006943400000068323,4
0.5,15,2,3,5,B4,249.21092435913,integer optimal solution,1.0,0.0,0,9184,23.393329100000074,0.19914110000001983,4
0.5,15,2,3,12,B1,254.93054420119742,integer optimal solution,0.9333333333333333,1.0,1,31,0.0,0.003350399999931142,6
0.5,15,2,3,12,B2,254.93054420119742,integer optimal solution,0.9333333333333333,1.0,1,351,0.0,0.01677940000001854,6
0.5,15,2,3,12,B3,254.93054420119742,integer optimal solution,0.9333333333333333,1.0,1,1980,0.8706480999999258,0.03856360000008863,6
0.5,15,2,3,12,HEUR,254.93054420119742,integer optimal solution,0.9333333333333333,1.0,1,60,0.0,0.004387899999983347,6
0.5,15,2,3,12,B4,254.93054420119742,integer optimal solution,0.9333333333333333,1.0,1,7522,11.760221400000091,0.17330760000004375,6
0.5,15,2,3,19,B1,252.02164053690717,integer optimal solution,0.9333333333333333,1.0,1,31,0.0,0.003781200000048557,4
0.5,15,2,3,19,B2,252.02164053690717,integer optimal solution,0.9333333333333333,1.0,1,320,0.0,0.020566799999983232,4
0.5,15,2,3,19,B3,252.0216405369072,integer optimal solution,0.9333333333333333,1.0,1,1780,0.8873379000000341,0.04358449999995173,4
0.5,15,2,3,19,HEUR,252.0216405369072,integer optimal solution,0.9333333333333333,1.0,1,51,0.0,0.004275499999948806,4
0.5,15,2,3,19,B4,252.02164053690717,integer optimal solution,0.9333333333333333,1.0,1,6598,11.553151800000023,0.2186147999999548,4
0.5,15,3,3,1,B1,249.79890438656497,integer optimal solution,1.0,0.0,0,45,0.0,0.0034448999999767693,4
0.5,15,3,3,1,B2,249.79890438656497,integer optimal solution,1.0,0.0,0,499,0.0,0.031384600000023966,4
0.5,15,3,3,1,B3,249.79890438656497,integer optimal solution,1.0,0.0,0,3040,1.4582662000000255,0.07507150000003548,4
0.5,15,3,3,1,HEUR,249.79890438656497,integer optimal solution,1.0,0.0,0,83,0.0,0.005228399999964495,4
0.5,15,3,3,1,B4,249.79890438656497,integer optimal solution,1.0,0.0,0,12428,19.405252899999937,0.2608711000000312,4
0.5,15,3,3,8,B1,255.28962024045902,integer optimal solution,1.0,0.0,0,45,0.0,0.0037321999999448963,5
0.5,15,3,3,8,B2,255.28962024045902,integer optimal solution,1.0,0.0,0,509,0.0,0.022033100000044215,5
0.5,15,3,3,8,B3,255.28962024045902,integer optimal solution,1.0,0.0,0,3125,1.2572598000000426,0.07212730000003376,5
0.5,15,3,3,8,HEUR,255.28962024045902,integer optimal solution,1.0,0.0,0,75,0.0,0.007554899999945519,5
0.5,15,3,3,8,B4,255.289620240459,integer optimal solution,1.0,0.0,0,13071,18.14345979999996,0.2621563000000151,5
0.5,15,3,3,15,B1,263.66438255219447,integer optimal solution,1.0,0.0,0,45,0.0,0.0035567999999557287,3
0.5,15,3,3,15,B2,263.6643825521944,integer optimal solution,1.0,0.0,0,503,0.0,0.02366919999997208,3
0.5,15,3,3,15,B3,263.66438255219447,integer optimal solution,1.0,0.0,0,2842,1.1387250999999878,0.0743836999999985,3
0.5,15,3,3,15,HEUR,263.66438255219447,integer optimal solution,1.0,0.0,0,67,0.0,0.00685950000001867,3
0.5,15,3,3,15,B4,263.66438255219447,integer optimal solution,1.0,0.0,0,10818,14.802386899999988,0.23511150000001635,3
0.5,15,3,3,22,B1,255.82376925154432,integer optimal solution,1.0,0.0,0,45,0.0,0.0049100999999609485,4
0.5,15,3,3,22,B2,248.5293614847144,integer optimal solution,0.8666666666666667,2.0,1,498,0.0,0.03990309999994679,4
0.5,15,3,3,22,B3,248.5293614847144,integer optimal solution,0.8666666666666667,2.0,1,2785,1.2238401999999269,0.06746320000002015,4
0.5,15,3,3,22,HEUR,248.5293614847144,integer optimal solution,0.8666666666666667,2.0,1,82,0.0,0.006546399999933783,4
0.5,15,3,3,22,B4,243.65217887253078,integer optimal solution,0.7333333333333333,4.0,1,10419,12.864275399999997,0.21992839999995795,4
0.5,20,2,2,4,B1,368.80225444201,integer optimal solution,1.0,0.0,0,40,0.0,0.0033767999999554377,5
0.5,20,2,2,4,B2,368.80225444201,integer optimal solution,1.0,0.0,0,616,0.0,0.02032520000000204,5
0.5,20,2,2,4,B3,354.0433485789923,integer optimal solution,0.85,3.0,1,4787,2.0043658000000732,0.09119629999997869,5
0.5,20,2,2,4,HEUR,368.80225444201,integer optimal solution,1.0,0.0,0,72,0.0,0.004590799999959927,5
0.5,20,2,2,11,B1,326.231681174274,integer optimal solution,1.0,0.0,0,40,0.0,0.0033237000000099215,5
0.5,20,2,2,11,B2,326.23168117427406,integer optimal solution,1.0,0.0,0,566,0.0,0.02581129999998666,5
0.5,20,2,2,11,B3,326.23168117427406,integer optimal solution,1.0,0.0,0,4243,2.04497020000008,0.10086890000002313,5
0.5,20,2,2,11,HEUR,326.231681174274,integer optimal solution,1.0,0.0,0,63,0.0,0.006557499999985339,5
0.5,20,2,2,18,B1,369.3500697821093,integer optimal solution,1.0,0.0,0,41,0.0,0.0037290000000211876,6
0.5,20,2,2,18,B2,369.3500697821093,integer optimal solution,1.0,0.0,0,622,0.0,0.02856239999994159,6
0.5,20,2,2,18,B3,368.08278015291967,integer optimal solution,0.85,3.0,1,4920,2.0845696999999745,0.09692710000001625,6
0.5,20,2,2,18,HEUR,369.35006978210924,integer optimal solution,1.0,0.0,0,83,0.0,0.00785689999997885,6
0.5,20,3,2,0,B1,360.9514924093417,integer optimal solution,0.95,1.0,1,61,0.0,0.003220699999928911,4
0.5,20,3,2,0,B2,360.9514924093418,integer optimal solution,0.95,1.0,1,928,0.0,0.03200340000000779,4
0.5,20,3,2,0,B3,360.9514924093418,integer optimal solution,0.95,1.0,1,7615,2.873646699999995,0.12989779999998063,4
0.5,20,3,2,0,HEUR,360.9514924093418,integer optimal solution,0.95,1.0,1,104,0.0,0.007451500000001943,4
0.5,20,3,2,7,B1,356.6542025922878,integer optimal solution,1.0,0.0,0,60,0.0,0.0037860999999566047,7
0.5,20,3,2,7,B2,356.65420259228773,integer optimal solution,1.0,0.0,0,866,0.0,0.03206650000004174,7
0.5,20,3,2,7,B3,356.6542025922878,integer optimal solution,1.0,0.0,0,6701,2.3243177000000514,0.1321367000000464,7
0.5,20,3,2,7,HEUR,356.6542025922878,integer optimal solution,1.0,0.0,0,118,0.0,0.005554200000005949,7
0.5,20,3,2,14,B1,377.88263301323275,integer optimal solution,1.0,0.0,0,60,0.0,0.0035805999999638516,7
0.5,20,3,2,14,B2,377.8826330132328,integer optimal solution,1.0,0.0,0,960,0.0,0.03501970000002075,7
0.5,20,3,2,14,B3,377.8826330132328,integer optimal solution,1.0,0.0,0,7456,2.748946300000057,0.16052809999996498,7
0.5,20,3,2,14,HEUR,377.8826330132328,integer optimal solution,1.0,0.0,0,102,0.0,0.007820799999990413,7
0.5,20,3,2,21,B1,334.2688272989127,integer optimal solution,1.0,0.0,0,60,0.0,0.0037484999999151114,7
0.5,20,3,2,21,B2,334.26882729891264,integer optimal solution,1.0,0.0,0,863,0.0,0.03704030000005787,7
0.5,20,3,2,21,B3,334.2688272989127,integer optimal solution,1.0,0.0,0,6772,2.8460728000000017,0.14061350000008588,7
0.5,20,3,2,21,HEUR,334.26882729891275,integer optimal solution,1.0,0.0,0,106,0.0,0.007183100000020204,7
0.5,20,2,3,3,B1,371.0223878410652,integer optimal solution,1.0,0.0,0,40,0.0,0.003295899999898211,7
0.5,20,2,3,3,B2,357.7836642439737,integer optimal solution,0.9,2.0,1,561,0.0,0.026811999999949876,7
0.5,20,2,3,3,B3,357.7836642439737,integer optimal solution,0.9,2.0,1,4430,2.3790652000000136,0.10100899999997637,7
0.5,20,2,3,3,HEUR,357.7836642439737,integer optimal solution,0.9,2.0,1,70,0.0,0.005406300000004194,7
0.5,20,2,3,10,B1,314.73300857533076,integer optimal solution,1.0,0.0,0,40,0.0,0.003973100000052909,5
0.5,20,2,3,10,B2,312.6423195254268,integer optimal solution,0.9,2.0,1,625,0.0,0.03175090000002001,5
0.5,20,2,3,10,B3,312.40465073961144,integer optimal solution,0.85,3.0,1,4691,3.3065284000000474,0.09761699999990014,5
0.5,20,2,3,10,HEUR,314.73300857533076,integer optimal solution,1.0,0.0,0,79,0.0,0.0065929999999525535,5
0.5,20,2,3,17,B1,343.8159002743985,integer optimal solution,0.95,1.0,1,42,0.0,0.003714700000045923,5
0.5,20,2,3,17,B2,343.8159002743985,integer optimal solution,0.95,1.0,1,577,0.0,0.026985000000081527,5
0.5,20,2,3,17,B3,343.81590027439853,integer optimal solution,0.95,1.0,1,4518,2.3094089999999596,0.09845559999996567,5
0.5,20,2,3,17,HEUR,343.8159002743985,integer optimal solution,0.95,1.0,1,68,0.0,0.008174899999971785,5
0.5,20,2,3,24,B1,329.03868531485494,integer optimal solution,1.0,0.0,0,40,0.0,0.003216000000065833,7
0.5,20,2,3,24,B2,329.03868531485494,integer optimal solution,1.0,0.0,0,567,0.0,0.026578500000027816,7
0.5,20,2,3,24,B3,329.03868531485494,integer optimal solution,1.0,0.0,0,4529,2.63719459999993,0.09810079999999743,7
0.5,20,2,3,24,HEUR,329.03868531485494,integer optimal solution,1.0,0.0,0,74,0.0,0.008192499999950087,7
0.5,20,3,3,6,B1,327.6928920523226,integer optimal solution,1.0,0.0,0,60,0.0,0.0037145999999665946,7
0.5,20,3,3,6,B2,327.6928920523226,integer optimal solution,1.0,0.0,0,858,0.0,0.03279470000006768,7
0.5,20,3,3,6,B3,327.6928920523226,integer optimal solution,1.0,0.0,0,6852,3.598920200000066,0.15627970000002733,7
0.5,20,3,3,6,HEUR,327.6928920523225,integer optimal solution,1.0,0.0,0,101,0.0,0.004582499999969514,7
0.5,20,3,3,13,B1,350.1551878530307,integer optimal solution,1.0,0.0,0,60,0.0,0.0045445000000654545,5
0.5,20,3,3,13,B2,349.4950802937147,integer optimal solution,0.9,2.0,1,943,0.0,0.03778840000006767,5
0.5,20,3,3,13,B3,349.4950802937147,integer optimal solution,0.9,2.0,1,7361,3.44966809999994,0.15183890000002975,5
0.5,20,3,3,13,HEUR,350.1551878530307,integer optimal solution,1.0,0.0,0,93,0.0,0.007739700000001903,5
0.5,20,3,3,20,B1,329.65841773976445,integer optimal solution,1.0,0.0,0,60,0.0,0.016139899999984664,5
0.5,20,3,3,20,B2,329.6584177397644,integer optimal solution,1.0,0.0,0,840,0.0,0.034810300000003735,5
0.5,20,3,3,20,B3,323.4740878308552,integer optimal solution,0.85,3.0,1,6360,2.998914500000069,0.1344282000000021,5
0.5,20,3,3,20,HEUR,329.6584177397644,integer optimal solution,1.0,0.0,0,97,0.0,0.008277499999962856,5
0.7,10,2,2,2,B1,137.97950662781298,integer optimal solution,1.0,0.0,0,21,0.0,0.0032412000000476837,2
0.7,10,2,2,2,B2,137.97950662781298,integer optimal solution,1.0,0.0,0,130,0.0,0.0058568000000605025,2
0.7,10,2,2,2,B3,137.97950662781298,integer optimal solution,1.0,0.0,0,458,0.14634539999997287,0.025886600000035287,2
0.7,10,2,2,2,HEUR,137.97950662781295,integer optimal solution,1.0,0.0,0,32,0.0,0.005501099999946746,2
0.7,10,2,2,2,B4,137.30183098018733,integer optimal solution,0.6,4.0,1,1148,0.8278163000001086,0.0406011000000035,2
0.7,10,2,2,9,B1,126.63422871294773,integer optimal solution,1.0,0.0,0,22,0.0,0.0032778999999436564,2
0.7,10,2,2,9,B2,126.63422871294773,integer optimal solution,1.0,0.0,0,142,0.0,0.008487699999932374,2
0.7,10,2,2,9,B3,126.63422871294772,integer optimal solution,1.0,0.0,0,545,0.17986580000001595,0.028905199999940123,2
0.7,10,2,2,9,HEUR,126.63422871294773,integer optimal solution,1.0,0.0,0,32,0.0,0.0037208999999620573,2
0.7,10,2,2,9,B4,126.63422871294773,integer optimal solution,1.0,0.0,0,1466,1.268761100000006,0.049291000000039276,2
0.7,10,2,2,16,B1,132.27189238402656,integer optimal solution,0.7,1.0,3,25,0.0,0.004470400000059271,3
0.7,10,2,2,16,B2,131.37017533787048,integer optimal solution,0.6,1.3333333333333333,3,141,0.0,0.00858970000001591,3
0.7,10,2,2,16,B3,123.86642278817106,integer optimal solution,0.5,1.6666666666666667,3,477,0.1807105999999976,0.029325599999992846,3
0.7,10,2,2,16,HEUR,132.27189238402656,integer optimal solution,0.7,1.0,3,38,0.0,0.00509470000008605,3
0.7,10,2,2,16,B4,123.86642278817106,integer optimal solution,0.5,1.6666666666666667,3,1078,0.9977140999999392,0.04342389999999341,3
0.7,10,2,2,23,B1,141.97707086859157,integer optimal solution,0.9,1.0,1,23,0.0,0.00343159999999898,3
0.7,10,2,2,23,B2,140.47041152823851,integer optimal solution,0.7,1.5,2,148,0.0,0.0075832999999647654,3
0.7,10,2,2,23,B3,140.47041152823851,integer optimal solution,0.7,1.5,2,522,0.1812012999999979,0.027946499999984553,3
0.7,10,2,2,23,HEUR,140.47041152823851,integer optimal solution,0.7,1.5,2,38,0.0,0.004087799999979325,3
0.7,10,2,2,23,B4,140.47041152823851,integer optimal solution,0.7,1.5,2,1261,1.0283308000000488,0.041449199999988195,3
0.7,10,3,2,5,B1,151.0087838017467,integer optimal solution,0.9,1.0,1,33,0.0,0.0042792999998937375,3
0.7,10,3,2,5,B2,151.0087838017467,integer optimal solution,0.9,1.0,1,217,0.0,0.010501500000032138,3
0.7,10,3,2,5,B3,151.0087838017467,integer optimal solution,0.9,1.0,1,839,0.19187109999995755,0.034589900000014495,3
0.7,10,3,2,5,HEUR,151.0087838017467,integer optimal solution,0.9,1.0,1,49,0.0,0.005743699999925411,3
0.7,10,3,2,5,B4,151.0087838017467,integer optimal solution,0.9,1.0,1,2080,1.2670559999999114,0.0539365000000771,3
0.7,10,3,2,12,B1,134.970784219893,integer optimal solution,1.0,0.0,0,32,0.0,0.0032855000000608925,3
0.7,10,3,2,12,B2,132.37153842241224,integer optimal solution,0.6,2.0,2,209,0.0,0.010011599999984355,3
0.7,10,3,2,12,B3,130.76232534808634,integer optimal solution,0.5,2.5,2,751,0.24666270000000168,0.03210490000003574,3
0.7,10,3,2,12,HEUR,134.71205897998203,integer optimal solution,0.8,2.0,1,49,0.0,0.005717900000036025,3
0.7,10,3,2,12,B4,130.76232534808634,integer optimal solution,0.5,2.5,2,1732,1.7035604000000149,0.05295939999996335,3
0.7,10,3,2,19,B1,136.84938275054242,integer optimal solution,0.9,1.0,1,35,0.0,0.003750100000047496,1
0.7,10,3,2,19,B2,133.16756462251993,integer optimal solution,0.7,1.5,2,234,0.0,0.010450699999978497,1
0.7,10,3,2,19,B3,130.9801725878308,integer optimal solution,0.6,2.0,2,919,0.23630889999992633,0.027618299999971896,1
0.7,10,3,2,19,HEUR,130.9801725878308,integer optimal solution,0.6,2.0,2,45,0.0,0.00366159999998672,1
0.7,10,3,2,19,B4,130.9801725878308,integer optimal solution,0.6,2.0,2,2393,1.6089587000000165,0.040970199999947,1
0.7,10,2,3,1,B1,132.64124789066508,integer optimal solution,0.8,1.0,2,29,0.0,0.003527399999939007,3
0.7,10,2,3,1,B2,128.96693995922314,integer optimal solution,0.7,1.5,2,146,0.0,0.008570599999984552,3
0.7,10,2,3,1,B3,127.85731529150534,integer optimal solution,0.5,2.5,2,522,0.20280409999998028,0.027876200000036988,3
0.7,10,2,3,1,HEUR,128.96693995922314,integer optimal solution,0.7,1.5,2,43,0.0,0.00496659999998883,3
0.7,10,2,3,1,B4,127.85731529150536,integer optimal solution,0.5,2.5,2,1344,1.278643699999975,0.041180400000030204,3
0.7,10,2,3,8,B1,145.22684367334583,integer optimal solution,0.9,1.0,1,26,0.0,0.0035987999999633757,2
0.7,10,2,3,8,B2,145.22684367334585,integer optimal solution,0.9,1.0,1,150,0.0,0.008791499999915686,2
0.7,10,2,3,8,B3,145.22684367334585,integer optimal solution,0.9,1.0,1,511,0.24524729999995998,0.029158499999994092,2
0.7,10,2,3,8,HEUR,145.22684367334583,integer optimal solution,0.9,1.0,1,34,0.0,0.0037206999999170876,2
0.7,10,2,3,8,B4,145.22684367334583,integer optimal solution,0.9,1.0,1,1188,1.57719110000005,0.04222730000003594,2
0.7,10,2,3,15,B1,135.2067216064987,integer optimal solution,0.7,1.0,3,31,0.0,0.003967600000009952,2
0.7,10,2,3,15,B2,131.5326653905304,integer optimal solution,0.6,1.3333333333333333,3,146,0.0,0.0085222000000158,2
0.7,10,2,3,15,B3,131.5326653905304,integer optimal solution,0.6,1.3333333333333333,3,489,0.3183817999999974,0.0293983000000253,2
0.7,10,2,3,15,HEUR,135.20672160649866,integer optimal solution,0.7,1.0,3,39,0.0,0.00502059999996618,2
0.7,10,2,3,15,B4,129.96931790595121,integer optimal solution,0.5,2.5,2,1163,2.056918900000028,0.04524400000002515,2
0.7,10,2,3,22,B1,116.94498119954349,integer optimal solution,0.8,1.0,2,31,0.0,0.004229400000099304,2
0.7,10,2,3,22,B2,116.94498119954349,integer optimal solution,0.8,1.0,2,157,0.0,0.007313100000033046,2
0.7,10,2,3,22,B3,114.2978899330422,integer optimal solution,0.5,1.6666666666666667,3,524,0.3470049000000017,0.022950499999979,2
0.7,10,2,3,22,HEUR,115.87075372023986,integer optimal solution,0.5,1.6666666666666667,3,39,0.0,0.005379399999924317,2
0.7,10,2,3,22,B4,111.50118145903936,integer optimal solution,0.4,2.0,3,1205,2.515781699999934,0.037422099999957936,2
0.7,10,3,3,4,B1,143.65068233632175,integer optimal solution,0.9,1.0,1,35,0.0,0.003915600000027553,2
0.7,10,3,3,4,B2,139.723771455401,integer optimal solution,0.8,2.0,1,195,0.0,0.009341099999915059,2
0.7,10,3,3,4,B3,139.723771455401,integer optimal solution,0.8,2.0,1,659,0.30751169999996364,0.030460199999993165,2
0.7,10,3,3,4,HEUR,139.72377145540096,integer optimal solution,0.8,2.0,1,47,0.0,0.006629999999972824,2
0.7,10,3,3,4,B4,139.723771455401,integer optimal solution,0.8,2.0,1,1492,1.7309129999999868,0.041064500000061344,2
0.7,10,3,3,11,B1,123.42378037591581,integer optimal solution,0.9,1.0,1,33,0.0,0.003568200000017896,2
0.7,10,3,3,11,B2,122.3419298412356,integer optimal solution,0.7,1.5,2,212,0.0,0.007095899999967514,2
0.7,10,3,3,11,B3,120.27319986498411,integer optimal solution,0.6,2.0,2,739,0.40677019999998265,0.021673200000009274,2
0.7,10,3,3,11,HEUR,122.42216896588505,integer optimal solution,0.7,3.0,1,47,0.0,0.00349149999999554,2
0.7,10,3,3,11,B4,117.41015719150536,integer optimal solution,0.5,2.5,2,1732,2.9178941000000123,0.044221199999924465,2
0.7,10,3,3,18,B1,170.59741550328388,integer optimal solution,1.0,0.0,0,33,0.0,0.003353500000002896,3
0.7,10,3,3,18,B2,170.59741550328388,integer optimal solution,1.0,0.0,0,229,0.0,0.01053460000002815,3
0.7,10,3,3,18,B3,170.59741550328388,integer optimal solution,1.0,0.0,0,901,0.344489899999985,0.03392150000001948,3
0.7,10,3,3,18,HEUR,170.59741550328388,integer optimal solution,1.0,0.0,0,52,0.0,0.0064126000000896966,3
0.7,10,3,3,18,B4,170.59741550328388,integer optimal solution,1.0,0.0,0,2266,2.23380880000002,0.050813999999945736,3
0.7,15,2,2,0,B1,242.29685225757765,integer optimal solution,0.8666666666666667,1.0,2,40,0.0,0.004606699999953889,4
0.7,15,2,2,0,B2,229.99881426539443,integer optimal solution,0.7333333333333333,2.0,2,310,0.0,0.016731399999912355,4
0.7,15,2,2,0,B3,229.9988142653944,integer optimal solution,0.7333333333333333,2.0,2,1701,0.6864949000000706,0.04620390000002317,4
0.7,15,2,2,0,HEUR,236.21421503544815,integer optimal solution,0.6666666666666666,2.5,2,58,0.0,0.007430599999906917,4
0.7,15,2,2,0,B4,229.9988142653944,integer optimal solution,0.7333333333333333,2.0,2,6810,6.880318699999975,0.16915719999997236,4
0.7,15,2,2,7,B1,221.6448584288832,integer optimal solution,0.9333333333333333,1.0,1,34,0.0,0.005086300000016308,4
0.7,15,2,2,7,B2,217.3920733394364,integer optimal solution,0.8666666666666667,2.0,1,304,0.0,0.01571969999997691,4
0.7,15,2,2,7,B3,217.39207333943642,integer optimal solution,0.8666666666666667,2.0,1,1681,0.6899854999999206,0.042594000000008236,4
0.7,15,2,2,7,HEUR,221.64485842888323,integer optimal solution,0.9333333333333333,1.0,1,54,0.0,0.006177900000011505,4
0.7,15,2,2,7,B4,217.3920733394364,integer optimal solution,0.8666666666666667,2.0,1,6459,9.046995999999922,0.16218210000010913,4
0.7,15,2,2,14,B1,203.44286657984395,integer optimal solution,0.9333333333333333,1.0,1,35,0.0,0.0038753999999698863,4
0.7,15,2,2,14,B2,202.07524847531073,integer optimal solution,0.8666666666666667,2.0,1,337,0.0,0.01625109999997676,4
0.7,15,2,2,14,B3,198.6107756540742,integer optimal solution,0.4666666666666667,2.6666666666666665,3,2002,1.478500199999985,0.04902279999998882,4
0.7,15,2,2,14,HEUR,202.81996563094378,integer optimal solution,0.7333333333333333,2.0,2,47,0.0,0.005425400000035552,4
0.7,15,2,2,14,B4,189.49886709449737,integer optimal solution,0.4,3.0,3,7823,26.679072700000006,0.17782009999996262,4
0.7,15,2,2,21,B1,243.33758656091092,integer optimal solution,0.9333333333333333,1.0,1,37,0.0,0.004129799999986972,4
0.7,15,2,2,21,B2,240.27430367934704,integer optimal solution,0.6666666666666666,1.6666666666666667,3,309,0.0,0.015362299999992501,4
0.7,15,2,2,21,B3,231.01395610008083,integer optimal solution,0.5333333333333333,2.3333333333333335,3,1717,0.770330700000045,0.0437602000000652,4
0.7,15,2,2,21,HEUR,236.6697953227313,integer optimal solution,0.7333333333333333,2.0,2,51,0.0,0.0052062000000887565,4
0.7,15,2,2,21,B4,228.10732256230247,integer optimal solution,0.4666666666666667,2.6666666666666665,3,6865,9.341829400000051,0.1768354000000727,4
0.7,15,3,2,3,B1,285.91373929364994,integer optimal solution,0.9333333333333333,1.0,1,50,0.0,0.004100200000038967,4
0.7,15,3,2,3,B2,285.9137392936499,integer optimal solution,0.9333333333333333,1.0,1,481,0.0,0.02341419999993377,4
0.7,15,3,2,3,B3,279.86841010876117,integer optimal solution,0.7333333333333333,2.0,2,2726,0.9277475000000095,0.06639639999991687,4
0.7,15,3,2,3,HEUR,285.91373929364994,integer optimal solution,0.9333333333333333,1.0,1,74,0.0,0.023222099999998136,4
0.7,15,3,2,3,B4,274.14127800484687,integer optimal solution,0.6666666666666666,2.5,2,10824,11.602537999999981,0.2528605999999627,4
0.7,15,3,2,10,B1,214.1871185377418,integer optimal solution,0.8666666666666667,1.0,2,52,0.0,0.003958799999963958,4
0.7,15,3,2,10,B2,210.95123113070235,integer optimal solution,0.8,1.5,2,498,0.0,0.024629600000025675,4
0.7,15,3,2,10,B3,210.95123113070235,integer optimal solution,0.8,1.5,2,2802,1.1862065999999913,0.0681485000000066,4
0.7,15,3,2,10,HEUR,214.18711853774178,integer optimal solution,0.8666666666666667,1.0,2,73,0.0,0.0066507999999885214,4
0.7,15,3,2,10,B4,209.49576571648888,integer optimal solution,0.5333333333333333,2.3333333333333335,3,10707,17.683777899999995,0.24915759999998954,4
0.7,15,3,2,17,B1,181.8358330576021,integer optimal solution,0.8666666666666667,1.0,2,52,0.0,0.005437700000015866,3
0.7,15,3,2,17,B2,178.84420229454884,integer optimal solution,0.7333333333333333,1.3333333333333333,3,435,0.0,0.02331129999993209,3
0.7,15,3,2,17,B3,178.52849003416384,integer optimal solution,0.7333333333333333,2.0,2,2329,1.10368440000002,0.06424070000002757,3
0.7,15,3,2,17,HEUR,181.83583305760203,integer optimal solution,0.8666666666666667,1.0,2,79,0.0,0.008066699999972116,3
0.7,15,3,2,17,B4,177.39308769664905,integer optimal solution,0.5333333333333333,3.5,2,8309,13.503584300000057,0.22453859999995984,3
0.7,15,3,2,24,B1,208.88159322120237,integer optimal solution,0.8666666666666667,1.0,2,53,0.0,0.004316499999958978,6
0.7,15,3,2,24,B2,194.88110111995596,integer optimal solution,0.6666666666666666,1.6666666666666667,3,449,0.0,0.02298289999998815,6
0.7,15,3,2,24,B3,190.90463678656866,integer optimal solution,0.6,2.0,3,2382,0.9332900000000564,0.060556800000085786,6
0.7,15,3,2,24,HEUR,194.88110111995599,integer optimal solution,0.6666666666666666,1.6666666666666667,3,89,0.0,0.011087900000006812,6
0.7,15,3,2,24,B4,186.29359043574584,integer optimal solution,0.5333333333333333,2.3333333333333335,3,9123,11.104941899999972,0.20668960000000425,6
0.7,15,2,3,6,B1,253.6431702381203,integer optimal solution,0.9333333333333333,1.0,1,35,0.0,0.004130799999984447,3
0.7,15,2,3,6,B2,252.5291007087686,integer optimal solution,0.8,1.5,2,308,0.0,0.015989500000046064,3
0.7,15,2,3,6,B3,248.6913769172383,integer optimal solution,0.7333333333333333,2.0,2,1646,0.8207636999999295,0.041306600000098115,3
0.7,15,2,3,6,HEUR,253.3233147622438,integer optimal solution,0.8,3.0,1,41,0.0,0.008601699999985613,3
0.7,15,2,3,6,B4,244.55530181386473,integer optimal solution,0.6666666666666666,2.5,2,6065,9.671859400000017,0.1537618999999495,3
0.7,15,2,3,13,B1,204.07777743677912,integer optimal solution,0.8,1.0,3,43,0.0,0.003947100000004866,3
0.7,15,2,3,13,B2,197.0861525357522,integer optimal solution,0.6666666666666666,1.6666666666666667,3,322,0.0,0.017694500000061453,3
0.7,15,2,3,13,B3,197.0861525357522,integer optimal solution,0.6666666666666666,1.6666666666666667,3,1713,0.9139154999999164,0.04406949999997778,3
0.7,15,2,3,13,HEUR,204.0777774367791,integer optimal solution,0.8,1.0,3,58,0.0,0.00801980000005642,3
0.7,15,2,3,13,B4,197.0861525357522,integer optimal solution,0.6666666666666666,1.6666666666666667,3,6288,10.587602999999945,0.16179750000003423,3
0.7,15,2,3,20,B1,244.59820333325507,integer optimal solution,0.8666666666666667,1.0,2,35,0.0,0.004153699999960736,5
0.7,15,2,3,20,B2,244.59820333325507,integer optimal solution,0.8666666666666667,1.0,2,340,0.0,0.016077099999847633,5
0.7,15,2,3,20,B3,244.59820333325507,integer optimal solution,0.8666666666666667,1.0,2,1861,0.9160603999999921,0.04343210000001818,5
0.7,15,2,3,20,HEUR,244.59820333325513,integer optimal solution,0.8666666666666667,1.0,2,62,0.0,0.005960899999990943,5
0.7,15,2,3,20,B4,244.59820333325507,integer optimal solution,0.8666666666666667,1.0,2,6727,10.873700299999996,0.1608641999998781,5
0.7,15,3,3,2,B1,179.31520739953402,integer optimal solution,0.8,1.0,3,57,0.0,0.005038600000034421,5
0.7,15,3,3,2,B2,175.84768701494966,integer optimal solution,0.7333333333333333,1.3333333333333333,3,493,0.0,0.025142800000139687,5
0.7,15,3,3,2,B3,169.5788448490861,integer optimal solution,0.4,2.25,4,2656,1.8119575000000623,0.07204430000001594,5
0.7,15,3,3,2,HEUR,172.46216983412978,integer optimal solution,0.5333333333333333,1.75,4,84,0.0,0.005174699999997756,5
0.7,15,3,3,2,B4,160.0092909092574,integer optimal solution,0.26666666666666666,2.2,5,9487,30.53974579999999,0.19702570000004016,5
0.7,15,3,3,9,B1,175.90766894469058,integer optimal solution,0.7333333333333333,1.0,4,58,0.0,0.005035500000076354,4
0.7,15,3,3,9,B2,172.14044731711556,integer optimal solution,0.6666666666666666,1.6666666666666667,3,443,0.0,0.02157190000002629,4
0.7,15,3,3,9,B3,172.14044731711556,integer optimal solution,0.6666666666666666,1.6666666666666667,3,2346,0.9546865999998317,0.05766029999995226,4
0.7,15,3,3,9,HEUR,175.15056070381246,integer optimal solution,0.7333333333333333,1.3333333333333333,3,78,0.0,0.007045999999945707,4
0.7,15,3,3,9,B4,172.14044731711556,integer optimal solution,0.6666666666666666,1.6666666666666667,3,8901,11.361558500000001,0.20240130000001955,4
0.7,15,3,3,16,B1,242.75096004837505,integer optimal solution,0.9333333333333333,1.0,1,50,0.0,0.003941600000189283,4
0.7,15,3,3,16,B2,242.75096004837505,integer optimal solution,0.9333333333333333,1.0,1,461,0.0,0.021685799999886513,4
0.7,15,3,3,16,B3,242.75096004837505,integer optimal solution,0.9333333333333333,1.0,1,2477,1.1007035000000087,0.06118390000006002,4
0.7,15,3,3,16,HEUR,242.75096004837505,integer optimal solution,0.9333333333333333,1.0,1,76,0.0,0.0053207999999358435,4
0.7,15,3,3,16,B4,242.75096004837502,integer optimal solution,0.9333333333333333,1.0,1,9184,11.597987600000124,0.2331203999999616,4
0.7,15,3,3,23,B1,204.51705161045803,integer optimal solution,0.9333333333333333,1.0,1,54,0.0,0.0039901000000099884,4
0.7,15,3,3,23,B2,201.11025015769292,integer optimal solution,0.6666666666666666,1.6666666666666667,3,449,0.0,0.02633109999987937,4
0.7,15,3,3,23,B3,197.19757912889781,integer optimal solution,0.6,2.0,3,2468,1.0490577000000485,0.06474539999999251,4
0.7,15,3,3,23,HEUR,202.0341791587614,integer optimal solution,0.8,1.5,2,72,0.0,0.006435499999952299,4
0.7,15,3,3,23,B4,194.31883573730707,integer optimal solution,0.5333333333333333,2.3333333333333335,3,9689,12.992640100000017,0.23666800000000876,4
0.7,20,2,2,5,B1,229.7855876955408,integer optimal solution,0.85,1.0,3,58,0.0,0.005158500000106869,5
0.7,20,2,2,5,B2,220.4095598578146,integer optimal solution,0.7,2.0,3,619,0.0,0.028346100000135266,5
0.7,20,2,2,5,B3,216.0380702072238,integer optimal solution,0.65,2.3333333333333335,3,4433,4.179313999999977,0.09732969999981833,5
0.7,20,2,2,5,HEUR,225.14359770292893,integer optimal solution,0.75,1.6666666666666667,3,79,0.0,0.01046120000000883,5
0.7,20,2,2,12,B1,300.9273432398769,integer optimal solution,0.8,1.0,4,48,0.0,0.005807799999956842,5
0.7,20,2,2,12,B2,298.68552488498943,integer optimal solution,0.7,1.5,4,547,0.0,0.032422499999938736,5
0.7,20,2,2,12,B3,294.3238554814976,integer optimal solution,0.7,2.0,3,4151,2.00134399999979,0.09490979999986848,5
0.7,20,2,2,12,HEUR,296.6657166726269,integer optimal solution,0.75,1.6666666666666667,3,73,0.0,0.008260400000153822,5
0.7,20,2,2,19,B1,258.363260589084,integer optimal solution,0.85,1.0,3,55,0.0,0.004339000000072701,5
0.7,20,2,2,19,B2,248.67154120453245,integer optimal solution,0.7,2.0,3,603,0.0,0.019727699999975812,5
0.7,20,2,2,19,B3,244.52681444995147,integer optimal solution,0.6,2.6666666666666665,3,4497,2.8490498999999545,0.09918040000002293,5
0.7,20,2,2,19,HEUR,251.38769295584757,integer optimal solution,0.65,2.3333333333333335,3,76,0.0,0.008576200000106837,5
0.7,20,3,2,1,B1,212.57411814333807,integer optimal solution,0.85,1.0,3,77,0.0,0.005684299999984432,6
0.7,20,3,2,1,B2,200.3982160420563,integer optimal solution,0.7,2.0,3,839,0.0,0.030709599999909187,6
0.7,20,3,2,1,B3,196.55153925611262,integer optimal solution,0.5,2.5,4,5608,3.6738110999999662,0.1699942000000192,6
0.7,20,3,2,1,HEUR,199.02341925299916,integer optimal solution,0.6,2.0,4,111,0.0,0.01015400000005684,6
0.7,20,3,2,8,B1,258.74871115955233,integer optimal solution,0.85,1.0,3,69,0.0,0.005269300000009025,4
0.7,20,3,2,8,B2,240.462973318842,integer optimal solution,0.7,2.0,3,810,0.0,0.034271400000079666,4
0.7,20,3,2,8,B3,237.99277204818614,integer optimal solution,0.65,2.3333333333333335,3,5758,2.677248400000053,0.14767970000002606,4
0.7,20,3,2,8,HEUR,258.74871115955233,integer optimal solution,0.85,1.0,3,93,0.0,0.008687300000019604,4
0.7,20,3,2,15,B1,295.9252225181421,integer optimal solution,0.85,1.0,3,73,0.0,0.0064429999999902066,8
0.7,20,3,2,15,B2,293.807576324077,integer optimal solution,0.75,1.6666666666666667,3,877,0.0,0.031032500000037544,8
0.7,20,3,2,15,B3,287.8044082356738,integer optimal solution,0.55,2.25,4,6904,3.424225299999989,0.1520132000000558,8
0.7,20,3,2,15,HEUR,294.6845244058219,integer optimal solution,0.8,2.0,2,125,0.0,0.011100599999963379,8
0.7,20,3,2,22,B1,287.27238251982016,integer optimal solution,0.85,1.0,3,76,0.0,0.005635500000153115,5
0.7,20,3,2,22,B2,265.5758694892086,integer optimal solution,0.6,2.0,4,850,0.0,0.03434540000012021,5
0.7,20,3,2,22,B3,249.2262287952947,integer optimal solution,0.5,2.5,4,6094,3.7463703999999325,0.1806586000000152,5
0.7,20,3,2,22,HEUR,272.19438839928034,integer optimal solution,0.65,1.75,4,100,0.0,0.006386199999951714,5
0.7,20,2,3,4,B1,265.09078286171143,integer optimal solution,0.85,1.0,3,58,0.0,0.006409900000107882,4
0.7,20,2,3,4,B2,259.3794867148314,integer optimal solution,0.75,1.6666666666666667,3,574,0.0,0.03047229999992851,4
0.7,20,2,3,4,B3,259.3794867148314,integer optimal solution,0.75,1.6666666666666667,3,4079,2.903161399999817,0.0929627000000437,4
0.7,20,2,3,4,HEUR,263.5975879431574,integer optimal solution,0.7,1.5,4,75,0.0,0.008709400000043388,4
0.7,20,2,3,11,B1,295.0904847971982,integer optimal solution,0.95,1.0,1,52,0.0,0.0038087000000359694,6
0.7,20,2,3,11,B2,289.0138378818432,integer optimal solution,0.8,2.0,2,571,0.0,0.029045100000075763,6
0.7,20,2,3,11,B3,282.1907681767668,integer optimal solution,0.75,2.5,2,4368,2.5578052000000753,0.09691459999999097,6
0.7,20,2,3,11,HEUR,282.1907681767668,integer optimal solution,0.75,2.5,2,75,0.0,0.007905300000174975,6
0.7,20,2,3,18,B1,284.07324468895695,integer optimal solution,0.85,1.0,3,56,0.0,0.005980200000067271,5
0.7,20,2,3,18,B2,281.7763064163177,integer optimal solution,0.75,1.6666666666666667,3,564,0.0,0.027290100000072925,5
0.7,20,2,3,18,B3,281.7763064163177,integer optimal solution,0.75,1.6666666666666667,3,4034,2.5335140999998202,0.09613189999981842,5
0.7,20,2,3,18,HEUR,284.07324468895695,integer optimal solution,0.85,1.0,3,76,0.0,0.006397000000106345,5
0.7,20,3,3,0,B1,267.8148003526303,integer optimal solution,0.8,1.0,4,78,0.0,0.0045988000001671026,6
0.7,20,3,3,0,B2,259.3667392074408,integer optimal solution,0.65,1.75,4,905,0.0,0.03511460000004263,6
0.7,20,3,3,0,B3,248.92184593492382,integer optimal solution,0.65,1.75,4,6806,4.658004699999992,0.17247909999991862,6
0.7,20,3,3,0,HEUR,267.2816513736095,integer optimal solution,0.75,1.25,4,134,0.0,0.008375000000114596,6
0.7,20,3,3,7,B1,248.07008645215106,integer optimal solution,0.8,1.0,4,85,0.0,0.005905499999926178,4
0.7,20,3,3,7,B2,232.7171539237499,integer optimal solution,0.7,2.0,3,843,0.0,0.03474759999994603,4
0.7,20,3,3,7,B3,226.07531846596723,integer optimal solution,0.65,2.3333333333333335,3,5684,4.317544300000009,0.15574339999989206,4
0.7,20,3,3,7,HEUR,237.9596524773651,integer optimal solution,0.55,2.25,4,111,0.0,0.009345500000108586,4
0.7,20,3,3,14,B1,326.10846858135096,integer optimal solution,0.95,1.0,1,73,0.0,0.004476399999930436,6
0.7,20,3,3,14,B2,324.098267009962,integer optimal solution,0.8,2.0,2,887,0.0,0.03764509999996335,6
0.7,20,3,3,14,B3,319.9084554267718,integer optimal solution,0.75,2.5,2,6591,2.513705800000025,0.15564999999992324,6
0.7,20,3,3,14,HEUR,323.91473806978286,integer optimal solution,0.8,2.0,2,113,0.0,0.009724399999868183,6
0.7,20,3,3,21,B1,296.098408829715,integer optimal solution,0.9,1.0,2,67,0.0,0.004134900000053676,5
0.7,20,3,3,21,B2,282.41840215346986,integer optimal solution,0.7,2.0,3,777,0.0,0.03801970000017718,5
0.7,20,3,3,21,B3,278.2847805489795,integer optimal solution,0.65,2.3333333333333335,3,5665,3.154646899999989,0.15025650000006863,5
0.7,20,3,3,21,HEUR,287.9219337755659,integer optimal solution,0.85,1.5,2,93,0.0,0.008541499999864754,5
0.9,10,2,2,3,B1,93.96888429112597,integer optimal solution,0.8,1.0,2,27,0.0,0.004004699999995864,3
0.9,10,2,2,3,B2,93.96888429112597,integer optimal solution,0.8,1.0,2,146,0.0,0.008890900000096735,3
0.9,10,2,2,3,B3,93.42545434332787,integer optimal solution,0.5,1.6666666666666667,3,560,0.554855100000168,0.02669600000012906,3
0.9,10,2,2,3,HEUR,93.96888429112597,integer optimal solution,0.8,1.0,2,41,0.0,0.0037300999999843043,3
0.9,10,2,2,3,B4,91.4304115825265,integer optimal solution,0.4,2.0,3,1413,7.087443099999973,0.04288159999987329,3
0.9,10,2,2,10,B1,91.5996597638291,integer optimal solution,0.7,1.0,3,26,0.0,0.0056099999999332795,3
0.9,10,2,2,10,B2,86.28162424049238,integer optimal solution,0.5,1.6666666666666667,3,163,0.0,0.0070147999999790045,3
0.9,10,2,2,10,B3,83.66454349614446,integer optimal solution,0.2,2.6666666666666665,3,584,0.5518192000001818,0.02823919999991631,3
0.9,10,2,2,10,HEUR,88.21083270247061,integer optimal solution,0.5,1.6666666666666667,3,40,0.0,0.004366200000049503,3
0.9,10,2,2,10,B4,81.75815876818126,integer optimal solution,0.1,3.0,3,1423,6.593418500000098,0.04597590000003038,3
0.9,10,2,2,17,B1,119.41418177950436,integer optimal solution,0.8,1.0,2,29,0.0,0.0038753999999698863,4
0.9,10,2,2,17,B2,105.0616032801266,integer optimal solution,0.5,1.6666666666666667,3,150,0.0,0.00812210000003688,4
0.9,10,2,2,17,B3,103.38823076179007,integer optimal solution,0.5,2.5,2,529,0.6791627000000062,0.028896600000052786,4
0.9,10,2,2,17,HEUR,105.06160328012659,integer optimal solution,0.5,1.6666666666666667,3,40,0.0,0.005296400000133872,4
0.9,10,2,2,17,B4,98.88650397611198,integer optimal solution,0.3,2.3333333333333335,3,1297,6.703941900000018,0.04379479999988689,4
0.9,10,2,2,24,B1,101.84013846366254,integer optimal solution,0.8,1.0,2,26,0.0,0.0042593000000579195,2
0.9,10,2,2,24,B2,98.03946784404697,integer optimal solution,0.8,2.0,1,168,0.0,0.008203699999967284,2
0.9,10,2,2,24,B3,96.2517812713185,integer optimal solution,0.5,2.5,2,625,0.5421263000000636,0.031384500000058324,2
0.9,10,2,2,24,HEUR,101.84013846366256,integer optimal solution,0.8,1.0,2,36,0.0,0.00828870000009374,2
0.9,10,2,2,24,B4,92.39720816542813,integer optimal solution,0.4,3.0,2,1557,8.361436699999786,0.04852849999997488,2
0.9,10,3,2,6,B1,118.43799166612013,integer optimal solution,0.8,1.0,2,43,0.0,0.004790400000047157,3
0.9,10,3,2,6,B2,99.71343006226824,integer optimal solution,0.4,2.0,3,208,0.0,0.00994910000008531,3
0.9,10,3,2,6,B3,92.92019710300285,integer optimal solution,0.3,2.3333333333333335,3,703,0.6524511000000075,0.029303399999889734,3
0.9,10,3,2,6,HEUR,96.9169138992389,integer optimal solution,0.2,2.6666666666666665,3,54,0.0,0.005311800000072253,3
0.9,10,3,2,6,B4,89.78642758091594,integer optimal solution,0.2,2.6666666666666665,3,1638,7.714437999999973,0.04917279999995117,3
0.9,10,3,2,13,B1,97.2436302661047,integer optimal solution,0.7,1.0,3,41,0.0,0.004432100000030914,4
0.9,10,3,2,13,B2,92.86827054082539,integer optimal solution,0.6,1.3333333333333333,3,229,0.0,0.010139200000139681,4
0.9,10,3,2,13,B3,89.37068043090673,integer optimal solution,0.5,1.6666666666666667,3,845,0.7395116999998663,0.02833269999996446,4
0.9,10,3,2,13,HEUR,92.86827054082539,integer optimal solution,0.6,1.3333333333333333,3,54,0.0,0.005789000000049782,4
0.9,10,3,2,13,B4,83.31781523378399,integer optimal solution,0.0,2.5,4,2089,9.954729499999985,0.0483859000000848,4
0.9,10,3,2,20,B1,122.10219616856088,integer optimal solution,0.7,1.0,3,38,0.0,0.0060050999998111365,4
0.9,10,3,2,20,B2,108.05812790686869,integer optimal solution,0.3,1.75,4,240,0.0,0.011556500000097003,4
0.9,10,3,2,20,B3,102.6344829167887,integer optimal solution,0.1,2.25,4,880,0.7046804999999949,0.03554800000006253,4
0.9,10,3,2,20,HEUR,108.05812790686869,integer optimal solution,0.3,1.75,4,60,0.0,0.007044200000109413,4
0.9,10,3,2,20,B4,97.93209358825536,integer optimal solution,0.0,2.5,4,2204,8.693968600000062,0.04274600000007922,4
0.9,10,2,3,2,B1,93.39478581748523,integer optimal solution,0.7,1.0,3,43,0.0,0.005542500000046857,2
0.9,10,2,3,2,B2,91.5289384969491,integer optimal solution,0.6,1.3333333333333333,3,170,0.0,0.008484100000032413,2
0.9,10,2,3,2,B3,89.68017403532117,integer optimal solution,0.3,1.75,4,533,0.6270732000000407,0.028691600000001927,2
0.9,10,2,3,2,HEUR,93.39478581748521,integer optimal solution,0.7,1.0,3,53,0.0,0.004896599999938189,2
0.9,10,2,3,2,B4,86.31017109136206,integer optimal solution,0.2,2.0,4,1187,6.866485900000043,0.040706499999942025,2
0.9,10,2,3,9,B1,102.36189037531088,integer optimal solution,0.7,1.0,3,43,0.0,0.004065899999886824,3
0.9,10,2,3,9,B2,90.38066595685888,integer optimal solution,0.4,1.5,4,152,0.0,0.008892399999922418,3
0.9,10,2,3,9,B3,85.4474245969385,integer optimal solution,0.3,2.3333333333333335,3,444,0.5103916999999001,0.028366499999947337,3
0.9,10,2,3,9,HEUR,85.57271119397495,integer optimal solution,0.3,1.75,4,51,0.0,0.005405000000109794,3
0.9,10,2,3,9,B4,79.64059109880122,integer optimal solution,0.0,2.5,4,958,5.168393799999876,0.041827799999964554,3
0.9,10,2,3,16,B1,96.77909142006041,integer optimal solution,0.7,1.0,3,41,0.0,0.00447600000006787,3
0.9,10,2,3,16,B2,93.80286992411074,integer optimal solution,0.4,1.5,4,173,0.0,0.008893599999964863,3
0.9,10,2,3,16,B3,88.99820969003324,integer optimal solution,0.3,1.75,4,565,0.613874800000076,0.027052200000071025,3
0.9,10,2,3,16,HEUR,95.5078259106061,integer optimal solution,0.4,1.5,4,52,0.0,0.00561110000012377,3
0.9,10,2,3,16,B4,87.8040633378672,integer optimal solution,0.2,2.0,4,1312,7.9092249000000265,0.04782880000016121,3
0.9,10,2,3,23,B1,102.78018477210688,integer optimal solution,0.8,1.0,2,34,0.0,0.004397599999947488,4
0.9,10,2,3,23,B2,102.31377298353996,integer optimal solution,0.6,1.3333333333333333,3,176,0.0,0.008167599999978847,4
0.9,10,2,3,23,B3,98.10756396764283,integer optimal solution,0.5,1.6666666666666667,3,646,0.6584573000000091,0.028069999999843276,4
0.9,10,2,3,23,HEUR,102.31377298353996,integer optimal solution,0.6,1.3333333333333333,3,51,0.0,0.005241699999942284,4
0.9,10,2,3,23,B4,95.40712954923342,integer optimal solution,0.4,2.0,3,1542,8.086376600000222,0.04593069999987165,4
0.9,10,3,3,5,B1,109.71225871354685,integer optimal solution,0.8,1.0,2,47,0.0,0.0052664999998341955,4
0.9,10,3,3,5,B2,99.5266509246875,integer optimal solution,0.5,1.6666666666666667,3,232,0.0,0.012193300000035379,4
0.9,10,3,3,5,B3,90.85580768038561,integer optimal solution,0.2,2.6666666666666665,3,805,0.7846021000000292,0.034005900000011025,4
0.9,10,3,3,5,HEUR,93.63979953636372,integer optimal solution,0.2,2.0,4,63,0.0,0.006792800000084753,4
0.9,10,3,3,5,B4,84.23853547156966,integer optimal solution,0.0,2.5,4,1894,10.6890085,0.05014779999987695,4
0.9,10,3,3,12,B1,101.75004180905067,integer optimal solution,0.7,1.0,3,50,0.0,0.006564199999957054,4
0.9,10,3,3,12,B2,90.72401724370089,integer optimal solution,0.4,2.0,3,226,0.0,0.010188100000050326,4
0.9,10,3,3,12,B3,88.52092416733049,integer optimal solution,0.1,2.25,4,740,0.6965172999998686,0.02399070000001302,4
0.9,10,3,3,12,HEUR,92.70053790954515,integer optimal solution,0.3,2.3333333333333335,3,64,0.0,0.0049291999998786196,4
0.9,10,3,3,12,B4,86.27258562516876,integer optimal solution,0.1,2.25,4,1697,8.209009400000014,0.04868850000002567,4
0.9,10,3,3,19,B1,92.57066979873268,integer optimal solution,0.8,1.0,2,44,0.0,0.004893000000038228,3
0.9,10,3,3,19,B2,86.99929857960288,integer optimal solution,0.7,1.5,2,242,0.0,0.00777339999990545,3
0.9,10,3,3,19,B3,84.12399017480374,integer optimal solution,0.4,2.0,3,873,0.9079418000001169,0.03325289999997949,3
0.9,10,3,3,19,HEUR,92.57066979873268,integer optimal solution,0.8,1.0,2,63,0.0,0.007854100000031394,3
0.9,10,3,3,19,B4,81.4566874847588,integer optimal solution,0.3,2.3333333333333335,3,2118,11.169795900000054,0.04818359999990207,3
0.9,15,2,2,1,B1,143.04205385849284,integer optimal solution,0.8666666666666667,1.0,2,49,0.0,0.00471279999987928,4
0.9,15,2,2,1,B2,133.68054991791328,integer optimal solution,0.6,2.0,3,342,0.0,0.012885799999821757,4
0.9,15,2,2,1,B3,128.61328338639652,integer optimal solution,0.3333333333333333,2.5,4,1781,1.9108162999998513,0.03388390000009167,4
0.9,15,2,2,1,HEUR,141.15696379647517,integer optimal solution,0.6666666666666666,1.6666666666666667,3,66,0.0,0.004861299999902258,4
0.9,15,2,2,1,B4,126.91141931784057,integer optimal solution,0.26666666666666666,2.75,4,6533,41.65031109999995,0.14676510000003873,4
0.9,15,2,2,8,B1,152.46752862558162,integer optimal solution,0.8666666666666667,1.0,2,43,0.0,0.005130000000008295,5
0.9,15,2,2,8,B2,145.40529109740623,integer optimal solution,0.7333333333333333,2.0,2,324,0.0,0.0170444000000316,5
0.9,15,2,2,8,B3,139.44922689314706,integer optimal solution,0.4666666666666667,2.6666666666666665,3,1796,2.1950722999999925,0.042601099999956205,5
0.9,15,2,2,8,HEUR,145.73465526569146,integer optimal solution,0.5333333333333333,2.3333333333333335,3,68,0.0,0.006759800000054383,5
0.9,15,2,2,8,B4,132.2213560363422,integer optimal solution,0.3333333333333333,3.3333333333333335,3,6857,43.16904679999993,0.1461173999998664,5
0.9,15,2,2,15,B1,157.3880869422075,integer optimal solution,0.8666666666666667,1.0,2,45,0.0,0.0038876999999502004,4
0.9,15,2,2,15,B2,149.0141549183242,integer optimal solution,0.8,1.5,2,341,0.0,0.014010200000029727,4
0.9,15,2,2,15,B3,148.63607462984677,integer optimal solution,0.6,2.0,3,1777,1.8684155000000828,0.03214279999997416,4
0.9,15,2,2,15,HEUR,156.93004521275844,integer optimal solution,0.6666666666666666,1.6666666666666667,3,60,0.0,0.007390499999928579,4
0.9,15,2,2,15,B4,144.03894031385036,integer optimal solution,0.26666666666666666,2.75,4,6528,39.09745019999991,0.13995150000005196,4
0.9,15,2,2,22,B1,139.07684551459488,integer optimal solution,0.8666666666666667,1.0,2,43,0.0,0.004744600000094579,4
0.9,15,2,2,22,B2,135.25792866278866,integer optimal solution,0.6666666666666666,1.6666666666666667,3,358,0.0,0.010907699999961551,4
0.9,15,2,2,22,B3,130.75266176509416,integer optimal solution,0.6,2.0,3,1996,1.9135033000000021,0.04178049999995892,4
0.9,15,2,2,22,HEUR,135.0796919363737,integer optimal solution,0.6666666666666666,1.6666666666666667,3,58,0.0,0.008931899999879533,4
0.9,15,2,2,22,B4,126.68813572467225,integer optimal solution,0.3333333333333333,3.3333333333333335,3,7562,46.79482740000003,0.15074509999999464,4
0.9,15,3,2,4,B1,134.0579869939069,integer optimal solution,0.8666666666666667,1.0,2,56,0.0,0.003171399999928326,5
0.9,15,3,2,4,B2,127.6392044702009,integer optimal solution,0.6666666666666666,1.6666666666666667,3,509,0.0,0.016706399999975474,5
0.9,15,3,2,4,B3,119.96252404929763,integer optimal solution,0.26666666666666666,2.75,4,2769,2.5548773000000438,0.05673890000002757,5
0.9,15,3,2,4,HEUR,130.22284705588612,integer optimal solution,0.6,2.0,3,84,0.0,0.008055300000023635,5
0.9,15,3,2,4,B4,114.70282188814146,integer optimal solution,0.06666666666666667,3.5,4,10276,53.53760390000002,0.20635280000010425,5
0.9,15,3,2,11,B1,213.6585953428916,integer optimal solution,0.8666666666666667,1.0,2,56,0.0,0.003927100000055361,6
0.9,15,3,2,11,B2,203.43489717586664,integer optimal solution,0.6,1.5,4,511,0.0,0.02242219999993722,6
0.9,15,3,2,11,B3,178.08435740161775,integer optimal solution,0.26666666666666666,2.2,5,2846,2.581558800000039,0.05447469999990062,6
0.9,15,3,2,11,HEUR,186.06137564043235,integer optimal solution,0.3333333333333333,2.0,5,84,0.0,0.005039000000124361,6
0.9,15,3,2,11,B4,160.05333238409878,integer optimal solution,0.06666666666666667,2.8,5,10775,55.81169790000013,0.29493939999997565,6
0.9,15,3,2,18,B1,155.13866065491038,integer optimal solution,1.0,0.0,0,62,0.0,0.003914399999985108,4
0.9,15,3,2,18,B2,149.17808665980215,integer optimal solution,0.7333333333333333,2.0,2,492,0.0,0.024695199999996476,4
0.9,15,3,2,18,B3,136.4258544741082,integer optimal solution,0.4,3.0,3,2652,2.708152899999959,0.0642917000000125,4
0.9,15,3,2,18,HEUR,137.4424143853608,integer optimal solution,0.4,3.0,3,84,0.0,0.005720499999824824,4
0.9,15,3,2,18,B4,124.66694796961664,integer optimal solution,0.2,4.0,3,9932,55.70542320000004,0.20319829999994,4
0.9,15,2,3,0,B1,143.60950108335072,integer optimal solution,0.8,1.0,3,61,0.0,0.011721300000090196,5
0.9,15,2,3,0,B2,136.19586534457025,integer optimal solution,0.5333333333333333,1.75,4,381,0.0,0.019338300000072195,5
0.9,15,2,3,0,B3,134.05926000748605,integer optimal solution,0.4666666666666667,2.0,4,1951,2.612634900000103,0.049853400000074544,5
0.9,15,2,3,0,HEUR,142.86302295056493,integer optimal solution,0.6,1.5,4,75,0.0,0.007740300000023126,5
0.9,15,2,3,0,B4,131.91937852022178,integer optimal solution,0.4,2.25,4,7311,55.62589330000014,0.2008806999999706,5
0.9,15,2,3,7,B1,135.91607178536646,integer optimal solution,0.7333333333333333,1.0,4,54,0.0,0.006246599999940372,5
0.9,15,2,3,7,B2,124.15053326764324,integer optimal solution,0.3333333333333333,2.0,5,386,0.0,0.01775920000000042,5
0.9,15,2,3,7,B3,116.86306053703134,integer optimal solution,0.2,2.4,5,1938,2.6684605000000374,0.044468399999914254,5
0.9,15,2,3,7,HEUR,127.28473242244891,integer optimal solution,0.4,1.8,5,74,0.0,0.005303299999923183,5
0.9,15,2,3,7,B4,111.42296558063563,integer optimal solution,0.06666666666666667,2.8,5,7132,52.793127700000014,0.15888170000016544,5
0.9,15,2,3,14,B1,186.82700413045885,integer optimal solution,0.7333333333333333,1.0,4,60,0.0,0.006574799999953029,3
0.9,15,2,3,14,B2,167.65626647888186,integer optimal solution,0.4,1.8,5,333,0.0,0.016330899999957182,3
0.9,15,2,3,14,B3,149.30034073237056,integer optimal solution,0.26666666666666666,2.2,5,1432,2.2171634000001177,0.03918260000000373,3
0.9,15,2,3,14,HEUR,185.53293622088097,integer optimal solution,0.6,1.5,4,66,0.0,0.006688700000040626,3
0.9,15,2,3,14,B4,134.45616471066,integer optimal solution,0.06666666666666667,2.8,5,4751,42.223662500000046,0.13200929999993605,3
0.9,15,2,3,21,B1,142.3215287391103,integer optimal solution,0.8666666666666667,1.0,2,47,0.0,0.0054416000000401255,6
0.9,15,2,3,21,B2,137.771465791577,integer optimal solution,0.6666666666666666,1.6666666666666667,3,351,0.0,0.013079199999992852,6
0.9,15,2,3,21,B3,132.60827157253212,integer optimal solution,0.6,2.0,3,1916,2.8691877000001114,0.04415590000007796,6
0.9,15,2,3,21,HEUR,137.34439053222818,integer optimal solution,0.6666666666666666,1.6666666666666667,3,64,0.0,0.006924999999910142,6
0.9,15,2,3,21,B4,129.1794329195308,integer optimal solution,0.5333333333333333,2.3333333333333335,3,7248,58.12688109999999,0.1417121000001771,6
0.9,15,3,3,3,B1,127.5735520853068,integer optimal solution,0.6666666666666666,1.0,5,70,0.0,0.006609199999957127,5
0.9,15,3,3,3,B2,119.69931293253563,integer optimal solution,0.5333333333333333,1.75,4,500,0.0,0.01872359999993023,5
0.9,15,3,3,3,B3,115.62505642563588,integer optimal solution,0.3333333333333333,2.0,5,2563,3.081133399999999,0.05937800000015159,5
0.9,15,3,3,3,HEUR,122.84327597562732,integer optimal solution,0.4666666666666667,2.0,4,92,0.0,0.008965700000089782,5
0.9,15,3,3,3,B4,112.42791749181109,integer optimal solution,0.26666666666666666,2.75,4,9221,62.11956600000008,0.1885134999999991,5
0.9,15,3,3,10,B1,144.1415549926208,integer optimal solution,0.8,1.0,3,57,0.0,0.005578000000014072,6
0.9,15,3,3,10,B2,142.501031823739,integer optimal solution,0.6666666666666666,1.6666666666666667,3,480,0.0,0.03748749999999745,6
0.9,15,3,3,10,B3,135.3435939500202,integer optimal solution,0.5333333333333333,2.3333333333333335,3,2564,2.7582461000001786,0.07679200000006858,6
0.9,15,3,3,10,HEUR,139.4793915213112,integer optimal solution,0.5333333333333333,1.75,4,78,0.0,0.008902899999839065,6
0.9,15,3,3,10,B4,130.4996723899796,integer optimal solution,0.4,3.0,3,9235,56.21230450000007,0.22536430000013752,6
0.9,15,3,3,17,B1,148.91309421038358,integer optimal solution,0.8666666666666667,1.0,2,58,0.0,0.004762799999980416,5
0.9,15,3,3,17,B2,139.47479798733258,integer optimal solution,0.6,2.0,3,504,0.0,0.022708499999907872,5
0.9,15,3,3,17,B3,132.00358788332898,integer optimal solution,0.4,2.25,4,2647,3.0985869999999522,0.06230120000009265,5
0.9,15,3,3,17,HEUR,141.46509742761396,integer optimal solution,0.4666666666666667,2.6666666666666665,3,76,0.0,0.008430499999803942,5
0.9,15,3,3,17,B4,124.77330059337515,integer optimal solution,0.26666666666666666,2.75,4,9744,69.19942890000016,0.24540079999997033,5
0.9,15,3,3,24,B1,162.5786258103966,integer optimal solution,0.7333333333333333,1.0,4,67,0.0,0.0060499000001073,5
0.9,15,3,3,24,B2,150.30738407864104,integer optimal solution,0.4,1.8,5,493,0.0,0.019924600000194914,5
0.9,15,3,3,24,B3,144.40294907254977,integer optimal solution,0.13333333333333333,2.1666666666666665,6,2637,2.8701751999999487,0.06163310000010824,5
0.9,15,3,3,24,HEUR,155.3122536602588,integer optimal solution,0.4,1.8,5,93,0.0,0.007364899999629415,5
0.9,15,3,3,24,B4,140.3074629143195,integer optimal solution,0.0,2.5,6,9881,59.159297700000025,0.2950423000002047,5
0.9,20,2,2,6,B1,199.65768507317955,integer optimal solution,0.85,1.0,3,62,0.0,0.0059312000003046705,6
0.9,20,2,2,6,B2,192.57199788059327,integer optimal solution,0.75,1.6666666666666667,3,631,0.0,0.02774749999980486,6
0.9,20,2,2,6,B3,186.04056808995324,integer optimal solution,0.55,2.25,4,4691,6.447555499999908,0.0870756999997866,6
0.9,20,2,2,6,HEUR,191.07714503217488,integer optimal solution,0.6,2.0,4,84,0.0,0.007629400000041642,6
0.9,20,2,2,13,B1,192.24498328453768,integer optimal solution,0.85,1.0,3,57,0.0,0.006322999999611056,5
0.9,20,2,2,13,B2,181.59309350045592,integer optimal solution,0.7,2.0,3,617,0.0,0.02696650000007139,5
0.9,20,2,2,13,B3,174.59062480431623,integer optimal solution,0.5,2.5,4,4447,5.479474699999628,0.09402760000011767,5
0.9,20,2,2,13,HEUR,184.31301915217563,integer optimal solution,0.65,2.3333333333333335,3,78,0.0,0.008038699999815435,5
0.9,20,2,2,20,B1,192.29736105161746,integer optimal solution,0.9,1.0,2,68,0.0,0.005771999999979016,6
0.9,20,2,2,20,B2,183.51416116327223,integer optimal solution,0.7,2.0,3,599,0.0,0.02729609999960303,6
0.9,20,2,2,20,B3,176.95284173924628,integer optimal solution,0.65,2.3333333333333335,3,3614,5.893310200000087,0.09026159999984884,6
0.9,20,2,2,20,HEUR,186.8054446195583,integer optimal solution,0.75,1.6666666666666667,3,86,0.0,0.009013800000047922,6
0.9,20,3,2,2,B1,215.9443958434341,integer optimal solution,0.75,1.0,5,94,0.0,0.005930499999976746,6
0.9,20,3,2,2,B2,190.18207163526705,integer optimal solution,0.5,2.0,5,890,0.0,0.031789300000127696,6
0.9,20,3,2,2,B3,173.25605164509355,integer optimal solution,0.35,2.6,5,5980,6.786072399999739,0.13971529999980703,6
0.9,20,3,2,2,HEUR,191.2434012707829,integer optimal solution,0.5,2.0,5,125,0.0,0.007110099999863451,6
0.9,20,3,2,9,B1,164.99027577788678,integer optimal solution,0.85,1.0,3,75,0.0,0.005093499999929918,6
0.9,20,3,2,9,B2,153.3131667458473,integer optimal solution,0.6,2.0,4,833,0.0,0.03887880000002042,6
0.9,20,3,2,9,B3,147.23937206440814,integer optimal solution,0.35,2.6,5,5834,6.6199861000000055,0.15671259999999165,6
0.9,20,3,2,9,HEUR,153.54748677919366,integer optimal solution,0.5,2.5,4,107,0.0,0.008143600000039442,6
0.9,20,3,2,16,B1,223.08463039066177,integer optimal solution,0.85,1.0,3,88,0.0,0.005004399999961606,9
0.9,20,3,2,16,B2,195.6952334910213,integer optimal solution,0.5,2.0,5,920,0.0,0.035025900000164256,9
0.9,20,3,2,16,B3,182.85423426704634,integer optimal solution,0.35,2.6,5,6153,7.264532199999849,0.144875200000115,9
0.9,20,3,2,16,HEUR,190.7701853665276,integer optimal solution,0.45,2.2,5,138,0.0,0.007231900000078895,9
0.9,20,3,2,23,B1,211.6042635285727,integer optimal solution,0.8,1.0,4,85,0.0,0.006238400000256661,7
0.9,20,3,2,23,B2,190.09848267865172,integer optimal solution,0.5,2.0,5,899,0.0,0.030903400000170222,7
0.9,20,3,2,23,B3,171.87453195100719,integer optimal solution,0.35,2.6,5,6250,7.878203900000244,0.11865119999993112,7
0.9,20,3,2,23,HEUR,203.62329369074266,integer optimal solution,0.6,1.6,5,121,0.0,0.006955100000141101,7
0.9,20,2,3,5,B1,169.0845524379761,integer optimal solution,0.85,1.0,3,83,0.0,0.005665899999712565,7
0.9,20,2,3,5,B2,162.0425633147517,integer optimal solution,0.75,1.6666666666666667,3,649,0.0,0.027157399999850895,7
0.9,20,2,3,5,B3,157.88683633083613,integer optimal solution,0.45,2.2,5,4167,7.085478099999818,0.08605219999981273,7
0.9,20,2,3,5,HEUR,168.25163665331237,integer optimal solution,0.7,1.5,4,107,0.0,0.009481900000082533,7
0.9,20,2,3,12,B1,222.97841801831763,integer optimal solution,0.8,1.0,4,76,0.0,0.004359099999874161,7
0.9,20,2,3,12,B2,199.55905363052585,integer optimal solution,0.55,1.8,5,685,0.0,0.028137799999967683,7
0.9,20,2,3,12,B3,189.65082623859524,integer optimal solution,0.45,2.2,5,4998,7.275198299999829,0.09650610000016968,7
0.9,20,2,3,12,HEUR,205.09770226310454,integer optimal solution,0.5,2.0,5,103,0.0,0.007212400000298658,7
0.9,20,2,3,19,B1,181.3242802653948,integer optimal solution,0.85,1.0,3,71,0.0,0.006131200000254466,7
0.9,20,2,3,19,B2,169.97326254719314,integer optimal solution,0.7,2.0,3,603,0.0,0.02266860000008819,7
0.9,20,2,3,19,B3,167.4851844875814,integer optimal solution,0.55,2.25,4,4048,7.639650099999926,0.06430700000009892,7
0.9,20,2,3,19,HEUR,178.92802239742878,integer optimal solution,0.7,1.5,4,97,0.0,0.0066646999998738465,7
0.9,20,3,3,1,B1,232.60266840247075,integer optimal solution,0.85,1.0,3,90,0.0,0.006522399999994377,8
0.9,20,3,3,1,B2,214.59616437318624,integer optimal solution,0.45,1.8333333333333333,6,910,0.0,0.023162800000136485,8
0.9,20,3,3,1,B3,198.75259199148067,integer optimal solution,0.3,2.3333333333333335,6,6671,8.736524999999801,0.14499889999979132,8
0.9,20,3,3,1,HEUR,212.77599586418535,integer optimal solution,0.5,1.6666666666666667,6,129,0.0,0.008526400000391732,8
0.9,20,3,3,8,B1,181.29497832343378,integer optimal solution,0.75,1.0,5,100,0.0,0.0055422999998882005,6
0.9,20,3,3,8,B2,170.87699233913358,integer optimal solution,0.55,1.8,5,905,0.0,0.022875000000112777,6
0.9,20,3,3,8,B3,160.79162802537036,integer optimal solution,0.35,2.1666666666666665,6,6133,7.924409400000059,0.13153310000006968,6
0.9,20,3,3,8,HEUR,168.14706688148064,integer optimal solution,0.4,2.0,6,131,0.0,0.0053197000002001005,6
0.9,20,3,3,15,B1,178.51076205009574,integer optimal solution,0.85,1.0,3,89,0.0,0.005106399999931455,7
0.9,20,3,3,15,B2,165.9427625698142,integer optimal solution,0.65,1.75,4,963,0.0,0.02869250000003376,7
0.9,20,3,3,15,B3,158.29146545863492,integer optimal solution,0.45,2.2,5,6986,8.623136800000339,0.11379070000020874,7
0.9,20,3,3,15,HEUR,166.6245569172072,integer optimal solution,0.65,1.75,4,129,0.0,0.00787110000010216,7
0.9,20,3,3,22,B1,194.94177755811026,integer optimal solution,0.8,1.0,4,94,0.0,0.0040638999998918734,7
0.9,20,3,3,22,B2,181.40538647239737,integer optimal solution,0.55,1.8,5,1020,0.0,0.026393800000278134,7
0.9,20,3,3,22,B3,167.57908486442983,integer optimal solution,0.45,2.2,5,7719,9.374134700000013,0.12673880000011195,7
0.9,20,3,3,22,HEUR,173.2366568753608,integer optimal solution,0.5,2.0,5,129,0.0,0.007393899999897258,7
