alignment,n,n_gw,n_od,rep,menu,true_cost,status,fd_rate,mean_bundle,n_routes,pool_size,t_A,t_B,n_heur_blocks
0.1,10,2,2,2,B1,154.37984919427907,integer optimal solution,0.9,1.0,1,23,0.0,0.006221199999999927,2
0.1,10,2,2,2,B2,154.37984919427907,integer optimal solution,0.9,1.0,1,134,0.0,0.01219950000000014,2
0.1,10,2,2,2,B3,154.37984919427907,integer optimal solution,0.9,1.0,1,464,0.2848132,0.03283199999999997,2
0.1,10,2,2,2,HEUR,154.37984919427907,integer optimal solution,0.9,1.0,1,30,0.0,0.006395099999999987,2
0.1,10,2,2,2,B4,154.37984919427907,integer optimal solution,0.9,1.0,1,1059,1.2853447,0.04760729999999991,2
0.1,10,2,2,9,B1,161.90630644489605,integer optimal solution,0.9,1.0,1,21,0.0,0.0037935000000004493,2
0.1,10,2,2,9,B2,161.90630644489605,integer optimal solution,0.9,1.0,1,148,0.0,0.010752000000000095,2
0.1,10,2,2,9,B3,161.90630644489605,integer optimal solution,0.9,1.0,1,629,0.26731110000000013,0.032471600000000045,2
0.1,10,2,2,9,HEUR,161.90630644489605,integer optimal solution,0.9,1.0,1,27,0.0,0.005572900000000658,2
0.1,10,2,2,9,B4,161.90630644489602,integer optimal solution,0.9,1.0,1,1822,2.4571657,0.04992460000000065,2
0.1,10,2,2,16,B1,141.12521547869125,integer optimal solution,0.8,1.0,2,27,0.0,0.00596450000000015,2
0.1,10,2,2,16,B2,138.08113203706984,integer optimal solution,0.7,1.5,2,141,0.0,0.011316100000000162,2
0.1,10,2,2,16,B3,135.81104344089636,integer optimal solution,0.6,2.0,2,465,0.3252739,0.03457290000000057,2
0.1,10,2,2,16,HEUR,135.81104344089636,integer optimal solution,0.6,2.0,2,35,0.0,0.008925200000000189,2
0.1,10,2,2,16,B4,132.595574875495,integer optimal solution,0.5,2.5,2,1071,1.9396275000000003,0.047351299999999874,2
0.1,10,2,2,23,B1,163.88956828678928,integer optimal solution,0.9,1.0,1,21,0.0,0.003709199999999413,3
0.1,10,2,2,23,B2,163.88956828678928,integer optimal solution,0.9,1.0,1,143,0.0,0.012442000000000064,3
0.1,10,2,2,23,B3,163.88956828678928,integer optimal solution,0.9,1.0,1,521,0.1911530999999993,0.032490499999999756,3
0.1,10,2,2,23,HEUR,163.88956828678928,integer optimal solution,0.9,1.0,1,31,0.0,0.005638199999999927,3
0.1,10,2,2,23,B4,163.88956828678928,integer optimal solution,0.9,1.0,1,1312,1.1264969999999996,0.052329300000000245,3
0.1,10,3,2,5,B1,151.61457830445082,integer optimal solution,0.7,1.0,3,32,0.0,0.005041500000000809,3
0.1,10,3,2,5,B2,144.10912152120144,integer optimal solution,0.6,1.3333333333333333,3,215,0.0,0.016949100000001494,3
0.1,10,3,2,5,B3,142.38676588208244,integer optimal solution,0.6,2.0,2,771,0.23226639999999854,0.042881299999999456,3
0.1,10,3,2,5,HEUR,151.61457830445082,integer optimal solution,0.7,1.0,3,47,0.0,0.008240899999998774,3
0.1,10,3,2,5,B4,142.38676588208244,integer optimal solution,0.6,2.0,2,1923,1.5296260000000004,0.05833210000000122,3
0.1,10,3,2,12,B1,145.3471106771106,integer optimal solution,0.9,1.0,1,35,0.0,0.00576290000000057,3
0.1,10,3,2,12,B2,145.3471106771106,integer optimal solution,0.9,1.0,1,212,0.0,0.01443369999999966,3
0.1,10,3,2,12,B3,145.3471106771106,integer optimal solution,0.9,1.0,1,784,0.24590509999999988,0.03656550000000003,3
0.1,10,3,2,12,HEUR,145.3471106771106,integer optimal solution,0.9,1.0,1,49,0.0,0.010476599999998726,3
0.1,10,3,2,12,B4,145.3471106771106,integer optimal solution,0.9,1.0,1,1881,1.5111764999999995,0.06257839999999959,3
0.1,10,3,2,19,B1,151.74475374417557,integer optimal solution,1.0,0.0,0,30,0.0,0.0038447000000001452,2
0.1,10,3,2,19,B2,151.74475374417554,integer optimal solution,1.0,0.0,0,225,0.0,0.012841999999999132,2
0.1,10,3,2,19,B3,151.74475374417554,integer optimal solution,1.0,0.0,0,936,0.331581400000001,0.03907309999999953,2
0.1,10,3,2,19,HEUR,151.74475374417554,integer optimal solution,1.0,0.0,0,41,0.0,0.006903499999999951,2
0.1,10,3,2,19,B4,151.74475374417554,integer optimal solution,1.0,0.0,0,2609,2.9071926,0.06554009999999977,2
0.1,10,2,3,1,B1,165.09116569223102,integer optimal solution,1.0,0.0,0,22,0.0,0.005746200000000812,2
0.1,10,2,3,1,B2,162.96768146104301,integer optimal solution,0.8,2.0,1,152,0.0,0.012916700000001669,2
0.1,10,2,3,1,B3,154.98182227992584,integer optimal solution,0.7,3.0,1,549,0.25532249999999834,0.03278089999999878,2
0.1,10,2,3,1,HEUR,165.09116569223104,integer optimal solution,1.0,0.0,0,32,0.0,0.0060205000000017606,2
0.1,10,2,3,1,B4,154.82927094052536,integer optimal solution,0.6,4.0,1,1311,1.5007610000000007,0.05376280000000122,2
0.1,10,2,3,8,B1,139.28322812998988,integer optimal solution,0.9,1.0,1,22,0.0,0.005362299999998044,2
0.1,10,2,3,8,B2,139.28322812998988,integer optimal solution,0.9,1.0,1,142,0.0,0.011497999999999564,2
0.1,10,2,3,8,B3,139.28322812998988,integer optimal solution,0.9,1.0,1,542,0.22872070000000022,0.03285950000000071,2
0.1,10,2,3,8,HEUR,139.28322812998988,integer optimal solution,0.9,1.0,1,30,0.0,0.008335200000001208,2
0.1,10,2,3,8,B4,139.28322812998988,integer optimal solution,0.9,1.0,1,1445,1.5919906000000026,0.049977900000001796,2
0.1,10,2,3,15,B1,148.5287029492248,integer optimal solution,0.8,1.0,2,24,0.0,0.006086800000002057,3
0.1,10,2,3,15,B2,147.69331050793718,integer optimal solution,0.7,1.5,2,136,0.0,0.01002030000000076,3
0.1,10,2,3,15,B3,147.69331050793718,integer optimal solution,0.7,1.5,2,518,0.21511759999999924,0.03312459999999717,3
0.1,10,2,3,15,HEUR,147.6933105079372,integer optimal solution,0.7,1.5,2,38,0.0,0.005263899999999211,3
0.1,10,2,3,15,B4,147.69331050793718,integer optimal solution,0.7,1.5,2,1357,1.3024278000000002,0.05827199999999877,3
0.1,10,2,3,22,B1,162.6633012110401,integer optimal solution,0.9,1.0,1,22,0.0,0.004715000000000913,2
0.1,10,2,3,22,B2,162.66330121104008,integer optimal solution,0.9,1.0,1,187,0.0,0.010994200000002508,2
0.1,10,2,3,22,B3,162.6633012110401,integer optimal solution,0.9,1.0,1,732,0.3110053999999991,0.03559770000000029,2
0.1,10,2,3,22,HEUR,162.66330121104008,integer optimal solution,0.9,1.0,1,34,0.0,0.0057879000000014,2
0.1,10,2,3,22,B4,162.6633012110401,integer optimal solution,0.9,1.0,1,1782,2.1678508,0.05732829999999822,2
0.1,10,3,3,4,B1,126.16195123874286,integer optimal solution,1.0,0.0,0,30,0.0,0.003588300000000544,2
0.1,10,3,3,4,B2,126.16195123874286,integer optimal solution,1.0,0.0,0,187,0.0,0.013287800000000516,2
0.1,10,3,3,4,B3,126.16195123874286,integer optimal solution,1.0,0.0,0,637,0.2782929000000003,0.03582460000000154,2
0.1,10,3,3,4,HEUR,126.16195123874286,integer optimal solution,1.0,0.0,0,39,0.0,0.005769899999997108,2
0.1,10,3,3,4,B4,126.16195123874286,integer optimal solution,1.0,0.0,0,1487,1.6910342999999983,0.04922269999999784,2
0.1,10,3,3,11,B1,168.8000833366325,integer optimal solution,1.0,0.0,0,33,0.0,0.0031466000000008876,4
0.1,10,3,3,11,B2,168.8000833366325,integer optimal solution,1.0,0.0,0,213,0.0,0.012271699999999441,4
0.1,10,3,3,11,B3,168.8000833366325,integer optimal solution,1.0,0.0,0,790,0.3227007999999998,0.04113889999999998,4
0.1,10,3,3,11,HEUR,168.8000833366325,integer optimal solution,1.0,0.0,0,53,0.0,0.006678300000000803,4
0.1,10,3,3,11,B4,168.8000833366325,integer optimal solution,1.0,0.0,0,1938,1.8490133000000029,0.0495264000000013,4
0.1,10,3,3,18,B1,149.96735364464033,integer optimal solution,1.0,0.0,0,31,0.0,0.0034959000000007734,2
0.1,10,3,3,18,B2,149.96735364464035,integer optimal solution,1.0,0.0,0,205,0.0,0.011725699999999506,2
0.1,10,3,3,18,B3,149.96735364464033,integer optimal solution,1.0,0.0,0,753,0.2600561999999975,0.027531699999997272,2
0.1,10,3,3,18,HEUR,149.96735364464035,integer optimal solution,1.0,0.0,0,54,0.0,0.005549200000000809,2
0.1,10,3,3,18,B4,149.96735364464033,integer optimal solution,1.0,0.0,0,1831,1.3657138999999994,0.0652165999999994,2
0.1,15,2,2,0,B1,247.56356206405405,integer optimal solution,0.9333333333333333,1.0,1,37,0.0,0.0036023999999983403,3
0.1,15,2,2,0,B2,243.8855973440613,integer optimal solution,0.8,1.5,2,309,0.0,0.01692990000000094,3
0.1,15,2,2,0,B3,242.8911718811728,integer optimal solution,0.7333333333333333,2.0,2,1767,0.7590548999999989,0.07972560000000328,3
0.1,15,2,2,0,HEUR,244.73604698236008,integer optimal solution,0.7333333333333333,2.0,2,54,0.0,0.012855500000000575,3
0.1,15,2,2,0,B4,240.4169690815327,integer optimal solution,0.6666666666666666,2.5,2,6828,8.686886400000002,0.19537179999999665,3
0.1,15,2,2,7,B1,256.23393433191166,integer optimal solution,0.8666666666666667,1.0,2,33,0.0,0.004749400000001458,2
0.1,15,2,2,7,B2,248.43320004886672,integer optimal solution,0.8,1.5,2,315,0.0,0.01944819999999936,2
0.1,15,2,2,7,B3,243.01633736902517,integer optimal solution,0.7333333333333333,2.0,2,1668,0.6585892999999956,0.04454610000000514,2
0.1,15,2,2,7,HEUR,254.7913705582938,integer optimal solution,0.7333333333333333,2.0,2,40,0.0,0.006573500000001786,2
0.1,15,2,2,7,B4,239.5263598126375,integer optimal solution,0.7333333333333333,4.0,1,6008,7.682558699999994,0.1671250999999998,2
0.1,15,2,2,14,B1,301.0672106436416,integer optimal solution,1.0,0.0,0,30,0.0,0.0033395999999967785,3
0.1,15,2,2,14,B2,297.7193979460165,integer optimal solution,0.8666666666666667,2.0,1,312,0.0,0.016376599999993857,3
0.1,15,2,2,14,B3,285.96365040516406,integer optimal solution,0.8,3.0,1,1842,0.8142931000000004,0.03802360000000249,3
0.1,15,2,2,14,HEUR,288.94401639296194,integer optimal solution,0.8,3.0,1,44,0.0,0.006157500000000482,3
0.1,15,2,2,14,B4,276.78934074848917,integer optimal solution,0.7333333333333333,4.0,1,7375,11.2894066,0.19150730000000493,3
0.1,15,2,2,21,B1,237.94569831542566,integer optimal solution,0.8666666666666667,1.0,2,33,0.0,0.004014399999988427,4
0.1,15,2,2,21,B2,237.94569831542563,integer optimal solution,0.8666666666666667,1.0,2,308,0.0,0.018422700000002123,4
0.1,15,2,2,21,B3,237.94569831542563,integer optimal solution,0.8666666666666667,1.0,2,1678,0.7272273000000027,0.04512470000000235,4
0.1,15,2,2,21,HEUR,237.94569831542563,integer optimal solution,0.8666666666666667,1.0,2,46,0.0,0.004801799999995637,4
0.1,15,2,2,21,B4,237.74877322405428,integer optimal solution,0.6,2.0,3,6194,8.742481599999998,0.16801279999999963,4
0.1,15,3,2,3,B1,240.19604180754402,integer optimal solution,1.0,0.0,0,45,0.0,0.004455500000005941,5
0.1,15,3,2,3,B2,238.43433185741674,integer optimal solution,0.8666666666666667,2.0,1,457,0.0,0.0264647999999994,5
0.1,15,3,2,3,B3,236.35507717365243,integer optimal solution,0.8,3.0,1,2588,0.881348100000011,0.06966579999999567,5
0.1,15,3,2,3,HEUR,240.19604180754405,integer optimal solution,1.0,0.0,0,80,0.0,0.008454499999999143,5
0.1,15,3,2,3,B4,234.53042493493808,integer optimal solution,0.7333333333333333,4.0,1,10033,11.721453499999996,0.2358212999999978,5
0.1,15,3,2,10,B1,251.88359599535877,integer optimal solution,0.9333333333333333,1.0,1,45,0.0,0.004536700000002725,4
0.1,15,3,2,10,B2,251.8835959953588,integer optimal solution,0.9333333333333333,1.0,1,474,0.0,0.025968500000004724,4
0.1,15,3,2,10,B3,246.8404040898692,integer optimal solution,0.7333333333333333,2.0,2,2677,0.8536803000000077,0.0644388000000049,4
0.1,15,3,2,10,HEUR,251.88359599535883,integer optimal solution,0.9333333333333333,1.0,1,72,0.0,0.0050155999999930145,4
0.1,15,3,2,10,B4,242.4063661617796,integer optimal solution,0.7333333333333333,4.0,1,10145,10.132879200000005,0.23796989999999596,4
0.1,15,3,2,17,B1,285.98731768373347,integer optimal solution,0.8666666666666667,1.0,2,47,0.0,0.0052407999999957156,3
0.1,15,3,2,17,B2,284.9608122848121,integer optimal solution,0.8666666666666667,2.0,1,514,0.0,0.024918400000004226,3
0.1,15,3,2,17,B3,284.9608122848121,integer optimal solution,0.8666666666666667,2.0,1,3008,0.9183972999999952,0.06963189999999031,3
0.1,15,3,2,17,HEUR,285.9873176837335,integer optimal solution,0.8666666666666667,1.0,2,68,0.0,0.00581529999999475,3
0.1,15,3,2,17,B4,284.9608122848121,integer optimal solution,0.8666666666666667,2.0,1,11744,11.799820999999994,0.2432277000000056,3
0.1,15,3,2,24,B1,240.58965303302506,integer optimal solution,1.0,0.0,0,48,0.0,0.003817099999992024,5
0.1,15,3,2,24,B2,238.95519071663293,integer optimal solution,0.8666666666666667,2.0,1,499,0.0,0.02237430000000984,5
0.1,15,3,2,24,B3,234.6961159575392,integer optimal solution,0.8,3.0,1,3133,1.011164800000003,0.06552089999999566,5
0.1,15,3,2,24,HEUR,240.58965303302506,integer optimal solution,1.0,0.0,0,88,0.0,0.00741329999999607,5
0.1,15,3,2,24,B4,234.69611595753923,integer optimal solution,0.8,3.0,1,13189,14.134847800000003,0.2983026999999936,5
0.1,15,2,3,6,B1,231.510990487384,integer optimal solution,1.0,0.0,0,33,0.0,0.0035043000000030133,4
0.1,15,2,3,6,B2,229.27975422071768,integer optimal solution,0.8666666666666667,2.0,1,315,0.0,0.016512599999998656,4
0.1,15,2,3,6,B3,226.5848538050445,integer optimal solution,0.6,3.0,2,1698,1.0831709000000131,0.04464180000002216,4
0.1,15,2,3,6,HEUR,228.34269761104147,integer optimal solution,0.8,3.0,1,55,0.0,0.007087800000022071,4
0.1,15,2,3,6,B4,222.45131555584936,integer optimal solution,0.4666666666666667,4.0,2,6057,15.037707699999984,0.17415909999999712,4
0.1,15,2,3,13,B1,231.13252026822147,integer optimal solution,0.9333333333333333,1.0,1,34,0.0,0.005431500000014466,4
0.1,15,2,3,13,B2,230.79873130651396,integer optimal solution,0.8666666666666667,2.0,1,308,0.0,0.0184660999999835,4
0.1,15,2,3,13,B3,226.44389819103174,integer optimal solution,0.8,3.0,1,1707,0.7647599000000014,0.04459470000000465,4
0.1,15,2,3,13,HEUR,231.13252026822147,integer optimal solution,0.9333333333333333,1.0,1,54,0.0,0.005770900000015899,4
0.1,15,2,3,13,B4,226.44389819103174,integer optimal solution,0.8,3.0,1,6501,8.944570199999987,0.1641132999999968,4
0.1,15,2,3,20,B1,243.32960646434833,integer optimal solution,0.9333333333333333,1.0,1,31,0.0,0.003365900000005695,3
0.1,15,2,3,20,B2,241.8736201758421,integer optimal solution,0.8,1.5,2,320,0.0,0.016030099999994718,3
0.1,15,2,3,20,B3,235.7250444426933,integer optimal solution,0.7333333333333333,2.0,2,1722,0.8754457999999943,0.04407169999998928,3
0.1,15,2,3,20,HEUR,243.32960646434833,integer optimal solution,0.9333333333333333,1.0,1,45,0.0,0.0051994999999749325,3
0.1,15,2,3,20,B4,230.63151149693124,integer optimal solution,0.6666666666666666,2.5,2,6308,10.424216699999988,0.15699080000001686,3
0.1,15,3,3,2,B1,216.37071085392196,integer optimal solution,0.8666666666666667,1.0,2,48,0.0,0.0035742999999968106,4
0.1,15,3,3,2,B2,216.370710853922,integer optimal solution,0.8666666666666667,1.0,2,466,0.0,0.024536600000004682,4
0.1,15,3,3,2,B3,216.37071085392196,integer optimal solution,0.8666666666666667,1.0,2,2860,1.2518548999999837,0.07125720000001934,4
0.1,15,3,3,2,HEUR,216.37071085392202,integer optimal solution,0.8666666666666667,1.0,2,74,0.0,0.005870600000008608,4
0.1,15,3,3,2,B4,216.37071085392196,integer optimal solution,0.8666666666666667,1.0,2,12040,20.0171474,0.25819419999999127,4
0.1,15,3,3,9,B1,255.79204638432068,integer optimal solution,0.8666666666666667,1.0,2,48,0.0,0.004130299999985709,3
0.1,15,3,3,9,B2,250.05810265513364,integer optimal solution,0.8,1.5,2,457,0.0,0.022290200000014693,3
0.1,15,3,3,9,B3,249.38713573641135,integer optimal solution,0.7333333333333333,2.0,2,2583,1.0504344000000003,0.0686318000000199,3
0.1,15,3,3,9,HEUR,253.72548925354943,integer optimal solution,0.7333333333333333,2.0,2,84,0.0,0.00902849999999944,3
0.1,15,3,3,9,B4,248.78642553109293,integer optimal solution,0.6666666666666666,2.5,2,10024,12.253821199999976,0.23863990000000967,3
0.1,15,3,3,16,B1,275.7389392199584,integer optimal solution,0.9333333333333333,1.0,1,46,0.0,0.0038780999999801224,3
0.1,15,3,3,16,B2,273.3825193565214,integer optimal solution,0.8666666666666667,2.0,1,464,0.0,0.021690700000021934,3
0.1,15,3,3,16,B3,273.38251935652136,integer optimal solution,0.8666666666666667,2.0,1,2555,0.9517744999999991,0.06560500000000502,3
0.1,15,3,3,16,HEUR,273.3825193565214,integer optimal solution,0.8666666666666667,2.0,1,59,0.0,0.008563300000020035,3
0.1,15,3,3,16,B4,269.3438763104182,integer optimal solution,0.7333333333333333,4.0,1,9629,11.0478655,0.21486389999998323,3
0.1,15,3,3,23,B1,254.4849850024542,integer optimal solution,1.0,0.0,0,45,0.0,0.0038256999999930486,4
0.1,15,3,3,23,B2,254.48498500245418,integer optimal solution,1.0,0.0,0,548,0.0,0.03136549999999261,4
0.1,15,3,3,23,B3,254.48498500245418,integer optimal solution,1.0,0.0,0,3521,1.5890281000000073,0.08984549999999558,4
0.1,15,3,3,23,HEUR,254.4849850024542,integer optimal solution,1.0,0.0,0,80,0.0,0.007088799999991124,4
0.1,15,3,3,23,B4,254.48498500245418,integer optimal solution,1.0,0.0,0,14580,25.661562799999984,0.31752169999998614,4
0.1,20,2,2,5,B1,315.12016677601457,integer optimal solution,1.0,0.0,0,42,0.0,0.0035264999999924385,6
0.1,20,2,2,5,B2,312.1019404044727,integer optimal solution,0.9,2.0,1,585,0.0,0.02715390000000184,6
0.1,20,2,2,5,B3,308.5571365263057,integer optimal solution,0.85,3.0,1,4471,2.022769799999992,0.09840529999999603,6
0.1,20,2,2,5,HEUR,315.12016677601457,integer optimal solution,1.0,0.0,0,72,0.0,0.00795549999998002,6
0.1,20,2,2,12,B1,323.71576863916556,integer optimal solution,0.95,1.0,1,41,0.0,0.0037791000000026997,6
0.1,20,2,2,12,B2,308.34741110303145,integer optimal solution,0.85,1.5,2,576,0.0,0.026825500000001057,6
0.1,20,2,2,12,B3,307.78951640571506,integer optimal solution,0.8,2.0,2,4647,1.998347999999993,0.10332119999998213,6
0.1,20,2,2,12,HEUR,308.34741110303145,integer optimal solution,0.85,1.5,2,65,0.0,0.006602099999980737,6
0.1,20,2,2,19,B1,331.6337776102255,integer optimal solution,0.9,1.0,2,43,0.0,0.005077400000004673,6
0.1,20,2,2,19,B2,331.6337776102255,integer optimal solution,0.9,1.0,2,532,0.0,0.02653850000001512,6
0.1,20,2,2,19,B3,331.6337776102255,integer optimal solution,0.9,1.0,2,4177,1.8744216999999992,0.09715069999998605,6
0.1,20,2,2,19,HEUR,331.6337776102255,integer optimal solution,0.9,1.0,2,63,0.0,0.009806400000002213,6
0.1,20,3,2,1,B1,370.05824420299206,integer optimal solution,1.0,0.0,0,63,0.0,0.0036063000000012835,5
0.1,20,3,2,1,B2,365.6175390073823,integer optimal solution,0.9,2.0,1,824,0.0,0.033950800000013714,5
0.1,20,3,2,1,B3,360.95192160162236,integer optimal solution,0.7,3.0,2,6331,2.1736628999999823,0.16325809999997887,5
0.1,20,3,2,1,HEUR,364.6740733561196,integer optimal solution,0.7,3.0,2,93,0.0,0.008998300000001791,5
0.1,20,3,2,8,B1,352.26211507812985,integer optimal solution,0.9,1.0,2,63,0.0,0.004509200000001101,6
0.1,20,3,2,8,B2,350.15855493674684,integer optimal solution,0.9,2.0,1,906,0.0,0.03411939999998026,6
0.1,20,3,2,8,B3,338.1327189465189,integer optimal solution,0.7,3.0,2,6965,3.4277333,0.16048169999999118,6
0.1,20,3,2,8,HEUR,346.55459783238473,integer optimal solution,0.85,3.0,1,98,0.0,0.01224790000000553,6
0.1,20,3,2,15,B1,344.57391203458417,integer optimal solution,0.9,1.0,2,68,0.0,0.006610999999992373,5
0.1,20,3,2,15,B2,343.79135247806437,integer optimal solution,0.8,1.3333333333333333,3,812,0.0,0.031840899999991734,5
0.1,20,3,2,15,B3,335.8081895823678,integer optimal solution,0.65,2.3333333333333335,3,6177,2.401816299999979,0.15368599999999333,5
0.1,20,3,2,15,HEUR,342.70744247971555,integer optimal solution,0.8,2.0,2,104,0.0,0.011526800000012827,5
0.1,20,3,2,22,B1,305.9144716674071,integer optimal solution,0.95,1.0,1,62,0.0,0.003972599999997328,4
0.1,20,3,2,22,B2,299.70888740414233,integer optimal solution,0.85,1.5,2,821,0.0,0.035272800000001325,4
0.1,20,3,2,22,B3,293.3173770127122,integer optimal solution,0.8,2.0,2,6276,2.321241299999997,0.1596819000000096,4
0.1,20,3,2,22,HEUR,299.70888740414233,integer optimal solution,0.85,1.5,2,88,0.0,0.00977469999997993,4
0.1,20,2,3,4,B1,375.98859081168735,integer optimal solution,0.95,1.0,1,42,0.0,0.003947100000004866,7
0.1,20,2,3,4,B2,375.98859081168735,integer optimal solution,0.95,1.0,1,616,0.0,0.02984609999998611,7
0.1,20,2,3,4,B3,366.3243380095925,integer optimal solution,0.8,2.0,2,4752,2.669546399999973,0.1094218000000069,7
0.1,20,2,3,4,HEUR,375.98859081168735,integer optimal solution,0.95,1.0,1,77,0.0,0.006929800000023079,7
0.1,20,2,3,11,B1,323.34134361132874,integer optimal solution,1.0,0.0,0,40,0.0,0.003943199999980607,7
0.1,20,2,3,11,B2,323.34134361132874,integer optimal solution,1.0,0.0,0,595,0.0,0.02935509999997521,7
0.1,20,2,3,11,B3,323.34134361132874,integer optimal solution,1.0,0.0,0,4866,2.9187005,0.1052377999999976,7
0.1,20,2,3,11,HEUR,323.34134361132874,integer optimal solution,1.0,0.0,0,78,0.0,0.009909099999958926,7
0.1,20,2,3,18,B1,310.34187737788943,integer optimal solution,0.9,1.0,2,48,0.0,0.005693500000006679,3
0.1,20,2,3,18,B2,302.73457607570623,integer optimal solution,0.75,1.6666666666666667,3,513,0.0,0.027502799999979288,3
0.1,20,2,3,18,B3,293.41636485787774,integer optimal solution,0.65,2.3333333333333335,3,3685,2.3724619999999845,0.09212880000001178,3
0.1,20,2,3,18,HEUR,296.35538203144733,integer optimal solution,0.65,2.3333333333333335,3,60,0.0,0.008756199999993441,3
0.1,20,3,3,0,B1,352.33198914867603,integer optimal solution,0.95,1.0,1,63,0.0,0.0045676999999955115,7
0.1,20,3,3,0,B2,349.67221526219805,integer optimal solution,0.9,2.0,1,886,0.0,0.033692900000005466,7
0.1,20,3,3,0,B3,342.2329299045908,integer optimal solution,0.7,3.0,2,6781,3.2508104000000344,0.15710469999999077,7
0.1,20,3,3,0,HEUR,349.9221960684221,integer optimal solution,0.75,2.5,2,120,0.0,0.007738500000016302,7
0.1,20,3,3,7,B1,321.17630069794484,integer optimal solution,0.95,1.0,1,67,0.0,0.004101400000024569,5
0.1,20,3,3,7,B2,321.17630069794484,integer optimal solution,0.95,1.0,1,854,0.0,0.0313047999999867,5
0.1,20,3,3,7,B3,321.17630069794484,integer optimal solution,0.95,1.0,1,6478,3.9269914999999855,0.16271310000001904,5
0.1,20,3,3,7,HEUR,321.1763006979449,integer optimal solution,0.95,1.0,1,110,0.0,0.0074385000000347645,5
0.1,20,3,3,14,B1,289.74604124139233,integer optimal solution,0.9,1.0,2,70,0.0,0.00408310000000256,4
0.1,20,3,3,14,B2,283.1732953343161,integer optimal solution,0.8,2.0,2,824,0.0,0.03422219999998788,4
0.1,20,3,3,14,B3,277.69901221426505,integer optimal solution,0.6,2.6666666666666665,3,6266,3.208403199999964,0.16015060000000858,4
0.1,20,3,3,14,HEUR,283.14604556641154,integer optimal solution,0.75,1.6666666666666667,3,108,0.0,0.01246099999997341,4
0.1,20,3,3,21,B1,313.3073382726686,integer optimal solution,0.95,1.0,1,65,0.0,0.004449300000032963,3
0.1,20,3,3,21,B2,313.3073382726685,integer optimal solution,0.95,1.0,1,861,0.0,0.034070600000006834,3
0.1,20,3,3,21,B3,312.99853548943196,integer optimal solution,0.8,2.0,2,6706,2.9750558999999726,0.14644490000000587,3
0.1,20,3,3,21,HEUR,313.3073382726686,integer optimal solution,0.95,1.0,1,82,0.0,0.012171700000010333,3
0.3,10,2,2,3,B1,185.88002825530685,integer optimal solution,1.0,0.0,0,21,0.0,0.004482600000017101,3
0.3,10,2,2,3,B2,184.96090519411268,integer optimal solution,0.8,2.0,1,154,0.0,0.009551699999974517,3
0.3,10,2,2,3,B3,184.96090519411274,integer optimal solution,0.8,2.0,1,602,0.21485209999997323,0.029518800000005285,3
0.3,10,2,2,3,HEUR,184.96090519411268,integer optimal solution,0.8,2.0,1,35,0.0,0.004527699999982815,3
0.3,10,2,2,3,B4,184.9609051941127,integer optimal solution,0.8,2.0,1,1551,1.3068685000000073,0.04619609999997465,3
0.3,10,2,2,10,B1,142.80901195197495,integer optimal solution,1.0,0.0,0,21,0.0,0.003973099999996066,2
0.3,10,2,2,10,B2,142.80901195197495,integer optimal solution,1.0,0.0,0,149,0.0,0.008931299999971998,2
0.3,10,2,2,10,B3,142.80901195197495,integer optimal solution,1.0,0.0,0,554,0.1950725999999463,0.028193200000032448,2
0.3,10,2,2,10,HEUR,142.80901195197498,integer optimal solution,1.0,0.0,0,30,0.0,0.004251000000010663,2
0.3,10,2,2,10,B4,142.80901195197495,integer optimal solution,1.0,0.0,0,1289,1.1027156000000105,0.04007889999996905,2
0.3,10,2,2,17,B1,151.14132336872373,integer optimal solution,0.9,1.0,1,23,0.0,0.004072500000006585,1
0.3,10,2,2,17,B2,151.14132336872373,integer optimal solution,0.9,1.0,1,145,0.0,0.008510300000011739,1
0.3,10,2,2,17,B3,151.14132336872373,integer optimal solution,0.9,1.0,1,512,0.20717929999995022,0.029161199999975906,1
0.3,10,2,2,17,HEUR,151.14132336872373,integer optimal solution,0.9,1.0,1,30,0.0,0.003704599999991842,1
0.3,10,2,2,17,B4,150.8160899133894,integer optimal solution,0.6,4.0,1,1173,1.1185186000000158,0.04280599999998458,1
0.3,10,2,2,24,B1,194.07989672431256,integer optimal solution,0.9,1.0,1,20,0.0,0.003635400000007394,3
0.3,10,2,2,24,B2,194.07989672431256,integer optimal solution,0.9,1.0,1,146,0.0,0.009181500000011056,3
0.3,10,2,2,24,B3,194.07989672431256,integer optimal solution,0.9,1.0,1,534,0.18012700000002724,0.030449200000020937,3
0.3,10,2,2,24,HEUR,194.07989672431256,integer optimal solution,0.9,1.0,1,38,0.0,0.0054652000000032785,3
0.3,10,2,2,24,B4,190.16285830962903,integer optimal solution,0.6,4.0,1,1333,1.1488702999999987,0.044206699999961074,3
0.3,10,3,2,6,B1,139.88725501558332,integer optimal solution,0.9,1.0,1,30,0.0,0.0038055999999642154,2
0.3,10,3,2,6,B2,139.88725501558332,integer optimal solution,0.9,1.0,1,225,0.0,0.010159099999953014,2
0.3,10,3,2,6,B3,139.88725501558332,integer optimal solution,0.9,1.0,1,881,0.26248920000000453,0.03260790000001634,2
0.3,10,3,2,6,HEUR,139.88725501558332,integer optimal solution,0.9,1.0,1,47,0.0,0.004458899999974619,2
0.3,10,3,2,6,B4,139.88725501558332,integer optimal solution,0.9,1.0,1,2331,2.0483571000000325,0.05606399999999212,2
0.3,10,3,2,13,B1,161.23536970335158,integer optimal solution,0.9,1.0,1,30,0.0,0.004361799999969662,1
0.3,10,3,2,13,B2,157.95301459031847,integer optimal solution,0.8,2.0,1,219,0.0,0.012598999999966054,1
0.3,10,3,2,13,B3,157.95301459031847,integer optimal solution,0.8,2.0,1,788,0.22996449999999413,0.033475899999984904,1
0.3,10,3,2,13,HEUR,161.23536970335158,integer optimal solution,0.9,1.0,1,37,0.0,0.004403099999990445,1
0.3,10,3,2,13,B4,157.95301459031847,integer optimal solution,0.8,2.0,1,1893,1.3066066999999748,0.05252160000003414,1
0.3,10,3,2,20,B1,154.05536616378782,integer optimal solution,1.0,0.0,0,30,0.0,0.0032975000000305954,2
0.3,10,3,2,20,B2,154.05536616378782,integer optimal solution,1.0,0.0,0,223,0.0,0.01147230000003674,2
0.3,10,3,2,20,B3,154.0553661637878,integer optimal solution,1.0,0.0,0,883,0.22155750000001717,0.03444530000001578,2
0.3,10,3,2,20,HEUR,154.0553661637878,integer optimal solution,1.0,0.0,0,44,0.0,0.0051492999999709355,2
0.3,10,3,2,20,B4,154.05536616378782,integer optimal solution,1.0,0.0,0,2391,1.4023690000000215,0.05737729999998464,2
0.3,10,2,3,2,B1,166.68153960423496,integer optimal solution,1.0,0.0,0,20,0.0,0.003404099999954724,3
0.3,10,2,3,2,B2,166.68153960423493,integer optimal solution,1.0,0.0,0,152,0.0,0.009972800000014104,3
0.3,10,2,3,2,B3,166.68153960423496,integer optimal solution,1.0,0.0,0,590,0.2515862999999854,0.02960510000002614,3
0.3,10,2,3,2,HEUR,166.68153960423493,integer optimal solution,1.0,0.0,0,33,0.0,0.00532319999996389,3
0.3,10,2,3,2,B4,166.68153960423496,integer optimal solution,1.0,0.0,0,1486,1.8478763999999614,0.04334829999999101,3
0.3,10,2,3,9,B1,159.92462474963176,integer optimal solution,0.9,1.0,1,21,0.0,0.004212899999970432,2
0.3,10,2,3,9,B2,159.92462474963176,integer optimal solution,0.9,1.0,1,145,0.0,0.008539299999995364,2
0.3,10,2,3,9,B3,159.92462474963176,integer optimal solution,0.9,1.0,1,565,0.2599543999999696,0.03039089999998623,2
0.3,10,2,3,9,HEUR,159.92462474963176,integer optimal solution,0.9,1.0,1,29,0.0,0.0034646999999949912,2
0.3,10,2,3,9,B4,155.42957368577564,integer optimal solution,0.5,2.5,2,1453,1.5683374000000185,0.042487999999991644,2
0.3,10,2,3,16,B1,164.39266408860718,integer optimal solution,0.9,1.0,1,23,0.0,0.004533000000037646,2
0.3,10,2,3,16,B2,164.39266408860718,integer optimal solution,0.9,1.0,1,136,0.0,0.00814309999998386,2
0.3,10,2,3,16,B3,164.39266408860718,integer optimal solution,0.9,1.0,1,471,0.21088100000002896,0.030430899999998928,2
0.3,10,2,3,16,HEUR,164.39266408860718,integer optimal solution,0.9,1.0,1,32,0.0,0.0044723999999973785,2
0.3,10,2,3,16,B4,164.39266408860718,integer optimal solution,0.9,1.0,1,1151,1.236355500000002,0.044011699999998655,2
0.3,10,2,3,23,B1,151.18195777768577,integer optimal solution,0.8,1.0,2,28,0.0,0.004576499999984662,3
0.3,10,2,3,23,B2,148.1171146677931,integer optimal solution,0.7,1.5,2,142,0.0,0.00752629999999499,3
0.3,10,2,3,23,B3,144.61224941723898,integer optimal solution,0.6,2.0,2,467,0.2920288000000255,0.029732899999999063,3
0.3,10,2,3,23,HEUR,148.11711466779306,integer optimal solution,0.7,1.5,2,38,0.0,0.004957000000047174,3
0.3,10,2,3,23,B4,140.948889088033,integer optimal solution,0.5,2.5,2,1070,2.0242887999999652,0.04464580000001206,3
0.3,10,3,3,5,B1,213.6531297930564,integer optimal solution,1.0,0.0,0,32,0.0,0.003603199999986373,2
0.3,10,3,3,5,B2,211.41575325411253,integer optimal solution,0.8,2.0,1,204,0.0,0.009526199999982055,2
0.3,10,3,3,5,B3,208.76991417422022,integer optimal solution,0.7,3.0,1,763,0.23103040000000874,0.02762230000001864,2
0.3,10,3,3,5,HEUR,213.6531297930564,integer optimal solution,1.0,0.0,0,44,0.0,0.005851500000005672,2
0.3,10,3,3,5,B4,204.98166271030794,integer optimal solution,0.6,4.0,1,1947,1.3105213999999705,0.05479219999995166,2
0.3,10,3,3,12,B1,138.0502613961679,integer optimal solution,0.9,1.0,1,36,0.0,0.004345999999998185,2
0.3,10,3,3,12,B2,137.9151088810786,integer optimal solution,0.8,2.0,1,197,0.0,0.011363599999981489,2
0.3,10,3,3,12,B3,135.49624820276756,integer optimal solution,0.7,3.0,1,681,0.25182030000001987,0.03216370000001234,2
0.3,10,3,3,12,HEUR,137.9151088810786,integer optimal solution,0.8,2.0,1,45,0.0,0.005007199999965906,2
0.3,10,3,3,12,B4,135.26011270313398,integer optimal solution,0.6,4.0,1,1558,1.5928626000000463,0.049939100000017334,2
0.3,10,3,3,19,B1,176.03678589475982,integer optimal solution,0.8,1.0,2,33,0.0,0.0035473000000365573,3
0.3,10,3,3,19,B2,173.3108587539524,integer optimal solution,0.7,1.5,2,211,0.0,0.010171399999990172,3
0.3,10,3,3,19,B3,173.12747360998446,integer optimal solution,0.7,3.0,1,778,0.2929454000000078,0.03421299999996563,3
0.3,10,3,3,19,HEUR,173.3108587539524,integer optimal solution,0.7,1.5,2,49,0.0,0.006987800000047173,3
0.3,10,3,3,19,B4,172.8041619337948,integer optimal solution,0.6,4.0,1,1940,2.016927399999986,0.048927100000014434,3
0.3,15,2,2,1,B1,248.1129383544313,integer optimal solution,0.8666666666666667,1.0,2,34,0.0,0.003936699999997018,5
0.3,15,2,2,1,B2,240.9233837809169,integer optimal solution,0.6666666666666666,1.6666666666666667,3,331,0.0,0.016856399999994665,5
0.3,15,2,2,1,B3,235.12613680841804,integer optimal solution,0.6,2.0,3,1923,0.7774536000000012,0.046419100000036906,5
0.3,15,2,2,1,HEUR,240.92338378091688,integer optimal solution,0.6666666666666666,1.6666666666666667,3,51,0.0,0.006636999999955151,5
0.3,15,2,2,1,B4,231.41127694220611,integer optimal solution,0.6666666666666666,2.5,2,7888,9.850962899999956,0.18185879999998633,5
0.3,15,2,2,8,B1,218.00757432171713,integer optimal solution,0.9333333333333333,1.0,1,31,0.0,0.0035207999999897766,4
0.3,15,2,2,8,B2,218.00757432171713,integer optimal solution,0.9333333333333333,1.0,1,316,0.0,0.017940199999998185,4
0.3,15,2,2,8,B3,213.69050743972622,integer optimal solution,0.7333333333333333,2.0,2,1709,0.8359532000000058,0.04362839999998869,4
0.3,15,2,2,8,HEUR,218.00757432171713,integer optimal solution,0.9333333333333333,1.0,1,65,0.0,0.005781299999966905,4
0.3,15,2,2,8,B4,208.56597262695158,integer optimal solution,0.6666666666666666,2.5,2,6523,10.963225099999988,0.16559619999998176,4
0.3,15,2,2,15,B1,258.7169853292574,integer optimal solution,0.9333333333333333,1.0,1,32,0.0,0.003587100000004284,4
0.3,15,2,2,15,B2,257.63670427962865,integer optimal solution,0.8666666666666667,2.0,1,371,0.0,0.014781200000015815,4
0.3,15,2,2,15,B3,257.6367042796287,integer optimal solution,0.8666666666666667,2.0,1,2440,1.0476006000000098,0.04905359999997927,4
0.3,15,2,2,15,HEUR,257.6367042796287,integer optimal solution,0.8666666666666667,2.0,1,50,0.0,0.006984799999997904,4
0.3,15,2,2,15,B4,257.6367042796287,integer optimal solution,0.8666666666666667,2.0,1,10691,18.203293799999983,0.22114990000000034,4
0.3,15,2,2,22,B1,282.5234833886156,integer optimal solution,1.0,0.0,0,30,0.0,0.0038996999999767468,3
0.3,15,2,2,22,B2,282.5234833886156,integer optimal solution,1.0,0.0,0,328,0.0,0.016001399999993282,3
0.3,15,2,2,22,B3,282.5234833886156,integer optimal solution,1.0,0.0,0,1816,0.6806199999999762,0.04364859999998316,3
0.3,15,2,2,22,HEUR,282.5234833886156,integer optimal solution,1.0,0.0,0,46,0.0,0.00936109999997825,3
0.3,15,2,2,22,B4,282.52348338861555,integer optimal solution,1.0,0.0,0,6874,8.411970499999995,0.19255890000005138,3
0.3,15,3,2,4,B1,213.78049034581898,integer optimal solution,0.8666666666666667,1.0,2,49,0.0,0.004777799999999388,5
0.3,15,3,2,4,B2,209.30521987068786,integer optimal solution,0.6666666666666666,1.6666666666666667,3,497,0.0,0.02165040000005547,5
0.3,15,3,2,4,B3,202.4447224460657,integer optimal solution,0.5333333333333333,2.3333333333333335,3,2754,1.1346373000000085,0.07590719999996054,5
0.3,15,3,2,4,HEUR,213.28853023480875,integer optimal solution,0.7333333333333333,1.3333333333333333,3,92,0.0,0.014570200000036948,5
0.3,15,3,2,4,B4,199.60828811315523,integer optimal solution,0.6666666666666666,2.5,2,9896,14.879458999999997,0.2678180999999995,5
0.3,15,3,2,11,B1,249.00881492544897,integer optimal solution,0.9333333333333333,1.0,1,49,0.0,0.0044342999999571475,3
0.3,15,3,2,11,B2,241.35980712669675,integer optimal solution,0.6666666666666666,1.6666666666666667,3,441,0.0,0.022354199999995217,3
0.3,15,3,2,11,B3,236.61165776643466,integer optimal solution,0.6,2.0,3,2390,0.8288172000000031,0.06439910000000282,3
0.3,15,3,2,11,HEUR,241.9611563868869,integer optimal solution,0.6666666666666666,2.5,2,65,0.0,0.00949129999997922,3
0.3,15,3,2,11,B4,231.43203883385317,integer optimal solution,0.6666666666666666,2.5,2,8969,8.793507299999987,0.22141420000002654,3
0.3,15,3,2,18,B1,253.7636385939373,integer optimal solution,1.0,0.0,0,45,0.0,0.003616599999986647,4
0.3,15,3,2,18,B2,253.7636385939373,integer optimal solution,1.0,0.0,0,478,0.0,0.02001409999996895,4
0.3,15,3,2,18,B3,253.7636385939373,integer optimal solution,1.0,0.0,0,2852,1.0567500000000223,0.05921100000000479,4
0.3,15,3,2,18,HEUR,253.7636385939373,integer optimal solution,1.0,0.0,0,74,0.0,0.005820100000050843,4
0.3,15,3,2,18,B4,253.7636385939373,integer optimal solution,1.0,0.0,0,11277,13.051348099999984,0.23971579999999904,4
0.3,15,2,3,0,B1,242.57100001007151,integer optimal solution,0.9333333333333333,1.0,1,37,0.0,0.005287199999997938,3
0.3,15,2,3,0,B2,234.56833646701713,integer optimal solution,0.8,1.5,2,316,0.0,0.016831699999954708,3
0.3,15,2,3,0,B3,231.98538007736641,integer optimal solution,0.7333333333333333,2.0,2,1794,0.8535317000000191,0.0435863000000154,3
0.3,15,2,3,0,HEUR,232.1757019975726,integer optimal solution,0.8,3.0,1,46,0.0,0.004094100000031631,3
0.3,15,2,3,0,B4,228.52834557579737,integer optimal solution,0.7333333333333333,4.0,1,7253,12.15930099999997,0.16792980000002444,3
0.3,15,2,3,7,B1,204.30159735168607,integer optimal solution,0.8,1.0,3,40,0.0,0.004961399999956484,4
0.3,15,2,3,7,B2,200.66293981923124,integer optimal solution,0.7333333333333333,1.3333333333333333,3,319,0.0,0.01676959999997507,4
0.3,15,2,3,7,B3,197.20672568988073,integer optimal solution,0.6666666666666666,1.6666666666666667,3,1623,1.0791199000000233,0.04432590000004666,4
0.3,15,2,3,7,HEUR,200.66293981923124,integer optimal solution,0.7333333333333333,1.3333333333333333,3,54,0.0,0.008824699999991026,4
0.3,15,2,3,7,B4,194.68944566767243,integer optimal solution,0.6666666666666666,2.5,2,5738,13.495429400000035,0.1478529999999978,4
0.3,15,2,3,14,B1,217.43307812453835,integer optimal solution,0.9333333333333333,1.0,1,31,0.0,0.0037772000000018124,5
0.3,15,2,3,14,B2,214.89312974874667,integer optimal solution,0.7333333333333333,2.0,2,316,0.0,0.016084799999987354,5
0.3,15,2,3,14,B3,211.23610302155828,integer optimal solution,0.8,3.0,1,1877,1.211408199999994,0.04492350000003853,5
0.3,15,2,3,14,HEUR,214.24457415901495,integer optimal solution,0.8,3.0,1,51,0.0,0.00561070000003383,5
0.3,15,2,3,14,B4,208.51257581913467,integer optimal solution,0.7333333333333333,4.0,1,7291,16.70590500000003,0.17419019999999819,5
0.3,15,2,3,21,B1,261.64450957644976,integer optimal solution,0.9333333333333333,1.0,1,32,0.0,0.00391389999998637,3
0.3,15,2,3,21,B2,259.58073056058385,integer optimal solution,0.8,1.5,2,323,0.0,0.014687600000002021,3
0.3,15,2,3,21,B3,255.31980758906235,integer optimal solution,0.8,3.0,1,1820,0.8781046999999944,0.04472559999999248,3
0.3,15,2,3,21,HEUR,255.31980758906235,integer optimal solution,0.8,3.0,1,44,0.0,0.005544999999983702,3
0.3,15,2,3,21,B4,255.31980758906235,integer optimal solution,0.8,3.0,1,7019,10.29639149999997,0.16995190000000093,3
0.3,15,3,3,3,B1,231.78876454811368,integer optimal solution,0.8666666666666667,1.0,2,50,0.0,0.004619999999988522,4
0.3,15,3,3,3,B2,228.62616410385806,integer optimal solution,0.8,1.5,2,487,0.0,0.024362699999983306,4
0.3,15,3,3,3,B3,223.8114505416307,integer optimal solution,0.7333333333333333,2.0,2,2758,1.2031893999999852,0.06439149999999927,4
0.3,15,3,3,3,HEUR,231.78876454811365,integer optimal solution,0.8666666666666667,1.0,2,92,0.0,0.006594099999972514,4
0.3,15,3,3,3,B4,222.23084437080405,integer optimal solution,0.6666666666666666,2.5,2,10850,15.32413009999999,0.25643120000000863,4
0.3,15,3,3,10,B1,251.97574613829192,integer optimal solution,0.9333333333333333,1.0,1,47,0.0,0.0037143999999784683,4
0.3,15,3,3,10,B2,247.40510019020917,integer optimal solution,0.8,1.5,2,496,0.0,0.02426109999998971,4
0.3,15,3,3,10,B3,246.10661143335443,integer optimal solution,0.8,3.0,1,2701,0.9994693999999527,0.06204530000002251,4
0.3,15,3,3,10,HEUR,251.97574613829187,integer optimal solution,0.9333333333333333,1.0,1,76,0.0,0.004450999999960459,4
0.3,15,3,3,10,B4,243.5370978405591,integer optimal solution,0.6666666666666666,2.5,2,9866,11.268608299999983,0.25128510000001825,4
0.3,15,3,3,17,B1,240.10055491946378,integer optimal solution,0.9333333333333333,1.0,1,48,0.0,0.0034539999999765314,5
0.3,15,3,3,17,B2,240.10055491946378,integer optimal solution,0.9333333333333333,1.0,1,498,0.0,0.022099599999990005,5
0.3,15,3,3,17,B3,240.10055491946375,integer optimal solution,0.9333333333333333,1.0,1,2908,1.1564154000000144,0.0626363000000083,5
0.3,15,3,3,17,HEUR,240.10055491946378,integer optimal solution,0.9333333333333333,1.0,1,82,0.0,0.005824500000016997,5
0.3,15,3,3,17,B4,240.10055491946378,integer optimal solution,0.9333333333333333,1.0,1,11498,15.500904699999978,0.24740719999999783,5
0.3,15,3,3,24,B1,277.7255903473236,integer optimal solution,1.0,0.0,0,45,0.0,0.003339900000014495,4
0.3,15,3,3,24,B2,277.7255903473236,integer optimal solution,1.0,0.0,0,489,0.0,0.02763679999998203,4
0.3,15,3,3,24,B3,268.2864640613943,integer optimal solution,0.8,3.0,1,2805,1.0529838000000495,0.06816300000002684,4
0.3,15,3,3,24,HEUR,277.72559034732365,integer optimal solution,1.0,0.0,0,75,0.0,0.009084099999995487,4
0.3,15,3,3,24,B4,260.7942751928587,integer optimal solution,0.7333333333333333,4.0,1,10861,13.603111199999944,0.22956890000000385,4
0.3,20,2,2,6,B1,308.8086788349938,integer optimal solution,0.9,1.0,2,46,0.0,0.004175400000008267,5
0.3,20,2,2,6,B2,306.00862817269325,integer optimal solution,0.85,1.5,2,554,0.0,0.026285899999948015,5
0.3,20,2,2,6,B3,304.431054659241,integer optimal solution,0.8,2.0,2,4201,1.954626600000097,0.09640420000005179,5
0.3,20,2,2,6,HEUR,304.431054659241,integer optimal solution,0.8,2.0,2,73,0.0,0.013420399999972688,5
0.3,20,2,2,13,B1,395.3021722643963,integer optimal solution,1.0,0.0,0,40,0.0,0.0031859000000622473,4
0.3,20,2,2,13,B2,395.3021722643963,integer optimal solution,1.0,0.0,0,643,0.0,0.029336900000089372,4
0.3,20,2,2,13,B3,395.3021722643963,integer optimal solution,1.0,0.0,0,5499,2.611748700000021,0.11290329999997084,4
0.3,20,2,2,13,HEUR,395.3021722643963,integer optimal solution,1.0,0.0,0,65,0.0,0.007233400000018264,4
0.3,20,2,2,20,B1,290.6442123301429,integer optimal solution,0.9,1.0,2,44,0.0,0.004138600000032966,6
0.3,20,2,2,20,B2,290.6442123301429,integer optimal solution,0.9,1.0,2,552,0.0,0.026081900000008318,6
0.3,20,2,2,20,B3,290.6442123301429,integer optimal solution,0.9,1.0,2,4165,1.7578518999999915,0.10352710000006482,6
0.3,20,2,2,20,HEUR,290.644212330143,integer optimal solution,0.9,1.0,2,66,0.0,0.008068999999977677,6
0.3,20,3,2,2,B1,302.9363443271352,integer optimal solution,0.9,1.0,2,63,0.0,0.004234700000097291,6
0.3,20,3,2,2,B2,295.93865073610095,integer optimal solution,0.85,1.5,2,833,0.0,0.038077199999975164,6
0.3,20,3,2,2,B3,294.8106236071777,integer optimal solution,0.8,2.0,2,6375,2.5157298999999966,0.15818060000003697,6
0.3,20,3,2,2,HEUR,295.93865073610095,integer optimal solution,0.85,1.5,2,110,0.0,0.00878720000002886,6
0.3,20,3,2,9,B1,324.3829826437408,integer optimal solution,1.0,0.0,0,63,0.0,0.004515599999990627,6
0.3,20,3,2,9,B2,322.3531282655457,integer optimal solution,0.9,2.0,1,880,0.0,0.0346742000000404,6
0.3,20,3,2,9,B3,321.3525998865209,integer optimal solution,0.85,3.0,1,6922,2.528844000000049,0.15774950000002264,6
0.3,20,3,2,9,HEUR,322.3531282655457,integer optimal solution,0.9,2.0,1,116,0.0,0.008854899999960253,6
0.3,20,3,2,16,B1,343.4237388917771,integer optimal solution,1.0,0.0,0,60,0.0,0.0037451000000601198,8
0.3,20,3,2,16,B2,343.42373889177713,integer optimal solution,1.0,0.0,0,819,0.0,0.03457930000001852,8
0.3,20,3,2,16,B3,343.42373889177713,integer optimal solution,1.0,0.0,0,6434,2.3543032999999696,0.15402979999998934,8
0.3,20,3,2,16,HEUR,343.42373889177713,integer optimal solution,1.0,0.0,0,110,0.0,0.005131699999992634,8
0.3,20,3,2,23,B1,321.9944216017641,integer optimal solution,0.95,1.0,1,63,0.0,0.004032699999925171,5
0.3,20,3,2,23,B2,316.93314752765457,integer optimal solution,0.85,1.5,2,855,0.0,0.03392969999993056,5
0.3,20,3,2,23,B3,313.8965671134748,integer optimal solution,0.8,2.0,2,6465,2.5429639999999836,0.15420080000001235,5
0.3,20,3,2,23,HEUR,316.1410787849479,integer optimal solution,0.85,3.0,1,102,0.0,0.008936199999993732,5
0.3,20,2,3,5,B1,329.0489590756274,integer optimal solution,0.95,1.0,1,45,0.0,0.00475759999994807,7
0.3,20,2,3,5,B2,329.0489590756274,integer optimal solution,0.95,1.0,1,548,0.0,0.0275866000000633,7
0.3,20,2,3,5,B3,329.0489590756274,integer optimal solution,0.95,1.0,1,3990,2.3129537000000937,0.09076399999992191,7
0.3,20,2,3,5,HEUR,329.0489590756274,integer optimal solution,0.95,1.0,1,74,0.0,0.007571200000029421,7
0.3,20,2,3,12,B1,364.2811869964352,integer optimal solution,0.85,1.0,3,45,0.0,0.005099599999994098,6
0.3,20,2,3,12,B2,359.50953064796715,integer optimal solution,0.8,1.3333333333333333,3,564,0.0,0.027563800000052652,6
0.3,20,2,3,12,B3,353.6746338020449,integer optimal solution,0.8,2.0,2,4104,2.1765572000000475,0.10632450000002791,6
0.3,20,2,3,12,HEUR,364.28118699643534,integer optimal solution,0.85,1.0,3,79,0.0,0.012684499999977561,6
0.3,20,2,3,19,B1,308.0836692808609,integer optimal solution,0.9,1.0,2,50,0.0,0.004721700000004603,6
0.3,20,2,3,19,B2,301.5244872448719,integer optimal solution,0.85,1.5,2,565,0.0,0.028341800000021067,6
0.3,20,2,3,19,B3,301.5244872448719,integer optimal solution,0.85,1.5,2,4424,2.7641485999999986,0.09994659999995292,6
0.3,20,2,3,19,HEUR,308.08366928086093,integer optimal solution,0.9,1.0,2,80,0.0,0.01114159999997355,6
0.3,20,3,3,1,B1,324.0015740414625,integer optimal solution,0.95,1.0,1,66,0.0,0.004884899999979098,6
0.3,20,3,3,1,B2,324.0015740414625,integer optimal solution,0.95,1.0,1,847,0.0,0.03381179999996675,6
0.3,20,3,3,1,B3,323.05571363726426,integer optimal solution,0.85,3.0,1,6636,3.297008699999992,0.15914120000002185,6
0.3,20,3,3,1,HEUR,324.0015740414625,integer optimal solution,0.95,1.0,1,104,0.0,0.010106399999926907,6
0.3,20,3,3,8,B1,319.8304973683929,integer optimal solution,0.9,1.0,2,67,0.0,0.004520800000022973,7
0.3,20,3,3,8,B2,312.33907071190794,integer optimal solution,0.8,2.0,2,865,0.0,0.03075300000000425,7
0.3,20,3,3,8,B3,300.75943729111674,integer optimal solution,0.75,2.5,2,6426,2.95649370000001,0.15990790000000743,7
0.3,20,3,3,8,HEUR,303.8286891770718,integer optimal solution,0.75,1.6666666666666667,3,109,0.0,0.00857769999993252,7
0.3,20,3,3,15,B1,297.27532109579533,integer optimal solution,0.85,1.0,3,65,0.0,0.0056104999999888605,6
0.3,20,3,3,15,B2,292.230629488723,integer optimal solution,0.85,1.5,2,878,0.0,0.03523610000002009,6
0.3,20,3,3,15,B3,287.6081004303592,integer optimal solution,0.7,3.0,2,6931,3.162422500000048,0.16164040000001023,6
0.3,20,3,3,15,HEUR,287.6081004303592,integer optimal solution,0.7,3.0,2,113,0.0,0.012312299999962306,6
0.3,20,3,3,22,B1,340.0401457036205,integer optimal solution,0.9,1.0,2,63,0.0,0.005842499999971551,7
0.3,20,3,3,22,B2,336.0649285737313,integer optimal solution,0.85,1.5,2,869,0.0,0.036049499999990076,7
0.3,20,3,3,22,B3,332.40945070953296,integer optimal solution,0.8,2.0,2,6642,2.8962527999999566,0.1622303000000329,7
0.3,20,3,3,22,HEUR,340.0401457036205,integer optimal solution,0.9,1.0,2,111,0.0,0.011923899999942478,7
0.5,10,2,2,4,B1,172.6549381739883,integer optimal solution,1.0,0.0,0,20,0.0,0.003059200000052442,2
0.5,10,2,2,4,B2,172.6549381739883,integer optimal solution,1.0,0.0,0,171,0.0,0.013958999999999833,2
0.5,10,2,2,4,B3,172.6549381739883,integer optimal solution,1.0,0.0,0,652,0.2505641000000196,0.030672999999978856,2
0.5,10,2,2,4,HEUR,172.65493817398828,integer optimal solution,1.0,0.0,0,30,0.0,0.005408500000044114,2
0.5,10,2,2,4,B4,172.65493817398828,integer optimal solution,1.0,0.0,0,1617,1.6853818999999248,0.049083199999927274,2
0.5,10,2,2,11,B1,172.72558949330258,integer optimal solution,1.0,0.0,0,20,0.0,0.003591600000049766,3
0.5,10,2,2,11,B2,172.72558949330258,integer optimal solution,1.0,0.0,0,143,0.0,0.008557999999993626,3
0.5,10,2,2,11,B3,172.72558949330258,integer optimal solution,1.0,0.0,0,565,0.20947349999994458,0.03177819999996245,3
0.5,10,2,2,11,HEUR,172.7255894933026,integer optimal solution,1.0,0.0,0,32,0.0,0.005209199999967495,3
0.5,10,2,2,11,B4,172.72558949330258,integer optimal solution,1.0,0.0,0,1509,1.5496368999999959,0.04786300000000665,3
0.5,10,2,2,18,B1,141.4077112094758,integer optimal solution,0.9,1.0,1,21,0.0,0.0033217999999806125,3
0.5,10,2,2,18,B2,141.4077112094758,integer optimal solution,0.9,1.0,1,136,0.0,0.012583000000063294,3
0.5,10,2,2,18,B3,141.4077112094758,integer optimal solution,0.9,1.0,1,501,0.16600370000003295,0.03560990000005404,3
0.5,10,2,2,18,HEUR,141.40771120947576,integer optimal solution,0.9,1.0,1,30,0.0,0.005278299999986302,3
0.5,10,2,2,18,B4,141.4077112094758,integer optimal solution,0.9,1.0,1,1247,1.1851052000000664,0.04996489999996356,3
0.5,10,3,2,0,B1,175.82420250408046,integer optimal solution,1.0,0.0,0,30,0.0,0.0033022000000073604,4
0.5,10,3,2,0,B2,175.82420250408046,integer optimal solution,1.0,0.0,0,230,0.0,0.013505199999940487,4
0.5,10,3,2,0,B3,175.8242025040805,integer optimal solution,1.0,0.0,0,975,0.28720829999997477,0.030842600000028142,4
0.5,10,3,2,0,HEUR,175.82420250408046,integer optimal solution,1.0,0.0,0,57,0.0,0.004482900000084555,4
0.5,10,3,2,0,B4,175.82420250408046,integer optimal solution,1.0,0.0,0,2744,2.2400051999999278,0.053681700000083765,4
0.5,10,3,2,7,B1,184.49695570570154,integer optimal solution,1.0,0.0,0,30,0.0,0.0035215999999991254,3
0.5,10,3,2,7,B2,184.49695570570154,integer optimal solution,1.0,0.0,0,233,0.0,0.01138339999999971,3
0.5,10,3,2,7,B3,184.49695570570154,integer optimal solution,1.0,0.0,0,990,0.25148020000006,0.036045299999955205,3
0.5,10,3,2,7,HEUR,184.49695570570154,integer optimal solution,1.0,0.0,0,50,0.0,0.005359599999906095,3
0.5,10,3,2,7,B4,184.49695570570154,integer optimal solution,1.0,0.0,0,2746,1.798563300000069,0.060908000000040374,3
0.5,10,3,2,14,B1,157.13698924388677,integer optimal solution,1.0,0.0,0,30,0.0,0.0034735000000409855,2
0.5,10,3,2,14,B2,157.13698924388677,integer optimal solution,1.0,0.0,0,208,0.0,0.017438400000060028,2
0.5,10,3,2,14,B3,157.13698924388677,integer optimal solution,1.0,0.0,0,793,0.27753969999992023,0.03933840000001965,2
0.5,10,3,2,14,HEUR,157.13698924388677,integer optimal solution,1.0,0.0,0,42,0.0,0.009079100000008111,2
0.5,10,3,2,14,B4,157.13698924388677,integer optimal solution,1.0,0.0,0,2049,2.249985899999956,0.0646239999999807,2
0.5,10,3,2,21,B1,176.1842465647601,integer optimal solution,1.0,0.0,0,30,0.0,0.0034102999999277017,2
0.5,10,3,2,21,B2,176.18424656476012,integer optimal solution,1.0,0.0,0,251,0.0,0.011756699999978082,2
0.5,10,3,2,21,B3,176.18424656476012,integer optimal solution,1.0,0.0,0,953,0.30130830000007336,0.03491420000000289,2
0.5,10,3,2,21,HEUR,176.18424656476012,integer optimal solution,1.0,0.0,0,43,0.0,0.005042100000082428,2
0.5,10,3,2,21,B4,176.18424656476012,integer optimal solution,1.0,0.0,0,2359,2.18265150000002,0.05397159999995438,2
0.5,10,2,3,3,B1,154.81953362970967,integer optimal solution,1.0,0.0,0,20,0.0,0.003268600000069455,1
0.5,10,2,3,3,B2,154.81953362970967,integer optimal solution,1.0,0.0,0,146,0.0,0.00829369999996743,1
0.5,10,2,3,3,B3,154.81953362970967,integer optimal solution,1.0,0.0,0,546,0.2262226999999939,0.029725399999961155,1
0.5,10,2,3,3,HEUR,154.81953362970967,integer optimal solution,1.0,0.0,0,28,0.0,0.0037243000000444226,1
0.5,10,2,3,3,B4,154.81953362970967,integer optimal solution,1.0,0.0,0,1381,1.6128106999999545,0.04217100000005303,1
0.5,10,2,3,10,B1,160.76584299591968,integer optimal solution,1.0,0.0,0,20,0.0,0.00392680000004475,3
0.5,10,2,3,10,B2,160.76584299591968,integer optimal solution,1.0,0.0,0,149,0.0,0.009170799999992596,3
0.5,10,2,3,10,B3,160.76584299591968,integer optimal solution,1.0,0.0,0,534,0.252696599999922,0.028966200000013487,3
0.5,10,2,3,10,HEUR,160.76584299591968,integer optimal solution,1.0,0.0,0,37,0.0,0.0056650000000217915,3
0.5,10,2,3,10,B4,160.76584299591968,integer optimal solution,1.0,0.0,0,1260,1.5766354999999521,0.044530499999950734,3
0.5,10,2,3,17,B1,196.77431468077845,integer optimal solution,0.9,1.0,1,20,0.0,0.004014699999970617,2
0.5,10,2,3,17,B2,196.77431468077845,integer optimal solution,0.9,1.0,1,151,0.0,0.008348500000010972,2
0.5,10,2,3,17,B3,196.77431468077845,integer optimal solution,0.9,1.0,1,528,0.1800605999999334,0.02904450000005454,2
0.5,10,2,3,17,HEUR,196.77431468077842,integer optimal solution,0.9,1.0,1,29,0.0,0.004380299999979798,2
0.5,10,2,3,17,B4,196.77431468077845,integer optimal solution,0.9,1.0,1,1257,1.1277655000000095,0.039977700000008554,2
0.5,10,2,3,24,B1,181.46958377004933,integer optimal solution,1.0,0.0,0,20,0.0,0.002719000000070082,3
0.5,10,2,3,24,B2,181.46958377004933,integer optimal solution,1.0,0.0,0,150,0.0,0.009178299999916817,3
0.5,10,2,3,24,B3,181.46958377004933,integer optimal solution,1.0,0.0,0,591,0.2688612000000603,0.032069899999896734,3
0.5,10,2,3,24,HEUR,181.46958377004933,integer optimal solution,1.0,0.0,0,34,0.0,0.003943100000014965,3
0.5,10,2,3,24,B4,181.46958377004933,integer optimal solution,1.0,0.0,0,1482,1.9278160999999727,0.04514429999994718,3
0.5,10,3,3,6,B1,166.56147951744958,integer optimal solution,0.9,1.0,1,30,0.0,0.004333499999916057,4
0.5,10,3,3,6,B2,166.56147951744958,integer optimal solution,0.9,1.0,1,212,0.0,0.011432700000000295,4
0.5,10,3,3,6,B3,166.56147951744958,integer optimal solution,0.9,1.0,1,812,0.31476280000003953,0.03505460000008043,4
0.5,10,3,3,6,HEUR,166.56147951744958,integer optimal solution,0.9,1.0,1,54,0.0,0.005831800000009935,4
0.5,10,3,3,6,B4,166.56147951744958,integer optimal solution,0.9,1.0,1,2125,2.348778799999991,0.0533092000000579,4
0.5,10,3,3,13,B1,158.03564689046104,integer optimal solution,1.0,0.0,0,30,0.0,0.004434700000047087,3
0.5,10,3,3,13,B2,158.035646890461,integer optimal solution,1.0,0.0,0,225,0.0,0.016716500000029555,3
0.5,10,3,3,13,B3,158.035646890461,integer optimal solution,1.0,0.0,0,897,0.32871299999999337,0.037685000000010405,3
0.5,10,3,3,13,HEUR,158.035646890461,integer optimal solution,1.0,0.0,0,57,0.0,0.0061861000000362765,3
0.5,10,3,3,13,B4,158.03564689046107,integer optimal solution,1.0,0.0,0,2264,2.351068600000076,0.054360400000064146,3
0.5,10,3,3,20,B1,151.33768055983995,integer optimal solution,1.0,0.0,0,30,0.0,0.004181000000016866,2
0.5,10,3,3,20,B2,151.33768055983998,integer optimal solution,1.0,0.0,0,211,0.0,0.010229299999991781,2
0.5,10,3,3,20,B3,151.33768055983998,integer optimal solution,1.0,0.0,0,781,0.292679200000066,0.029965100000026723,2
0.5,10,3,3,20,HEUR,151.33768055983995,integer optimal solution,1.0,0.0,0,42,0.0,0.005419900000106281,2
0.5,10,3,3,20,B4,151.33768055983995,integer optimal solution,1.0,0.0,0,1944,1.9217189999999391,0.055389999999988504,2
0.5,15,2,2,2,B1,244.46510314419484,integer optimal solution,1.0,0.0,0,30,0.0,0.0031302999999525127,3
0.5,15,2,2,2,B2,244.46510314419484,integer optimal solution,1.0,0.0,0,332,0.0,0.017067799999949784,3
0.5,15,2,2,2,B3,244.46510314419484,integer optimal solution,1.0,0.0,0,1844,0.748057200000062,0.047031300000071496,3
0.5,15,2,2,2,HEUR,244.46510314419479,integer optimal solution,1.0,0.0,0,45,0.0,0.01932109999995646,3
0.5,15,2,2,2,B4,244.46510314419479,integer optimal solution,1.0,0.0,0,6799,9.385982900000045,0.15981209999995372,3
0.5,15,2,2,9,B1,316.448351998331,integer optimal solution,1.0,0.0,0,30,0.0,0.003356100000019069,4
0.5,15,2,2,9,B2,315.49109651058393,integer optimal solution,0.8666666666666667,2.0,1,333,0.0,0.016053199999987555,4
0.5,15,2,2,9,B3,315.49109651058393,integer optimal solution,0.8666666666666667,2.0,1,2219,0.9616055000000188,0.05255750000003445,4
0.5,15,2,2,9,HEUR,316.448351998331,integer optimal solution,1.0,0.0,0,53,0.0,0.0058089000000336455,4
0.5,15,2,2,9,B4,315.49109651058393,integer optimal solution,0.8666666666666667,2.0,1,9902,16.67467369999997,0.19512550000001738,4
0.5,15,2,2,16,B1,203.83784711904377,integer optimal solution,0.9333333333333333,1.0,1,30,0.0,0.0038303999999698135,4
0.5,15,2,2,16,B2,203.83784711904377,integer optimal solution,0.9333333333333333,1.0,1,308,0.0,0.01629800000000614,4
0.5,15,2,2,16,B3,203.83784711904377,integer optimal solution,0.9333333333333333,1.0,1,1758,0.7763604000000441,0.0413131999999905,4
0.5,15,2,2,16,HEUR,203.83784711904377,integer optimal solution,0.9333333333333333,1.0,1,47,0.0,0.008239600000024438,4
0.5,15,2,2,16,B4,200.46366779660514,integer optimal solution,0.7333333333333333,4.0,1,6792,10.629645199999914,0.15865789999998015,4
0.5,15,2,2,23,B1,256.38338814131237,integer optimal solution,0.9333333333333333,1.0,1,31,0.0,0.003307100000029095,4
0.5,15,2,2,23,B2,256.3833881413124,integer optimal solution,0.9333333333333333,1.0,1,338,0.0,0.02160479999997733,4
0.5,15,2,2,23,B3,256.3833881413124,integer optimal solution,0.9333333333333333,1.0,1,1937,0.7193845000000465,0.0411724000000504,4
0.5,15,2,2,23,HEUR,256.3833881413124,integer optimal solution,0.9333333333333333,1.0,1,49,0.0,0.004419099999950049,4
0.5,15,2,2,23,B4,256.3833881413124,integer optimal solution,0.9333333333333333,1.0,1,7593,9.648965399999952,0.16902949999996508,4
0.5,15,3,2,5,B1,267.45231230875913,integer optimal solution,1.0,0.0,0,45,0.0,0.0038528000000042084,4
0.5,15,3,2,5,B2,267.45231230875913,integer optimal solution,1.0,0.0,0,502,0.0,0.02270079999993868,4
0.5,15,3,2,5,B3,267.45231230875913,integer optimal solution,1.0,0.0,0,3055,1.0168453999999656,0.06674940000004881,4
0.5,15,3,2,5,HEUR,267.45231230875913,integer optimal solution,1.0,0.0,0,67,0.0,0.004445600000053673,4
0.5,15,3,2,5,B4,267.45231230875913,integer optimal solution,1.0,0.0,0,12826,15.282042000000047,0.26924750000000586,4
0.5,15,3,2,12,B1,225.4171189459527,integer optimal solution,0.8666666666666667,1.0,2,47,0.0,0.003910100000098282,5
0.5,15,3,2,12,B2,224.99455587165141,integer optimal solution,0.8,1.5,2,512,0.0,0.019562399999927038,5
0.5,15,3,2,12,B3,218.38732378765212,integer optimal solution,0.7333333333333333,2.0,2,2955,1.1901626000000078,0.06331420000003618,5
0.5,15,3,2,12,HEUR,225.4171189459527,integer optimal solution,0.8666666666666667,1.0,2,82,0.0,0.00596270000005461,5
0.5,15,3,2,12,B4,212.35083884401854,integer optimal solution,0.7333333333333333,4.0,1,11623,17.48741839999991,0.24068209999995815,5
0.5,15,3,2,19,B1,247.09269693457193,integer optimal solution,1.0,0.0,0,45,0.0,0.003572700000063378,4
0.5,15,3,2,19,B2,247.09269693457193,integer optimal solution,1.0,0.0,0,476,0.0,0.02193509999995058,4
0.5,15,3,2,19,B3,247.09269693457193,integer optimal solution,1.0,0.0,0,2647,0.9436712000000398,0.05673229999990781,4
0.5,15,3,2,19,HEUR,247.09269693457193,integer optimal solution,1.0,0.0,0,79,0.0,0.0055139999999482825,4
0.5,15,3,2,19,B4,247.09269693457193,integer optimal solution,1.0,0.0,0,9527,11.19379159999994,0.2260398000000805,4
0.5,15,2,3,1,B1,269.5124852747512,integer optimal solution,1.0,0.0,0,30,0.0,0.003933200000005854,3
0.5,15,2,3,1,B2,267.374386079521,integer optimal solution,0.8666666666666667,2.0,1,321,0.0,0.01494419999994534,3
0.5,15,2,3,1,B3,267.374386079521,integer optimal solution,0.8666666666666667,2.0,1,1803,0.9850792999999385,0.043983900000057474,3
0.5,15,2,3,1,HEUR,269.5124852747512,integer optimal solution,1.0,0.0,0,49,0.0,0.004332299999987299,3
0.5,15,2,3,1,B4,267.374386079521,integer optimal solution,0.8666666666666667,2.0,1,6848,11.365036499999974,0.1717363000000205,3
0.5,15,2,3,8,B1,286.1260133391724,integer optimal solution,1.0,0.0,0,30,0.0,0.0032379000000446467,3
0.5,15,2,3,8,B2,286.1260133391724,integer optimal solution,1.0,0.0,0,337,0.0,0.016689799999994648,3
0.5,15,2,3,8,B3,286.1260133391724,integer optimal solution,1.0,0.0,0,1932,0.9726398999999901,0.046879399999966154,3
0.5,15,2,3,8,HEUR,286.1260133391724,integer optimal solution,1.0,0.0,0,44,0.0,0.006568000000015672,3
0.5,15,2,3,8,B4,286.1260133391724,integer optimal solution,1.0,0.0,0,7413,13.061238099999969,0.16620709999995142,3
0.5,15,2,3,15,B1,225.35303851455015,integer optimal solution,1.0,0.0,0,32,0.0,0.0035441999999648033,4
0.5,15,2,3,15,B2,225.35303851455012,integer optimal solution,1.0,0.0,0,313,0.0,0.01551659999995536,4
0.5,15,2,3,15,B3,225.35303851455015,integer optimal solution,1.0,0.0,0,1772,0.9187881999999945,0.03874240000004647,4
0.5,15,2,3,15,HEUR,225.35303851455012,integer optimal solution,1.0,0.0,0,51,0.0,0.005173300000024028,4
0.5,15,2,3,15,B4,225.35303851455012,integer optimal solution,1.0,0.0,0,6929,12.956471599999986,0.16878889999998137,4
0.5,15,2,3,22,B1,265.63779359016405,integer optimal solution,0.9333333333333333,1.0,1,30,0.0,0.004494399999998677,3
0.5,15,2,3,22,B2,261.5861596592647,integer optimal solution,0.8666666666666667,2.0,1,340,0.0,0.01610300000004372,3
0.5,15,2,3,22,B3,253.52195970354924,integer optimal solution,0.8,3.0,1,1838,1.0269784000000755,0.04780119999998078,3
0.5,15,2,3,22,HEUR,265.63779359016405,integer optimal solution,0.9333333333333333,1.0,1,41,0.0,0.005902799999944364,3
0.5,15,2,3,22,B4,252.06011190959381,integer optimal solution,0.7333333333333333,4.0,1,6570,13.675579900000002,0.17938420000007227,3
0.5,15,3,3,4,B1,234.97326955852577,integer optimal solution,1.0,0.0,0,45,0.0,0.003649299999892719,4
0.5,15,3,3,4,B2,234.97326955852577,integer optimal solution,1.0,0.0,0,472,0.0,0.021729199999981574,4
0.5,15,3,3,4,B3,234.97326955852577,integer optimal solution,1.0,0.0,0,2724,1.1126699000000144,0.06578500000000531,4
0.5,15,3,3,4,HEUR,234.97326955852577,integer optimal solution,1.0,0.0,0,68,0.0,0.006290200000080404,4
0.5,15,3,3,4,B4,234.9732695585258,integer optimal solution,1.0,0.0,0,10659,13.720524400000045,0.23834080000005997,4
0.5,15,3,3,11,B1,260.8285946195292,integer optimal solution,0.9333333333333333,1.0,1,47,0.0,0.006065199999966353,4
0.5,15,3,3,11,B2,260.8285946195292,integer optimal solution,0.9333333333333333,1.0,1,483,0.0,0.02463239999997313,4
0.5,15,3,3,11,B3,260.8285946195292,integer optimal solution,0.9333333333333333,1.0,1,2751,1.0552465999999185,0.06193510000002789,4
0.5,15,3,3,11,HEUR,260.8285946195292,integer optimal solution,0.9333333333333333,1.0,1,72,0.0,0.00723049999999148,4
0.5,15,3,3,11,B4,260.8285946195292,integer optimal solution,0.9333333333333333,1.0,1,10486,11.653367600000024,0.22483219999992343,4
0.5,15,3,3,18,B1,258.34245279336443,integer optimal solution,1.0,0.0,0,45,0.0,0.004751599999963219,5
0.5,15,3,3,18,B2,258.34245279336443,integer optimal solution,1.0,0.0,0,493,0.0,0.024209600000062892,5
0.5,15,3,3,18,B3,258.3424527933644,integer optimal solution,1.0,0.0,0,2910,1.2741613000000598,0.06807770000000346,5
0.5,15,3,3,18,HEUR,258.3424527933644,integer optimal solution,1.0,0.0,0,68,0.0,0.007336300000019946,5
0.5,15,3,3,18,B4,258.3424527933644,integer optimal solution,1.0,0.0,0,11547,19.502511099999992,0.2427205999999842,5
0.5,20,2,2,0,B1,419.8861112197539,integer optimal solution,1.0,0.0,0,41,0.0,0.005309300000021722,7
0.5,20,2,2,0,B2,419.88611121975396,integer optimal solution,1.0,0.0,0,596,0.0,0.03191950000007182,7
0.5,20,2,2,0,B3,419.88611121975396,integer optimal solution,1.0,0.0,0,4895,2.238495700000044,0.14012780000007297,7
0.5,20,2,2,0,HEUR,419.88611121975396,integer optimal solution,1.0,0.0,0,70,0.0,0.007819999999924221,7
0.5,20,2,2,7,B1,336.1210286439165,integer optimal solution,1.0,0.0,0,40,0.0,0.0055934999999180945,5
0.5,20,2,2,7,B2,336.1210286439165,integer optimal solution,1.0,0.0,0,640,0.0,0.027341800000044714,5
0.5,20,2,2,7,B3,336.1210286439165,integer optimal solution,1.0,0.0,0,5283,3.0389582000000246,0.09036049999997431,5
0.5,20,2,2,7,HEUR,336.1210286439165,integer optimal solution,1.0,0.0,0,71,0.0,0.006840199999942342,5
0.5,20,2,2,14,B1,326.09381790834993,integer optimal solution,1.0,0.0,0,40,0.0,0.00416619999998602,7
0.5,20,2,2,14,B2,326.0938179083499,integer optimal solution,1.0,0.0,0,579,0.0,0.028910099999961858,7
0.5,20,2,2,14,B3,326.09381790834993,integer optimal solution,1.0,0.0,0,4631,2.03845919999992,0.10910439999997834,7
0.5,20,2,2,14,HEUR,326.09381790834993,integer optimal solution,1.0,0.0,0,79,0.0,0.017383200000040233,7
0.5,20,2,2,21,B1,351.6310562832628,integer optimal solution,1.0,0.0,0,40,0.0,0.0036632000000054177,6
0.5,20,2,2,21,B2,351.63105628326275,integer optimal solution,1.0,0.0,0,598,0.0,0.026028499999938504,6
0.5,20,2,2,21,B3,351.63105628326275,integer optimal solution,1.0,0.0,0,4805,2.487491699999964,0.097588099999939,6
0.5,20,2,2,21,HEUR,351.6310562832628,integer optimal solution,1.0,0.0,0,81,0.0,0.007309299999974428,6
0.5,20,3,2,3,B1,365.78154344346865,integer optimal solution,1.0,0.0,0,60,0.0,0.0037140999999110136,7
0.5,20,3,2,3,B2,365.78154344346865,integer optimal solution,1.0,0.0,0,897,0.0,0.031140299999947274,7
0.5,20,3,2,3,B3,365.78154344346865,integer optimal solution,1.0,0.0,0,7004,2.3681188000000475,0.14355360000001838,7
0.5,20,3,2,3,HEUR,365.78154344346865,integer optimal solution,1.0,0.0,0,104,0.0,0.008494499999983418,7
0.5,20,3,2,10,B1,329.8896447315947,integer optimal solution,1.0,0.0,0,60,0.0,0.0029947000000447588,7
0.5,20,3,2,10,B2,329.8896447315947,integer optimal solution,1.0,0.0,0,880,0.0,0.03813630000001922,7
0.5,20,3,2,10,B3,329.8896447315947,integer optimal solution,1.0,0.0,0,6709,2.9666098999999804,0.13788979999992534,7
0.5,20,3,2,10,HEUR,329.8896447315947,integer optimal solution,1.0,0.0,0,105,0.0,0.008764100000007602,7
0.5,20,3,2,17,B1,294.13719341342653,integer optimal solution,1.0,0.0,0,60,0.0,0.003134600000066712,6
0.5,20,3,2,17,B2,294.13719341342653,integer optimal solution,1.0,0.0,0,867,0.0,0.034039000000007036,6
0.5,20,3,2,17,B3,294.13719341342653,integer optimal solution,1.0,0.0,0,6932,2.8901089000000866,0.15118600000005245,6
0.5,20,3,2,17,HEUR,294.13719341342653,integer optimal solution,1.0,0.0,0,104,0.0,0.00815120000004299,6
0.5,20,3,2,24,B1,345.9258308970616,integer optimal solution,1.0,0.0,0,60,0.0,0.0035606000000143467,5
0.5,20,3,2,24,B2,345.92583089706153,integer optimal solution,1.0,0.0,0,843,0.0,0.0328949999999395,5
0.5,20,3,2,24,B3,345.92583089706164,integer optimal solution,1.0,0.0,0,6208,2.384700799999905,0.18210150000004433,5
0.5,20,3,2,24,HEUR,345.92583089706153,integer optimal solution,1.0,0.0,0,106,0.0,0.008725799999979245,5
0.5,20,2,3,6,B1,373.6303946193927,integer optimal solution,1.0,0.0,0,40,0.0,0.0034249000000272645,6
0.5,20,2,3,6,B2,372.11788642070906,integer optimal solution,0.9,2.0,1,623,0.0,0.026578800000038427,6
0.5,20,2,3,6,B3,364.11191107851135,integer optimal solution,0.85,3.0,1,4924,2.6661220000000867,0.1054517999999689,6
0.5,20,2,3,6,HEUR,372.11788642070906,integer optimal solution,0.9,2.0,1,71,0.0,0.006285000000048058,6
0.5,20,2,3,13,B1,328.57358092830844,integer optimal solution,0.95,1.0,1,43,0.0,0.003877500000044165,5
0.5,20,2,3,13,B2,328.57358092830833,integer optimal solution,0.95,1.0,1,579,0.0,0.02394179999998869,5
0.5,20,2,3,13,B3,328.57358092830833,integer optimal solution,0.95,1.0,1,4757,3.029706199999964,0.08943659999999909,5
0.5,20,2,3,13,HEUR,328.5735809283084,integer optimal solution,0.95,1.0,1,76,0.0,0.00639929999999822,5
0.5,20,2,3,20,B1,337.99069366063713,integer optimal solution,1.0,0.0,0,40,0.0,0.005481799999984105,7
0.5,20,2,3,20,B2,337.99069366063713,integer optimal solution,1.0,0.0,0,616,0.0,0.027905599999940023,7
0.5,20,2,3,20,B3,337.99069366063713,integer optimal solution,1.0,0.0,0,5056,2.6229948999999806,0.10021319999998468,7
0.5,20,2,3,20,HEUR,337.99069366063713,integer optimal solution,1.0,0.0,0,71,0.0,0.005158499999993182,7
0.5,20,3,3,2,B1,363.56277844990433,integer optimal solution,1.0,0.0,0,61,0.0,0.004867500000045766,6
0.5,20,3,3,2,B2,363.56277844990433,integer optimal solution,1.0,0.0,0,843,0.0,0.04075639999996383,6
0.5,20,3,3,2,B3,363.56277844990444,integer optimal solution,1.0,0.0,0,6794,3.074774899999966,0.14979879999998502,6
0.5,20,3,3,2,HEUR,363.5627784499043,integer optimal solution,1.0,0.0,0,100,0.0,0.00544979999995121,6
0.5,20,3,3,9,B1,350.6439747669184,integer optimal solution,1.0,0.0,0,60,0.0,0.005404300000009243,5
0.5,20,3,3,9,B2,350.64397476691835,integer optimal solution,1.0,0.0,0,1009,0.0,0.040111900000056266,5
0.5,20,3,3,9,B3,350.64397476691835,integer optimal solution,1.0,0.0,0,8942,5.18223619999992,0.1487369999999828,5
0.5,20,3,3,9,HEUR,350.64397476691835,integer optimal solution,1.0,0.0,0,121,0.0,0.0060850999999502164,5
0.5,20,3,3,16,B1,336.4822324512278,integer optimal solution,0.95,1.0,1,60,0.0,0.0043633000000227185,6
0.5,20,3,3,16,B2,336.48223245122773,integer optimal solution,0.95,1.0,1,847,0.0,0.032585000000040054,6
0.5,20,3,3,16,B3,336.4822324512278,integer optimal solution,0.95,1.0,1,6660,2.8453889999999546,0.15469629999995504,6
0.5,20,3,3,16,HEUR,336.48223245122773,integer optimal solution,0.95,1.0,1,111,0.0,0.01170609999996941,6
0.5,20,3,3,23,B1,316.99457746209987,integer optimal solution,1.0,0.0,0,60,0.0,0.003615599999989172,6
0.5,20,3,3,23,B2,316.9945774620999,integer optimal solution,1.0,0.0,0,934,0.0,0.035395699999980934,6
0.5,20,3,3,23,B3,316.99457746209987,integer optimal solution,1.0,0.0,0,7994,4.439049599999976,0.17567540000004556,6
0.5,20,3,3,23,HEUR,316.9945774620999,integer optimal solution,1.0,0.0,0,101,0.0,0.009623000000033244,6
0.7,10,2,2,5,B1,143.8844314948369,integer optimal solution,0.7,1.0,3,24,0.0,0.004761899999948582,1
0.7,10,2,2,5,B2,140.93854467328745,integer optimal solution,0.7,1.5,2,138,0.0,0.0054277000000411135,1
0.7,10,2,2,5,B3,140.93854467328745,integer optimal solution,0.7,1.5,2,488,0.20956969999997455,0.020915899999977228,1
0.7,10,2,2,5,HEUR,143.8844314948369,integer optimal solution,0.7,1.0,3,28,0.0,0.0038915000000088185,1
0.7,10,2,2,5,B4,140.15781798563006,integer optimal solution,0.5,2.5,2,1205,1.0485530999999355,0.04511509999997543,1
0.7,10,2,2,12,B1,133.40386960034533,integer optimal solution,0.9,1.0,1,23,0.0,0.0037774999999555803,3
0.7,10,2,2,12,B2,130.1717105655465,integer optimal solution,0.7,1.5,2,131,0.0,0.00844870000003084,3
0.7,10,2,2,12,B3,126.72257005993455,integer optimal solution,0.6,2.0,2,443,0.23208599999998114,0.028576799999996183,3
0.7,10,2,2,12,HEUR,133.40386960034533,integer optimal solution,0.9,1.0,1,30,0.0,0.005161499999985608,3
0.7,10,2,2,12,B4,124.74357712350002,integer optimal solution,0.5,2.5,2,995,1.6288257999999587,0.03928150000001551,3
0.7,10,2,2,19,B1,123.376471577437,integer optimal solution,0.8,1.0,2,24,0.0,0.004397199999971235,4
0.7,10,2,2,19,B2,123.376471577437,integer optimal solution,0.8,1.0,2,127,0.0,0.00837550000005649,4
0.7,10,2,2,19,B3,123.376471577437,integer optimal solution,0.8,1.0,2,427,0.14663340000004155,0.03074770000000626,4
0.7,10,2,2,19,HEUR,123.376471577437,integer optimal solution,0.8,1.0,2,37,0.0,0.005412200000023404,4
0.7,10,2,2,19,B4,123.376471577437,integer optimal solution,0.8,1.0,2,988,0.8476987000000236,0.041779299999916475,4
0.7,10,3,2,1,B1,137.6573200294207,integer optimal solution,0.8,1.0,2,36,0.0,0.00387060000002748,2
0.7,10,3,2,1,B2,135.93607033207567,integer optimal solution,0.7,1.5,2,218,0.0,0.00846440000009352,2
0.7,10,3,2,1,B3,132.93342182069784,integer optimal solution,0.6,2.0,2,757,0.2791260000000193,0.021682800000007774,2
0.7,10,3,2,1,HEUR,136.92114645968746,integer optimal solution,0.7,3.0,1,47,0.0,0.004411500000060187,2
0.7,10,3,2,1,B4,131.7273545701007,integer optimal solution,0.6,4.0,1,1768,2.0427098000000115,0.04558719999999994,2
0.7,10,3,2,8,B1,158.9942140622854,integer optimal solution,0.9,1.0,1,35,0.0,0.0030437000000347325,3
0.7,10,3,2,8,B2,156.19059612199868,integer optimal solution,0.8,2.0,1,217,0.0,0.00808119999999235,3
0.7,10,3,2,8,B3,156.19059612199868,integer optimal solution,0.8,2.0,1,782,0.2574700999999777,0.03004139999995914,3
0.7,10,3,2,8,HEUR,158.9942140622854,integer optimal solution,0.9,1.0,1,51,0.0,0.006034699999986515,3
0.7,10,3,2,8,B4,156.19059612199865,integer optimal solution,0.8,2.0,1,1891,1.4230203999999276,0.05077359999995679,3
0.7,10,3,2,15,B1,139.7599633364983,integer optimal solution,0.9,1.0,1,36,0.0,0.004413200000044526,2
0.7,10,3,2,15,B2,136.59795125324234,integer optimal solution,0.8,2.0,1,212,0.0,0.010816400000067006,2
0.7,10,3,2,15,B3,136.59795125324234,integer optimal solution,0.8,2.0,1,807,0.21919470000000274,0.03316070000005311,2
0.7,10,3,2,15,HEUR,136.59795125324234,integer optimal solution,0.8,2.0,1,44,0.0,0.006317599999988488,2
0.7,10,3,2,15,B4,136.59795125324234,integer optimal solution,0.8,2.0,1,2138,1.586917900000003,0.05630379999990964,2
0.7,10,3,2,22,B1,107.14825106670384,integer optimal solution,0.8,1.0,2,41,0.0,0.004920200000015029,3
0.7,10,3,2,22,B2,104.00119209879627,integer optimal solution,0.5,1.6666666666666667,3,232,0.0,0.013120200000003024,3
0.7,10,3,2,22,B3,101.95821038556075,integer optimal solution,0.4,2.0,3,812,0.4234973999999738,0.034015500000009524,3
0.7,10,3,2,22,HEUR,106.3292316317989,integer optimal solution,0.6,1.3333333333333333,3,58,0.0,0.005880000000047403,3
0.7,10,3,2,22,B4,100.14274834364892,integer optimal solution,0.5,2.5,2,1886,3.9106792999999698,0.052165700000045945,3
0.7,10,2,3,4,B1,144.5074867417612,integer optimal solution,0.8,1.0,2,27,0.0,0.004784299999982977,2
0.7,10,2,3,4,B2,131.29921656855015,integer optimal solution,0.6,2.0,2,136,0.0,0.008538599999951657,2
0.7,10,2,3,4,B3,131.29921656855015,integer optimal solution,0.6,2.0,2,452,0.20455349999997452,0.029286599999977625,2
0.7,10,2,3,4,HEUR,131.29921656855015,integer optimal solution,0.6,2.0,2,32,0.0,0.007197300000029827,2
0.7,10,2,3,4,B4,131.29921656855015,integer optimal solution,0.6,2.0,2,1065,1.1691524999999956,0.043026800000006915,2
0.7,10,2,3,11,B1,134.34914959223318,integer optimal solution,0.9,1.0,1,22,0.0,0.00354770000001281,3
0.7,10,2,3,11,B2,134.34914959223315,integer optimal solution,0.9,1.0,1,143,0.0,0.005882100000007995,3
0.7,10,2,3,11,B3,134.34914959223315,integer optimal solution,0.9,1.0,1,516,0.2340995000000703,0.027646599999911814,3
0.7,10,2,3,11,HEUR,134.34914959223315,integer optimal solution,0.9,1.0,1,34,0.0,0.0038177000000132466,3
0.7,10,2,3,11,B4,134.34914959223318,integer optimal solution,0.9,1.0,1,1238,1.2871668999999883,0.04369110000004639,3
0.7,10,2,3,18,B1,137.23768290085263,integer optimal solution,0.7,1.0,3,27,0.0,0.003923700000086683,2
0.7,10,2,3,18,B2,132.77750790112748,integer optimal solution,0.6,1.3333333333333333,3,145,0.0,0.006808699999965029,2
0.7,10,2,3,18,B3,130.6996314298645,integer optimal solution,0.6,2.0,2,475,0.22612129999993158,0.025807299999996758,2
0.7,10,2,3,18,HEUR,132.77750790112748,integer optimal solution,0.6,1.3333333333333333,3,34,0.0,0.00408269999991262,2
0.7,10,2,3,18,B4,129.256538071247,integer optimal solution,0.5,2.5,2,1041,1.4845886000000519,0.03478419999999005,2
0.7,10,3,3,0,B1,132.58128189749496,integer optimal solution,0.8,1.0,2,41,0.0,0.005148699999949713,2
0.7,10,3,3,0,B2,127.86022372953809,integer optimal solution,0.6,2.0,2,212,0.0,0.012736200000063036,2
0.7,10,3,3,0,B3,127.86022372953809,integer optimal solution,0.6,2.0,2,745,0.24943389999998544,0.03150449999998273,2
0.7,10,3,3,0,HEUR,132.58128189749496,integer optimal solution,0.8,1.0,2,48,0.0,0.004585899999938192,2
0.7,10,3,3,0,B4,127.86022372953809,integer optimal solution,0.6,2.0,2,1898,1.4045899999999847,0.05196540000008554,2
0.7,10,3,3,7,B1,105.81055049160625,integer optimal solution,0.7,1.0,3,38,0.0,0.006281800000010662,2
0.7,10,3,3,7,B2,100.93126896763701,integer optimal solution,0.7,1.5,2,223,0.0,0.010929199999964112,2
0.7,10,3,3,7,B3,100.93126896763701,integer optimal solution,0.7,1.5,2,733,0.3308119999999235,0.033526700000038545,2
0.7,10,3,3,7,HEUR,100.93126896763701,integer optimal solution,0.7,1.5,2,56,0.0,0.005885400000011032,2
0.7,10,3,3,7,B4,100.93126896763701,integer optimal solution,0.7,1.5,2,1652,2.3066398000000845,0.0550221999999394,2
0.7,10,3,3,14,B1,145.43176489526996,integer optimal solution,0.6,1.0,4,38,0.0,0.0057477999999946405,1
0.7,10,3,3,14,B2,142.75636825999456,integer optimal solution,0.6,1.3333333333333333,3,203,0.0,0.010241099999916514,1
0.7,10,3,3,14,B3,142.75636825999456,integer optimal solution,0.6,1.3333333333333333,3,722,0.24690399999997226,0.027208200000018223,1
0.7,10,3,3,14,HEUR,145.43176489526996,integer optimal solution,0.6,1.0,4,41,0.0,0.007714599999985694,1
0.7,10,3,3,14,B4,142.75636825999456,integer optimal solution,0.6,1.3333333333333333,3,1797,1.3082458000000088,0.05313499999999749,1
0.7,10,3,3,21,B1,118.52857899378954,integer optimal solution,0.7,1.0,3,41,0.0,0.004609599999980674,1
0.7,10,3,3,21,B2,116.05860409981162,integer optimal solution,0.5,1.6666666666666667,3,224,0.0,0.01191859999994449,1
0.7,10,3,3,21,B3,115.3493695369454,integer optimal solution,0.4,2.0,3,763,0.4139684000000443,0.03441689999999653,1
0.7,10,3,3,21,HEUR,118.52857899378954,integer optimal solution,0.7,1.0,3,49,0.0,0.005886199999963537,1
0.7,10,3,3,21,B4,114.65295413380596,integer optimal solution,0.4,3.0,2,1731,3.127170500000034,0.051827000000002954,1
0.7,15,2,2,3,B1,205.52686927828336,integer optimal solution,0.8666666666666667,1.0,2,44,0.0,0.0051249999999072315,4
0.7,15,2,2,3,B2,201.1520740626792,integer optimal solution,0.7333333333333333,2.0,2,330,0.0,0.01795290000006844,4
0.7,15,2,2,3,B3,198.23277850391,integer optimal solution,0.5333333333333333,2.3333333333333335,3,1533,0.8924480999999105,0.04347820000009506,4
0.7,15,2,2,3,HEUR,202.41190965523825,integer optimal solution,0.6,2.0,3,63,0.0,0.007932999999979984,4
0.7,15,2,2,3,B4,195.48291648646125,integer optimal solution,0.4666666666666667,2.6666666666666665,3,5280,12.873625199999992,0.1429316999999628,4
0.7,15,2,2,10,B1,219.51242071831547,integer optimal solution,0.8666666666666667,1.0,2,41,0.0,0.003777199999944969,3
0.7,15,2,2,10,B2,214.31995003428733,integer optimal solution,0.7333333333333333,2.0,2,291,0.0,0.015049900000008165,3
0.7,15,2,2,10,B3,214.31995003428733,integer optimal solution,0.7333333333333333,2.0,2,1588,0.6421426999999085,0.03794049999999061,3
0.7,15,2,2,10,HEUR,219.51242071831547,integer optimal solution,0.8666666666666667,1.0,2,49,0.0,0.006509099999902901,3
0.7,15,2,2,10,B4,214.31995003428733,integer optimal solution,0.7333333333333333,2.0,2,6177,7.556599600000027,0.1372363000000405,3
0.7,15,2,2,17,B1,215.88737148602226,integer optimal solution,0.8,1.0,3,40,0.0,0.005474299999946197,4
0.7,15,2,2,17,B2,211.86092479604602,integer optimal solution,0.6666666666666666,1.6666666666666667,3,327,0.0,0.01579540000000179,4
0.7,15,2,2,17,B3,211.860924796046,integer optimal solution,0.6666666666666666,1.6666666666666667,3,1852,0.9105137999999897,0.04916939999998249,4
0.7,15,2,2,17,HEUR,215.88737148602226,integer optimal solution,0.8,1.0,3,66,0.0,0.007595000000037544,4
0.7,15,2,2,17,B4,209.51660326473066,integer optimal solution,0.5333333333333333,2.3333333333333335,3,7253,12.411123599999996,0.1728434000000334,4
0.7,15,2,2,24,B1,223.7632548387208,integer optimal solution,0.8,1.0,3,39,0.0,0.00752480000005562,3
0.7,15,2,2,24,B2,217.10372416972402,integer optimal solution,0.6666666666666666,1.6666666666666667,3,323,0.0,0.01826260000007096,3
0.7,15,2,2,24,B3,214.15452283238508,integer optimal solution,0.6,2.0,3,1803,0.8426090000000386,0.04892949999998564,3
0.7,15,2,2,24,HEUR,223.76325483872077,integer optimal solution,0.8,1.0,3,52,0.0,0.007256999999981417,3
0.7,15,2,2,24,B4,209.04533968757198,integer optimal solution,0.5333333333333333,2.3333333333333335,3,6631,11.248218000000065,0.16069960000004357,3
0.7,15,3,2,6,B1,214.8584615692313,integer optimal solution,0.8666666666666667,1.0,2,54,0.0,0.00471340000001419,5
0.7,15,3,2,6,B2,211.60260135794098,integer optimal solution,0.7333333333333333,1.3333333333333333,3,479,0.0,0.02380920000007336,5
0.7,15,3,2,6,B3,210.31235244486226,integer optimal solution,0.6666666666666666,1.6666666666666667,3,2646,0.9437164999999368,0.0624264000000494,5
0.7,15,3,2,6,HEUR,211.60260135794098,integer optimal solution,0.7333333333333333,1.3333333333333333,3,78,0.0,0.005161499999985608,5
0.7,15,3,2,6,B4,209.0361226331439,integer optimal solution,0.6666666666666666,2.5,2,9964,10.981756200000063,0.21621300000003885,5
0.7,15,3,2,13,B1,220.0910114712001,integer optimal solution,0.8666666666666667,1.0,2,52,0.0,0.005596800000034818,3
0.7,15,3,2,13,B2,216.82600814790192,integer optimal solution,0.7333333333333333,2.0,2,470,0.0,0.02557339999998476,3
0.7,15,3,2,13,B3,215.91416086271266,integer optimal solution,0.6666666666666666,2.5,2,2542,0.8766154000001052,0.06158379999999397,3
0.7,15,3,2,13,HEUR,217.23585809888831,integer optimal solution,0.6666666666666666,1.6666666666666667,3,70,0.0,0.007052499999986139,3
0.7,15,3,2,13,B4,215.91416086271266,integer optimal solution,0.6666666666666666,2.5,2,9337,10.390554199999997,0.21836989999997058,3
0.7,15,3,2,20,B1,224.89440829533225,integer optimal solution,0.8666666666666667,1.0,2,55,0.0,0.006936999999993532,5
0.7,15,3,2,20,B2,210.40324588698707,integer optimal solution,0.6,2.0,3,464,0.0,0.02606740000010177,5
0.7,15,3,2,20,B3,205.70671537449638,integer optimal solution,0.5333333333333333,2.3333333333333335,3,2517,0.8550314999999955,0.06317760000001726,5
0.7,15,3,2,20,HEUR,211.48854126285664,integer optimal solution,0.6,2.0,3,81,0.0,0.006815599999981714,5
0.7,15,3,2,20,B4,203.41073313850515,integer optimal solution,0.5333333333333333,2.3333333333333335,3,9535,9.633756199999993,0.21308039999996709,5
0.7,15,2,3,2,B1,179.02415145863844,integer optimal solution,0.8666666666666667,1.0,2,34,0.0,0.004329600000005485,3
0.7,15,2,3,2,B2,179.02415145863844,integer optimal solution,0.8666666666666667,1.0,2,323,0.0,0.01685820000000149,3
0.7,15,2,3,2,B3,175.4551799320503,integer optimal solution,0.6666666666666666,1.6666666666666667,3,1816,1.20981340000003,0.04646950000005745,3
0.7,15,2,3,2,HEUR,177.3303963326802,integer optimal solution,0.6666666666666666,1.6666666666666667,3,45,0.0,0.005437500000084583,3
0.7,15,2,3,2,B4,171.26768071339984,integer optimal solution,0.6,2.0,3,6666,20.397297999999978,0.16971079999996164,3
0.7,15,2,3,9,B1,218.0019055309837,integer optimal solution,0.8,1.0,3,44,0.0,0.004759299999932409,6
0.7,15,2,3,9,B2,210.15704534928378,integer optimal solution,0.6666666666666666,1.6666666666666667,3,349,0.0,0.016830000000027212,6
0.7,15,2,3,9,B3,210.15704534928378,integer optimal solution,0.6666666666666666,1.6666666666666667,3,1976,0.9300676000000294,0.04507069999999658,6
0.7,15,2,3,9,HEUR,213.6483979027519,integer optimal solution,0.7333333333333333,1.3333333333333333,3,70,0.0,0.007560399999988476,6
0.7,15,2,3,9,B4,210.1570453492838,integer optimal solution,0.6666666666666666,1.6666666666666667,3,7816,12.31448260000002,0.17335239999999885,6
0.7,15,2,3,16,B1,242.64679826156512,integer optimal solution,0.8,1.0,3,42,0.0,0.004981100000009064,4
0.7,15,2,3,16,B2,238.33693811138275,integer optimal solution,0.7333333333333333,2.0,2,331,0.0,0.016934899999910158,4
0.7,15,2,3,16,B3,238.33693811138275,integer optimal solution,0.7333333333333333,2.0,2,1739,0.8813264000000345,0.04522899999994934,4
0.7,15,2,3,16,HEUR,242.6467982615651,integer optimal solution,0.8,1.0,3,60,0.0,0.007227300000067771,4
0.7,15,2,3,16,B4,238.33693811138275,integer optimal solution,0.7333333333333333,2.0,2,6600,9.698444999999992,0.16760729999998603,4
0.7,15,2,3,23,B1,222.61687484939867,integer optimal solution,0.9333333333333333,1.0,1,36,0.0,0.007327400000008311,5
0.7,15,2,3,23,B2,222.61687484939867,integer optimal solution,0.9333333333333333,1.0,1,315,0.0,0.02407299999993029,5
0.7,15,2,3,23,B3,222.61687484939867,integer optimal solution,0.9333333333333333,1.0,1,1811,0.9244706000000633,0.05905859999995755,5
0.7,15,2,3,23,HEUR,222.61687484939867,integer optimal solution,0.9333333333333333,1.0,1,58,0.0,0.0055709000000661035,5
0.7,15,2,3,23,B4,222.61687484939867,integer optimal solution,0.9333333333333333,1.0,1,7245,11.480214599999954,0.1854955000000018,5
0.7,15,3,3,5,B1,213.3035672123281,integer optimal solution,0.8,1.0,3,52,0.0,0.00411549999989802,3
0.7,15,3,3,5,B2,204.39714734828763,integer optimal solution,0.8,1.5,2,455,0.0,0.023312599999940176,3
0.7,15,3,3,5,B3,204.39714734828763,integer optimal solution,0.8,1.5,2,2588,1.02221540000005,0.06466689999990649,3
0.7,15,3,3,5,HEUR,213.3035672123281,integer optimal solution,0.8,1.0,3,63,0.0,0.007820599999945443,3
0.7,15,3,3,5,B4,204.39714734828766,integer optimal solution,0.8,1.5,2,10222,9.938245399999914,0.2314969999999903,3
0.7,15,3,3,12,B1,185.9441355861489,integer optimal solution,0.8666666666666667,1.0,2,52,0.0,0.005779100000154358,5
0.7,15,3,3,12,B2,174.31903756650286,integer optimal solution,0.6,2.0,3,454,0.0,0.02169739999999365,5
0.7,15,3,3,12,B3,167.3370928020263,integer optimal solution,0.6666666666666666,2.5,2,2375,1.0295509000001175,0.058984300000020085,5
0.7,15,3,3,12,HEUR,170.70368656814426,integer optimal solution,0.6666666666666666,2.5,2,87,0.0,0.006950899999992544,5
0.7,15,3,3,12,B4,159.1338896525241,integer optimal solution,0.6,3.0,2,8767,11.626746099999991,0.22056470000006811,5
0.7,15,3,3,19,B1,215.06472048040564,integer optimal solution,0.8666666666666667,1.0,2,50,0.0,0.0039171999999325635,2
0.7,15,3,3,19,B2,214.68997681718162,integer optimal solution,0.8,1.5,2,490,0.0,0.023470699999961653,2
0.7,15,3,3,19,B3,213.22062928897333,integer optimal solution,0.8,3.0,1,2756,1.2425112000000809,0.06642869999996037,2
0.7,15,3,3,19,HEUR,215.06472048040564,integer optimal solution,0.8666666666666667,1.0,2,68,0.0,0.0075825999999779015,2
0.7,15,3,3,19,B4,212.55403781720668,integer optimal solution,0.7333333333333333,4.0,1,10212,17.97173359999988,0.23328059999994366,2
0.7,20,2,2,1,B1,294.62578652422457,integer optimal solution,0.8,1.0,4,49,0.0,0.007108300000027157,7
0.7,20,2,2,1,B2,272.39090531395146,integer optimal solution,0.6,2.0,4,549,0.0,0.028793199999881836,7
0.7,20,2,2,1,B3,265.7264280490794,integer optimal solution,0.65,2.3333333333333335,3,3900,2.1920972999998867,0.09966580000013892,7
0.7,20,2,2,1,HEUR,288.9922355905645,integer optimal solution,0.75,1.6666666666666667,3,79,0.0,0.010557000000062544,7
0.7,20,2,2,8,B1,286.96691738654204,integer optimal solution,0.9,1.0,2,47,0.0,0.00605360000008659,6
0.7,20,2,2,8,B2,280.88651154748777,integer optimal solution,0.8,2.0,2,535,0.0,0.026578400000062175,6
0.7,20,2,2,8,B3,277.02923825719466,integer optimal solution,0.75,2.5,2,3835,1.7397682999999233,0.09093549999988682,6
0.7,20,2,2,8,HEUR,286.966917386542,integer optimal solution,0.9,1.0,2,74,0.0,0.0076016999998955725,6
0.7,20,2,2,15,B1,287.7977414954732,integer optimal solution,0.9,1.0,2,45,0.0,0.003920099999959348,7
0.7,20,2,2,15,B2,287.79774149547325,integer optimal solution,0.9,1.0,2,538,0.0,0.026405299999851195,7
0.7,20,2,2,15,B3,286.8816644182759,integer optimal solution,0.75,1.6666666666666667,3,4105,1.8879942999999457,0.08369070000003376,7
0.7,20,2,2,15,HEUR,287.79774149547325,integer optimal solution,0.9,1.0,2,75,0.0,0.009088000000019747,7
0.7,20,2,2,22,B1,257.3550856541994,integer optimal solution,0.9,1.0,2,48,0.0,0.004376599999886821,6
0.7,20,2,2,22,B2,246.26639166256226,integer optimal solution,0.75,1.6666666666666667,3,513,0.0,0.026872400000002017,6
0.7,20,2,2,22,B3,242.68989670545758,integer optimal solution,0.7,2.0,3,3745,1.8277419999999438,0.08927470000003268,6
0.7,20,2,2,22,HEUR,249.70197329377518,integer optimal solution,0.8,1.3333333333333333,3,71,0.0,0.007378400000106922,6
0.7,20,3,2,4,B1,325.5581969188208,integer optimal solution,0.9,1.0,2,72,0.0,0.004475700000057259,6
0.7,20,3,2,4,B2,316.57690211796364,integer optimal solution,0.7,2.0,3,885,0.0,0.033771100000194565,6
0.7,20,3,2,4,B3,311.70620159185233,integer optimal solution,0.5,2.5,4,6650,3.073087600000008,0.15371720000007372,6
0.7,20,3,2,4,HEUR,320.10603879974394,integer optimal solution,0.75,1.6666666666666667,3,106,0.0,0.011577299999999013,6
0.7,20,3,2,11,B1,294.24760096785883,integer optimal solution,0.85,1.0,3,67,0.0,0.0059561000000485365,6
0.7,20,3,2,11,B2,285.470158206115,integer optimal solution,0.7,2.0,3,915,0.0,0.03032859999984794,6
0.7,20,3,2,11,B3,273.9049553393875,integer optimal solution,0.6,2.6666666666666665,3,7366,3.8048493999999664,0.21083500000008826,6
0.7,20,3,2,11,HEUR,285.6298162448069,integer optimal solution,0.6,1.6,5,109,0.0,0.012208600000121805,6
0.7,20,3,2,18,B1,252.55498663593212,integer optimal solution,0.85,1.0,3,73,0.0,0.0055388000000675675,5
0.7,20,3,2,18,B2,247.46716876585816,integer optimal solution,0.7,2.0,3,902,0.0,0.0348341999999775,5
0.7,20,3,2,18,B3,241.30125495625998,integer optimal solution,0.6,2.6666666666666665,3,6646,3.6691874000000553,0.156801600000108,5
0.7,20,3,2,18,HEUR,251.86877545160098,integer optimal solution,0.75,1.25,4,108,0.0,0.011879500000077314,5
0.7,20,2,3,0,B1,246.44131537645552,integer optimal solution,0.85,1.0,3,53,0.0,0.006001499999911175,6
0.7,20,2,3,0,B2,237.35372750601493,integer optimal solution,0.7,2.0,3,559,0.0,0.027517700000089462,6
0.7,20,2,3,0,B3,234.35573259940054,integer optimal solution,0.65,2.3333333333333335,3,3822,2.3194938999999977,0.10476140000014311,6
0.7,20,2,3,0,HEUR,240.20465740521743,integer optimal solution,0.75,1.6666666666666667,3,84,0.0,0.010149599999977,6
0.7,20,2,3,7,B1,231.26656523101363,integer optimal solution,0.85,1.0,3,64,0.0,0.0055841000000782515,6
0.7,20,2,3,7,B2,227.2612559435352,integer optimal solution,0.65,1.75,4,580,0.0,0.028279900000143243,6
0.7,20,2,3,7,B3,223.35468520609982,integer optimal solution,0.6,2.0,4,3910,3.2858353999999963,0.08538399999997637,6
0.7,20,2,3,7,HEUR,228.67363308337954,integer optimal solution,0.7,1.5,4,89,0.0,0.008748299999979281,6
0.7,20,2,3,14,B1,270.5826242206921,integer optimal solution,0.9,1.0,2,49,0.0,0.003722700000025725,5
0.7,20,2,3,14,B2,270.58262422069214,integer optimal solution,0.9,1.0,2,576,0.0,0.025910599999861006,5
0.7,20,2,3,14,B3,268.9597344786143,integer optimal solution,0.8,2.0,2,4124,2.7926164000000426,0.07912540000006629,5
0.7,20,2,3,14,HEUR,268.9597344786143,integer optimal solution,0.8,2.0,2,67,0.0,0.008845800000017334,5
0.7,20,2,3,21,B1,274.78976342057035,integer optimal solution,0.85,1.0,3,60,0.0,0.005901100000073711,4
0.7,20,2,3,21,B2,262.0391548779751,integer optimal solution,0.7,1.5,4,555,0.0,0.029036199999836754,4
0.7,20,2,3,21,B3,255.1659642254979,integer optimal solution,0.55,2.25,4,3897,2.719658400000071,0.09152880000010555,4
0.7,20,2,3,21,HEUR,267.5828147467326,integer optimal solution,0.7,1.5,4,74,0.0,0.010659000000032393,4
0.7,20,3,3,3,B1,320.1472986997659,integer optimal solution,0.85,1.0,3,75,0.0,0.006603400000130932,5
0.7,20,3,3,3,B2,301.81050808548036,integer optimal solution,0.65,1.75,4,840,0.0,0.03616409999995085,5
0.7,20,3,3,3,B3,292.0323669200278,integer optimal solution,0.6,2.0,4,6032,3.022290600000133,0.14593939999986105,5
0.7,20,3,3,3,HEUR,303.76981114461057,integer optimal solution,0.7,1.5,4,106,0.0,0.009380899999996473,5
0.7,20,3,3,10,B1,303.30762103516844,integer optimal solution,0.85,1.0,3,74,0.0,0.004870799999935116,7
0.7,20,3,3,10,B2,296.49113103886333,integer optimal solution,0.7,2.0,3,890,0.0,0.030553600000075676,7
0.7,20,3,3,10,B3,296.49113103886333,integer optimal solution,0.7,2.0,3,7106,3.789161100000001,0.15590750000001208,7
0.7,20,3,3,10,HEUR,302.87730778318974,integer optimal solution,0.8,1.3333333333333333,3,119,0.0,0.008030400000052396,7
0.7,20,3,3,17,B1,227.5089506660584,integer optimal solution,0.85,1.0,3,74,0.0,0.006161499999961961,7
0.7,20,3,3,17,B2,224.8973604937721,integer optimal solution,0.7,1.5,4,803,0.0,0.030081200000040553,7
0.7,20,3,3,17,B3,221.7018810385796,integer optimal solution,0.6,2.0,4,5855,3.0655309000001125,0.15029279999998835,7
0.7,20,3,3,17,HEUR,222.89389811069367,integer optimal solution,0.75,1.6666666666666667,3,114,0.0,0.009850299999925483,7
0.7,20,3,3,24,B1,237.86050245785182,integer optimal solution,0.95,1.0,1,77,0.0,0.004362499999842839,5
0.7,20,3,3,24,B2,233.06395136486648,integer optimal solution,0.75,1.6666666666666667,3,785,0.0,0.031548700000030294,5
0.7,20,3,3,24,B3,224.47393166569728,integer optimal solution,0.6,2.6666666666666665,3,5498,3.785101600000189,0.1432952000000114,5
0.7,20,3,3,24,HEUR,232.76158854322895,integer optimal solution,0.7,2.0,3,99,0.0,0.01033159999997224,5
0.9,10,2,2,6,B1,96.05399969695176,integer optimal solution,0.7,1.0,3,32,0.0,0.005341300000054616,4
0.9,10,2,2,6,B2,90.84184744225146,integer optimal solution,0.5,1.6666666666666667,3,177,0.0,0.009693000000197571,4
0.9,10,2,2,6,B3,89.04267967866483,integer optimal solution,0.4,2.0,3,665,0.6109753000000637,0.03026759999988826,4
0.9,10,2,2,6,HEUR,89.25609685270331,integer optimal solution,0.2,2.0,4,48,0.0,0.006327300000066316,4
0.9,10,2,2,6,B4,84.86130676709894,integer optimal solution,0.3,2.3333333333333335,3,1639,8.09056489999989,0.044712299999901006,4
0.9,10,2,2,13,B1,84.2463628840641,integer optimal solution,0.7,1.0,3,37,0.0,0.005808899999919959,3
0.9,10,2,2,13,B2,77.75109399702626,integer optimal solution,0.2,2.0,4,217,0.0,0.009961199999906967,3
0.9,10,2,2,13,B3,72.78390609898021,integer optimal solution,0.0,2.5,4,747,0.6497534000000087,0.029022700000041368,3
0.9,10,2,2,13,HEUR,80.43222066576209,integer optimal solution,0.4,1.5,4,50,0.0,0.006536299999879702,3
0.9,10,2,2,13,B4,68.7130404705334,integer optimal solution,0.0,3.3333333333333335,3,1813,9.40443479999999,0.05860189999998511,3
0.9,10,2,2,20,B1,109.61354169274927,integer optimal solution,0.7,1.0,3,29,0.0,0.0057306000001062785,4
0.9,10,2,2,20,B2,104.00931567191813,integer optimal solution,0.5,1.6666666666666667,3,148,0.0,0.005980500000077882,4
0.9,10,2,2,20,B3,95.43695137891248,integer optimal solution,0.1,2.25,4,484,0.5028936999999587,0.021313399999826288,4
0.9,10,2,2,20,HEUR,100.42576983711355,integer optimal solution,0.4,2.0,3,41,0.0,0.0053910999999970954,4
0.9,10,2,2,20,B4,89.1765002133285,integer optimal solution,0.3,2.3333333333333335,3,1083,5.550883300000123,0.049418500000001586,4
0.9,10,3,2,2,B1,116.03886557505913,integer optimal solution,0.7,1.0,3,41,0.0,0.00505669999984093,3
0.9,10,3,2,2,B2,107.33698273760633,integer optimal solution,0.4,1.5,4,235,0.0,0.01081890000000385,3
0.9,10,3,2,2,B3,99.86687931758,integer optimal solution,0.2,2.0,4,872,0.8430399000001216,0.03431249999994179,3
0.9,10,3,2,2,HEUR,105.25267720002074,integer optimal solution,0.3,1.75,4,52,0.0,0.0065870999999333435,3
0.9,10,3,2,2,B4,94.72470609566709,integer optimal solution,0.1,3.0,3,2203,9.531521299999895,0.058520600000065315,3
0.9,10,3,2,9,B1,101.69177319534325,integer optimal solution,0.8,1.0,2,42,0.0,0.00478120000002491,4
0.9,10,3,2,9,B2,94.10944562945058,integer optimal solution,0.5,1.6666666666666667,3,229,0.0,0.010750900000175534,4
0.9,10,3,2,9,B3,85.16693112300706,integer optimal solution,0.3,2.3333333333333335,3,794,0.6979621000000407,0.030919399999902453,4
0.9,10,3,2,9,HEUR,85.16693112300706,integer optimal solution,0.3,2.3333333333333335,3,63,0.0,0.005959200000006604,4
0.9,10,3,2,9,B4,80.37375597752421,integer optimal solution,0.1,3.0,3,1873,8.720186200000171,0.04835499999990134,4
0.9,10,3,2,16,B1,109.49449120967395,integer optimal solution,0.8,1.0,2,40,0.0,0.0064858999999160005,4
0.9,10,3,2,16,B2,106.81927270641737,integer optimal solution,0.4,1.5,4,220,0.0,0.010972000000037951,4
0.9,10,3,2,16,B3,101.83683001366413,integer optimal solution,0.5,1.6666666666666667,3,779,0.6572744999998577,0.030000599999993938,4
0.9,10,3,2,16,HEUR,107.07034923047433,integer optimal solution,0.6,1.3333333333333333,3,60,0.0,0.007170799999812516,4
0.9,10,3,2,16,B4,98.12678034266543,integer optimal solution,0.4,2.0,3,1866,8.440910900000063,0.05101790000003348,4
0.9,10,3,2,23,B1,86.9653200662947,integer optimal solution,0.7,1.0,3,38,0.0,0.006112999999913882,3
0.9,10,3,2,23,B2,82.08829351494137,integer optimal solution,0.4,1.5,4,219,0.0,0.011402999999972963,3
0.9,10,3,2,23,B3,78.19855637948984,integer optimal solution,0.2,2.6666666666666665,3,821,0.6936030000001665,0.03349879999996119,3
0.9,10,3,2,23,HEUR,84.60984051142684,integer optimal solution,0.5,1.6666666666666667,3,57,0.0,0.0051075999999739,3
0.9,10,3,2,23,B4,77.73952113039081,integer optimal solution,0.0,2.5,4,2032,8.171580999999833,0.04462180000018634,3
0.9,10,2,3,5,B1,85.11901010177344,integer optimal solution,0.7,1.0,3,43,0.0,0.00517930000000888,3
0.9,10,2,3,5,B2,76.44734810998821,integer optimal solution,0.3,1.75,4,170,0.0,0.008552999999892563,3
0.9,10,2,3,5,B3,72.61486063904049,integer optimal solution,0.2,2.0,4,563,0.7109507000000121,0.03288029999998798,3
0.9,10,2,3,5,HEUR,80.8085934597072,integer optimal solution,0.4,1.5,4,52,0.0,0.00765400000000227,3
0.9,10,2,3,5,B4,72.61486063904049,integer optimal solution,0.2,2.0,4,1358,8.46796170000016,0.04817539999999099,3
0.9,10,2,3,12,B1,89.22676371416902,integer optimal solution,0.6,1.0,4,40,0.0,0.004219700000021476,4
0.9,10,2,3,12,B2,84.79959388533645,integer optimal solution,0.4,1.5,4,172,0.0,0.009135399999877336,4
0.9,10,2,3,12,B3,81.32527039765436,integer optimal solution,0.0,2.0,5,543,0.7570803000000978,0.027013200000055804,4
0.9,10,2,3,12,HEUR,85.92199525968441,integer optimal solution,0.3,1.4,5,55,0.0,0.005445600000030026,4
0.9,10,2,3,12,B4,79.03804574921887,integer optimal solution,0.2,2.0,4,1241,8.251228800000035,0.047627899999952206,4
0.9,10,2,3,19,B1,108.49864589587955,integer optimal solution,0.7,1.0,3,37,0.0,0.008221300000059273,4
0.9,10,2,3,19,B2,104.67533942259749,integer optimal solution,0.6,1.3333333333333333,3,194,0.0,0.008938400000033653,4
0.9,10,2,3,19,B3,100.66843197803118,integer optimal solution,0.2,2.6666666666666665,3,745,0.8031624000000193,0.031635900000082984,4
0.9,10,2,3,19,HEUR,104.67533942259752,integer optimal solution,0.6,1.3333333333333333,3,55,0.0,0.0057111999999506224,4
0.9,10,2,3,19,B4,92.7950446771923,integer optimal solution,0.0,3.3333333333333335,3,1885,12.446369300000015,0.047430800000029194,4
0.9,10,3,3,1,B1,103.01133678256198,integer optimal solution,0.7,1.0,3,48,0.0,0.0053261999998994725,3
0.9,10,3,3,1,B2,89.61556222902955,integer optimal solution,0.3,1.75,4,263,0.0,0.011336600000049657,3
0.9,10,3,3,1,B3,82.17307751981465,integer optimal solution,0.2,2.0,4,857,0.8840887000001203,0.03387950000001183,3
0.9,10,3,3,1,HEUR,96.5786879106002,integer optimal solution,0.5,1.25,4,64,0.0,0.008667399999922054,3
0.9,10,3,3,1,B4,78.11938395236979,integer optimal solution,0.2,2.6666666666666665,3,1987,10.114985700000034,0.05587859999991451,3
0.9,10,3,3,8,B1,88.14210512246495,integer optimal solution,0.7,1.0,3,48,0.0,0.006374699999923905,3
0.9,10,3,3,8,B2,80.98707439213905,integer optimal solution,0.5,1.6666666666666667,3,225,0.0,0.011845699999867065,3
0.9,10,3,3,8,B3,77.89295395599711,integer optimal solution,0.2,2.0,4,711,0.7044017000000622,0.032155399999965084,3
0.9,10,3,3,8,HEUR,80.98707439213905,integer optimal solution,0.5,1.6666666666666667,3,67,0.0,0.0067259999998441344,3
0.9,10,3,3,8,B4,74.4441139743812,integer optimal solution,0.0,3.3333333333333335,3,1580,9.149194999999963,0.045200000000022555,3
0.9,10,3,3,15,B1,102.54121282790626,integer optimal solution,0.8,1.0,2,46,0.0,0.0057695000000421715,3
0.9,10,3,3,15,B2,98.62101943420963,integer optimal solution,0.6,2.0,2,259,0.0,0.011253499999838823,3
0.9,10,3,3,15,B3,93.27375878682548,integer optimal solution,0.4,2.0,3,909,0.852107199999864,0.02789959999995517,3
0.9,10,3,3,15,HEUR,98.01225504440319,integer optimal solution,0.3,2.3333333333333335,3,64,0.0,0.005019599999968705,3
0.9,10,3,3,15,B4,88.14431992387472,integer optimal solution,0.3,2.3333333333333335,3,2222,10.842192699999941,0.0522436999999627,3
0.9,10,3,3,22,B1,85.13232704626229,integer optimal solution,0.8,1.0,2,40,0.0,0.004798199999868302,3
0.9,10,3,3,22,B2,85.13232704626228,integer optimal solution,0.8,1.0,2,214,0.0,0.010707400000001144,3
0.9,10,3,3,22,B3,85.13232704626228,integer optimal solution,0.8,1.0,2,711,0.6884990999999445,0.027452199999970617,3
0.9,10,3,3,22,HEUR,85.13232704626228,integer optimal solution,0.8,1.0,2,51,0.0,0.005128100000092672,3
0.9,10,3,3,22,B4,84.57995092834405,integer optimal solution,0.4,2.0,3,1604,8.054208000000017,0.047172899999850415,3
0.9,15,2,2,4,B1,150.71124006105163,integer optimal solution,0.8666666666666667,1.0,2,46,0.0,0.0038583000000471657,5
0.9,15,2,2,4,B2,137.61885785563499,integer optimal solution,0.6,2.0,3,346,0.0,0.011618099999850529,5
0.9,15,2,2,4,B3,130.96643051178177,integer optimal solution,0.4666666666666667,2.6666666666666665,3,1821,2.1017437000000427,0.03850349999993341,5
0.9,15,2,2,4,HEUR,140.96374193018357,integer optimal solution,0.6,2.0,3,63,0.0,0.006656300000031479,5
0.9,15,2,2,4,B4,124.81120114600097,integer optimal solution,0.3333333333333333,3.3333333333333335,3,6625,44.227131499999814,0.16281190000017887,5
0.9,15,2,2,11,B1,149.06771534514175,integer optimal solution,0.8,1.0,3,54,0.0,0.004423000000087995,5
0.9,15,2,2,11,B2,128.40258599915992,integer optimal solution,0.4666666666666667,2.0,4,340,0.0,0.016747800000075586,5
0.9,15,2,2,11,B3,118.14792851021201,integer optimal solution,0.3333333333333333,2.5,4,1683,2.47118260000002,0.050483600000006845,5
0.9,15,2,2,11,HEUR,126.74174380112109,integer optimal solution,0.4,2.25,4,69,0.0,0.020380699999805074,5
0.9,15,2,2,11,B4,104.35743256973986,integer optimal solution,0.2,3.0,4,6020,43.931422399999974,0.21808280000004743,5
0.9,15,2,2,18,B1,180.89780031185592,integer optimal solution,0.8666666666666667,1.0,2,47,0.0,0.00407350000000406,6
0.9,15,2,2,18,B2,163.96846906736516,integer optimal solution,0.5333333333333333,1.75,4,318,0.0,0.016685300000062853,6
0.9,15,2,2,18,B3,143.83420881207707,integer optimal solution,0.4,2.25,4,1771,2.0355580000000373,0.045331199999964156,6
0.9,15,2,2,18,HEUR,155.3334192048518,integer optimal solution,0.4666666666666667,2.0,4,64,0.0,0.008014400000092792,6
0.9,15,2,2,18,B4,133.67435213032655,integer optimal solution,0.3333333333333333,3.3333333333333335,3,6856,42.61157009999988,0.13872059999994235,6
0.9,15,3,2,0,B1,138.57207513481546,integer optimal solution,0.8,1.0,3,56,0.0,0.003824799999847528,5
0.9,15,3,2,0,B2,133.89086434887145,integer optimal solution,0.6666666666666666,1.6666666666666667,3,497,0.0,0.021329700000023877,5
0.9,15,3,2,0,B3,125.70277105588778,integer optimal solution,0.5333333333333333,2.3333333333333335,3,2768,2.5287160999998832,0.05823559999998906,5
0.9,15,3,2,0,HEUR,130.69689602348342,integer optimal solution,0.5333333333333333,2.3333333333333335,3,88,0.0,0.010205100000121092,5
0.9,15,3,2,0,B4,115.25974243029876,integer optimal solution,0.13333333333333333,3.25,4,10383,57.967366900000115,0.23739560000012716,5
0.9,15,3,2,7,B1,160.9330170270352,integer optimal solution,0.8666666666666667,1.0,2,59,0.0,0.004885300000069037,4
0.9,15,3,2,7,B2,147.58144205697118,integer optimal solution,0.4666666666666667,2.0,4,538,0.0,0.021205600000030245,4
0.9,15,3,2,7,B3,132.19758653522308,integer optimal solution,0.26666666666666666,2.75,4,3041,2.6188558000001194,0.07508359999997083,4
0.9,15,3,2,7,HEUR,143.69728775609292,integer optimal solution,0.4,3.0,3,82,0.0,0.007209699999975783,4
0.9,15,3,2,7,B4,121.05782930229563,integer optimal solution,0.06666666666666667,3.5,4,11518,60.52502329999993,0.26375949999987824,4
0.9,15,3,2,14,B1,136.15843234995745,integer optimal solution,0.8666666666666667,1.0,2,56,0.0,0.004212900000084119,5
0.9,15,3,2,14,B2,132.80748388643144,integer optimal solution,0.8666666666666667,2.0,1,521,0.0,0.024545799999941664,5
0.9,15,3,2,14,B3,131.66061788866463,integer optimal solution,0.6666666666666666,2.5,2,2979,2.655037499999935,0.05743299999994633,5
0.9,15,3,2,14,HEUR,136.15843234995745,integer optimal solution,0.8666666666666667,1.0,2,88,0.0,0.005972200000087469,5
0.9,15,3,2,14,B4,124.79200982494686,integer optimal solution,0.06666666666666667,3.5,4,11545,57.89365870000006,0.19766989999993712,5
0.9,15,3,2,21,B1,167.74796509727395,integer optimal solution,0.8666666666666667,1.0,2,65,0.0,0.005570399999896836,4
0.9,15,3,2,21,B2,149.34559439406598,integer optimal solution,0.4666666666666667,2.0,4,531,0.0,0.02487529999984872,4
0.9,15,3,2,21,B3,139.11940500817536,integer optimal solution,0.3333333333333333,2.5,4,3015,2.7796997000000374,0.056479999999965,4
0.9,15,3,2,21,HEUR,160.72114360715935,integer optimal solution,0.4666666666666667,2.0,4,90,0.0,0.006514400000014575,4
0.9,15,3,2,21,B4,129.76436479524693,integer optimal solution,0.26666666666666666,2.75,4,11444,61.10151110000015,0.2595077000000856,4
0.9,15,2,3,3,B1,161.2384260205269,integer optimal solution,0.7333333333333333,1.0,4,48,0.0,0.005121499999859225,6
0.9,15,2,3,3,B2,149.9633265606501,integer optimal solution,0.5333333333333333,1.75,4,362,0.0,0.016947000000072876,6
0.9,15,2,3,3,B3,143.82011172096415,integer optimal solution,0.26666666666666666,2.2,5,1974,2.8140552000002117,0.03578400000014881,6
0.9,15,2,3,3,HEUR,150.74113172583213,integer optimal solution,0.4,1.8,5,72,0.0,0.006869399999914094,6
0.9,15,2,3,3,B4,134.24850827659463,integer optimal solution,0.2,3.0,4,7520,60.723972300000014,0.17844669999999496,6
0.9,15,2,3,10,B1,142.3674869824911,integer optimal solution,0.8,1.0,3,45,0.0,0.004752000000053158,6
0.9,15,2,3,10,B2,134.42201353091275,integer optimal solution,0.6666666666666666,1.6666666666666667,3,318,0.0,0.013012300000127652,6
0.9,15,2,3,10,B3,134.42201353091275,integer optimal solution,0.6666666666666666,1.6666666666666667,3,1630,2.4549105000000964,0.0464867000000595,6
0.9,15,2,3,10,HEUR,142.3674869824911,integer optimal solution,0.8,1.0,3,62,0.0,0.006441099999847211,6
0.9,15,2,3,10,B4,128.1413943625818,integer optimal solution,0.13333333333333333,2.6,5,5866,46.80396739999992,0.12849230000006173,6
0.9,15,2,3,17,B1,156.8195946040604,integer optimal solution,0.8,1.0,3,63,0.0,0.004900900000166075,5
0.9,15,2,3,17,B2,141.7484227658478,integer optimal solution,0.4666666666666667,2.0,4,431,0.0,0.017082300000083706,5
0.9,15,2,3,17,B3,134.23052005594434,integer optimal solution,0.4,2.25,4,2118,2.908814399999983,0.047835600000098566,5
0.9,15,2,3,17,HEUR,151.48235777503538,integer optimal solution,0.6666666666666666,1.25,4,79,0.0,0.0055204000000230735,5
0.9,15,2,3,17,B4,125.17551225363124,integer optimal solution,0.06666666666666667,2.8,5,7683,60.36370859999988,0.1541471000000456,5
0.9,15,2,3,24,B1,145.1674798737493,integer optimal solution,0.8,1.0,3,52,0.0,0.003990499999872554,6
0.9,15,2,3,24,B2,139.37899516797037,integer optimal solution,0.4666666666666667,1.6,5,366,0.0,0.015052500000138025,6
0.9,15,2,3,24,B3,129.58920358982718,integer optimal solution,0.3333333333333333,2.0,5,2026,2.9458468000000266,0.030477300000029572,6
0.9,15,2,3,24,HEUR,143.18472136772039,integer optimal solution,0.6666666666666666,1.25,4,72,0.0,0.005735100000038074,6
0.9,15,2,3,24,B4,125.08057043579538,integer optimal solution,0.2,2.4,5,7836,57.56774530000007,0.1400628000001234,6
0.9,15,3,3,6,B1,151.3178401316144,integer optimal solution,0.8,1.0,3,70,0.0,0.005420199999889519,5
0.9,15,3,3,6,B2,145.66627932447236,integer optimal solution,0.5333333333333333,1.75,4,534,0.0,0.01835879999998724,5
0.9,15,3,3,6,B3,138.6130989846183,integer optimal solution,0.26666666666666666,2.2,5,2867,3.5752273999999034,0.05518579999989015,5
0.9,15,3,3,6,HEUR,148.23702480425607,integer optimal solution,0.5333333333333333,1.75,4,97,0.0,0.006401000000096246,5
0.9,15,3,3,6,B4,130.9430346405664,integer optimal solution,0.13333333333333333,2.6,5,10626,72.33223049999992,0.22020840000004682,5
0.9,15,3,3,13,B1,146.2440101527325,integer optimal solution,0.8,1.0,3,61,0.0,0.004020899999886751,4
0.9,15,3,3,13,B2,145.19592823341065,integer optimal solution,0.7333333333333333,1.3333333333333333,3,516,0.0,0.01669480000009571,4
0.9,15,3,3,13,B3,143.1677888568019,integer optimal solution,0.6666666666666666,1.6666666666666667,3,2955,3.1027524000000994,0.06936909999990348,4
0.9,15,3,3,13,HEUR,146.05220204151135,integer optimal solution,0.6,1.5,4,82,0.0,0.005869999999958964,4
0.9,15,3,3,13,B4,136.77611925351897,integer optimal solution,0.4,3.0,3,11535,67.33178079999993,0.221815000000106,4
0.9,15,3,3,20,B1,143.48842284797985,integer optimal solution,0.6666666666666666,1.0,5,65,0.0,0.006219099999725586,5
0.9,15,3,3,20,B2,131.54607804807392,integer optimal solution,0.4,1.8,5,459,0.0,0.023005300000022544,5
0.9,15,3,3,20,B3,126.8243060345273,integer optimal solution,0.3333333333333333,2.0,5,2273,2.777992499999982,0.0640693000000283,5
0.9,15,3,3,20,HEUR,131.61532246079415,integer optimal solution,0.4,1.8,5,82,0.0,0.0062737999996898,5
0.9,15,3,3,20,B4,120.31770279413858,integer optimal solution,0.06666666666666667,2.8,5,8041,56.74526110000011,0.16996789999984685,5
0.9,20,2,2,2,B1,181.40798097822778,integer optimal solution,0.85,1.0,3,57,0.0,0.004921600000216131,7
0.9,20,2,2,2,B2,169.83570873280024,integer optimal solution,0.6,2.0,4,621,0.0,0.021917000000030384,7
0.9,20,2,2,2,B3,161.77654016605095,integer optimal solution,0.5,2.5,4,4824,5.945121199999903,0.0982730000000629,7
0.9,20,2,2,2,HEUR,174.2498371380009,integer optimal solution,0.6,2.0,4,93,0.0,0.009134199999607517,7
0.9,20,2,2,9,B1,218.85615686164513,integer optimal solution,0.8,1.0,4,69,0.0,0.005699400000139576,7
0.9,20,2,2,9,B2,189.70364733929637,integer optimal solution,0.6,2.0,4,700,0.0,0.02375660000006974,7
0.9,20,2,2,9,B3,178.46519400266934,integer optimal solution,0.5,2.5,4,5109,6.155088199999682,0.08197780000000421,7
0.9,20,2,2,9,HEUR,201.72654014945041,integer optimal solution,0.6,2.0,4,105,0.0,0.008455599999706465,7
0.9,20,2,2,16,B1,183.78626205198782,integer optimal solution,0.95,1.0,1,64,0.0,0.0030701000000590284,5
0.9,20,2,2,16,B2,181.37051238756257,integer optimal solution,0.75,1.6666666666666667,3,607,0.0,0.02416739999989659,5
0.9,20,2,2,16,B3,174.87840744997382,integer optimal solution,0.5,2.5,4,4327,6.2631843000003755,0.08632140000008803,5
0.9,20,2,2,16,HEUR,182.56819707048487,integer optimal solution,0.8,2.0,2,86,0.0,0.009590399999979127,5
0.9,20,2,2,23,B1,186.4061594904927,integer optimal solution,0.85,1.0,3,53,0.0,0.005465699999604112,6
0.9,20,2,2,23,B2,179.65635188670643,integer optimal solution,0.65,1.75,4,638,0.0,0.021778400000130205,6
0.9,20,2,2,23,B3,173.66478262273142,integer optimal solution,0.55,2.25,4,5201,5.894082000000253,0.11173560000042926,6
0.9,20,2,2,23,HEUR,179.08385601045177,integer optimal solution,0.6,2.0,4,80,0.0,0.010132899999916845,6
0.9,20,3,2,5,B1,229.51344269980663,integer optimal solution,0.75,1.0,5,88,0.0,0.00570160000006581,7
0.9,20,3,2,5,B2,202.2504465597972,integer optimal solution,0.5,2.0,5,862,0.0,0.03489690000014889,7
0.9,20,3,2,5,B3,187.5840534222241,integer optimal solution,0.5,2.5,4,6295,7.130978799999866,0.12272599999960221,7
0.9,20,3,2,5,HEUR,204.53223035457637,integer optimal solution,0.45,2.2,5,128,0.0,0.006772500000352011,7
0.9,20,3,2,12,B1,217.21089862730105,integer optimal solution,0.9,1.0,2,73,0.0,0.004940999999689666,6
0.9,20,3,2,12,B2,208.9115092881895,integer optimal solution,0.65,1.75,4,826,0.0,0.03328479999981937,6
0.9,20,3,2,12,B3,194.17639817167756,integer optimal solution,0.4,2.4,5,5924,6.927877600000102,0.12073349999991478,6
0.9,20,3,2,12,HEUR,207.30827354727592,integer optimal solution,0.5,2.0,5,106,0.0,0.010248000000046886,6
0.9,20,3,2,19,B1,165.63337652544644,integer optimal solution,0.85,1.0,3,72,0.0,0.004928299999846786,6
0.9,20,3,2,19,B2,151.9005947724322,integer optimal solution,0.6,2.0,4,942,0.0,0.02475430000004053,6
0.9,20,3,2,19,B3,143.1991235439775,integer optimal solution,0.35,2.6,5,7510,7.467848900000263,0.17324839999992037,6
0.9,20,3,2,19,HEUR,158.1060221578714,integer optimal solution,0.55,1.8,5,112,0.0,0.011576699999750417,6
0.9,20,2,3,1,B1,213.21774090892018,integer optimal solution,0.8,1.0,4,74,0.0,0.005628199999591743,5
0.9,20,2,3,1,B2,195.84474868528469,integer optimal solution,0.55,1.8,5,651,0.0,0.02519730000039999,5
0.9,20,2,3,1,B3,183.59780239258777,integer optimal solution,0.45,2.2,5,4776,8.48652570000013,0.09097719999999754,5
0.9,20,2,3,1,HEUR,187.8879293927192,integer optimal solution,0.55,2.25,4,91,0.0,0.006756400000085705,5
0.9,20,2,3,8,B1,204.28643093433456,integer optimal solution,0.85,1.0,3,65,0.0,0.00526609999997163,6
0.9,20,2,3,8,B2,200.90608132699083,integer optimal solution,0.7,2.0,3,600,0.0,0.036343700000088575,6
0.9,20,2,3,8,B3,193.86292571030128,integer optimal solution,0.5,2.5,4,4328,7.373153000000002,0.1109056000000237,6
0.9,20,2,3,8,HEUR,197.4499062023927,integer optimal solution,0.6,2.0,4,83,0.0,0.009340699999938806,6
0.9,20,2,3,15,B1,182.15905236237768,integer optimal solution,0.9,1.0,2,73,0.0,0.005059499999788386,8
0.9,20,2,3,15,B2,178.25985136402545,integer optimal solution,0.7,1.5,4,638,0.0,0.028252400000383204,8
0.9,20,2,3,15,B3,171.28828787129828,integer optimal solution,0.6,2.0,4,4575,8.14356540000017,0.0847326999996767,8
0.9,20,2,3,15,HEUR,177.20540290388521,integer optimal solution,0.65,1.75,4,108,0.0,0.01070579999986876,8
0.9,20,2,3,22,B1,191.31754482483663,integer optimal solution,0.85,1.0,3,67,0.0,0.006522299999687675,6
0.9,20,2,3,22,B2,189.43924245322685,integer optimal solution,0.65,1.75,4,586,0.0,0.026068499999837513,6
0.9,20,2,3,22,B3,185.65304360974196,integer optimal solution,0.65,1.75,4,4075,7.558534799999961,0.08123860000023342,6
0.9,20,2,3,22,HEUR,191.3175448248366,integer optimal solution,0.85,1.0,3,95,0.0,0.007733599999937724,6
0.9,20,3,3,4,B1,187.9929684444374,integer optimal solution,0.85,1.0,3,95,0.0,0.006858300000203599,7
0.9,20,3,3,4,B2,174.05807128949064,integer optimal solution,0.5,2.0,5,932,0.0,0.03509769999982382,7
0.9,20,3,3,4,B3,165.7728587687344,integer optimal solution,0.4,2.4,5,6692,8.622251199999937,0.12048200000026554,7
0.9,20,3,3,4,HEUR,179.15035222671065,integer optimal solution,0.55,1.8,5,129,0.0,0.008483200000227953,7
0.9,20,3,3,11,B1,192.23995753409656,integer optimal solution,0.85,1.0,3,95,0.0,0.004668900000069698,7
0.9,20,3,3,11,B2,177.38797408302165,integer optimal solution,0.4,2.0,6,935,0.0,0.034154299999954674,7
0.9,20,3,3,11,B3,167.88831459027034,integer optimal solution,0.25,2.5,6,6785,8.074597799999992,0.13208549999990282,7
0.9,20,3,3,11,HEUR,183.75784049727443,integer optimal solution,0.6,2.0,4,127,0.0,0.006740499999978056,7
0.9,20,3,3,18,B1,184.9114102630858,integer optimal solution,0.8,1.0,4,104,0.0,0.005919700000049488,8
0.9,20,3,3,18,B2,170.291131648114,integer optimal solution,0.5,2.0,5,882,0.0,0.02871850000019549,8
0.9,20,3,3,18,B3,157.76856052471697,integer optimal solution,0.25,2.5,6,5912,8.510472599999957,0.12297669999998107,8
0.9,20,3,3,18,HEUR,171.82484561325614,integer optimal solution,0.5,2.0,5,145,0.0,0.012368899999728455,8
