alignment,n,n_gw,n_od,rep,menu,true_cost,status,fd_rate,mean_bundle,n_routes,pool_size,t_A,t_B,n_heur_blocks
0.1,10,2,2,4,B1,162.85969431094657,integer optimal solution,0.9,1.0,1,21,0.0,0.005787600000000115,3
0.1,10,2,2,4,B2,162.85969431094657,integer optimal solution,0.9,1.0,1,163,0.0,0.01150360000000017,3
0.1,10,2,2,4,B3,162.85969431094657,integer optimal solution,0.9,1.0,1,667,0.36305089999999995,0.03322470000000033,3
0.1,10,2,2,4,HEUR,162.85969431094657,integer optimal solution,0.9,1.0,1,38,0.0,0.006178300000000192,3
0.1,10,2,2,4,B4,162.85969431094657,integer optimal solution,0.9,1.0,1,1674,2.661326,0.058506399999999736,3
0.1,10,2,2,11,B1,142.8271544650266,integer optimal solution,0.9,1.0,1,24,0.0,0.0052434999999997345,2
0.1,10,2,2,11,B2,142.8271544650266,integer optimal solution,0.9,1.0,1,129,0.0,0.011843999999999966,2
0.1,10,2,2,11,B3,142.8271544650266,integer optimal solution,0.9,1.0,1,452,0.1845051999999998,0.03719709999999932,2
0.1,10,2,2,11,HEUR,142.8271544650266,integer optimal solution,0.9,1.0,1,30,0.0,0.007716000000000278,2
0.1,10,2,2,11,B4,142.8271544650266,integer optimal solution,0.9,1.0,1,1118,1.0009668,0.07480229999999999,2
0.1,10,2,2,18,B1,177.80615524288368,integer optimal solution,1.0,0.0,0,21,0.0,0.0037376000000000076,1
0.1,10,2,2,18,B2,175.0309531116943,integer optimal solution,0.8,2.0,1,149,0.0,0.010692800000000169,1
0.1,10,2,2,18,B3,171.39940002241966,integer optimal solution,0.7,3.0,1,567,0.21048489999999997,0.033420500000000075,1
0.1,10,2,2,18,HEUR,177.80615524288368,integer optimal solution,1.0,0.0,0,29,0.0,0.006252100000000205,1
0.1,10,2,2,18,B4,171.39940002241968,integer optimal solution,0.7,3.0,1,1348,1.2082389000000004,0.0514285000000001,1
0.1,10,3,2,0,B1,196.85678519272977,integer optimal solution,1.0,0.0,0,30,0.0,0.004828599999999739,3
0.1,10,3,2,0,B2,196.85678519272977,integer optimal solution,1.0,0.0,0,253,0.0,0.012848800000000438,3
0.1,10,3,2,0,B3,196.85678519272977,integer optimal solution,1.0,0.0,0,997,0.36054720000000007,0.04052979999999984,3
0.1,10,3,2,0,HEUR,196.85678519272977,integer optimal solution,1.0,0.0,0,52,0.0,0.007337299999999658,3
0.1,10,3,2,0,B4,196.85678519272977,integer optimal solution,1.0,0.0,0,2505,2.612379700000001,0.06403470000000056,3
0.1,10,3,2,7,B1,154.02121798268968,integer optimal solution,0.9,1.0,1,32,0.0,0.004077599999998682,1
0.1,10,3,2,7,B2,152.61008288417048,integer optimal solution,0.8,2.0,1,216,0.0,0.014195400000000191,1
0.1,10,3,2,7,B3,147.9417245651448,integer optimal solution,0.7,3.0,1,810,0.2736333000000002,0.035616199999999765,1
0.1,10,3,2,7,HEUR,151.39156098564172,integer optimal solution,0.6,2.0,2,36,0.0,0.006981500000000196,1
0.1,10,3,2,7,B4,144.11842035485924,integer optimal solution,0.6,4.0,1,2081,1.8446552,0.055249099999999274,1
0.1,10,3,2,14,B1,170.14903135473918,integer optimal solution,1.0,0.0,0,31,0.0,0.004109900000001332,2
0.1,10,3,2,14,B2,168.0629469095332,integer optimal solution,0.8,2.0,1,200,0.0,0.01317479999999982,2
0.1,10,3,2,14,B3,166.62297931773082,integer optimal solution,0.7,3.0,1,710,0.2366829999999993,0.03584530000000008,2
0.1,10,3,2,14,HEUR,170.14903135473918,integer optimal solution,1.0,0.0,0,42,0.0,0.010239800000000798,2
0.1,10,3,2,14,B4,164.9781563786708,integer optimal solution,0.6,4.0,1,1689,1.526432999999999,0.09530200000000022,2
0.1,10,3,2,21,B1,156.49260929984473,integer optimal solution,0.9,1.0,1,33,0.0,0.012825799999999887,3
0.1,10,3,2,21,B2,156.49260929984473,integer optimal solution,0.9,1.0,1,212,0.0,0.01380669999999995,3
0.1,10,3,2,21,B3,156.49260929984473,integer optimal solution,0.9,1.0,1,793,0.235614,0.0388932999999998,3
0.1,10,3,2,21,HEUR,156.49260929984473,integer optimal solution,0.9,1.0,1,53,0.0,0.00661250000000102,3
0.1,10,3,2,21,B4,156.49260929984473,integer optimal solution,0.9,1.0,1,2044,1.262979699999999,0.060027299999999784,3
0.1,10,2,3,3,B1,145.9849673891047,integer optimal solution,0.8,1.0,2,27,0.0,0.005477700000000141,1
0.1,10,2,3,3,B2,141.57682019116544,integer optimal solution,0.7,1.5,2,144,0.0,0.012421699999997315,1
0.1,10,2,3,3,B3,141.57682019116544,integer optimal solution,0.7,1.5,2,484,0.2228001000000006,0.03616050000000115,1
0.1,10,2,3,3,HEUR,143.98808297481474,integer optimal solution,0.7,3.0,1,32,0.0,0.0068771000000005245,1
0.1,10,2,3,3,B4,141.57682019116544,integer optimal solution,0.7,1.5,2,1153,1.3725848999999979,0.046787200000000695,1
0.1,10,2,3,10,B1,180.0597098789528,integer optimal solution,0.8,1.0,2,25,0.0,0.007293099999998276,1
0.1,10,2,3,10,B2,180.0597098789528,integer optimal solution,0.8,1.0,2,155,0.0,0.014870500000000675,1
0.1,10,2,3,10,B3,180.0597098789528,integer optimal solution,0.8,1.0,2,566,0.25450640000000035,0.034909200000001306,1
0.1,10,2,3,10,HEUR,180.0597098789528,integer optimal solution,0.8,1.0,2,27,0.0,0.005816100000000546,1
0.1,10,2,3,10,B4,180.0597098789528,integer optimal solution,0.8,1.0,2,1387,1.5144450999999997,0.052521999999999736,1
0.1,10,2,3,17,B1,148.66575152427055,integer optimal solution,0.8,1.0,2,28,0.0,0.006961900000000298,2
0.1,10,2,3,17,B2,148.66575152427055,integer optimal solution,0.8,1.0,2,151,0.0,0.014006800000000652,2
0.1,10,2,3,17,B3,148.66575152427055,integer optimal solution,0.8,1.0,2,505,0.29826699999999917,0.03181380000000189,2
0.1,10,2,3,17,HEUR,148.66575152427055,integer optimal solution,0.8,1.0,2,40,0.0,0.006375999999999493,2
0.1,10,2,3,17,B4,139.50953953475886,integer optimal solution,0.4,2.0,3,1112,2.0636135000000024,0.04790489999999892,2
0.1,10,2,3,24,B1,165.9028810778165,integer optimal solution,0.9,1.0,1,23,0.0,0.0036236000000009483,1
0.1,10,2,3,24,B2,165.9028810778165,integer optimal solution,0.9,1.0,1,159,0.0,0.01135229999999865,1
0.1,10,2,3,24,B3,165.90288107781646,integer optimal solution,0.9,1.0,1,592,0.2666876000000009,0.03368680000000168,1
0.1,10,2,3,24,HEUR,165.90288107781646,integer optimal solution,0.9,1.0,1,29,0.0,0.004017199999999832,1
0.1,10,2,3,24,B4,165.9028810778165,integer optimal solution,0.9,1.0,1,1535,1.8350177000000016,0.05213069999999931,1
0.1,10,3,3,6,B1,132.12429351913897,integer optimal solution,0.7,1.0,3,37,0.0,0.004964900000000938,2
0.1,10,3,3,6,B2,132.12429351913897,integer optimal solution,0.7,1.0,3,219,0.0,0.012465100000000007,2
0.1,10,3,3,6,B3,132.12429351913897,integer optimal solution,0.7,1.0,3,857,0.307958499999998,0.03970280000000059,2
0.1,10,3,3,6,HEUR,132.12429351913894,integer optimal solution,0.7,1.0,3,46,0.0,0.007166500000000298,2
0.1,10,3,3,6,B4,132.12429351913897,integer optimal solution,0.7,1.0,3,2239,2.5534745,0.05711570000000066,2
0.1,10,3,3,13,B1,161.34298017847988,integer optimal solution,1.0,0.0,0,30,0.0,0.00406990000000107,1
0.1,10,3,3,13,B2,161.34298017847985,integer optimal solution,1.0,0.0,0,236,0.0,0.023370700000000966,1
0.1,10,3,3,13,B3,161.34298017847985,integer optimal solution,1.0,0.0,0,880,0.36016810000000277,0.04044839999999894,1
0.1,10,3,3,13,HEUR,161.34298017847985,integer optimal solution,1.0,0.0,0,36,0.0,0.0063741999999997745,1
0.1,10,3,3,13,B4,161.34298017847985,integer optimal solution,1.0,0.0,0,2029,2.4489392999999993,0.06588019999999872,1
0.1,10,3,3,20,B1,197.6804904127718,integer optimal solution,0.9,1.0,1,33,0.0,0.004946100000001508,3
0.1,10,3,3,20,B2,196.32576413635178,integer optimal solution,0.7,1.5,2,207,0.0,0.010823800000000716,3
0.1,10,3,3,20,B3,190.7297366912972,integer optimal solution,0.6,2.0,2,720,0.2653648000000004,0.03447389999999828,3
0.1,10,3,3,20,HEUR,196.32576413635178,integer optimal solution,0.7,1.5,2,51,0.0,0.006329299999997318,3
0.1,10,3,3,20,B4,184.92478003519136,integer optimal solution,0.5,2.5,2,1732,1.525136100000001,0.05541240000000158,3
0.1,15,2,2,2,B1,293.13439857932343,integer optimal solution,1.0,0.0,0,30,0.0,0.004123599999999783,5
0.1,15,2,2,2,B2,293.1343985793235,integer optimal solution,1.0,0.0,0,339,0.0,0.019993299999995884,5
0.1,15,2,2,2,B3,293.1343985793235,integer optimal solution,1.0,0.0,0,2015,0.8463331000000025,0.04617809999999878,5
0.1,15,2,2,2,HEUR,293.1343985793235,integer optimal solution,1.0,0.0,0,52,0.0,0.006030600000002551,5
0.1,15,2,2,2,B4,293.13439857932343,integer optimal solution,1.0,0.0,0,8005,11.3471756,0.19119799999999998,5
0.1,15,2,2,9,B1,229.54770853650126,integer optimal solution,0.9333333333333333,1.0,1,33,0.0,0.004326999999996417,6
0.1,15,2,2,9,B2,229.54770853650126,integer optimal solution,0.9333333333333333,1.0,1,317,0.0,0.01803130000000408,6
0.1,15,2,2,9,B3,229.54770853650126,integer optimal solution,0.9333333333333333,1.0,1,1817,0.7136442000000045,0.0486772000000002,6
0.1,15,2,2,9,HEUR,229.54770853650126,integer optimal solution,0.9333333333333333,1.0,1,59,0.0,0.0060514999999981,6
0.1,15,2,2,9,B4,229.54770853650126,integer optimal solution,0.9333333333333333,1.0,1,7074,8.935509599999996,0.17849869999999868,6
0.1,15,2,2,16,B1,249.8006810947944,integer optimal solution,0.9333333333333333,1.0,1,32,0.0,0.004764899999997851,3
0.1,15,2,2,16,B2,249.8006810947944,integer optimal solution,0.9333333333333333,1.0,1,332,0.0,0.015714199999990797,3
0.1,15,2,2,16,B3,249.80068109479436,integer optimal solution,0.9333333333333333,1.0,1,1977,0.7934423000000024,0.04889420000000655,3
0.1,15,2,2,16,HEUR,249.8006810947944,integer optimal solution,0.9333333333333333,1.0,1,41,0.0,0.004408600000004981,3
0.1,15,2,2,16,B4,249.8006810947944,integer optimal solution,0.9333333333333333,1.0,1,7950,10.326825100000008,0.18596900000000005,3
0.1,15,2,2,23,B1,254.44152970773916,integer optimal solution,0.9333333333333333,1.0,1,33,0.0,0.004078499999991436,4
0.1,15,2,2,23,B2,250.0239312729685,integer optimal solution,0.8666666666666667,2.0,1,296,0.0,0.016270699999992644,4
0.1,15,2,2,23,B3,242.2484953767149,integer optimal solution,0.8,3.0,1,1618,0.7746166999999957,0.043892299999996,4
0.1,15,2,2,23,HEUR,247.44442219090027,integer optimal solution,0.7333333333333333,2.0,2,49,0.0,0.006961399999994455,4
0.1,15,2,2,23,B4,240.28776389474785,integer optimal solution,0.7333333333333333,4.0,1,6085,7.590941200000003,0.16193720000001122,4
0.1,15,3,2,5,B1,240.46479243791188,integer optimal solution,0.9333333333333333,1.0,1,48,0.0,0.004024700000002213,5
0.1,15,3,2,5,B2,234.25381372606176,integer optimal solution,0.8,1.5,2,466,0.0,0.021058699999997543,5
0.1,15,3,2,5,B3,227.486098483919,integer optimal solution,0.7333333333333333,2.0,2,2606,1.132318799999993,0.060177700000011214,5
0.1,15,3,2,5,HEUR,240.46479243791188,integer optimal solution,0.9333333333333333,1.0,1,82,0.0,0.007030799999995452,5
0.1,15,3,2,5,B4,222.78129844145485,integer optimal solution,0.7333333333333333,4.0,1,9510,14.617446999999999,0.21208429999998657,5
0.1,15,3,2,12,B1,254.36499443355046,integer optimal solution,0.9333333333333333,1.0,1,47,0.0,0.0036106000000017957,4
0.1,15,3,2,12,B2,249.69292630646555,integer optimal solution,0.8666666666666667,2.0,1,500,0.0,0.022766599999997084,4
0.1,15,3,2,12,B3,249.69292630646555,integer optimal solution,0.8666666666666667,2.0,1,2890,0.9166158999999965,0.06687649999999223,4
0.1,15,3,2,12,HEUR,249.69292630646555,integer optimal solution,0.8666666666666667,2.0,1,70,0.0,0.007618600000000697,4
0.1,15,3,2,12,B4,249.69292630646555,integer optimal solution,0.8666666666666667,2.0,1,11208,11.59080440000001,0.2642670000000038,4
0.1,15,3,2,19,B1,271.664252253552,integer optimal solution,0.9333333333333333,1.0,1,45,0.0,0.003835199999997485,4
0.1,15,3,2,19,B2,271.6642522535519,integer optimal solution,0.9333333333333333,1.0,1,560,0.0,0.026603300000004992,4
0.1,15,3,2,19,B3,271.6642522535519,integer optimal solution,0.9333333333333333,1.0,1,3795,1.5252632999999918,0.07394879999998238,4
0.1,15,3,2,19,HEUR,271.664252253552,integer optimal solution,0.9333333333333333,1.0,1,95,0.0,0.0069585000000245145,4
0.1,15,3,2,19,B4,271.6642522535519,integer optimal solution,0.9333333333333333,1.0,1,16666,29.78608279999999,0.313562399999995,4
0.1,15,2,3,1,B1,227.13834543730803,integer optimal solution,0.8666666666666667,1.0,2,33,0.0,0.0031526999999869076,4
0.1,15,2,3,1,B2,227.13834543730803,integer optimal solution,0.8666666666666667,1.0,2,334,0.0,0.019338900000008152,4
0.1,15,2,3,1,B3,227.13834543730803,integer optimal solution,0.8666666666666667,1.0,2,1881,1.0675707000000045,0.044745400000010704,4
0.1,15,2,3,1,HEUR,227.13834543730806,integer optimal solution,0.8666666666666667,1.0,2,52,0.0,0.005457799999987856,4
0.1,15,2,3,1,B4,225.20544400652022,integer optimal solution,0.6666666666666666,2.5,2,6753,13.045704900000004,0.16443350000000123,4
0.1,15,2,3,8,B1,246.09254634741518,integer optimal solution,0.8666666666666667,1.0,2,39,0.0,0.004765699999978779,5
0.1,15,2,3,8,B2,246.09254634741518,integer optimal solution,0.8666666666666667,1.0,2,326,0.0,0.019222300000024006,5
0.1,15,2,3,8,B3,246.09254634741518,integer optimal solution,0.8666666666666667,1.0,2,1860,0.8620094999999992,0.04685829999999669,5
0.1,15,2,3,8,HEUR,246.09254634741518,integer optimal solution,0.8666666666666667,1.0,2,56,0.0,0.00675270000002115,5
0.1,15,2,3,8,B4,246.09254634741515,integer optimal solution,0.8666666666666667,1.0,2,7169,10.585700399999979,0.16946479999998587,5
0.1,15,2,3,15,B1,210.90534842312778,integer optimal solution,0.9333333333333333,1.0,1,35,0.0,0.004389900000006719,4
0.1,15,2,3,15,B2,210.90534842312778,integer optimal solution,0.9333333333333333,1.0,1,300,0.0,0.01612700000001155,4
0.1,15,2,3,15,B3,210.90534842312778,integer optimal solution,0.9333333333333333,1.0,1,1663,0.8865347999999926,0.04326849999998217,4
0.1,15,2,3,15,HEUR,210.90534842312778,integer optimal solution,0.9333333333333333,1.0,1,48,0.0,0.004733000000015863,4
0.1,15,2,3,15,B4,210.73349910522919,integer optimal solution,0.6666666666666666,2.5,2,6420,11.253127899999981,0.16726919999999268,4
0.1,15,2,3,22,B1,253.0231700860053,integer optimal solution,0.9333333333333333,1.0,1,35,0.0,0.011516799999981231,4
0.1,15,2,3,22,B2,245.49957897952459,integer optimal solution,0.8,1.5,2,330,0.0,0.011885100000000648,4
0.1,15,2,3,22,B3,245.49957897952459,integer optimal solution,0.8,1.5,2,1865,0.9684877999999912,0.04493779999998537,4
0.1,15,2,3,22,HEUR,245.49957897952459,integer optimal solution,0.8,1.5,2,55,0.0,0.006761299999993753,4
0.1,15,2,3,22,B4,245.49957897952459,integer optimal solution,0.8,1.5,2,6853,12.427252100000004,0.1716237999999919,4
0.1,15,3,3,4,B1,267.0119870894393,integer optimal solution,0.9333333333333333,1.0,1,51,0.0,0.003912299999996094,5
0.1,15,3,3,4,B2,264.169180471079,integer optimal solution,0.8,1.5,2,513,0.0,0.021476299999989124,5
0.1,15,3,3,4,B3,262.3494840718778,integer optimal solution,0.7333333333333333,2.0,2,3023,1.1920655000000124,0.07080940000000169,5
0.1,15,3,3,4,HEUR,267.0119870894393,integer optimal solution,0.9333333333333333,1.0,1,85,0.0,0.005165500000003931,5
0.1,15,3,3,4,B4,261.9309647262936,integer optimal solution,0.7333333333333333,4.0,1,11386,15.537646200000012,0.2493522999999982,5
0.1,15,3,3,11,B1,242.9417204113103,integer optimal solution,0.8,1.0,3,50,0.0,0.005377499999980273,5
0.1,15,3,3,11,B2,240.9004329614276,integer optimal solution,0.7333333333333333,1.3333333333333333,3,495,0.0,0.037875199999973574,5
0.1,15,3,3,11,B3,240.9004329614276,integer optimal solution,0.7333333333333333,1.3333333333333333,3,2748,1.0317612000000054,0.0664899999999875,5
0.1,15,3,3,11,HEUR,240.9004329614276,integer optimal solution,0.7333333333333333,1.3333333333333333,3,78,0.0,0.009632100000004584,5
0.1,15,3,3,11,B4,240.9004329614276,integer optimal solution,0.7333333333333333,1.3333333333333333,3,10163,11.746751399999994,0.22544590000001108,5
0.1,15,3,3,18,B1,254.47505247276922,integer optimal solution,0.8666666666666667,1.0,2,52,0.0,0.0037409999999908905,4
0.1,15,3,3,18,B2,254.4750524727692,integer optimal solution,0.8666666666666667,1.0,2,489,0.0,0.024978000000004386,4
0.1,15,3,3,18,B3,250.6668603335007,integer optimal solution,0.7333333333333333,2.0,2,2661,1.2543686999999863,0.06594060000000468,4
0.1,15,3,3,18,HEUR,254.47505247276922,integer optimal solution,0.8666666666666667,1.0,2,85,0.0,0.005052800000015623,4
0.1,15,3,3,18,B4,250.6668603335007,integer optimal solution,0.7333333333333333,2.0,2,9557,16.484093599999994,0.2143184999999903,4
0.1,20,2,2,0,B1,301.15836039158125,integer optimal solution,1.0,0.0,0,43,0.0,0.004474799999997003,5
0.1,20,2,2,0,B2,296.18162612539504,integer optimal solution,0.9,2.0,1,611,0.0,0.028932900000000927,5
0.1,20,2,2,0,B3,294.3443577943409,integer optimal solution,0.85,3.0,1,5065,2.686368499999986,0.10943349999999441,5
0.1,20,2,2,0,HEUR,301.15836039158125,integer optimal solution,1.0,0.0,0,66,0.0,0.006357900000011796,5
0.1,20,2,2,7,B1,346.1493843258707,integer optimal solution,0.95,1.0,1,45,0.0,0.004211800000007315,6
0.1,20,2,2,7,B2,346.14938432587064,integer optimal solution,0.95,1.0,1,565,0.0,0.026410700000013776,6
0.1,20,2,2,7,B3,344.4188229591117,integer optimal solution,0.8,2.0,2,4238,1.8206289999999967,0.10068579999997951,6
0.1,20,2,2,7,HEUR,346.14938432587076,integer optimal solution,0.95,1.0,1,68,0.0,0.008037900000005038,6
0.1,20,2,2,14,B1,375.66733894695113,integer optimal solution,0.95,1.0,1,42,0.0,0.004042199999986451,6
0.1,20,2,2,14,B2,368.1991574499615,integer optimal solution,0.9,2.0,1,597,0.0,0.0269640999999865,6
0.1,20,2,2,14,B3,362.70563293696,integer optimal solution,0.85,3.0,1,4629,1.878219400000006,0.09901179999999954,6
0.1,20,2,2,14,HEUR,375.6673389469512,integer optimal solution,0.95,1.0,1,80,0.0,0.006380100000001221,6
0.1,20,2,2,21,B1,312.04936307009245,integer optimal solution,1.0,0.0,0,41,0.0,0.003241099999996777,5
0.1,20,2,2,21,B2,310.895226325487,integer optimal solution,0.9,2.0,1,559,0.0,0.02678829999999266,5
0.1,20,2,2,21,B3,308.22686894282293,integer optimal solution,0.85,3.0,1,4455,2.0129994000000124,0.10052259999997659,5
0.1,20,2,2,21,HEUR,312.04936307009245,integer optimal solution,1.0,0.0,0,71,0.0,0.006593199999997523,5
0.1,20,3,2,3,B1,336.775213660463,integer optimal solution,1.0,0.0,0,61,0.0,0.003910700000005818,6
0.1,20,3,2,3,B2,336.775213660463,integer optimal solution,1.0,0.0,0,881,0.0,0.03365289999999277,6
0.1,20,3,2,3,B3,336.77521366046307,integer optimal solution,1.0,0.0,0,7316,3.3013248999999973,0.16159940000000006,6
0.1,20,3,2,3,HEUR,336.775213660463,integer optimal solution,1.0,0.0,0,109,0.0,0.011114499999990812,6
0.1,20,3,2,10,B1,323.5396203779392,integer optimal solution,0.95,1.0,1,60,0.0,0.004645600000003469,6
0.1,20,3,2,10,B2,317.99710383637245,integer optimal solution,0.8,2.0,2,826,0.0,0.03444369999999708,6
0.1,20,3,2,10,B3,312.0954771296794,integer optimal solution,0.85,3.0,1,6266,2.2700831999999878,0.1420332000000144,6
0.1,20,3,2,10,HEUR,318.9056139361054,integer optimal solution,0.85,3.0,1,100,0.0,0.00870219999998767,6
0.1,20,3,2,17,B1,317.0722436304282,integer optimal solution,0.95,1.0,1,66,0.0,0.0041133000000002085,8
0.1,20,3,2,17,B2,317.0722436304282,integer optimal solution,0.95,1.0,1,856,0.0,0.038686800000022004,8
0.1,20,3,2,17,B3,317.07224363042815,integer optimal solution,0.95,1.0,1,6579,2.874767200000008,0.16906319999998232,8
0.1,20,3,2,17,HEUR,317.07224363042815,integer optimal solution,0.95,1.0,1,113,0.0,0.010114799999996649,8
0.1,20,3,2,24,B1,353.3839393169009,integer optimal solution,0.95,1.0,1,64,0.0,0.004454100000032213,4
0.1,20,3,2,24,B2,353.3839393169009,integer optimal solution,0.95,1.0,1,817,0.0,0.034745299999997314,4
0.1,20,3,2,24,B3,352.61888791087785,integer optimal solution,0.85,3.0,1,6237,2.540006300000016,0.15257080000003498,4
0.1,20,3,2,24,HEUR,353.3839393169009,integer optimal solution,0.95,1.0,1,94,0.0,0.009142200000042067,4
0.1,20,2,3,6,B1,354.6239935083845,integer optimal solution,0.9,1.0,2,44,0.0,0.004494099999988066,5
0.1,20,2,3,6,B2,347.08238809948347,integer optimal solution,0.75,1.6666666666666667,3,562,0.0,0.029683700000020963,5
0.1,20,2,3,6,B3,337.63575611742385,integer optimal solution,0.7,3.0,2,4254,2.304068700000016,0.09958280000000741,5
0.1,20,2,3,6,HEUR,346.3352692486924,integer optimal solution,0.75,2.5,2,65,0.0,0.008115799999984574,5
0.1,20,2,3,13,B1,321.01909843839525,integer optimal solution,0.9,1.0,2,49,0.0,0.004858599999977287,6
0.1,20,2,3,13,B2,319.4534991531984,integer optimal solution,0.8,1.3333333333333333,3,563,0.0,0.02909230000000207,6
0.1,20,2,3,13,B3,313.39837766235325,integer optimal solution,0.75,1.6666666666666667,3,4067,2.5170536999999626,0.10965110000000777,6
0.1,20,2,3,13,HEUR,321.01909843839525,integer optimal solution,0.9,1.0,2,75,0.0,0.005170499999962885,6
0.1,20,2,3,20,B1,380.51900908173275,integer optimal solution,0.9,1.0,2,44,0.0,0.0047352999999930034,6
0.1,20,2,3,20,B2,380.5190090817327,integer optimal solution,0.9,1.0,2,614,0.0,0.028889800000001742,6
0.1,20,2,3,20,B3,379.938706307967,integer optimal solution,0.8,2.0,2,4887,2.742878200000007,0.10050219999999399,6
0.1,20,2,3,20,HEUR,380.51900908173263,integer optimal solution,0.9,1.0,2,73,0.0,0.00849569999996902,6
0.1,20,3,3,2,B1,291.93942772217946,integer optimal solution,0.9,1.0,2,70,0.0,0.004225799999971969,5
0.1,20,3,3,2,B2,287.74600791280835,integer optimal solution,0.85,1.5,2,860,0.0,0.0317218000000139,5
0.1,20,3,3,2,B3,287.7460079128084,integer optimal solution,0.85,1.5,2,6617,3.242428200000006,0.15947169999998323,5
0.1,20,3,3,2,HEUR,291.93942772217946,integer optimal solution,0.9,1.0,2,111,0.0,0.01440369999994573,5
0.1,20,3,3,9,B1,379.0345845550313,integer optimal solution,0.95,1.0,1,60,0.0,0.004231199999992441,7
0.1,20,3,3,9,B2,372.06436942444867,integer optimal solution,0.9,2.0,1,868,0.0,0.031073800000001484,7
0.1,20,3,3,9,B3,372.06436942444867,integer optimal solution,0.9,2.0,1,6391,3.003952599999991,0.14610060000001113,7
0.1,20,3,3,9,HEUR,372.0643694244488,integer optimal solution,0.9,2.0,1,104,0.0,0.010375799999962965,7
0.1,20,3,3,16,B1,368.58531276083784,integer optimal solution,0.85,1.0,3,66,0.0,0.00634440000004588,6
0.1,20,3,3,16,B2,363.946790348268,integer optimal solution,0.8,1.3333333333333333,3,887,0.0,0.03542469999996456,6
0.1,20,3,3,16,B3,362.11071276835014,integer optimal solution,0.8,2.0,2,6771,3.012409400000024,0.15085920000001352,6
0.1,20,3,3,16,HEUR,366.2395239991879,integer optimal solution,0.85,1.5,2,102,0.0,0.006162200000005669,6
0.1,20,3,3,23,B1,360.2437110565748,integer optimal solution,0.9,1.0,2,64,0.0,0.005038799999965704,6
0.1,20,3,3,23,B2,360.24371105657474,integer optimal solution,0.9,1.0,2,857,0.0,0.038099200000033306,6
0.1,20,3,3,23,B3,360.2437110565748,integer optimal solution,0.9,1.0,2,6432,2.9495783000000415,0.17316980000003923,6
0.1,20,3,3,23,HEUR,360.2437110565748,integer optimal solution,0.9,1.0,2,105,0.0,0.008239600000024438,6
0.3,10,2,2,5,B1,144.7711409438897,integer optimal solution,0.9,1.0,1,23,0.0,0.004339200000003984,2
0.3,10,2,2,5,B2,144.7711409438897,integer optimal solution,0.9,1.0,1,137,0.0,0.008953399999995781,2
0.3,10,2,2,5,B3,144.7711409438897,integer optimal solution,0.9,1.0,1,497,0.2071892999999818,0.02788560000004736,2
0.3,10,2,2,5,HEUR,144.7711409438897,integer optimal solution,0.9,1.0,1,31,0.0,0.00440120000001798,2
0.3,10,2,2,5,B4,144.7711409438897,integer optimal solution,0.9,1.0,1,1204,1.1538003000000003,0.04405509999998003,2
0.3,10,2,2,12,B1,159.80815501198748,integer optimal solution,0.9,1.0,1,23,0.0,0.005210499999975582,1
0.3,10,2,2,12,B2,159.80815501198748,integer optimal solution,0.9,1.0,1,139,0.0,0.010478599999999005,1
0.3,10,2,2,12,B3,159.80815501198748,integer optimal solution,0.9,1.0,1,499,0.16081849999994802,0.02878920000000562,1
0.3,10,2,2,12,HEUR,159.80815501198748,integer optimal solution,0.9,1.0,1,26,0.0,0.004660400000034315,1
0.3,10,2,2,12,B4,159.80815501198748,integer optimal solution,0.9,1.0,1,1243,0.8783357999999453,0.04800919999996722,1
0.3,10,2,2,19,B1,143.15270876136364,integer optimal solution,1.0,0.0,0,22,0.0,0.0031879000000003543,3
0.3,10,2,2,19,B2,143.15270876136364,integer optimal solution,1.0,0.0,0,153,0.0,0.008454799999981333,3
0.3,10,2,2,19,B3,143.15270876136364,integer optimal solution,1.0,0.0,0,581,0.21623200000004772,0.030027299999972,3
0.3,10,2,2,19,HEUR,143.15270876136364,integer optimal solution,1.0,0.0,0,33,0.0,0.004332099999999173,3
0.3,10,2,2,19,B4,143.15270876136367,integer optimal solution,1.0,0.0,0,1447,1.414305899999988,0.04312470000002122,3
0.3,10,3,2,1,B1,148.04330469304733,integer optimal solution,1.0,0.0,0,30,0.0,0.003975900000000365,2
0.3,10,3,2,1,B2,148.04330469304733,integer optimal solution,1.0,0.0,0,221,0.0,0.010639099999991686,2
0.3,10,3,2,1,B3,148.04330469304733,integer optimal solution,1.0,0.0,0,886,0.29110010000005104,0.033136899999988145,2
0.3,10,3,2,1,HEUR,148.04330469304733,integer optimal solution,1.0,0.0,0,51,0.0,0.006516300000043884,2
0.3,10,3,2,1,B4,148.04330469304733,integer optimal solution,1.0,0.0,0,2428,2.3909787999999708,0.05375770000000557,2
0.3,10,3,2,8,B1,155.37861049032594,integer optimal solution,0.9,1.0,1,32,0.0,0.0034579999999664324,2
0.3,10,3,2,8,B2,153.0282539458723,integer optimal solution,0.7,1.5,2,222,0.0,0.01141810000001442,2
0.3,10,3,2,8,B3,153.0282539458723,integer optimal solution,0.7,1.5,2,821,0.23015709999998535,0.03163039999998318,2
0.3,10,3,2,8,HEUR,153.0282539458723,integer optimal solution,0.7,1.5,2,43,0.0,0.004506499999990865,2
0.3,10,3,2,8,B4,153.0282539458723,integer optimal solution,0.7,1.5,2,2046,1.470722799999976,0.0484288000000106,2
0.3,10,3,2,15,B1,164.39346829977092,integer optimal solution,1.0,0.0,0,31,0.0,0.003513100000020586,2
0.3,10,3,2,15,B2,161.9420787847562,integer optimal solution,0.8,2.0,1,207,0.0,0.011481899999978395,2
0.3,10,3,2,15,B3,161.9420787847562,integer optimal solution,0.8,2.0,1,728,0.20509599999996908,0.033527300000002924,2
0.3,10,3,2,15,HEUR,161.9420787847562,integer optimal solution,0.8,2.0,1,38,0.0,0.008062099999960992,2
0.3,10,3,2,15,B4,161.9420787847562,integer optimal solution,0.8,2.0,1,1724,1.2322743999999943,0.0599397999999951,2
0.3,10,3,2,22,B1,163.3235325843981,integer optimal solution,0.8,1.0,2,35,0.0,0.007104499999968539,4
0.3,10,3,2,22,B2,157.8384861168227,integer optimal solution,0.6,1.3333333333333333,3,217,0.0,0.012318399999969643,4
0.3,10,3,2,22,B3,155.23245998854344,integer optimal solution,0.6,2.0,2,754,0.24317129999997178,0.03473019999995586,4
0.3,10,3,2,22,HEUR,157.8384861168227,integer optimal solution,0.6,1.3333333333333333,3,61,0.0,0.00879829999996673,4
0.3,10,3,2,22,B4,155.23245998854344,integer optimal solution,0.6,2.0,2,1836,1.453145099999972,0.05219990000000507,4
0.3,10,2,3,4,B1,165.03598211560865,integer optimal solution,1.0,0.0,0,20,0.0,0.0036100000000374166,2
0.3,10,2,3,4,B2,165.03598211560865,integer optimal solution,1.0,0.0,0,136,0.0,0.008398499999998421,2
0.3,10,2,3,4,B3,165.03598211560865,integer optimal solution,1.0,0.0,0,472,0.22924019999999246,0.027671599999962382,2
0.3,10,2,3,4,HEUR,165.03598211560865,integer optimal solution,1.0,0.0,0,28,0.0,0.005267600000024686,2
0.3,10,2,3,4,B4,165.03598211560868,integer optimal solution,1.0,0.0,0,1055,1.5383026000000086,0.041600300000027346,2
0.3,10,2,3,11,B1,135.02006530446312,integer optimal solution,0.9,1.0,1,25,0.0,0.00340339999996786,2
0.3,10,2,3,11,B2,135.02006530446312,integer optimal solution,0.9,1.0,1,146,0.0,0.007200399999987894,2
0.3,10,2,3,11,B3,133.31483828099724,integer optimal solution,0.6,2.0,2,541,0.20013499999998885,0.02885559999998577,2
0.3,10,2,3,11,HEUR,135.02006530446312,integer optimal solution,0.9,1.0,1,30,0.0,0.004436999999995805,2
0.3,10,2,3,11,B4,133.3148382809972,integer optimal solution,0.6,2.0,2,1364,1.1606206999999813,0.04216060000004518,2
0.3,10,2,3,18,B1,163.66199459788413,integer optimal solution,0.9,1.0,1,23,0.0,0.0030840999999668384,1
0.3,10,2,3,18,B2,163.66199459788413,integer optimal solution,0.9,1.0,1,161,0.0,0.009145199999977649,1
0.3,10,2,3,18,B3,163.66199459788413,integer optimal solution,0.9,1.0,1,681,0.28230860000002167,0.031187699999975393,1
0.3,10,2,3,18,HEUR,163.66199459788413,integer optimal solution,0.9,1.0,1,32,0.0,0.004855099999986123,1
0.3,10,2,3,18,B4,163.66199459788416,integer optimal solution,0.9,1.0,1,1932,2.346880400000032,0.053773400000011407,1
0.3,10,3,3,0,B1,151.84787896255645,integer optimal solution,0.9,1.0,1,35,0.0,0.0046557000000007065,3
0.3,10,3,3,0,B2,151.84787896255642,integer optimal solution,0.9,1.0,1,210,0.0,0.011926600000037979,3
0.3,10,3,3,0,B3,151.84787896255642,integer optimal solution,0.9,1.0,1,753,0.28988980000002584,0.03714049999996405,3
0.3,10,3,3,0,HEUR,151.84787896255645,integer optimal solution,0.9,1.0,1,47,0.0,0.005731699999955708,3
0.3,10,3,3,0,B4,151.84787896255642,integer optimal solution,0.9,1.0,1,1837,1.8513547000000017,0.04822180000002163,3
0.3,10,3,3,7,B1,151.71546090783053,integer optimal solution,0.8,1.0,2,37,0.0,0.005783099999973729,2
0.3,10,3,3,7,B2,144.30783821594008,integer optimal solution,0.7,1.5,2,194,0.0,0.010939699999994446,2
0.3,10,3,3,7,B3,142.3760941375772,integer optimal solution,0.6,2.0,2,669,0.24997080000002825,0.03337090000002263,2
0.3,10,3,3,7,HEUR,142.3760941375772,integer optimal solution,0.6,2.0,2,45,0.0,0.005863199999964763,2
0.3,10,3,3,7,B4,142.3760941375772,integer optimal solution,0.6,2.0,2,1619,1.405229200000008,0.04668970000000172,2
0.3,10,3,3,14,B1,149.83613104452846,integer optimal solution,0.9,1.0,1,31,0.0,0.0034921000000167624,3
0.3,10,3,3,14,B2,149.83613104452846,integer optimal solution,0.9,1.0,1,205,0.0,0.012302600000055008,3
0.3,10,3,3,14,B3,149.83613104452846,integer optimal solution,0.9,1.0,1,756,0.27091609999996535,0.032377100000019254,3
0.3,10,3,3,14,HEUR,149.83613104452846,integer optimal solution,0.9,1.0,1,66,0.0,0.007258100000001377,3
0.3,10,3,3,14,B4,149.83613104452846,integer optimal solution,0.9,1.0,1,1863,1.7114438999999493,0.05199249999998301,3
0.3,10,3,3,21,B1,186.19043771511136,integer optimal solution,0.9,1.0,1,32,0.0,0.003636400000004869,3
0.3,10,3,3,21,B2,186.19043771511136,integer optimal solution,0.9,1.0,1,256,0.0,0.011700300000029529,3
0.3,10,3,3,21,B3,186.19043771511133,integer optimal solution,0.9,1.0,1,1091,0.38104110000000446,0.03453439999998409,3
0.3,10,3,3,21,HEUR,186.19043771511133,integer optimal solution,0.9,1.0,1,50,0.0,0.004721000000017739,3
0.3,10,3,3,21,B4,186.19043771511133,integer optimal solution,0.9,1.0,1,2979,2.8894123999999692,0.058890599999983806,3
0.3,15,2,2,3,B1,216.42085941649034,integer optimal solution,1.0,0.0,0,33,0.0,0.003402699999980996,5
0.3,15,2,2,3,B2,212.93948046434073,integer optimal solution,0.8666666666666667,2.0,1,295,0.0,0.01579319999996187,5
0.3,15,2,2,3,B3,210.14370755598222,integer optimal solution,0.8,3.0,1,1573,0.6099295999999867,0.04283110000000079,5
0.3,15,2,2,3,HEUR,210.14370755598222,integer optimal solution,0.8,3.0,1,60,0.0,0.005440100000043913,5
0.3,15,2,2,3,B4,210.14370755598222,integer optimal solution,0.8,3.0,1,5698,6.719489900000042,0.15458460000002106,5
0.3,15,2,2,10,B1,247.77502218960944,integer optimal solution,0.8666666666666667,1.0,2,31,0.0,0.004031999999995151,3
0.3,15,2,2,10,B2,246.54644588609057,integer optimal solution,0.8,1.5,2,329,0.0,0.017237299999976585,3
0.3,15,2,2,10,B3,246.5464458860906,integer optimal solution,0.8,1.5,2,1816,0.7500511000000074,0.04506209999999555,3
0.3,15,2,2,10,HEUR,247.77502218960947,integer optimal solution,0.8666666666666667,1.0,2,50,0.0,0.007321100000012848,3
0.3,15,2,2,10,B4,244.15373642823502,integer optimal solution,0.6666666666666666,2.5,2,6638,9.277518100000009,0.163542399999983,3
0.3,15,2,2,17,B1,286.5105760505792,integer optimal solution,0.8,1.0,3,33,0.0,0.004692699999964134,4
0.3,15,2,2,17,B2,270.0482813414816,integer optimal solution,0.7333333333333333,1.3333333333333333,3,342,0.0,0.020393699999999626,4
0.3,15,2,2,17,B3,265.45023068225134,integer optimal solution,0.6666666666666666,1.6666666666666667,3,1868,0.8589799999999741,0.04479429999997819,4
0.3,15,2,2,17,HEUR,270.04828134148164,integer optimal solution,0.7333333333333333,1.3333333333333333,3,53,0.0,0.00557480000003352,4
0.3,15,2,2,17,B4,256.4885755290958,integer optimal solution,0.4,3.0,3,6544,11.62605400000001,0.1556822000000011,4
0.3,15,2,2,24,B1,212.74732977309725,integer optimal solution,0.8666666666666667,1.0,2,36,0.0,0.003836900000010246,4
0.3,15,2,2,24,B2,207.1287228857612,integer optimal solution,0.7333333333333333,1.3333333333333333,3,316,0.0,0.015888200000006236,4
0.3,15,2,2,24,B3,204.66973743178028,integer optimal solution,0.6666666666666666,1.6666666666666667,3,1839,0.7258297999999854,0.04193779999997105,4
0.3,15,2,2,24,HEUR,204.66973743178028,integer optimal solution,0.6666666666666666,1.6666666666666667,3,47,0.0,0.006612599999982649,4
0.3,15,2,2,24,B4,200.34653521902544,integer optimal solution,0.6666666666666666,2.5,2,7248,8.150284699999986,0.17857149999997546,4
0.3,15,3,2,6,B1,276.1912803481254,integer optimal solution,0.9333333333333333,1.0,1,50,0.0,0.004065900000000511,3
0.3,15,3,2,6,B2,276.1912803481254,integer optimal solution,0.9333333333333333,1.0,1,509,0.0,0.021220900000002985,3
0.3,15,3,2,6,B3,276.1912803481254,integer optimal solution,0.9333333333333333,1.0,1,3131,0.9834695000000124,0.06700599999999213,3
0.3,15,3,2,6,HEUR,276.1912803481254,integer optimal solution,0.9333333333333333,1.0,1,74,0.0,0.007584800000017822,3
0.3,15,3,2,6,B4,276.19128034812536,integer optimal solution,0.9333333333333333,1.0,1,13377,14.891835500000013,0.2940538000000288,3
0.3,15,3,2,13,B1,204.59267314952558,integer optimal solution,0.9333333333333333,1.0,1,47,0.0,0.0036997999999925923,3
0.3,15,3,2,13,B2,204.59267314952564,integer optimal solution,0.9333333333333333,1.0,1,472,0.0,0.021213900000020658,3
0.3,15,3,2,13,B3,204.3040308661369,integer optimal solution,0.7333333333333333,2.0,2,2560,0.8957891000000018,0.06333540000002813,3
0.3,15,3,2,13,HEUR,204.59267314952564,integer optimal solution,0.9333333333333333,1.0,1,77,0.0,0.0058753000000137945,3
0.3,15,3,2,13,B4,204.3040308661369,integer optimal solution,0.7333333333333333,2.0,2,9186,10.984724299999982,0.2168467999999848,3
0.3,15,3,2,20,B1,271.06685746061976,integer optimal solution,0.9333333333333333,1.0,1,49,0.0,0.003819399999997586,4
0.3,15,3,2,20,B2,268.21211873088083,integer optimal solution,0.8666666666666667,2.0,1,540,0.0,0.026195400000005975,4
0.3,15,3,2,20,B3,268.21211873088083,integer optimal solution,0.8666666666666667,2.0,1,3417,1.1728296999999657,0.0729970999999523,4
0.3,15,3,2,20,HEUR,268.21211873088083,integer optimal solution,0.8666666666666667,2.0,1,81,0.0,0.007297699999980978,4
0.3,15,3,2,20,B4,268.21211873088083,integer optimal solution,0.8666666666666667,2.0,1,14113,18.32666039999998,0.2830359999999814,4
0.3,15,2,3,2,B1,269.06011739467857,integer optimal solution,0.9333333333333333,1.0,1,36,0.0,0.0038397000000145454,5
0.3,15,2,3,2,B2,269.0601173946785,integer optimal solution,0.9333333333333333,1.0,1,371,0.0,0.017295199999978195,5
0.3,15,2,3,2,B3,269.06011739467857,integer optimal solution,0.9333333333333333,1.0,1,2389,1.2730732999999645,0.05147059999995918,5
0.3,15,2,3,2,HEUR,269.0601173946785,integer optimal solution,0.9333333333333333,1.0,1,62,0.0,0.007104400000002897,5
0.3,15,2,3,2,B4,269.0601173946785,integer optimal solution,0.9333333333333333,1.0,1,9909,23.814062499999977,0.2082322999999633,5
0.3,15,2,3,9,B1,262.57714824032416,integer optimal solution,0.9333333333333333,1.0,1,33,0.0,0.0035403999999630287,4
0.3,15,2,3,9,B2,262.57714824032416,integer optimal solution,0.9333333333333333,1.0,1,328,0.0,0.018056500000000142,4
0.3,15,2,3,9,B3,262.57714824032416,integer optimal solution,0.9333333333333333,1.0,1,1913,0.9683759999999779,0.046137499999986176,4
0.3,15,2,3,9,HEUR,262.57714824032416,integer optimal solution,0.9333333333333333,1.0,1,48,0.0,0.005146700000011606,4
0.3,15,2,3,9,B4,262.57714824032416,integer optimal solution,0.9333333333333333,1.0,1,7549,12.695261200000004,0.16836590000002616,4
0.3,15,2,3,16,B1,259.66654433530186,integer optimal solution,0.8666666666666667,1.0,2,33,0.0,0.0038945999999668857,4
0.3,15,2,3,16,B2,252.4300722950098,integer optimal solution,0.8,1.5,2,335,0.0,0.016019500000027165,4
0.3,15,2,3,16,B3,247.39805265159427,integer optimal solution,0.7333333333333333,2.0,2,2001,0.9579611000000341,0.042241100000012466,4
0.3,15,2,3,16,HEUR,253.21845802805228,integer optimal solution,0.8,3.0,1,49,0.0,0.0056210999999848354,4
0.3,15,2,3,16,B4,243.92205805463882,integer optimal solution,0.7333333333333333,4.0,1,8304,13.21694500000001,0.1761037999999644,4
0.3,15,2,3,23,B1,253.4734384382922,integer optimal solution,0.9333333333333333,1.0,1,38,0.0,0.004905600000029153,3
0.3,15,2,3,23,B2,249.7934603842096,integer optimal solution,0.8,1.5,2,341,0.0,0.01539759999997159,3
0.3,15,2,3,23,B3,242.81013210240033,integer optimal solution,0.7333333333333333,2.0,2,1863,1.0282768000000146,0.04476939999995011,3
0.3,15,2,3,23,HEUR,253.4734384382922,integer optimal solution,0.9333333333333333,1.0,1,52,0.0,0.005085899999983212,3
0.3,15,2,3,23,B4,237.17269371033075,integer optimal solution,0.6666666666666666,2.5,2,6873,12.060633300000006,0.1587946999999872,3
0.3,15,3,3,5,B1,254.57482661083236,integer optimal solution,0.9333333333333333,1.0,1,46,0.0,0.0036592000000155167,3
0.3,15,3,3,5,B2,254.5748266108324,integer optimal solution,0.9333333333333333,1.0,1,499,0.0,0.023095000000012078,3
0.3,15,3,3,5,B3,254.57482661083242,integer optimal solution,0.9333333333333333,1.0,1,2913,1.0303715999999667,0.06436380000002373,3
0.3,15,3,3,5,HEUR,254.57482661083236,integer optimal solution,0.9333333333333333,1.0,1,68,0.0,0.006154899999955887,3
0.3,15,3,3,5,B4,254.57482661083242,integer optimal solution,0.9333333333333333,1.0,1,11201,12.25940959999997,0.2474603000000002,3
0.3,15,3,3,12,B1,224.44633487208296,integer optimal solution,0.9333333333333333,1.0,1,48,0.0,0.0028924000000074557,4
0.3,15,3,3,12,B2,221.9150230908504,integer optimal solution,0.8,1.5,2,474,0.0,0.022056899999995494,4
0.3,15,3,3,12,B3,218.09581831682877,integer optimal solution,0.8,3.0,1,2614,1.1764458000000104,0.06056490000003123,4
0.3,15,3,3,12,HEUR,218.09581831682874,integer optimal solution,0.8,3.0,1,74,0.0,0.007954700000027515,4
0.3,15,3,3,12,B4,218.09581831682877,integer optimal solution,0.8,3.0,1,9773,14.560245700000053,0.23032849999998461,4
0.3,15,3,3,19,B1,269.61152870179836,integer optimal solution,1.0,0.0,0,47,0.0,0.0035338999999794396,3
0.3,15,3,3,19,B2,269.069587333185,integer optimal solution,0.8666666666666667,2.0,1,514,0.0,0.02460830000001124,3
0.3,15,3,3,19,B3,251.24647807971303,integer optimal solution,0.6,3.0,2,2949,1.171712800000023,0.07136159999998881,3
0.3,15,3,3,19,HEUR,269.06958733318504,integer optimal solution,0.8666666666666667,2.0,1,72,0.0,0.006545200000005025,3
0.3,15,3,3,19,B4,238.64549863128104,integer optimal solution,0.7333333333333333,4.0,1,10925,15.850753699999984,0.24366860000003498,3
0.3,20,2,2,1,B1,298.73451630689226,integer optimal solution,0.9,1.0,2,45,0.0,0.005004399999961606,6
0.3,20,2,2,1,B2,294.7177216826076,integer optimal solution,0.8,1.3333333333333333,3,526,0.0,0.031109399999991183,6
0.3,20,2,2,1,B3,291.11515721390924,integer optimal solution,0.8,2.0,2,4036,1.944108099999994,0.09810300000003735,6
0.3,20,2,2,1,HEUR,297.59509315425015,integer optimal solution,0.8,1.3333333333333333,3,67,0.0,0.008074800000031246,6
0.3,20,2,2,8,B1,336.9639780513955,integer optimal solution,0.85,1.0,3,47,0.0,0.0065856999999596155,5
0.3,20,2,2,8,B2,334.6096684999202,integer optimal solution,0.8,1.3333333333333333,3,569,0.0,0.026098600000068473,5
0.3,20,2,2,8,B3,332.69929379841216,integer optimal solution,0.7,2.0,3,4434,2.0043211999999357,0.10289179999995213,5
0.3,20,2,2,8,HEUR,336.96397805139554,integer optimal solution,0.85,1.0,3,70,0.0,0.007927799999947638,5
0.3,20,2,2,15,B1,313.5577257372083,integer optimal solution,1.0,0.0,0,45,0.0,0.004518699999948694,7
0.3,20,2,2,15,B2,313.5577257372083,integer optimal solution,1.0,0.0,0,596,0.0,0.0414267999999538,7
0.3,20,2,2,15,B3,313.55772573720833,integer optimal solution,1.0,0.0,0,4611,2.152708999999959,0.11791279999999915,7
0.3,20,2,2,15,HEUR,313.55772573720833,integer optimal solution,1.0,0.0,0,78,0.0,0.00651930000003631,7
0.3,20,2,2,22,B1,311.3072147580574,integer optimal solution,0.9,1.0,2,44,0.0,0.004565400000046793,6
0.3,20,2,2,22,B2,298.39968654329766,integer optimal solution,0.8,2.0,2,585,0.0,0.02874819999999545,6
0.3,20,2,2,22,B3,293.9749565833147,integer optimal solution,0.75,2.5,2,4443,2.4371139999999514,0.09690860000000612,6
0.3,20,2,2,22,HEUR,298.39968654329766,integer optimal solution,0.8,2.0,2,69,0.0,0.00922749999995176,6
0.3,20,3,2,4,B1,287.97815236084716,integer optimal solution,0.95,1.0,1,63,0.0,0.004059299999994437,7
0.3,20,3,2,4,B2,287.7615510436945,integer optimal solution,0.85,1.5,2,838,0.0,0.03313470000000507,7
0.3,20,3,2,4,B3,284.7184739120084,integer optimal solution,0.8,2.0,2,6417,2.4590985999999475,0.14832720000003974,7
0.3,20,3,2,4,HEUR,287.97815236084716,integer optimal solution,0.95,1.0,1,110,0.0,0.007373400000005859,7
0.3,20,3,2,11,B1,333.155056403452,integer optimal solution,0.85,1.0,3,63,0.0,0.00780310000004647,7
0.3,20,3,2,11,B2,321.76927742848005,integer optimal solution,0.7,1.5,4,878,0.0,0.02847529999996823,7
0.3,20,3,2,11,B3,311.25513002968,integer optimal solution,0.65,2.3333333333333335,3,6836,3.1118377000000237,0.15728899999999157,7
0.3,20,3,2,11,HEUR,322.0504030869591,integer optimal solution,0.8,1.3333333333333333,3,112,0.0,0.008165100000042003,7
0.3,20,3,2,18,B1,325.49378106282313,integer optimal solution,0.95,1.0,1,62,0.0,0.005362600000012208,5
0.3,20,3,2,18,B2,325.4937810628231,integer optimal solution,0.95,1.0,1,885,0.0,0.034661199999959535,5
0.3,20,3,2,18,B3,320.58727038493834,integer optimal solution,0.85,3.0,1,7106,2.8679328000000623,0.1577538999999888,5
0.3,20,3,2,18,HEUR,325.49378106282313,integer optimal solution,0.95,1.0,1,111,0.0,0.006998100000032537,5
0.3,20,2,3,0,B1,327.7389491031224,integer optimal solution,0.95,1.0,1,47,0.0,0.004984599999943384,8
0.3,20,2,3,0,B2,325.1137182770889,integer optimal solution,0.75,1.6666666666666667,3,543,0.0,0.028819800000064788,8
0.3,20,2,3,0,B3,318.34068060355526,integer optimal solution,0.7,2.0,3,4106,2.338722900000107,0.09920150000004924,8
0.3,20,2,3,0,HEUR,327.44203931771017,integer optimal solution,0.85,1.5,2,81,0.0,0.006867700000043442,8
0.3,20,2,3,7,B1,340.1943361234387,integer optimal solution,0.95,1.0,1,41,0.0,0.003351400000042304,7
0.3,20,2,3,7,B2,340.19433612343863,integer optimal solution,0.95,1.0,1,604,0.0,0.027681499999971493,7
0.3,20,2,3,7,B3,340.1943361234387,integer optimal solution,0.95,1.0,1,4944,2.7196211000000403,0.10586230000001251,7
0.3,20,2,3,7,HEUR,340.1943361234387,integer optimal solution,0.95,1.0,1,78,0.0,0.0072040000000015425,7
0.3,20,2,3,14,B1,319.34661713755224,integer optimal solution,0.95,1.0,1,43,0.0,0.004207500000006803,7
0.3,20,2,3,14,B2,319.182527167954,integer optimal solution,0.85,1.5,2,555,0.0,0.02909969999996065,7
0.3,20,2,3,14,B3,315.33657656431427,integer optimal solution,0.8,2.0,2,4130,2.284516999999937,0.09449589999996988,7
0.3,20,2,3,14,HEUR,319.182527167954,integer optimal solution,0.85,1.5,2,77,0.0,0.006575999999995474,7
0.3,20,2,3,21,B1,316.49337522483387,integer optimal solution,0.95,1.0,1,41,0.0,0.0042699000000538945,6
0.3,20,2,3,21,B2,316.49337522483387,integer optimal solution,0.95,1.0,1,546,0.0,0.02454119999993054,6
0.3,20,2,3,21,B3,316.49337522483387,integer optimal solution,0.95,1.0,1,4025,2.421102700000006,0.09480450000000928,6
0.3,20,2,3,21,HEUR,316.49337522483387,integer optimal solution,0.95,1.0,1,73,0.0,0.006107100000008359,6
0.3,20,3,3,3,B1,331.2856574076152,integer optimal solution,0.9,1.0,2,68,0.0,0.005505100000050334,5
0.3,20,3,3,3,B2,319.91767104914004,integer optimal solution,0.75,1.6666666666666667,3,849,0.0,0.03218179999998938,5
0.3,20,3,3,3,B3,311.5021599405678,integer optimal solution,0.65,2.3333333333333335,3,6584,3.5536606000000575,0.16606369999999515,5
0.3,20,3,3,3,HEUR,329.5424186763682,integer optimal solution,0.8,2.0,2,108,0.0,0.009348100000011073,5
0.3,20,3,3,10,B1,308.0749518099152,integer optimal solution,1.0,0.0,0,60,0.0,0.0034438000000136526,7
0.3,20,3,3,10,B2,308.07495180991526,integer optimal solution,1.0,0.0,0,965,0.0,0.04715440000006765,7
0.3,20,3,3,10,B3,306.70770422121655,integer optimal solution,0.85,3.0,1,7783,4.141921199999956,0.18526359999998476,7
0.3,20,3,3,10,HEUR,308.07495180991526,integer optimal solution,1.0,0.0,0,110,0.0,0.010481599999934588,7
0.3,20,3,3,17,B1,307.46592802105715,integer optimal solution,0.9,1.0,2,70,0.0,0.004552100000069004,6
0.3,20,3,3,17,B2,303.22672290278666,integer optimal solution,0.85,1.5,2,881,0.0,0.03493710000009287,6
0.3,20,3,3,17,B3,298.18318228779077,integer optimal solution,0.7,3.0,2,7033,3.486699299999941,0.16077009999992242,6
0.3,20,3,3,17,HEUR,303.213504193809,integer optimal solution,0.8,2.0,2,112,0.0,0.011191699999926641,6
0.3,20,3,3,24,B1,402.30753041685637,integer optimal solution,0.95,1.0,1,61,0.0,0.004012900000020636,6
0.3,20,3,3,24,B2,398.02085459202806,integer optimal solution,0.9,2.0,1,878,0.0,0.034083399999985886,6
0.3,20,3,3,24,B3,398.02085459202806,integer optimal solution,0.9,2.0,1,7029,3.03767270000003,0.14858379999998306,6
0.3,20,3,3,24,HEUR,402.30753041685637,integer optimal solution,0.95,1.0,1,108,0.0,0.008057299999904899,6
0.5,10,2,2,6,B1,169.46191868439263,integer optimal solution,1.0,0.0,0,20,0.0,0.004133200000069337,2
0.5,10,2,2,6,B2,169.4619186843926,integer optimal solution,1.0,0.0,0,150,0.0,0.013849499999992076,2
0.5,10,2,2,6,B3,169.46191868439263,integer optimal solution,1.0,0.0,0,634,0.23513489999993453,0.034776000000078966,2
0.5,10,2,2,6,HEUR,169.4619186843926,integer optimal solution,1.0,0.0,0,30,0.0,0.004797700000040095,2
0.5,10,2,2,6,B4,169.4619186843926,integer optimal solution,1.0,0.0,0,1678,1.6859541000000036,0.04813709999996263,2
0.5,10,2,2,13,B1,191.8189301686243,integer optimal solution,1.0,0.0,0,20,0.0,0.0030772000000069966,3
0.5,10,2,2,13,B2,191.8189301686243,integer optimal solution,1.0,0.0,0,148,0.0,0.009716500000081396,3
0.5,10,2,2,13,B3,185.89008825597455,integer optimal solution,0.7,3.0,1,567,0.21462350000001607,0.03077849999999671,3
0.5,10,2,2,13,HEUR,191.81893016862432,integer optimal solution,1.0,0.0,0,32,0.0,0.004197799999928975,3
0.5,10,2,2,13,B4,185.8508427422836,integer optimal solution,0.6,4.0,1,1430,1.164315399999964,0.055417400000010275,3
0.5,10,2,2,20,B1,159.35701647629747,integer optimal solution,1.0,0.0,0,20,0.0,0.0033299000000397427,2
0.5,10,2,2,20,B2,159.35701647629747,integer optimal solution,1.0,0.0,0,141,0.0,0.00867459999994935,2
0.5,10,2,2,20,B3,159.35701647629747,integer optimal solution,1.0,0.0,0,542,0.21047909999992953,0.027834500000039952,2
0.5,10,2,2,20,HEUR,159.35701647629745,integer optimal solution,1.0,0.0,0,31,0.0,0.0033781999999291656,2
0.5,10,2,2,20,B4,159.35701647629745,integer optimal solution,1.0,0.0,0,1360,1.2710417999999208,0.04517339999995329,2
0.5,10,3,2,2,B1,171.49259407171454,integer optimal solution,1.0,0.0,0,30,0.0,0.002907700000037039,2
0.5,10,3,2,2,B2,171.49259407171454,integer optimal solution,1.0,0.0,0,241,0.0,0.009829200000012861,2
0.5,10,3,2,2,B3,171.49259407171454,integer optimal solution,1.0,0.0,0,912,0.24826980000000276,0.02999130000000605,2
0.5,10,3,2,2,HEUR,171.49259407171454,integer optimal solution,1.0,0.0,0,42,0.0,0.004799599999955717,2
0.5,10,3,2,2,B4,171.49259407171454,integer optimal solution,1.0,0.0,0,2419,1.6199235000000272,0.0564939000000777,2
0.5,10,3,2,9,B1,171.55427879203685,integer optimal solution,1.0,0.0,0,30,0.0,0.0034263000000009924,2
0.5,10,3,2,9,B2,171.55427879203683,integer optimal solution,1.0,0.0,0,243,0.0,0.010701100000005681,2
0.5,10,3,2,9,B3,171.55427879203683,integer optimal solution,1.0,0.0,0,891,0.25667169999996986,0.034495300000003226,2
0.5,10,3,2,9,HEUR,171.55427879203683,integer optimal solution,1.0,0.0,0,43,0.0,0.004756100000008701,2
0.5,10,3,2,9,B4,171.55427879203685,integer optimal solution,1.0,0.0,0,2087,1.5198614000000816,0.05150549999996201,2
0.5,10,3,2,16,B1,141.01003137742381,integer optimal solution,1.0,0.0,0,30,0.0,0.00434199999995144,3
0.5,10,3,2,16,B2,141.0100313774238,integer optimal solution,1.0,0.0,0,193,0.0,0.00911970000004203,3
0.5,10,3,2,16,B3,141.0100313774238,integer optimal solution,1.0,0.0,0,690,0.23213510000005044,0.031280200000082914,3
0.5,10,3,2,16,HEUR,141.0100313774238,integer optimal solution,1.0,0.0,0,39,0.0,0.005421899999987545,3
0.5,10,3,2,16,B4,141.0100313774238,integer optimal solution,1.0,0.0,0,1635,1.2808929000000262,0.05012260000000879,3
0.5,10,3,2,23,B1,126.04356560836025,integer optimal solution,1.0,0.0,0,30,0.0,0.0037050999999337364,4
0.5,10,3,2,23,B2,126.04356560836025,integer optimal solution,1.0,0.0,0,208,0.0,0.010083099999974365,4
0.5,10,3,2,23,B3,126.04356560836025,integer optimal solution,1.0,0.0,0,747,0.23559190000003127,0.03650460000005751,4
0.5,10,3,2,23,HEUR,126.04356560836025,integer optimal solution,1.0,0.0,0,52,0.0,0.005187700000078621,4
0.5,10,3,2,23,B4,126.04356560836024,integer optimal solution,1.0,0.0,0,1738,1.5510380999999143,0.04926299999999628,4
0.5,10,2,3,5,B1,167.81372647334175,integer optimal solution,1.0,0.0,0,20,0.0,0.003116500000032829,2
0.5,10,2,3,5,B2,162.46946069198802,integer optimal solution,0.8,2.0,1,133,0.0,0.00818400000002839,2
0.5,10,2,3,5,B3,159.34478477429838,integer optimal solution,0.7,3.0,1,467,0.20468379999999797,0.02969879999989189,2
0.5,10,2,3,5,HEUR,159.34478477429838,integer optimal solution,0.7,3.0,1,29,0.0,0.005449600000019927,2
0.5,10,2,3,5,B4,159.34478477429838,integer optimal solution,0.7,3.0,1,1098,1.1553682999999637,0.0433535000000802,2
0.5,10,2,3,12,B1,161.5363342667897,integer optimal solution,1.0,0.0,0,20,0.0,0.003250699999966855,3
0.5,10,2,3,12,B2,161.5363342667897,integer optimal solution,1.0,0.0,0,164,0.0,0.008186399999999594,3
0.5,10,2,3,12,B3,161.5363342667897,integer optimal solution,1.0,0.0,0,689,0.36442429999999604,0.030392399999982445,3
0.5,10,2,3,12,HEUR,161.53633426678974,integer optimal solution,1.0,0.0,0,32,0.0,0.005015699999944445,3
0.5,10,2,3,12,B4,161.53633426678974,integer optimal solution,1.0,0.0,0,1943,3.4169866999999385,0.05033700000001318,3
0.5,10,2,3,19,B1,165.14730175631436,integer optimal solution,1.0,0.0,0,20,0.0,0.003430500000035863,3
0.5,10,2,3,19,B2,165.14730175631436,integer optimal solution,1.0,0.0,0,165,0.0,0.008578599999964354,3
0.5,10,2,3,19,B3,165.1473017563144,integer optimal solution,1.0,0.0,0,672,0.3196036000000504,0.02924510000002556,3
0.5,10,2,3,19,HEUR,165.14730175631436,integer optimal solution,1.0,0.0,0,36,0.0,0.004339099999924656,3
0.5,10,2,3,19,B4,165.14730175631436,integer optimal solution,1.0,0.0,0,1693,2.1301403000001073,0.05113200000005236,3
0.5,10,3,3,1,B1,148.43585448417042,integer optimal solution,1.0,0.0,0,33,0.0,0.0036665000000084547,3
0.5,10,3,3,1,B2,148.43585448417042,integer optimal solution,1.0,0.0,0,231,0.0,0.012401300000078663,3
0.5,10,3,3,1,B3,148.43585448417042,integer optimal solution,1.0,0.0,0,986,0.3870714999999336,0.038087200000063604,3
0.5,10,3,3,1,HEUR,148.43585448417042,integer optimal solution,1.0,0.0,0,55,0.0,0.00803089999999429,3
0.5,10,3,3,1,B4,148.43585448417042,integer optimal solution,1.0,0.0,0,2712,3.4815115000000105,0.05550259999995433,3
0.5,10,3,3,8,B1,184.00723207985203,integer optimal solution,1.0,0.0,0,30,0.0,0.0034999000000652813,3
0.5,10,3,3,8,B2,182.6904111765197,integer optimal solution,0.8,2.0,1,214,0.0,0.007660799999939627,3
0.5,10,3,3,8,B3,182.6904111765197,integer optimal solution,0.8,2.0,1,822,0.3111059999999952,0.03180590000010852,3
0.5,10,3,3,8,HEUR,182.6904111765197,integer optimal solution,0.8,2.0,1,53,0.0,0.005436000000031527,3
0.5,10,3,3,8,B4,182.6904111765197,integer optimal solution,0.8,2.0,1,2105,2.4285275000000865,0.05464710000001105,3
0.5,10,3,3,15,B1,173.37585878227884,integer optimal solution,1.0,0.0,0,30,0.0,0.002997100000015962,2
0.5,10,3,3,15,B2,173.37585878227884,integer optimal solution,1.0,0.0,0,218,0.0,0.010792300000048272,2
0.5,10,3,3,15,B3,173.37585878227884,integer optimal solution,1.0,0.0,0,904,0.36263689999998405,0.038586300000019946,2
0.5,10,3,3,15,HEUR,173.3758587822788,integer optimal solution,1.0,0.0,0,44,0.0,0.004477000000065345,2
0.5,10,3,3,15,B4,173.37585878227884,integer optimal solution,1.0,0.0,0,2494,3.433861800000045,0.057271199999945566,2
0.5,10,3,3,22,B1,187.29630122226786,integer optimal solution,1.0,0.0,0,30,0.0,0.004039700000021185,2
0.5,10,3,3,22,B2,187.29630122226786,integer optimal solution,1.0,0.0,0,238,0.0,0.012881400000082976,2
0.5,10,3,3,22,B3,187.29630122226786,integer optimal solution,1.0,0.0,0,842,0.3169457000000193,0.03548539999997047,2
0.5,10,3,3,22,HEUR,187.29630122226786,integer optimal solution,1.0,0.0,0,44,0.0,0.004136099999982434,2
0.5,10,3,3,22,B4,186.35444200804562,integer optimal solution,0.6,4.0,1,1901,2.1179186999999047,0.048291400000039175,2
0.5,15,2,2,4,B1,286.45151972680264,integer optimal solution,0.9333333333333333,1.0,1,31,0.0,0.003449600000067221,4
0.5,15,2,2,4,B2,286.4515197268026,integer optimal solution,0.9333333333333333,1.0,1,320,0.0,0.015593200000012075,4
0.5,15,2,2,4,B3,286.45151972680264,integer optimal solution,0.9333333333333333,1.0,1,1713,0.7353955999999471,0.042025299999977506,4
0.5,15,2,2,4,HEUR,286.45151972680264,integer optimal solution,0.9333333333333333,1.0,1,57,0.0,0.005242199999997865,4
0.5,15,2,2,4,B4,282.00342144291636,integer optimal solution,0.7333333333333333,4.0,1,6058,7.528606100000047,0.15337660000000142,4
0.5,15,2,2,11,B1,283.7377930972106,integer optimal solution,1.0,0.0,0,30,0.0,0.003591499999970438,3
0.5,15,2,2,11,B2,283.7377930972106,integer optimal solution,1.0,0.0,0,323,0.0,0.0177445000000489,3
0.5,15,2,2,11,B3,283.7377930972106,integer optimal solution,1.0,0.0,0,1728,0.7689564999999448,0.041817200000082266,3
0.5,15,2,2,11,HEUR,283.7377930972106,integer optimal solution,1.0,0.0,0,48,0.0,0.004757299999937459,3
0.5,15,2,2,11,B4,283.7377930972106,integer optimal solution,1.0,0.0,0,6405,9.171575500000017,0.17045819999998457,3
0.5,15,2,2,18,B1,254.7578381463262,integer optimal solution,1.0,0.0,0,30,0.0,0.003954800000087744,3
0.5,15,2,2,18,B2,254.7578381463262,integer optimal solution,1.0,0.0,0,335,0.0,0.023205699999948592,3
0.5,15,2,2,18,B3,254.7578381463262,integer optimal solution,1.0,0.0,0,1895,0.8254610000000184,0.0433252000000266,3
0.5,15,2,2,18,HEUR,254.7578381463262,integer optimal solution,1.0,0.0,0,47,0.0,0.006153600000061488,3
0.5,15,2,2,18,B4,254.7578381463262,integer optimal solution,1.0,0.0,0,6856,10.704007100000013,0.16728790000001936,3
0.5,15,3,2,0,B1,243.98445159669376,integer optimal solution,0.9333333333333333,1.0,1,46,0.0,0.0036585000000286527,7
0.5,15,3,2,0,B2,243.98445159669376,integer optimal solution,0.9333333333333333,1.0,1,492,0.0,0.021311500000024353,7
0.5,15,3,2,0,B3,243.98445159669376,integer optimal solution,0.9333333333333333,1.0,1,2989,1.2902606000000105,0.06649059999995188,7
0.5,15,3,2,0,HEUR,243.98445159669376,integer optimal solution,0.9333333333333333,1.0,1,97,0.0,0.004841699999929006,7
0.5,15,3,2,0,B4,243.98445159669376,integer optimal solution,0.9333333333333333,1.0,1,12582,20.61063539999998,0.25923820000002706,7
0.5,15,3,2,7,B1,273.16144316394326,integer optimal solution,1.0,0.0,0,45,0.0,0.0033981999999923573,4
0.5,15,3,2,7,B2,273.16144316394326,integer optimal solution,1.0,0.0,0,502,0.0,0.02259809999998197,4
0.5,15,3,2,7,B3,273.16144316394326,integer optimal solution,1.0,0.0,0,3092,1.035463600000071,0.06673739999996542,4
0.5,15,3,2,7,HEUR,273.16144316394326,integer optimal solution,1.0,0.0,0,72,0.0,0.00969509999993079,4
0.5,15,3,2,7,B4,273.16144316394326,integer optimal solution,1.0,0.0,0,12664,12.92982500000005,0.2639292999999725,4
0.5,15,3,2,14,B1,280.64826561120657,integer optimal solution,1.0,0.0,0,46,0.0,0.0034647999999606327,4
0.5,15,3,2,14,B2,280.6482656112065,integer optimal solution,1.0,0.0,0,515,0.0,0.023514799999929892,4
0.5,15,3,2,14,B3,280.6482656112065,integer optimal solution,1.0,0.0,0,2955,1.0298557999999502,0.061666300000069896,4
0.5,15,3,2,14,HEUR,280.6482656112065,integer optimal solution,1.0,0.0,0,66,0.0,0.005668099999979859,4
0.5,15,3,2,14,B4,280.64826561120657,integer optimal solution,1.0,0.0,0,11088,13.687198800000033,0.24105310000004465,4
0.5,15,3,2,21,B1,273.4299732355598,integer optimal solution,1.0,0.0,0,45,0.0,0.003706399999941823,4
0.5,15,3,2,21,B2,272.00462682051847,integer optimal solution,0.8666666666666667,2.0,1,484,0.0,0.0223707000000104,4
0.5,15,3,2,21,B3,264.2445997181986,integer optimal solution,0.8,3.0,1,2659,1.0361169999999902,0.06611680000003162,4
0.5,15,3,2,21,HEUR,273.4299732355598,integer optimal solution,1.0,0.0,0,69,0.0,0.005916200000001481,4
0.5,15,3,2,21,B4,264.2445997181985,integer optimal solution,0.8,3.0,1,10133,13.54430919999993,0.2319907000000967,4
0.5,15,2,3,3,B1,268.4273151053068,integer optimal solution,1.0,0.0,0,30,0.0,0.004523000000062893,4
0.5,15,2,3,3,B2,268.4273151053068,integer optimal solution,1.0,0.0,0,324,0.0,0.022297299999991083,4
0.5,15,2,3,3,B3,268.4273151053068,integer optimal solution,1.0,0.0,0,1988,1.0824092000000292,0.04801400000008016,4
0.5,15,2,3,3,HEUR,268.4273151053068,integer optimal solution,1.0,0.0,0,48,0.0,0.005762600000025486,4
0.5,15,2,3,3,B4,268.4273151053068,integer optimal solution,1.0,0.0,0,8388,16.653403899999944,0.18424179999999524,4
0.5,15,2,3,10,B1,218.98058742621745,integer optimal solution,0.8666666666666667,1.0,2,31,0.0,0.003386599999998907,5
0.5,15,2,3,10,B2,218.98058742621745,integer optimal solution,0.8666666666666667,1.0,2,315,0.0,0.019009500000038315,5
0.5,15,2,3,10,B3,218.98058742621743,integer optimal solution,0.8666666666666667,1.0,2,1759,0.961970899999983,0.04259160000003703,5
0.5,15,2,3,10,HEUR,218.98058742621745,integer optimal solution,0.8666666666666667,1.0,2,52,0.0,0.005524199999968005,5
0.5,15,2,3,10,B4,218.98058742621745,integer optimal solution,0.8666666666666667,1.0,2,6755,12.98740429999998,0.16551590000005945,5
0.5,15,2,3,17,B1,260.53213562391807,integer optimal solution,1.0,0.0,0,30,0.0,0.0036130999999386404,5
0.5,15,2,3,17,B2,260.53213562391807,integer optimal solution,1.0,0.0,0,346,0.0,0.014880000000061955,5
0.5,15,2,3,17,B3,260.53213562391807,integer optimal solution,1.0,0.0,0,2085,1.0574360000000524,0.0443016000000398,5
0.5,15,2,3,17,HEUR,260.53213562391807,integer optimal solution,1.0,0.0,0,54,0.0,0.005955299999982344,5
0.5,15,2,3,17,B4,260.53213562391807,integer optimal solution,1.0,0.0,0,7904,14.272392800000034,0.18061680000005254,5
0.5,15,2,3,24,B1,254.578893104512,integer optimal solution,1.0,0.0,0,30,0.0,0.003458300000033887,3
0.5,15,2,3,24,B2,254.578893104512,integer optimal solution,1.0,0.0,0,332,0.0,0.01580740000008518,3
0.5,15,2,3,24,B3,254.578893104512,integer optimal solution,1.0,0.0,0,1939,0.9243132999999943,0.04675550000001749,3
0.5,15,2,3,24,HEUR,254.578893104512,integer optimal solution,1.0,0.0,0,56,0.0,0.004800699999918834,3
0.5,15,2,3,24,B4,254.578893104512,integer optimal solution,1.0,0.0,0,7888,12.871399600000018,0.1718074999999999,3
0.5,15,3,3,6,B1,286.33021784696086,integer optimal solution,1.0,0.0,0,45,0.0,0.0035621999999193577,4
0.5,15,3,3,6,B2,286.3302178469609,integer optimal solution,1.0,0.0,0,572,0.0,0.02993140000000949,4
0.5,15,3,3,6,B3,286.3302178469609,integer optimal solution,1.0,0.0,0,3690,1.4397839000000658,0.0846159999999827,4
0.5,15,3,3,6,HEUR,286.3302178469609,integer optimal solution,1.0,0.0,0,84,0.0,0.0052477000000408225,4
0.5,15,3,3,6,B4,286.3302178469609,integer optimal solution,1.0,0.0,0,15468,22.33975579999992,0.2997506000000385,4
0.5,15,3,3,13,B1,282.35949369175665,integer optimal solution,0.9333333333333333,1.0,1,46,0.0,0.0035679000000072847,4
0.5,15,3,3,13,B2,281.6549468086444,integer optimal solution,0.8,1.5,2,490,0.0,0.022770000000036816,4
0.5,15,3,3,13,B3,281.6549468086444,integer optimal solution,0.8,1.5,2,2755,1.129144799999949,0.06299379999995836,4
0.5,15,3,3,13,HEUR,282.3594936917566,integer optimal solution,0.9333333333333333,1.0,1,71,0.0,0.00657109999997374,4
0.5,15,3,3,13,B4,281.65494680864435,integer optimal solution,0.8,1.5,2,10201,15.341936199999964,0.23953500000004624,4
0.5,15,3,3,20,B1,290.36099013196457,integer optimal solution,1.0,0.0,0,45,0.0,0.0033659000000625383,4
0.5,15,3,3,20,B2,290.36099013196457,integer optimal solution,1.0,0.0,0,517,0.0,0.026114099999972495,4
0.5,15,3,3,20,B3,290.36099013196457,integer optimal solution,1.0,0.0,0,3118,1.328714899999909,0.06889440000009017,4
0.5,15,3,3,20,HEUR,290.36099013196457,integer optimal solution,1.0,0.0,0,79,0.0,0.005595599999992373,4
0.5,15,3,3,20,B4,290.36099013196457,integer optimal solution,1.0,0.0,0,12564,18.934977700000104,0.24707869999997456,4
0.5,20,2,2,2,B1,341.5622426596036,integer optimal solution,1.0,0.0,0,40,0.0,0.0033977999999024178,6
0.5,20,2,2,2,B2,341.5622426596036,integer optimal solution,1.0,0.0,0,586,0.0,0.025006599999983337,6
0.5,20,2,2,2,B3,341.5622426596036,integer optimal solution,1.0,0.0,0,4575,2.183412800000042,0.10168220000002748,6
0.5,20,2,2,2,HEUR,341.5622426596036,integer optimal solution,1.0,0.0,0,68,0.0,0.007574100000056205,6
0.5,20,2,2,9,B1,352.00113026764416,integer optimal solution,1.0,0.0,0,40,0.0,0.0035278000000289467,7
0.5,20,2,2,9,B2,352.0011302676441,integer optimal solution,1.0,0.0,0,588,0.0,0.027241099999969265,7
0.5,20,2,2,9,B3,337.2670469640975,integer optimal solution,0.85,3.0,1,4489,1.9552686000000676,0.10080370000002858,7
0.5,20,2,2,9,HEUR,352.0011302676441,integer optimal solution,1.0,0.0,0,77,0.0,0.0066848000000163665,7
0.5,20,2,2,16,B1,367.0809795824796,integer optimal solution,1.0,0.0,0,40,0.0,0.0034696999999823674,7
0.5,20,2,2,16,B2,358.65395314890424,integer optimal solution,0.9,2.0,1,608,0.0,0.026042599999982485,7
0.5,20,2,2,16,B3,349.0326790961036,integer optimal solution,0.85,3.0,1,4630,2.0275170999999546,0.09941709999998238,7
0.5,20,2,2,16,HEUR,358.6539531489043,integer optimal solution,0.9,2.0,1,65,0.0,0.007943999999952212,7
0.5,20,2,2,23,B1,324.83228029940807,integer optimal solution,0.95,1.0,1,41,0.0,0.004145900000025904,5
0.5,20,2,2,23,B2,311.65928249684544,integer optimal solution,0.8,2.0,2,554,0.0,0.02725929999996879,5
0.5,20,2,2,23,B3,307.9297126468786,integer optimal solution,0.7,3.0,2,4379,1.9325469999999996,0.09424430000001394,5
0.5,20,2,2,23,HEUR,314.1720549266832,integer optimal solution,0.85,1.5,2,67,0.0,0.005001500000048509,5
0.5,20,3,2,5,B1,373.60503687986346,integer optimal solution,0.95,1.0,1,61,0.0,0.004201800000032563,6
0.5,20,3,2,5,B2,365.23166747874734,integer optimal solution,0.75,1.6666666666666667,3,890,0.0,0.035136499999907755,6
0.5,20,3,2,5,B3,353.85453636566575,integer optimal solution,0.75,2.5,2,7119,2.468090699999948,0.13918790000002446,6
0.5,20,3,2,5,HEUR,365.74656735890017,integer optimal solution,0.85,1.5,2,100,0.0,0.0060316000000284475,6
0.5,20,3,2,12,B1,344.3787880714947,integer optimal solution,1.0,0.0,0,60,0.0,0.0034759000000121887,7
0.5,20,3,2,12,B2,344.3787880714947,integer optimal solution,1.0,0.0,0,874,0.0,0.03292439999995622,7
0.5,20,3,2,12,B3,344.3787880714947,integer optimal solution,1.0,0.0,0,6624,2.483956899999953,0.14975079999999252,7
0.5,20,3,2,12,HEUR,344.3787880714947,integer optimal solution,1.0,0.0,0,113,0.0,0.007433100000071136,7
0.5,20,3,2,19,B1,346.7221352991652,integer optimal solution,0.9,1.0,2,62,0.0,0.004264200000079654,6
0.5,20,3,2,19,B2,346.72213529916525,integer optimal solution,0.9,1.0,2,909,0.0,0.033207500000003165,6
0.5,20,3,2,19,B3,346.7221352991652,integer optimal solution,0.9,1.0,2,7493,2.731571199999962,0.15373730000010255,6
0.5,20,3,2,19,HEUR,346.7221352991652,integer optimal solution,0.9,1.0,2,96,0.0,0.006729700000050798,6
0.5,20,2,3,1,B1,338.0528039419574,integer optimal solution,0.95,1.0,1,40,0.0,0.0031975000000556975,6
0.5,20,2,3,1,B2,332.15985419455615,integer optimal solution,0.85,1.5,2,572,0.0,0.023906900000042697,6
0.5,20,2,3,1,B3,317.90118333319737,integer optimal solution,0.85,3.0,1,4437,2.260492799999952,0.09972779999998238,6
0.5,20,2,3,1,HEUR,332.1598541945562,integer optimal solution,0.85,1.5,2,64,0.0,0.004544199999941156,6
0.5,20,2,3,8,B1,378.7863504913208,integer optimal solution,0.95,1.0,1,43,0.0,0.003644900000040252,7
0.5,20,2,3,8,B2,375.2640648314619,integer optimal solution,0.85,1.5,2,611,0.0,0.027758000000062566,7
0.5,20,2,3,8,B3,374.5989498104025,integer optimal solution,0.85,3.0,1,5103,3.179684899999984,0.10386510000000726,7
0.5,20,2,3,8,HEUR,375.2640648314619,integer optimal solution,0.85,1.5,2,81,0.0,0.006632300000092073,7
0.5,20,2,3,15,B1,365.66003764529495,integer optimal solution,1.0,0.0,0,40,0.0,0.0034863000000768807,6
0.5,20,2,3,15,B2,365.66003764529495,integer optimal solution,1.0,0.0,0,579,0.0,0.034327200000007,6
0.5,20,2,3,15,B3,365.66003764529495,integer optimal solution,1.0,0.0,0,4451,2.471688200000017,0.1012845999999854,6
0.5,20,2,3,15,HEUR,365.66003764529495,integer optimal solution,1.0,0.0,0,75,0.0,0.00697930000001179,6
0.5,20,2,3,22,B1,353.6965179744921,integer optimal solution,1.0,0.0,0,40,0.0,0.0035642999999936364,5
0.5,20,2,3,22,B2,352.588725503203,integer optimal solution,0.9,2.0,1,578,0.0,0.025097200000004705,5
0.5,20,2,3,22,B3,336.09073182074303,integer optimal solution,0.85,3.0,1,4375,2.297487300000057,0.09286250000002383,5
0.5,20,2,3,22,HEUR,352.588725503203,integer optimal solution,0.9,2.0,1,58,0.0,0.004286900000010974,5
0.5,20,3,3,4,B1,381.26643353517443,integer optimal solution,1.0,0.0,0,60,0.0,0.003438899999991918,8
0.5,20,3,3,4,B2,381.2664335351745,integer optimal solution,1.0,0.0,0,913,0.0,0.03481010000007245,8
0.5,20,3,3,4,B3,381.26643353517443,integer optimal solution,1.0,0.0,0,7356,3.191530999999941,0.18074879999994664,8
0.5,20,3,3,4,HEUR,381.2664335351745,integer optimal solution,1.0,0.0,0,109,0.0,0.00967280000008941,8
0.5,20,3,3,11,B1,384.54827304356434,integer optimal solution,1.0,0.0,0,60,0.0,0.0032095000000254004,5
0.5,20,3,3,11,B2,384.54827304356434,integer optimal solution,1.0,0.0,0,1003,0.0,0.032472600000005514,5
0.5,20,3,3,11,B3,384.54827304356434,integer optimal solution,1.0,0.0,0,8241,3.7309308999999757,0.1665191000000732,5
0.5,20,3,3,11,HEUR,384.54827304356434,integer optimal solution,1.0,0.0,0,103,0.0,0.006305799999950068,5
0.5,20,3,3,18,B1,355.0954656558804,integer optimal solution,1.0,0.0,0,60,0.0,0.0038538000000016837,7
0.5,20,3,3,18,B2,355.09546565588033,integer optimal solution,1.0,0.0,0,896,0.0,0.04391760000009981,7
0.5,20,3,3,18,B3,355.0954656558804,integer optimal solution,1.0,0.0,0,7430,3.5022687000000587,0.17943500000001222,7
0.5,20,3,3,18,HEUR,355.09546565588033,integer optimal solution,1.0,0.0,0,115,0.0,0.009552900000016962,7
0.7,10,2,2,0,B1,154.44680349496704,integer optimal solution,0.8,1.0,2,24,0.0,0.006299899999930858,2
0.7,10,2,2,0,B2,154.446803494967,integer optimal solution,0.8,1.0,2,153,0.0,0.010343199999965691,2
0.7,10,2,2,0,B3,154.446803494967,integer optimal solution,0.8,1.0,2,536,0.23679579999998168,0.02808089999996355,2
0.7,10,2,2,0,HEUR,154.446803494967,integer optimal solution,0.8,1.0,2,30,0.0,0.004666299999939838,2
0.7,10,2,2,0,B4,154.446803494967,integer optimal solution,0.8,1.0,2,1227,1.5436819999999898,0.04362289999994573,2
0.7,10,2,2,7,B1,140.0580659441904,integer optimal solution,0.9,1.0,1,26,0.0,0.004712400000016714,3
0.7,10,2,2,7,B2,127.73162402899223,integer optimal solution,0.6,2.0,2,139,0.0,0.00825329999997848,3
0.7,10,2,2,7,B3,123.34855951546452,integer optimal solution,0.5,2.5,2,485,0.20913559999996778,0.028339399999936177,3
0.7,10,2,2,7,HEUR,138.82068854215598,integer optimal solution,0.7,3.0,1,36,0.0,0.005096400000070389,3
0.7,10,2,2,7,B4,121.94641462414415,integer optimal solution,0.4,3.0,2,1182,1.1716083000000026,0.04516390000003412,3
0.7,10,2,2,14,B1,129.77929083593168,integer optimal solution,0.9,1.0,1,22,0.0,0.003538700000035533,1
0.7,10,2,2,14,B2,126.51130476467354,integer optimal solution,0.8,2.0,1,137,0.0,0.0073939000000109445,1
0.7,10,2,2,14,B3,126.51130476467354,integer optimal solution,0.8,2.0,1,514,0.15265350000004219,0.02936880000004294,1
0.7,10,2,2,14,HEUR,129.77929083593168,integer optimal solution,0.9,1.0,1,25,0.0,0.0035002999999278472,1
0.7,10,2,2,14,B4,126.51130476467353,integer optimal solution,0.8,2.0,1,1311,1.1237459999999828,0.04100630000004912,1
0.7,10,2,2,21,B1,136.11287530886614,integer optimal solution,0.8,1.0,2,25,0.0,0.004480300000068382,3
0.7,10,2,2,21,B2,135.221841858031,integer optimal solution,0.7,1.5,2,156,0.0,0.011505999999940286,3
0.7,10,2,2,21,B3,135.221841858031,integer optimal solution,0.7,1.5,2,552,0.26466470000002573,0.02830539999990833,3
0.7,10,2,2,21,HEUR,135.50968619758848,integer optimal solution,0.6,1.3333333333333333,3,36,0.0,0.005086000000005697,3
0.7,10,2,2,21,B4,135.221841858031,integer optimal solution,0.7,1.5,2,1315,1.8609222000000045,0.051370900000051734,3
0.7,10,3,2,3,B1,139.51451818913597,integer optimal solution,0.7,1.0,3,35,0.0,0.00563190000002578,2
0.7,10,3,2,3,B2,136.0937762768121,integer optimal solution,0.7,1.5,2,206,0.0,0.01114159999997355,2
0.7,10,3,2,3,B3,136.0937762768121,integer optimal solution,0.7,1.5,2,758,0.18129959999998846,0.032270100000005186,2
0.7,10,3,2,3,HEUR,137.25721027457982,integer optimal solution,0.7,1.5,2,48,0.0,0.007681899999965935,2
0.7,10,3,2,3,B4,136.0937762768121,integer optimal solution,0.7,1.5,2,1978,1.207521399999905,0.05502149999995254,2
0.7,10,3,2,10,B1,118.99345938198641,integer optimal solution,0.8,1.0,2,35,0.0,0.0037612999999510066,3
0.7,10,3,2,10,B2,116.72837028253767,integer optimal solution,0.7,1.5,2,224,0.0,0.007502999999928761,3
0.7,10,3,2,10,B3,114.44014960117296,integer optimal solution,0.6,2.0,2,785,0.3168203000000176,0.03116310000007161,3
0.7,10,3,2,10,HEUR,118.99345938198638,integer optimal solution,0.8,1.0,2,55,0.0,0.00587940000002618,3
0.7,10,3,2,10,B4,111.40967333288356,integer optimal solution,0.5,2.5,2,1807,2.5438912999999275,0.04810080000004291,3
0.7,10,3,2,17,B1,112.52692938455269,integer optimal solution,0.8,1.0,2,39,0.0,0.004049699999995937,3
0.7,10,3,2,17,B2,108.54461756841025,integer optimal solution,0.6,2.0,2,197,0.0,0.010433499999976448,3
0.7,10,3,2,17,B3,108.13598767610884,integer optimal solution,0.5,2.5,2,628,0.24976970000000165,0.03135650000001533,3
0.7,10,3,2,17,HEUR,108.54461756841025,integer optimal solution,0.6,2.0,2,55,0.0,0.006610600000044542,3
0.7,10,3,2,17,B4,105.55983340768779,integer optimal solution,0.4,3.0,2,1389,1.322696800000017,0.047720700000013494,3
0.7,10,3,2,24,B1,118.51389546328046,integer optimal solution,0.8,1.0,2,38,0.0,0.004784100000051694,2
0.7,10,3,2,24,B2,118.51389546328048,integer optimal solution,0.8,1.0,2,215,0.0,0.007751900000016576,2
0.7,10,3,2,24,B3,118.51389546328048,integer optimal solution,0.8,1.0,2,722,0.22944489999997586,0.03200570000001335,2
0.7,10,3,2,24,HEUR,118.51389546328048,integer optimal solution,0.8,1.0,2,58,0.0,0.0048759000000018204,2
0.7,10,3,2,24,B4,118.51389546328046,integer optimal solution,0.8,1.0,2,1616,1.3197933000000148,0.048196500000017295,2
0.7,10,2,3,6,B1,122.80107351112734,integer optimal solution,0.7,1.0,3,34,0.0,0.004977699999926699,1
0.7,10,2,3,6,B2,122.80107351112733,integer optimal solution,0.7,1.0,3,143,0.0,0.00943259999996826,1
0.7,10,2,3,6,B3,121.81651893579318,integer optimal solution,0.4,1.5,4,482,0.2963383999999678,0.031926899999916714,1
0.7,10,2,3,6,HEUR,121.81651893579318,integer optimal solution,0.4,1.5,4,36,0.0,0.00598980000006577,1
0.7,10,2,3,6,B4,121.81651893579318,integer optimal solution,0.4,1.5,4,1169,1.7707551000000876,0.047291500000028464,1
0.7,10,2,3,13,B1,123.21228838698059,integer optimal solution,0.7,1.0,3,32,0.0,0.004969399999936286,2
0.7,10,2,3,13,B2,118.03418907334907,integer optimal solution,0.6,2.0,2,163,0.0,0.009062299999982315,2
0.7,10,2,3,13,B3,118.03418907334907,integer optimal solution,0.6,2.0,2,604,0.405103199999985,0.03039349999994556,2
0.7,10,2,3,13,HEUR,123.21228838698059,integer optimal solution,0.7,1.0,3,39,0.0,0.008938699999930577,2
0.7,10,2,3,13,B4,118.03418907334907,integer optimal solution,0.6,2.0,2,1633,3.508037800000011,0.05126180000002023,2
0.7,10,2,3,20,B1,148.43023416431848,integer optimal solution,0.9,1.0,1,23,0.0,0.0033608999999614753,3
0.7,10,2,3,20,B2,148.43023416431848,integer optimal solution,0.9,1.0,1,144,0.0,0.008929000000080123,3
0.7,10,2,3,20,B3,148.43023416431848,integer optimal solution,0.9,1.0,1,510,0.2437476999999717,0.02996810000001915,3
0.7,10,2,3,20,HEUR,148.43023416431848,integer optimal solution,0.9,1.0,1,37,0.0,0.005329399999936868,3
0.7,10,2,3,20,B4,148.43023416431848,integer optimal solution,0.9,1.0,1,1214,1.5026143999999704,0.049281100000030165,3
0.7,10,3,3,2,B1,171.13631328864128,integer optimal solution,0.9,1.0,1,33,0.0,0.00385879999998906,2
0.7,10,3,3,2,B2,171.13631328864128,integer optimal solution,0.9,1.0,1,219,0.0,0.010865299999977651,2
0.7,10,3,3,2,B3,171.13631328864125,integer optimal solution,0.9,1.0,1,846,0.27806060000000343,0.0314607000000251,2
0.7,10,3,3,2,HEUR,171.13631328864128,integer optimal solution,0.9,1.0,1,42,0.0,0.004103699999973287,2
0.7,10,3,3,2,B4,171.13631328864128,integer optimal solution,0.9,1.0,1,2122,1.8929716999999755,0.05294200000003002,2
0.7,10,3,3,9,B1,126.21481686751738,integer optimal solution,0.7,1.0,3,36,0.0,0.005816800000047806,2
0.7,10,3,3,9,B2,123.15406055821796,integer optimal solution,0.6,1.3333333333333333,3,212,0.0,0.01188949999993838,2
0.7,10,3,3,9,B3,123.15406055821796,integer optimal solution,0.6,1.3333333333333333,3,799,0.4171999999999798,0.03776649999997517,2
0.7,10,3,3,9,HEUR,123.15406055821796,integer optimal solution,0.6,1.3333333333333333,3,47,0.0,0.006546500000013111,2
0.7,10,3,3,9,B4,123.15406055821796,integer optimal solution,0.6,1.3333333333333333,3,2034,2.9767571000001,0.05439640000008694,2
0.7,10,3,3,16,B1,144.46300358959962,integer optimal solution,0.8,1.0,2,36,0.0,0.004658000000063112,2
0.7,10,3,3,16,B2,144.46300358959962,integer optimal solution,0.8,1.0,2,244,0.0,0.010153100000025006,2
0.7,10,3,3,16,B3,144.46300358959962,integer optimal solution,0.8,1.0,2,946,0.3723446999999851,0.032762899999966066,2
0.7,10,3,3,16,HEUR,144.46300358959962,integer optimal solution,0.8,1.0,2,55,0.0,0.006384199999956763,2
0.7,10,3,3,16,B4,140.69163471406296,integer optimal solution,0.5,2.5,2,2336,2.8861727999999403,0.05186819999994441,2
0.7,10,3,3,23,B1,140.11230487252487,integer optimal solution,0.8,1.0,2,33,0.0,0.0036098000000492902,3
0.7,10,3,3,23,B2,140.11230487252487,integer optimal solution,0.8,1.0,2,215,0.0,0.010545500000034735,3
0.7,10,3,3,23,B3,140.11230487252487,integer optimal solution,0.8,1.0,2,796,0.28504580000003443,0.03238180000005286,3
0.7,10,3,3,23,HEUR,140.11230487252487,integer optimal solution,0.8,1.0,2,54,0.0,0.006404599999996208,3
0.7,10,3,3,23,B4,140.11230487252487,integer optimal solution,0.8,1.0,2,1935,1.7537082000000055,0.05089399999997113,3
0.7,15,2,2,5,B1,205.1882270768277,integer optimal solution,0.8666666666666667,1.0,2,35,0.0,0.004659500000002481,4
0.7,15,2,2,5,B2,202.47610924202297,integer optimal solution,0.8,1.5,2,304,0.0,0.01378629999999248,4
0.7,15,2,2,5,B3,201.15811469616668,integer optimal solution,0.6666666666666666,1.6666666666666667,3,1565,0.7223734999998896,0.04318850000004204,4
0.7,15,2,2,5,HEUR,205.1882270768277,integer optimal solution,0.8666666666666667,1.0,2,51,0.0,0.006115200000067489,4
0.7,15,2,2,5,B4,201.15811469616668,integer optimal solution,0.6666666666666666,1.6666666666666667,3,5600,8.097041800000056,0.15970870000001014,4
0.7,15,2,2,12,B1,207.44552698055617,integer optimal solution,0.9333333333333333,1.0,1,34,0.0,0.00374469999997018,5
0.7,15,2,2,12,B2,207.44552698055617,integer optimal solution,0.9333333333333333,1.0,1,320,0.0,0.01720809999994799,5
0.7,15,2,2,12,B3,205.21409714669204,integer optimal solution,0.8,3.0,1,1805,0.7636082999999871,0.04465360000006058,5
0.7,15,2,2,12,HEUR,205.21409714669204,integer optimal solution,0.8,3.0,1,53,0.0,0.005414599999994607,5
0.7,15,2,2,12,B4,204.51358563899555,integer optimal solution,0.7333333333333333,4.0,1,7215,9.296216700000059,0.16507769999998345,5
0.7,15,2,2,19,B1,218.81755283272878,integer optimal solution,0.8666666666666667,1.0,2,35,0.0,0.004875100000049315,4
0.7,15,2,2,19,B2,214.86861888376092,integer optimal solution,0.8666666666666667,2.0,1,322,0.0,0.018422200000031808,4
0.7,15,2,2,19,B3,214.86861888376092,integer optimal solution,0.8666666666666667,2.0,1,1805,0.8092292000000043,0.048051800000052936,4
0.7,15,2,2,19,HEUR,218.81755283272878,integer optimal solution,0.8666666666666667,1.0,2,51,0.0,0.007180999999945925,4
0.7,15,2,2,19,B4,214.8686188837609,integer optimal solution,0.8666666666666667,2.0,1,7317,10.977419900000086,0.16820610000002034,4
0.7,15,3,2,1,B1,229.59850829231266,integer optimal solution,0.8666666666666667,1.0,2,56,0.0,0.00491629999999077,4
0.7,15,3,2,1,B2,222.17516974350278,integer optimal solution,0.7333333333333333,2.0,2,545,0.0,0.02338540000005196,4
0.7,15,3,2,1,B3,215.5018588327786,integer optimal solution,0.6666666666666666,2.5,2,3268,1.1943840999999793,0.06556479999994735,4
0.7,15,3,2,1,HEUR,215.5018588327786,integer optimal solution,0.6666666666666666,2.5,2,80,0.0,0.008547499999963293,4
0.7,15,3,2,1,B4,215.44666332357176,integer optimal solution,0.6666666666666666,2.5,2,12883,19.016502699999933,0.2622761000000082,4
0.7,15,3,2,8,B1,225.6587598369921,integer optimal solution,0.8,1.0,3,53,0.0,0.0052378000000317115,4
0.7,15,3,2,8,B2,218.14961041835102,integer optimal solution,0.6,2.0,3,450,0.0,0.026023099999974875,4
0.7,15,3,2,8,B3,215.38168821961298,integer optimal solution,0.5333333333333333,2.3333333333333335,3,2318,0.9224619000000303,0.07140590000005886,4
0.7,15,3,2,8,HEUR,218.8452622646781,integer optimal solution,0.6666666666666666,2.5,2,71,0.0,0.007186300000057599,4
0.7,15,3,2,8,B4,214.9216473146507,integer optimal solution,0.6,3.0,2,8173,9.708457100000032,0.2181061999999656,4
0.7,15,3,2,15,B1,183.8066422088869,integer optimal solution,0.8,1.0,3,58,0.0,0.005072000000041044,4
0.7,15,3,2,15,B2,161.9383472434722,integer optimal solution,0.4666666666666667,2.0,4,496,0.0,0.019966199999998935,4
0.7,15,3,2,15,B3,155.97324169858746,integer optimal solution,0.3333333333333333,2.5,4,2584,1.3604362999999466,0.06542669999998907,4
0.7,15,3,2,15,HEUR,167.58608242674194,integer optimal solution,0.6,2.0,3,78,0.0,0.007114900000033231,4
0.7,15,3,2,15,B4,151.18614744965794,integer optimal solution,0.3333333333333333,3.3333333333333335,3,9444,21.835850400000027,0.2607650999999578,4
0.7,15,3,2,22,B1,203.87784182188574,integer optimal solution,0.8,1.0,3,48,0.0,0.004558699999961391,3
0.7,15,3,2,22,B2,195.17512230957493,integer optimal solution,0.7333333333333333,1.3333333333333333,3,466,0.0,0.021864499999992404,3
0.7,15,3,2,22,B3,190.45172380319616,integer optimal solution,0.6666666666666666,1.6666666666666667,3,2488,1.0024362999999994,0.061083899999971436,3
0.7,15,3,2,22,HEUR,203.02404521204934,integer optimal solution,0.6666666666666666,1.6666666666666667,3,73,0.0,0.006963299999938499,3
0.7,15,3,2,22,B4,189.66333840628602,integer optimal solution,0.6666666666666666,2.5,2,9119,11.958238300000062,0.22773879999999735,3
0.7,15,2,3,4,B1,229.60307903268856,integer optimal solution,0.9333333333333333,1.0,1,36,0.0,0.004364099999975224,3
0.7,15,2,3,4,B2,227.01397487191178,integer optimal solution,0.8666666666666667,2.0,1,322,0.0,0.01741170000002512,3
0.7,15,2,3,4,B3,227.01397487191178,integer optimal solution,0.8666666666666667,2.0,1,1788,0.9532815000000028,0.0418961999999965,3
0.7,15,2,3,4,HEUR,229.60307903268853,integer optimal solution,0.9333333333333333,1.0,1,45,0.0,0.007645600000046215,3
0.7,15,2,3,4,B4,227.01397487191178,integer optimal solution,0.8666666666666667,2.0,1,6752,11.79360100000008,0.16521399999999176,3
0.7,15,2,3,11,B1,222.83296748202497,integer optimal solution,0.8666666666666667,1.0,2,34,0.0,0.004014299999994364,4
0.7,15,2,3,11,B2,222.83296748202497,integer optimal solution,0.8666666666666667,1.0,2,315,0.0,0.015569800000093892,4
0.7,15,2,3,11,B3,222.83296748202497,integer optimal solution,0.8666666666666667,1.0,2,1776,0.7668851000000814,0.04330800000002455,4
0.7,15,2,3,11,HEUR,222.83296748202497,integer optimal solution,0.8666666666666667,1.0,2,50,0.0,0.005645800000024792,4
0.7,15,2,3,11,B4,222.83296748202497,integer optimal solution,0.8666666666666667,1.0,2,7053,8.954408299999955,0.1360908000000336,4
0.7,15,2,3,18,B1,229.1502791954798,integer optimal solution,0.8,1.0,3,45,0.0,0.005242800000132775,5
0.7,15,2,3,18,B2,223.74261636492113,integer optimal solution,0.6,1.5,4,325,0.0,0.017843399999946996,5
0.7,15,2,3,18,B3,220.45288224804253,integer optimal solution,0.5333333333333333,1.75,4,1719,1.190455600000064,0.042839700000058656,5
0.7,15,2,3,18,HEUR,229.15027919547978,integer optimal solution,0.8,1.0,3,62,0.0,0.007589099999904647,5
0.7,15,2,3,18,B4,217.95967586454302,integer optimal solution,0.4666666666666667,2.0,4,6283,17.78078830000004,0.17106220000005123,5
0.7,15,3,3,0,B1,214.23234078932077,integer optimal solution,0.8666666666666667,1.0,2,54,0.0,0.0050343999998858635,4
0.7,15,3,3,0,B2,211.42365959203732,integer optimal solution,0.8,1.5,2,467,0.0,0.022440599999981714,4
0.7,15,3,3,0,B3,207.1134618138051,integer optimal solution,0.6,2.0,3,2410,1.1804764999999406,0.07278160000009848,4
0.7,15,3,3,0,HEUR,211.42365959203732,integer optimal solution,0.8,1.5,2,75,0.0,0.005695699999932913,4
0.7,15,3,3,0,B4,204.9247327082419,integer optimal solution,0.5333333333333333,2.3333333333333335,3,8648,15.544329100000141,0.2723283000000265,4
0.7,15,3,3,7,B1,175.25758753099927,integer optimal solution,0.8,1.0,3,62,0.0,0.009173799999871335,3
0.7,15,3,3,7,B2,172.79855498597544,integer optimal solution,0.7333333333333333,1.3333333333333333,3,465,0.0,0.02630049999993389,3
0.7,15,3,3,7,B3,171.5182074095129,integer optimal solution,0.5333333333333333,1.75,4,2346,1.476036600000043,0.05935929999986911,3
0.7,15,3,3,7,HEUR,173.88678263160975,integer optimal solution,0.6,1.5,4,79,0.0,0.007004099999903701,3
0.7,15,3,3,7,B4,170.96642337712572,integer optimal solution,0.4666666666666667,2.0,4,8112,19.880067899999858,0.2241109999999935,3
0.7,15,3,3,14,B1,215.36156373283973,integer optimal solution,0.8,1.0,3,57,0.0,0.004762000000027911,3
0.7,15,3,3,14,B2,212.18914682315557,integer optimal solution,0.7333333333333333,1.3333333333333333,3,495,0.0,0.01790589999995973,3
0.7,15,3,3,14,B3,212.18914682315557,integer optimal solution,0.7333333333333333,1.3333333333333333,3,2599,1.5056555999999546,0.0606611000000612,3
0.7,15,3,3,14,HEUR,215.10816965356548,integer optimal solution,0.6666666666666666,1.6666666666666667,3,77,0.0,0.008642799999961426,3
0.7,15,3,3,14,B4,208.03053083329158,integer optimal solution,0.6,2.0,3,9369,22.265410599999996,0.2237004999999499,3
0.7,15,3,3,21,B1,201.38830610771151,integer optimal solution,0.8666666666666667,1.0,2,51,0.0,0.004007300000012037,4
0.7,15,3,3,21,B2,199.38598486958188,integer optimal solution,0.8,1.5,2,443,0.0,0.02288829999997688,4
0.7,15,3,3,21,B3,198.72292237909488,integer optimal solution,0.6666666666666666,2.5,2,2370,0.9782901999999467,0.05382810000014615,4
0.7,15,3,3,21,HEUR,201.38830610771151,integer optimal solution,0.8666666666666667,1.0,2,73,0.0,0.005441800000198782,4
0.7,15,3,3,21,B4,198.72292237909488,integer optimal solution,0.6666666666666666,2.5,2,8731,11.804663499999833,0.22737720000009176,4
0.7,20,2,2,3,B1,346.0337113816651,integer optimal solution,0.85,1.0,3,47,0.0,0.004994500000066182,5
0.7,20,2,2,3,B2,329.5308407488484,integer optimal solution,0.75,1.6666666666666667,3,562,0.0,0.025479000000132146,5
0.7,20,2,2,3,B3,322.794461240381,integer optimal solution,0.7,2.0,3,4273,1.8427598000000671,0.09385730000008152,5
0.7,20,2,2,3,HEUR,327.7710445513417,integer optimal solution,0.75,1.6666666666666667,3,75,0.0,0.00850839999998243,5
0.7,20,2,2,10,B1,249.04536326671678,integer optimal solution,0.85,1.0,3,51,0.0,0.0045938000000660395,3
0.7,20,2,2,10,B2,243.03068305892413,integer optimal solution,0.75,1.6666666666666667,3,536,0.0,0.0267029999999977,3
0.7,20,2,2,10,B3,242.0692320328372,integer optimal solution,0.7,2.0,3,3920,1.9431848000001537,0.0952661999999691,3
0.7,20,2,2,10,HEUR,244.48424898768758,integer optimal solution,0.75,1.6666666666666667,3,61,0.0,0.0072713000001840555,3
0.7,20,2,2,17,B1,323.3164551951148,integer optimal solution,0.95,1.0,1,43,0.0,0.0046521000001575885,6
0.7,20,2,2,17,B2,315.935395525606,integer optimal solution,0.9,2.0,1,588,0.0,0.028257199999870863,6
0.7,20,2,2,17,B3,314.4197191035259,integer optimal solution,0.75,2.5,2,4439,1.7848204000001715,0.10300849999998718,6
0.7,20,2,2,17,HEUR,323.3164551951148,integer optimal solution,0.95,1.0,1,75,0.0,0.007613999999875887,6
0.7,20,2,2,24,B1,295.2887752447908,integer optimal solution,0.9,1.0,2,51,0.0,0.004542200000059893,6
0.7,20,2,2,24,B2,292.86701726545135,integer optimal solution,0.75,1.6666666666666667,3,557,0.0,0.028934399999798188,6
0.7,20,2,2,24,B3,285.4939160342427,integer optimal solution,0.7,2.0,3,3968,2.09673470000007,0.09574450000013712,6
0.7,20,2,2,24,HEUR,291.2340106001409,integer optimal solution,0.75,1.6666666666666667,3,75,0.0,0.011513300000160598,6
0.7,20,3,2,6,B1,262.39903181905913,integer optimal solution,0.95,1.0,1,70,0.0,0.004723200000171346,5
0.7,20,3,2,6,B2,258.3627457881446,integer optimal solution,0.75,1.6666666666666667,3,849,0.0,0.03157280000004903,5
0.7,20,3,2,6,B3,252.37270977583353,integer optimal solution,0.65,2.3333333333333335,3,6268,3.0642335000000003,0.15350809999995363,5
0.7,20,3,2,6,HEUR,256.71989551377794,integer optimal solution,0.7,3.0,2,96,0.0,0.009734999999864158,5
0.7,20,3,2,13,B1,317.5727148834799,integer optimal solution,0.95,1.0,1,66,0.0,0.004341399999930218,7
0.7,20,3,2,13,B2,315.1432054577745,integer optimal solution,0.9,2.0,1,840,0.0,0.0367433000001256,7
0.7,20,3,2,13,B3,312.6074925526644,integer optimal solution,0.75,2.5,2,6216,3.3468517999999676,0.17018000000007305,7
0.7,20,3,2,13,HEUR,314.4194596287106,integer optimal solution,0.8,2.0,2,106,0.0,0.010671400000092035,7
0.7,20,3,2,20,B1,271.3727049394893,integer optimal solution,0.9,1.0,2,71,0.0,0.004556500000035157,4
0.7,20,3,2,20,B2,253.72644662829953,integer optimal solution,0.7,2.0,3,834,0.0,0.03169959999991079,4
0.7,20,3,2,20,B3,251.22984729875088,integer optimal solution,0.65,2.3333333333333335,3,5838,2.8955257999998594,0.1249688000000333,4
0.7,20,3,2,20,HEUR,266.0565358763269,integer optimal solution,0.75,1.6666666666666667,3,106,0.0,0.011541999999963082,4
0.7,20,2,3,2,B1,222.74686849415707,integer optimal solution,0.95,1.0,1,52,0.0,0.004516799999919385,6
0.7,20,2,3,2,B2,219.80072845740992,integer optimal solution,0.9,2.0,1,530,0.0,0.021457400000144844,6
0.7,20,2,3,2,B3,218.0122521269122,integer optimal solution,0.7,3.0,2,3822,2.9617071999998643,0.08647249999989981,6
0.7,20,2,3,2,HEUR,218.91765729316992,integer optimal solution,0.85,3.0,1,81,0.0,0.0070161999999527325,6
0.7,20,2,3,9,B1,211.94964686355308,integer optimal solution,0.85,1.0,3,54,0.0,0.005005400000072768,7
0.7,20,2,3,9,B2,206.8267586332272,integer optimal solution,0.7,1.5,4,546,0.0,0.025601599999845348,7
0.7,20,2,3,9,B3,206.10368545428463,integer optimal solution,0.55,1.8,5,3822,3.4009647999998833,0.09032189999993534,7
0.7,20,2,3,9,HEUR,210.52555432438788,integer optimal solution,0.6,1.6,5,81,0.0,0.008875100000068414,7
0.7,20,2,3,16,B1,222.27480433367916,integer optimal solution,0.8,1.0,4,63,0.0,0.00728209999988394,5
0.7,20,2,3,16,B2,207.2960494788184,integer optimal solution,0.65,1.75,4,568,0.0,0.027809000000161177,5
0.7,20,2,3,16,B3,202.6800746392872,integer optimal solution,0.6,2.0,4,3855,4.0116705000000366,0.09711139999990337,5
0.7,20,2,3,16,HEUR,217.85158577556135,integer optimal solution,0.75,1.25,4,83,0.0,0.008803899999975329,5
0.7,20,2,3,23,B1,267.2012205897423,integer optimal solution,0.85,1.0,3,59,0.0,0.0037578000001303735,6
0.7,20,2,3,23,B2,261.44266864271066,integer optimal solution,0.7,1.5,4,575,0.0,0.03483879999998862,6
0.7,20,2,3,23,B3,259.7142871908489,integer optimal solution,0.65,1.75,4,4163,2.298756800000092,0.1288217999999688,6
0.7,20,2,3,23,HEUR,260.4988337886888,integer optimal solution,0.7,1.5,4,83,0.0,0.007088500000008935,6
0.7,20,3,3,5,B1,292.83963445163334,integer optimal solution,0.9,1.0,2,67,0.0,0.0048068000000967,6
0.7,20,3,3,5,B2,292.83963445163334,integer optimal solution,0.9,1.0,2,819,0.0,0.0281648000000132,6
0.7,20,3,3,5,B3,286.3298530365864,integer optimal solution,0.75,1.6666666666666667,3,6215,2.937887499999988,0.13959790000012617,6
0.7,20,3,3,5,HEUR,292.83963445163334,integer optimal solution,0.9,1.0,2,96,0.0,0.008750299999974231,6
0.7,20,3,3,12,B1,270.01364676791167,integer optimal solution,0.85,1.0,3,69,0.0,0.0061336999999639374,5
0.7,20,3,3,12,B2,267.2169894347533,integer optimal solution,0.8,1.3333333333333333,3,794,0.0,0.033149099999945975,5
0.7,20,3,3,12,B3,267.2169894347533,integer optimal solution,0.8,1.3333333333333333,3,5860,2.637204699999984,0.12692169999991165,5
0.7,20,3,3,12,HEUR,269.6868312348366,integer optimal solution,0.75,1.6666666666666667,3,107,0.0,0.00937740000017584,5
0.7,20,3,3,19,B1,320.1717708334055,integer optimal solution,0.9,1.0,2,76,0.0,0.004974500000116677,4
0.7,20,3,3,19,B2,318.03576286810284,integer optimal solution,0.8,2.0,2,905,0.0,0.03274669999996149,4
0.7,20,3,3,19,B3,317.6890269737053,integer optimal solution,0.75,2.5,2,7233,2.877945700000055,0.16172700000015539,4
0.7,20,3,3,19,HEUR,320.1717708334054,integer optimal solution,0.9,1.0,2,98,0.0,0.012738299999909941,4
0.9,10,2,2,1,B1,97.3105515147527,integer optimal solution,0.8,1.0,2,27,0.0,0.004824299999881987,3
0.9,10,2,2,1,B2,92.24607489107632,integer optimal solution,0.2,2.0,4,133,0.0,0.015424700000039593,3
0.9,10,2,2,1,B3,85.52641910327802,integer optimal solution,0.3,2.3333333333333335,3,438,0.4803531000000021,0.04071499999986372,3
0.9,10,2,2,1,HEUR,95.15992095861644,integer optimal solution,0.5,1.6666666666666667,3,37,0.0,0.006116100000099323,3
0.9,10,2,2,1,B4,80.23985595053516,integer optimal solution,0.2,2.6666666666666665,3,1002,5.5483207999998285,0.05719320000002881,3
0.9,10,2,2,8,B1,97.97221494128583,integer optimal solution,0.8,1.0,2,30,0.0,0.007033300000102827,3
0.9,10,2,2,8,B2,97.10508300987864,integer optimal solution,0.7,1.5,2,156,0.0,0.00842970000007881,3
0.9,10,2,2,8,B3,96.15519460063304,integer optimal solution,0.1,2.25,4,553,0.48429110000006403,0.02883790000009867,3
0.9,10,2,2,8,HEUR,97.97221494128581,integer optimal solution,0.8,1.0,2,36,0.0,0.003006099999993239,3
0.9,10,2,2,8,B4,90.85169332679669,integer optimal solution,0.0,2.5,4,1335,5.849642600000152,0.039436600000044564,3
0.9,10,2,2,15,B1,99.38095911311898,integer optimal solution,0.8,1.0,2,32,0.0,0.00385750000009466,3
0.9,10,2,2,15,B2,95.28382885871487,integer optimal solution,0.7,1.5,2,162,0.0,0.008250800000041636,3
0.9,10,2,2,15,B3,92.86037966600234,integer optimal solution,0.4,2.0,3,533,0.5247726000000057,0.02833739999982754,3
0.9,10,2,2,15,HEUR,98.81261962637838,integer optimal solution,0.5,1.6666666666666667,3,40,0.0,0.0052834999999049614,3
0.9,10,2,2,15,B4,89.29774956728977,integer optimal solution,0.3,2.3333333333333335,3,1252,6.47607220000009,0.041083699999944656,3
0.9,10,2,2,22,B1,98.67294750572387,integer optimal solution,0.8,1.0,2,33,0.0,0.0036664000001565,4
0.9,10,2,2,22,B2,91.68804952123142,integer optimal solution,0.2,2.0,4,158,0.0,0.008306899999979578,4
0.9,10,2,2,22,B3,85.68456229754234,integer optimal solution,0.1,2.25,4,530,0.706282599999895,0.031655899999805115,4
0.9,10,2,2,22,HEUR,87.0523753818097,integer optimal solution,0.1,2.25,4,47,0.0,0.00578799999993862,4
0.9,10,2,2,22,B4,81.78444807000763,integer optimal solution,0.0,2.5,4,1255,7.072421800000029,0.04374480000001313,4
0.9,10,3,2,4,B1,115.55707526381319,integer optimal solution,0.8,1.0,2,40,0.0,0.00414760000012393,3
0.9,10,3,2,4,B2,111.21741118006389,integer optimal solution,0.5,1.6666666666666667,3,231,0.0,0.011692399999901681,3
0.9,10,3,2,4,B3,109.21912087973274,integer optimal solution,0.4,2.0,3,818,0.6993138999998791,0.03605110000012246,3
0.9,10,3,2,4,HEUR,113.15641422313944,integer optimal solution,0.5,1.6666666666666667,3,55,0.0,0.006079999999883512,3
0.9,10,3,2,4,B4,106.01925403376114,integer optimal solution,0.0,2.5,4,1982,9.496519499999977,0.07147779999991144,3
0.9,10,3,2,11,B1,103.20208065311944,integer optimal solution,0.8,1.0,2,40,0.0,0.006027500000072905,3
0.9,10,3,2,11,B2,89.30620301988466,integer optimal solution,0.2,2.0,4,239,0.0,0.011467899999843212,3
0.9,10,3,2,11,B3,82.8691162523251,integer optimal solution,0.1,2.25,4,843,0.7227630999998382,0.03597500000000764,3
0.9,10,3,2,11,HEUR,93.549179108328,integer optimal solution,0.2,2.0,4,54,0.0,0.005731599999990067,3
0.9,10,3,2,11,B4,78.02001170132215,integer optimal solution,0.2,2.6666666666666665,3,1999,9.305344800000057,0.06011780000017097,3
0.9,10,3,2,18,B1,86.9875613088741,integer optimal solution,0.8,1.0,2,39,0.0,0.004869600000120045,3
0.9,10,3,2,18,B2,85.54870561826809,integer optimal solution,0.7,1.5,2,241,0.0,0.010264399999869056,3
0.9,10,3,2,18,B3,84.05944035808145,integer optimal solution,0.4,2.0,3,994,0.9464986000000408,0.0309684000001198,3
0.9,10,3,2,18,HEUR,84.05944035808145,integer optimal solution,0.4,2.0,3,58,0.0,0.008718399999906978,3
0.9,10,3,2,18,B4,81.63476328314809,integer optimal solution,0.4,2.0,3,2628,10.83809220000012,0.06389379999995981,3
0.9,10,2,3,0,B1,99.85316004746096,integer optimal solution,0.7,1.0,3,38,0.0,0.005264299999907962,3
0.9,10,2,3,0,B2,95.8124570059851,integer optimal solution,0.6,1.3333333333333333,3,162,0.0,0.008766100000002552,3
0.9,10,2,3,0,B3,94.24015312306508,integer optimal solution,0.3,1.75,4,540,0.6168827999999849,0.027106600000024628,3
0.9,10,2,3,0,HEUR,98.87240790834484,integer optimal solution,0.5,1.6666666666666667,3,50,0.0,0.005680200000142577,3
0.9,10,2,3,0,B4,91.3510468728256,integer optimal solution,0.3,2.3333333333333335,3,1292,7.04434880000008,0.04504369999995106,3
0.9,10,2,3,7,B1,106.77812403309083,integer optimal solution,0.7,1.0,3,39,0.0,0.005705000000034488,4
0.9,10,2,3,7,B2,104.3331998564045,integer optimal solution,0.4,1.5,4,175,0.0,0.009377999999969688,4
0.9,10,2,3,7,B3,98.21565642664012,integer optimal solution,0.1,1.8,5,626,0.6709852999999839,0.03101240000000871,4
0.9,10,2,3,7,HEUR,104.3331998564045,integer optimal solution,0.4,1.5,4,49,0.0,0.004983300000048985,4
0.9,10,2,3,7,B4,94.33616729903862,integer optimal solution,0.1,3.0,3,1530,9.049872199999982,0.03302280000002611,4
0.9,10,2,3,14,B1,89.39147524480711,integer optimal solution,0.8,1.0,2,28,0.0,0.00470580000001064,4
0.9,10,2,3,14,B2,87.54538481374415,integer optimal solution,0.7,1.5,2,155,0.0,0.008268400000133624,4
0.9,10,2,3,14,B3,87.54538481374414,integer optimal solution,0.7,1.5,2,497,0.6493474999999762,0.028473400000166293,4
0.9,10,2,3,14,HEUR,87.54538481374414,integer optimal solution,0.7,1.5,2,46,0.0,0.006327499999997599,4
0.9,10,2,3,14,B4,87.13205121353634,integer optimal solution,0.3,2.3333333333333335,3,1089,7.186751100000038,0.02980470000011337,4
0.9,10,2,3,21,B1,98.1028231253028,integer optimal solution,0.7,1.0,3,29,0.0,0.0041779000000587985,3
0.9,10,2,3,21,B2,93.92196813385095,integer optimal solution,0.6,1.3333333333333333,3,167,0.0,0.007179700000051525,3
0.9,10,2,3,21,B3,93.64365546274584,integer optimal solution,0.4,2.0,3,588,0.6601822999998603,0.02351530000009916,3
0.9,10,2,3,21,HEUR,97.82451045419769,integer optimal solution,0.5,1.6666666666666667,3,38,0.0,0.005343600000060178,3
0.9,10,2,3,21,B4,90.16197640057833,integer optimal solution,0.1,3.0,3,1418,7.634250299999849,0.030142999999952735,3
0.9,10,3,3,3,B1,95.82423426064119,integer optimal solution,0.6,1.0,4,55,0.0,0.006025099999988015,3
0.9,10,3,3,3,B2,83.97700438751167,integer optimal solution,0.3,1.75,4,234,0.0,0.01029770000013741,3
0.9,10,3,3,3,B3,79.41576460452391,integer optimal solution,0.1,2.25,4,782,0.6827640999999858,0.03222389999996267,3
0.9,10,3,3,3,HEUR,84.34593551381572,integer optimal solution,0.2,2.0,4,67,0.0,0.005414700000073935,3
0.9,10,3,3,3,B4,77.64470963469746,integer optimal solution,0.0,2.5,4,1797,7.957222000000002,0.04719380000005913,3
0.9,10,3,3,10,B1,108.98239897819515,integer optimal solution,0.7,1.0,3,44,0.0,0.005043699999987439,2
0.9,10,3,3,10,B2,102.85398664397516,integer optimal solution,0.4,1.5,4,238,0.0,0.010868800000025658,2
0.9,10,3,3,10,B3,100.41215516078033,integer optimal solution,0.3,1.75,4,883,0.717596199999889,0.029827599999862286,2
0.9,10,3,3,10,HEUR,108.98239897819514,integer optimal solution,0.7,1.0,3,55,0.0,0.004181600000038088,2
0.9,10,3,3,10,B4,97.33329442465853,integer optimal solution,0.3,2.3333333333333335,3,2155,9.478020600000036,0.05071459999999206,2
0.9,10,3,3,17,B1,116.69315638449297,integer optimal solution,0.7,1.0,3,39,0.0,0.003293799999937619,4
0.9,10,3,3,17,B2,102.82911835800577,integer optimal solution,0.6,1.3333333333333333,3,212,0.0,0.008077899999989313,4
0.9,10,3,3,17,B3,94.80440999795839,integer optimal solution,0.4,2.0,3,740,0.7521077999999761,0.031574200000022756,4
0.9,10,3,3,17,HEUR,97.71231450766669,integer optimal solution,0.5,1.6666666666666667,3,62,0.0,0.00569879999989098,4
0.9,10,3,3,17,B4,88.3190766390346,integer optimal solution,0.3,2.3333333333333335,3,1787,9.422767400000112,0.0470677999999225,4
0.9,10,3,3,24,B1,103.54459917584008,integer optimal solution,0.8,1.0,2,48,0.0,0.0033284000001003733,3
0.9,10,3,3,24,B2,93.47492125697352,integer optimal solution,0.3,1.75,4,235,0.0,0.009710900000072797,3
0.9,10,3,3,24,B3,89.76100013847245,integer optimal solution,0.4,2.0,3,821,0.7781996999999592,0.025992800000040006,3
0.9,10,3,3,24,HEUR,93.97994595165528,integer optimal solution,0.4,2.0,3,62,0.0,0.006424599999945713,3
0.9,10,3,3,24,B4,89.04142496240276,integer optimal solution,0.3,2.3333333333333335,3,1970,8.926611800000046,0.03300349999994978,3
0.9,15,2,2,6,B1,142.53617153789168,integer optimal solution,0.8,1.0,3,37,0.0,0.0055724999999711144,6
0.9,15,2,2,6,B2,131.6895514755593,integer optimal solution,0.4666666666666667,2.0,4,348,0.0,0.016602800000100615,6
0.9,15,2,2,6,B3,124.68302597052724,integer optimal solution,0.3333333333333333,2.5,4,2010,2.0716792999999143,0.03259539999999106,6
0.9,15,2,2,6,HEUR,136.88185577948872,integer optimal solution,0.4666666666666667,2.0,4,62,0.0,0.005775500000027023,6
0.9,15,2,2,6,B4,118.30822885273676,integer optimal solution,0.2,3.0,4,8048,45.4865049,0.154980999999907,6
0.9,15,2,2,13,B1,181.4772347811913,integer optimal solution,0.8666666666666667,1.0,2,46,0.0,0.00485490000005484,5
0.9,15,2,2,13,B2,167.67555529452878,integer optimal solution,0.5333333333333333,1.75,4,370,0.0,0.0166189999999915,5
0.9,15,2,2,13,B3,151.64006887312476,integer optimal solution,0.4,2.25,4,2159,2.2531056000000262,0.04616660000010597,5
0.9,15,2,2,13,HEUR,166.2106495334607,integer optimal solution,0.5333333333333333,1.75,4,64,0.0,0.007973100000072009,5
0.9,15,2,2,13,B4,143.31519632659038,integer optimal solution,0.26666666666666666,2.75,4,8494,50.2470052000001,0.1439364000000296,5
0.9,15,2,2,20,B1,149.23674604017603,integer optimal solution,0.8,1.0,3,48,0.0,0.0031907000000046537,5
0.9,15,2,2,20,B2,139.3624453435388,integer optimal solution,0.6666666666666666,1.6666666666666667,3,358,0.0,0.011797300000125688,5
0.9,15,2,2,20,B3,131.568459381769,integer optimal solution,0.4,2.25,4,2043,2.1877902000001086,0.03332560000012563,5
0.9,15,2,2,20,HEUR,138.80939817137101,integer optimal solution,0.5333333333333333,2.3333333333333335,3,63,0.0,0.004771600000140097,5
0.9,15,2,2,20,B4,122.25033558575397,integer optimal solution,0.26666666666666666,2.75,4,7810,51.84733110000002,0.14999620000003233,5
0.9,15,3,2,2,B1,161.83654490121904,integer optimal solution,0.8666666666666667,1.0,2,63,0.0,0.005432899999959773,6
0.9,15,3,2,2,B2,140.46848329029694,integer optimal solution,0.3333333333333333,2.0,5,528,0.0,0.02222839999990356,6
0.9,15,3,2,2,B3,129.6594102474215,integer optimal solution,0.2,2.4,5,3007,2.505195599999979,0.06397740000011254,6
0.9,15,3,2,2,HEUR,136.29196260921847,integer optimal solution,0.26666666666666666,2.2,5,91,0.0,0.005801200000178142,6
0.9,15,3,2,2,B4,120.95290281445384,integer optimal solution,0.2,3.0,4,11533,58.258988400000135,0.23864720000005946,6
0.9,15,3,2,9,B1,163.9908617023517,integer optimal solution,0.8666666666666667,1.0,2,59,0.0,0.00421209999990424,5
0.9,15,3,2,9,B2,151.2309992894866,integer optimal solution,0.4666666666666667,2.0,4,526,0.0,0.022334600000021965,5
0.9,15,3,2,9,B3,138.83974597957334,integer optimal solution,0.3333333333333333,2.5,4,2996,2.796603500000174,0.05641070000001491,5
0.9,15,3,2,9,HEUR,157.40178769752396,integer optimal solution,0.4666666666666667,2.0,4,81,0.0,0.006070200000067416,5
0.9,15,3,2,9,B4,128.3443903748826,integer optimal solution,0.2,3.0,4,11459,61.98270789999992,0.3652686000000358,5
0.9,15,3,2,16,B1,147.6362005894628,integer optimal solution,0.8666666666666667,1.0,2,68,0.0,0.0040041999998265965,3
0.9,15,3,2,16,B2,137.9904763154778,integer optimal solution,0.6,2.0,3,563,0.0,0.02591989999996258,3
0.9,15,3,2,16,B3,130.25091088181847,integer optimal solution,0.3333333333333333,2.5,4,3058,2.835782899999913,0.05812300000002324,3
0.9,15,3,2,16,HEUR,143.38717950409054,integer optimal solution,0.4666666666666667,2.0,4,88,0.0,0.010366199999907622,3
0.9,15,3,2,16,B4,123.47679115528443,integer optimal solution,0.06666666666666667,3.5,4,11725,61.79396859999997,0.3994652999999744,3
0.9,15,3,2,23,B1,159.24257836826047,integer optimal solution,0.8666666666666667,1.0,2,60,0.0,0.00601120000010269,5
0.9,15,3,2,23,B2,137.41976901015906,integer optimal solution,0.6,2.0,3,538,0.0,0.02545830000008209,5
0.9,15,3,2,23,B3,131.15311422967525,integer optimal solution,0.5333333333333333,2.3333333333333335,3,2790,2.5437913000000663,0.05615019999981996,5
0.9,15,3,2,23,HEUR,148.5832179461085,integer optimal solution,0.7333333333333333,1.3333333333333333,3,82,0.0,0.006231800000023213,5
0.9,15,3,2,23,B4,124.35086257278394,integer optimal solution,0.2,3.0,4,10317,57.839050900000075,0.21461380000005192,5
0.9,15,2,3,5,B1,141.368514926084,integer optimal solution,0.7333333333333333,1.0,4,48,0.0,0.006216700000095443,5
0.9,15,2,3,5,B2,130.5014573482667,integer optimal solution,0.4666666666666667,1.6,5,356,0.0,0.013830999999981941,5
0.9,15,2,3,5,B3,127.24252395002976,integer optimal solution,0.4,1.8,5,1943,2.677147200000036,0.048772500000040964,5
0.9,15,2,3,5,HEUR,139.49614721578536,integer optimal solution,0.4,1.8,5,73,0.0,0.007195700000011129,5
0.9,15,2,3,5,B4,123.3055349674119,integer optimal solution,0.3333333333333333,2.0,5,7269,51.7088275000001,0.15560729999992873,5
0.9,15,2,3,12,B1,142.00187625989594,integer optimal solution,0.8,1.0,3,59,0.0,0.004194000000097731,5
0.9,15,2,3,12,B2,132.18795896462692,integer optimal solution,0.5333333333333333,1.75,4,344,0.0,0.013550500000064858,5
0.9,15,2,3,12,B3,127.3845739225351,integer optimal solution,0.26666666666666666,2.2,5,1544,2.268458100000089,0.03807469999992463,5
0.9,15,2,3,12,HEUR,135.25058249867226,integer optimal solution,0.6,1.5,4,75,0.0,0.007151699999894845,5
0.9,15,2,3,12,B4,120.45248478502913,integer optimal solution,0.13333333333333333,2.6,5,5256,46.921210199999905,0.12842470000009598,5
0.9,15,2,3,19,B1,141.25942061067448,integer optimal solution,0.8,1.0,3,53,0.0,0.0036681000001408393,5
0.9,15,2,3,19,B2,134.37285459723566,integer optimal solution,0.5333333333333333,1.75,4,356,0.0,0.015130600000020422,5
0.9,15,2,3,19,B3,131.76211074918848,integer optimal solution,0.6,2.0,3,1999,3.0430817999999817,0.04232829999978094,5
0.9,15,2,3,19,HEUR,137.40131192823503,integer optimal solution,0.6666666666666666,1.6666666666666667,3,75,0.0,0.0063201000000390195,5
0.9,15,2,3,19,B4,126.32509278503493,integer optimal solution,0.2,3.0,4,7941,59.84696689999987,0.1733216000000084,5
0.9,15,3,3,1,B1,141.4821902053673,integer optimal solution,0.7333333333333333,1.0,4,71,0.0,0.00461219999988316,6
0.9,15,3,3,1,B2,128.49431246546484,integer optimal solution,0.4,1.8,5,530,0.0,0.017427799999950366,6
0.9,15,3,3,1,B3,119.78187162400027,integer optimal solution,0.13333333333333333,2.1666666666666665,6,2955,3.310410499999989,0.05520189999992908,6
0.9,15,3,3,1,HEUR,127.45582314002137,integer optimal solution,0.3333333333333333,2.0,5,104,0.0,0.004533699999910823,6
0.9,15,3,3,1,B4,112.52592477879125,integer optimal solution,0.06666666666666667,2.8,5,11140,69.90667250000001,0.23408739999990757,6
0.9,15,3,3,8,B1,174.21364428579636,integer optimal solution,0.7333333333333333,1.0,4,64,0.0,0.006232700000055047,5
0.9,15,3,3,8,B2,155.09394107232012,integer optimal solution,0.3333333333333333,2.0,5,496,0.0,0.02046129999985169,5
0.9,15,3,3,8,B3,144.74148985252063,integer optimal solution,0.13333333333333333,2.6,5,2590,2.7415849999999864,0.05996370000002571,5
0.9,15,3,3,8,HEUR,165.52360112305314,integer optimal solution,0.4,1.5,6,83,0.0,0.0074905999999828055,5
0.9,15,3,3,8,B4,136.46838367599133,integer optimal solution,0.2,3.0,4,9245,60.190758999999844,0.1998986999999488,5
0.9,15,3,3,15,B1,154.4327854073836,integer optimal solution,0.8,1.0,3,58,0.0,0.0054181999998945685,6
0.9,15,3,3,15,B2,149.9044487146402,integer optimal solution,0.6666666666666666,1.6666666666666667,3,534,0.0,0.01696399999991627,6
0.9,15,3,3,15,B3,141.110881247289,integer optimal solution,0.4,2.25,4,3073,3.2286121000001913,0.06601359999967826,6
0.9,15,3,3,15,HEUR,145.0874750606371,integer optimal solution,0.6666666666666666,1.6666666666666667,3,81,0.0,0.007180499999776657,6
0.9,15,3,3,15,B4,132.85034903766018,integer optimal solution,0.26666666666666666,2.75,4,11733,72.03712539999992,0.21687269999983982,6
0.9,15,3,3,22,B1,143.67486047961685,integer optimal solution,0.8,1.0,3,62,0.0,0.007633199999872886,6
0.9,15,3,3,22,B2,136.4427000247887,integer optimal solution,0.6,1.5,4,466,0.0,0.024215899999944668,6
0.9,15,3,3,22,B3,129.05642556041371,integer optimal solution,0.4666666666666667,2.0,4,2384,2.817425500000354,0.06249359999992521,6
0.9,15,3,3,22,HEUR,136.04759016834805,integer optimal solution,0.5333333333333333,1.75,4,91,0.0,0.008491500000218366,6
0.9,15,3,3,22,B4,123.22068484093111,integer optimal solution,0.3333333333333333,2.5,4,8349,58.111446700000215,0.18142470000020694,6
0.9,20,2,2,4,B1,226.70508339681055,integer optimal solution,0.85,1.0,3,65,0.0,0.004319799999848328,6
0.9,20,2,2,4,B2,205.75001118891277,integer optimal solution,0.65,1.75,4,621,0.0,0.018546000000242202,6
0.9,20,2,2,4,B3,187.0229698479571,integer optimal solution,0.55,2.25,4,4400,5.664099800000258,0.08143910000035248,6
0.9,20,2,2,4,HEUR,195.88310731044123,integer optimal solution,0.6,2.0,4,83,0.0,0.00609649999978501,6
0.9,20,2,2,11,B1,248.94863768055328,integer optimal solution,0.85,1.0,3,60,0.0,0.013186700000005658,7
0.9,20,2,2,11,B2,230.7191436015628,integer optimal solution,0.65,1.75,4,564,0.0,0.026592400000026828,7
0.9,20,2,2,11,B3,215.38826647740393,integer optimal solution,0.55,2.25,4,4005,5.890582500000164,0.11426940000001196,7
0.9,20,2,2,11,HEUR,229.8259934538578,integer optimal solution,0.7,2.0,3,77,0.0,0.009283800000048359,7
0.9,20,2,2,18,B1,199.23036438959525,integer optimal solution,0.9,1.0,2,58,0.0,0.0036313000000518514,6
0.9,20,2,2,18,B2,195.29856615935637,integer optimal solution,0.75,1.6666666666666667,3,619,0.0,0.020724200000131532,6
0.9,20,2,2,18,B3,184.22104460654734,integer optimal solution,0.65,2.3333333333333335,3,4771,6.050089599999865,0.06884309999986726,6
0.9,20,2,2,18,HEUR,185.21471381186456,integer optimal solution,0.6,2.0,4,80,0.0,0.006434099999751197,6
0.9,20,3,2,0,B1,204.78372561752377,integer optimal solution,0.85,1.0,3,74,0.0,0.005398199999945064,7
0.9,20,3,2,0,B2,188.87139612498328,integer optimal solution,0.7,2.0,3,792,0.0,0.023707999999714957,7
0.9,20,3,2,0,B3,181.04843555557062,integer optimal solution,0.5,2.5,4,5482,6.787956699999995,0.12401590000035867,7
0.9,20,3,2,0,HEUR,190.46378558240787,integer optimal solution,0.6,2.0,4,108,0.0,0.010579199999938282,7
0.9,20,3,2,7,B1,199.84280649253327,integer optimal solution,0.85,1.0,3,76,0.0,0.004324399999859452,8
0.9,20,3,2,7,B2,193.9954168133304,integer optimal solution,0.55,1.8,5,928,0.0,0.02679970000008325,8
0.9,20,3,2,7,B3,181.72817609533425,integer optimal solution,0.4,2.4,5,7096,8.345982899999854,0.11866890000010244,8
0.9,20,3,2,7,HEUR,198.47033604319955,integer optimal solution,0.65,1.75,4,117,0.0,0.006693799999993644,8
0.9,20,3,2,14,B1,246.45510577248223,integer optimal solution,0.9,1.0,2,76,0.0,0.004886599999736063,7
0.9,20,3,2,14,B2,218.28106459341075,integer optimal solution,0.55,1.8,5,850,0.0,0.029786000000058266,7
0.9,20,3,2,14,B3,193.29702729898708,integer optimal solution,0.4,2.4,5,6158,6.948101199999655,0.1217504999999619,7
0.9,20,3,2,14,HEUR,201.21517496771108,integer optimal solution,0.45,2.2,5,113,0.0,0.006754000000000815,7
0.9,20,3,2,21,B1,216.00718020329583,integer optimal solution,0.75,1.0,5,86,0.0,0.006174099999952887,7
0.9,20,3,2,21,B2,194.97570126464558,integer optimal solution,0.5,2.0,5,862,0.0,0.029048700000203098,7
0.9,20,3,2,21,B3,179.03377296194492,integer optimal solution,0.35,2.6,5,5979,6.575847999999951,0.1406818000000385,7
0.9,20,3,2,21,HEUR,186.6870912217541,integer optimal solution,0.45,2.2,5,118,0.0,0.009728800000175397,7
0.9,20,2,3,3,B1,193.04045644245267,integer optimal solution,0.85,1.0,3,59,0.0,0.0053405000003294845,7
0.9,20,2,3,3,B2,190.93410358244358,integer optimal solution,0.7,1.5,4,624,0.0,0.0273829000002479,7
0.9,20,2,3,3,B3,186.08072459610287,integer optimal solution,0.55,2.25,4,4678,6.88995019999993,0.07710129999986748,7
0.9,20,2,3,3,HEUR,189.13115439031068,integer optimal solution,0.6,2.0,4,83,0.0,0.006887800000185962,7
0.9,20,2,3,10,B1,184.61398121031937,integer optimal solution,0.85,1.0,3,70,0.0,0.005494699999871955,8
0.9,20,2,3,10,B2,168.41436468296263,integer optimal solution,0.6,2.0,4,633,0.0,0.028618199999982608,8
0.9,20,2,3,10,B3,160.6377726632915,integer optimal solution,0.4,2.4,5,4534,7.279346199999964,0.08249810000006619,8
0.9,20,2,3,10,HEUR,172.8647830765825,integer optimal solution,0.55,1.8,5,97,0.0,0.006674499999917316,8
0.9,20,2,3,17,B1,176.45117686389332,integer optimal solution,0.85,1.0,3,63,0.0,0.004268099999990227,7
0.9,20,2,3,17,B2,163.43510332284862,integer optimal solution,0.6,2.0,4,557,0.0,0.021177000000079715,7
0.9,20,2,3,17,B3,153.76086974390287,integer optimal solution,0.4,2.4,5,3954,6.54977080000026,0.08847000000014305,7
0.9,20,2,3,17,HEUR,172.5688888641785,integer optimal solution,0.75,1.25,4,85,0.0,0.005980899999940448,7
0.9,20,2,3,24,B1,202.40692386019796,integer optimal solution,0.85,1.0,3,69,0.0,0.0038944000002629764,6
0.9,20,2,3,24,B2,186.00964801278448,integer optimal solution,0.6,2.0,4,640,0.0,0.020256499999959487,6
0.9,20,2,3,24,B3,176.7573075728863,integer optimal solution,0.4,2.4,5,4806,7.614144699999997,0.07672709999997096,6
0.9,20,2,3,24,HEUR,193.82450588090703,integer optimal solution,0.55,1.8,5,94,0.0,0.009402700000009645,6
0.9,20,3,3,6,B1,200.4159033182867,integer optimal solution,0.8,1.0,4,84,0.0,0.005772800000158895,7
0.9,20,3,3,6,B2,186.23260694583698,integer optimal solution,0.65,1.75,4,918,0.0,0.024626099999750295,7
0.9,20,3,3,6,B3,177.03238477318558,integer optimal solution,0.3,2.3333333333333335,6,6996,8.937730900000133,0.15714820000039254,7
0.9,20,3,3,6,HEUR,184.17243143874984,integer optimal solution,0.5,2.0,5,125,0.0,0.007722699999703764,7
0.9,20,3,3,13,B1,182.74717577457815,integer optimal solution,0.8,1.0,4,96,0.0,0.0053145000001677545,6
0.9,20,3,3,13,B2,166.00851637890747,integer optimal solution,0.5,2.0,5,833,0.0,0.030873000000156026,6
0.9,20,3,3,13,B3,158.2091891634851,integer optimal solution,0.4,2.4,5,5957,7.988934800000152,0.1326174999999239,6
0.9,20,3,3,13,HEUR,178.15175224963664,integer optimal solution,0.7,1.5,4,123,0.0,0.007104100000105973,6
0.9,20,3,3,20,B1,197.42452163317753,integer optimal solution,0.85,1.0,3,91,0.0,0.007327499999973952,7
0.9,20,3,3,20,B2,188.25465441296728,integer optimal solution,0.5,2.0,5,896,0.0,0.030286700000033306,7
0.9,20,3,3,20,B3,174.76773930646334,integer optimal solution,0.35,2.6,5,6707,8.196519200000239,0.12304449999965072,7
0.9,20,3,3,20,HEUR,186.30470849470504,integer optimal solution,0.5,2.0,5,128,0.0,0.011414500000228145,7
