alignment,n,n_gw,n_od,rep,menu,true_cost,status,fd_rate,mean_bundle,n_routes,pool_size,t_A,t_B,n_heur_blocks
0.1,10,2,2,3,B1,134.33878162225454,integer optimal solution,0.8,1.0,2,22,0.0,0.008874100000000107,3
0.1,10,2,2,3,B2,134.33878162225454,integer optimal solution,0.8,1.0,2,135,0.0,0.01183360000000011,3
0.1,10,2,2,3,B3,134.33878162225454,integer optimal solution,0.8,1.0,2,474,0.23755279999999998,0.03229000000000015,3
0.1,10,2,2,3,HEUR,134.33878162225454,integer optimal solution,0.8,1.0,2,36,0.0,0.009066199999999913,3
0.1,10,2,2,3,B4,134.33878162225454,integer optimal solution,0.8,1.0,2,1105,1.0605174000000002,0.04090210000000005,3
0.1,10,2,2,10,B1,202.5466518737889,integer optimal solution,1.0,0.0,0,20,0.0,0.004090600000000055,3
0.1,10,2,2,10,B2,202.5466518737889,integer optimal solution,1.0,0.0,0,149,0.0,0.008900600000000036,3
0.1,10,2,2,10,B3,199.34145389208467,integer optimal solution,0.7,3.0,1,565,0.1905576,0.034274499999999986,3
0.1,10,2,2,10,HEUR,202.5466518737889,integer optimal solution,1.0,0.0,0,37,0.0,0.006367200000000128,3
0.1,10,2,2,10,B4,199.34145389208464,integer optimal solution,0.7,3.0,1,1424,1.0225408999999999,0.05087939999999991,3
0.1,10,2,2,17,B1,163.64490794707635,integer optimal solution,0.9,1.0,1,20,0.0,0.004726599999999692,3
0.1,10,2,2,17,B2,161.74306684530728,integer optimal solution,0.8,2.0,1,135,0.0,0.010579500000000408,3
0.1,10,2,2,17,B3,161.7430668453073,integer optimal solution,0.8,2.0,1,461,0.1551095,0.0295292000000007,3
0.1,10,2,2,17,HEUR,161.74306684530728,integer optimal solution,0.8,2.0,1,31,0.0,0.007661300000000537,3
0.1,10,2,2,17,B4,161.74306684530728,integer optimal solution,0.8,2.0,1,1110,0.9502733999999995,0.049150900000000775,3
0.1,10,2,2,24,B1,134.39345218601454,integer optimal solution,0.9,1.0,1,21,0.0,0.003910699999999601,2
0.1,10,2,2,24,B2,134.39345218601454,integer optimal solution,0.9,1.0,1,148,0.0,0.010652900000000187,2
0.1,10,2,2,24,B3,134.39345218601454,integer optimal solution,0.9,1.0,1,519,0.1766690000000004,0.03358170000000005,2
0.1,10,2,2,24,HEUR,134.39345218601454,integer optimal solution,0.9,1.0,1,27,0.0,0.005084699999999387,2
0.1,10,2,2,24,B4,134.39345218601454,integer optimal solution,0.9,1.0,1,1207,1.0625773999999995,0.04887010000000025,2
0.1,10,3,2,6,B1,164.94237032867161,integer optimal solution,0.9,1.0,1,32,0.0,0.004354300000000144,3
0.1,10,3,2,6,B2,164.94237032867161,integer optimal solution,0.9,1.0,1,220,0.0,0.013010799999999989,3
0.1,10,3,2,6,B3,164.94237032867161,integer optimal solution,0.9,1.0,1,772,0.21283279999999927,0.036759899999999845,3
0.1,10,3,2,6,HEUR,164.94237032867161,integer optimal solution,0.9,1.0,1,52,0.0,0.006033799999999978,3
0.1,10,3,2,6,B4,164.94237032867161,integer optimal solution,0.9,1.0,1,1680,1.2476433999999994,0.060772599999999954,3
0.1,10,3,2,13,B1,132.40061499391922,integer optimal solution,0.9,1.0,1,34,0.0,0.006122699999998815,3
0.1,10,3,2,13,B2,130.4258220054224,integer optimal solution,0.7,1.5,2,198,0.0,0.012387699999999668,3
0.1,10,3,2,13,B3,126.30880529023155,integer optimal solution,0.6,2.0,2,652,0.2570413999999994,0.03965550000000029,3
0.1,10,3,2,13,HEUR,126.30880529023153,integer optimal solution,0.6,2.0,2,53,0.0,0.009484999999999744,3
0.1,10,3,2,13,B4,124.81770718889857,integer optimal solution,0.5,2.5,2,1459,1.4846276999999999,0.051809600000000344,3
0.1,10,3,2,20,B1,181.51655206348838,integer optimal solution,0.9,1.0,1,32,0.0,0.003928900000000013,3
0.1,10,3,2,20,B2,181.42773388935663,integer optimal solution,0.7,1.5,2,207,0.0,0.013587400000000471,3
0.1,10,3,2,20,B3,181.03779349962528,integer optimal solution,0.6,2.0,2,735,0.2545938000000003,0.03134230000000038,3
0.1,10,3,2,20,HEUR,181.51655206348835,integer optimal solution,0.9,1.0,1,46,0.0,0.006465999999999639,3
0.1,10,3,2,20,B4,178.26490055277995,integer optimal solution,0.5,2.5,2,1759,1.8166124999999997,0.0629881999999995,3
0.1,10,2,3,2,B1,155.25343995958397,integer optimal solution,0.8,1.0,2,24,0.0,0.007392099999998791,3
0.1,10,2,3,2,B2,139.98769406696636,integer optimal solution,0.8,2.0,1,156,0.0,0.0116227999999996,3
0.1,10,2,3,2,B3,139.98769406696636,integer optimal solution,0.8,2.0,1,559,0.23119460000000025,0.03378639999999855,3
0.1,10,2,3,2,HEUR,139.98769406696636,integer optimal solution,0.8,2.0,1,39,0.0,0.008601900000000384,3
0.1,10,2,3,2,B4,139.98769406696636,integer optimal solution,0.8,2.0,1,1363,1.3611828,0.05303540000000062,3
0.1,10,2,3,9,B1,181.79656738098362,integer optimal solution,0.9,1.0,1,22,0.0,0.003992600000000124,2
0.1,10,2,3,9,B2,181.79656738098365,integer optimal solution,0.9,1.0,1,164,0.0,0.010347700000000515,2
0.1,10,2,3,9,B3,181.79656738098365,integer optimal solution,0.9,1.0,1,665,0.39120319999999964,0.031133999999997997,2
0.1,10,2,3,9,HEUR,181.79656738098362,integer optimal solution,0.9,1.0,1,30,0.0,0.006878300000000337,2
0.1,10,2,3,9,B4,181.79656738098362,integer optimal solution,0.9,1.0,1,1751,3.119549400000002,0.0524805999999991,2
0.1,10,2,3,16,B1,150.40605423790532,integer optimal solution,0.9,1.0,1,22,0.0,0.005922099999999375,3
0.1,10,2,3,16,B2,150.40605423790532,integer optimal solution,0.9,1.0,1,158,0.0,0.022282300000000532,3
0.1,10,2,3,16,B3,150.40605423790532,integer optimal solution,0.9,1.0,1,590,0.38134020000000035,0.03414940000000044,3
0.1,10,2,3,16,HEUR,150.40605423790532,integer optimal solution,0.9,1.0,1,31,0.0,0.005754299999999546,3
0.1,10,2,3,16,B4,150.40605423790532,integer optimal solution,0.9,1.0,1,1422,2.7497611000000006,0.054163400000000195,3
0.1,10,2,3,23,B1,142.08531898596473,integer optimal solution,1.0,0.0,0,24,0.0,0.004359399999998459,4
0.1,10,2,3,23,B2,142.08531898596473,integer optimal solution,1.0,0.0,0,150,0.0,0.011070899999999995,4
0.1,10,2,3,23,B3,142.08531898596473,integer optimal solution,1.0,0.0,0,528,0.3622458000000002,0.03489410000000248,4
0.1,10,2,3,23,HEUR,142.08531898596473,integer optimal solution,1.0,0.0,0,40,0.0,0.005629599999998902,4
0.1,10,2,3,23,B4,142.08531898596473,integer optimal solution,1.0,0.0,0,1222,2.784285399999998,0.04678769999999943,4
0.1,10,3,3,5,B1,160.45110227669244,integer optimal solution,0.9,1.0,1,32,0.0,0.0033047000000010485,2
0.1,10,3,3,5,B2,160.45110227669244,integer optimal solution,0.9,1.0,1,255,0.0,0.012850600000000156,2
0.1,10,3,3,5,B3,151.46866682357472,integer optimal solution,0.6,2.0,2,1010,0.44592650000000233,0.03693710000000294,2
0.1,10,3,3,5,HEUR,160.45110227669244,integer optimal solution,0.9,1.0,1,48,0.0,0.005041300000002025,2
0.1,10,3,3,5,B4,150.06329485498318,integer optimal solution,0.6,4.0,1,2421,3.6814333999999995,0.060224600000001516,2
0.1,10,3,3,12,B1,200.57518383455647,integer optimal solution,0.9,1.0,1,31,0.0,0.004308600000001661,2
0.1,10,3,3,12,B2,200.57518383455647,integer optimal solution,0.9,1.0,1,223,0.0,0.014017500000001348,2
0.1,10,3,3,12,B3,200.57518383455647,integer optimal solution,0.9,1.0,1,822,0.2861417000000017,0.03419159999999977,2
0.1,10,3,3,12,HEUR,200.57518383455647,integer optimal solution,0.9,1.0,1,46,0.0,0.005178700000001868,2
0.1,10,3,3,12,B4,200.57518383455644,integer optimal solution,0.9,1.0,1,2020,1.6738292000000001,0.05298450000000088,2
0.1,10,3,3,19,B1,153.42108418806933,integer optimal solution,0.8,1.0,2,35,0.0,0.005162899999998416,1
0.1,10,3,3,19,B2,153.42108418806933,integer optimal solution,0.8,1.0,2,219,0.0,0.010998199999999514,1
0.1,10,3,3,19,B3,153.42108418806933,integer optimal solution,0.8,1.0,2,833,0.263167499999998,0.0328269999999975,1
0.1,10,3,3,19,HEUR,153.42108418806933,integer optimal solution,0.8,1.0,2,38,0.0,0.006501599999999996,1
0.1,10,3,3,19,B4,153.4210841880693,integer optimal solution,0.8,1.0,2,2007,1.4518710999999982,0.05531039999999976,1
0.1,15,2,2,1,B1,240.50712467249906,integer optimal solution,0.9333333333333333,1.0,1,32,0.0,0.003558700000006354,2
0.1,15,2,2,1,B2,240.50712467249906,integer optimal solution,0.9333333333333333,1.0,1,318,0.0,0.014054299999997966,2
0.1,15,2,2,1,B3,240.50712467249903,integer optimal solution,0.9333333333333333,1.0,1,1763,0.7026197999999972,0.052690599999998255,2
0.1,15,2,2,1,HEUR,240.50712467249903,integer optimal solution,0.9333333333333333,1.0,1,42,0.0,0.006000400000004902,2
0.1,15,2,2,1,B4,240.50712467249903,integer optimal solution,0.9333333333333333,1.0,1,6594,8.220701500000004,0.20879449999999622,2
0.1,15,2,2,8,B1,244.73815527408118,integer optimal solution,0.8666666666666667,1.0,2,35,0.0,0.006468699999999217,4
0.1,15,2,2,8,B2,244.73815527408118,integer optimal solution,0.8666666666666667,1.0,2,327,0.0,0.016509999999996694,4
0.1,15,2,2,8,B3,244.7381552740812,integer optimal solution,0.8666666666666667,1.0,2,1826,0.7020523999999995,0.04947159999999684,4
0.1,15,2,2,8,HEUR,244.73815527408118,integer optimal solution,0.8666666666666667,1.0,2,51,0.0,0.007350199999997642,4
0.1,15,2,2,8,B4,244.7381552740812,integer optimal solution,0.8666666666666667,1.0,2,7146,8.305073700000001,0.18074260000000208,4
0.1,15,2,2,15,B1,223.01446632998392,integer optimal solution,0.9333333333333333,1.0,1,33,0.0,0.005706299999999942,4
0.1,15,2,2,15,B2,223.01446632998392,integer optimal solution,0.9333333333333333,1.0,1,314,0.0,0.01940309999999812,4
0.1,15,2,2,15,B3,219.05270353816945,integer optimal solution,0.8,3.0,1,1875,0.7252726000000038,0.04383789999999976,4
0.1,15,2,2,15,HEUR,223.01446632998395,integer optimal solution,0.9333333333333333,1.0,1,61,0.0,0.007841100000000267,4
0.1,15,2,2,15,B4,217.43735805935424,integer optimal solution,0.7333333333333333,4.0,1,7685,9.1446137,0.1976093999999975,4
0.1,15,2,2,22,B1,203.0556538738335,integer optimal solution,0.8666666666666667,1.0,2,35,0.0,0.0055818000000016355,5
0.1,15,2,2,22,B2,197.0290002980154,integer optimal solution,0.8,1.5,2,302,0.0,0.017969499999992422,5
0.1,15,2,2,22,B3,190.07387568740066,integer optimal solution,0.7333333333333333,2.0,2,1706,0.881306600000002,0.04396919999999227,5
0.1,15,2,2,22,HEUR,203.05565387383348,integer optimal solution,0.8666666666666667,1.0,2,51,0.0,0.007474900000005391,5
0.1,15,2,2,22,B4,185.23500843603588,integer optimal solution,0.6666666666666666,2.5,2,6830,10.4472715,0.19355730000000904,5
0.1,15,3,2,4,B1,231.04557629761354,integer optimal solution,0.9333333333333333,1.0,1,47,0.0,0.0045191999999900645,4
0.1,15,3,2,4,B2,231.0455762976136,integer optimal solution,0.9333333333333333,1.0,1,524,0.0,0.02376639999999952,4
0.1,15,3,2,4,B3,231.04557629761354,integer optimal solution,0.9333333333333333,1.0,1,3176,1.4349915000000095,0.07811860000001047,4
0.1,15,3,2,4,HEUR,231.0455762976136,integer optimal solution,0.9333333333333333,1.0,1,83,0.0,0.008219199999999205,4
0.1,15,3,2,4,B4,231.0455762976136,integer optimal solution,0.9333333333333333,1.0,1,12362,23.5596424,0.2589514999999949,4
0.1,15,3,2,11,B1,277.41107083806656,integer optimal solution,0.9333333333333333,1.0,1,46,0.0,0.004155400000001919,4
0.1,15,3,2,11,B2,277.41107083806656,integer optimal solution,0.9333333333333333,1.0,1,558,0.0,0.027367600000005154,4
0.1,15,3,2,11,B3,277.41107083806656,integer optimal solution,0.9333333333333333,1.0,1,3422,1.135327100000012,0.07500549999998896,4
0.1,15,3,2,11,HEUR,277.41107083806656,integer optimal solution,0.9333333333333333,1.0,1,74,0.0,0.01143450000000712,4
0.1,15,3,2,11,B4,277.41107083806656,integer optimal solution,0.9333333333333333,1.0,1,13438,15.150977999999995,0.2769334999999984,4
0.1,15,3,2,18,B1,250.1678398363779,integer optimal solution,0.8666666666666667,1.0,2,51,0.0,0.0046952000000004546,5
0.1,15,3,2,18,B2,248.73480508307077,integer optimal solution,0.8,1.5,2,508,0.0,0.02080490000000168,5
0.1,15,3,2,18,B3,247.9472956603252,integer optimal solution,0.7333333333333333,2.0,2,2734,0.9757928999999876,0.06137760000000014,5
0.1,15,3,2,18,HEUR,250.16783983637788,integer optimal solution,0.8666666666666667,1.0,2,90,0.0,0.008857500000004848,5
0.1,15,3,2,18,B4,242.7070325023668,integer optimal solution,0.6666666666666666,2.5,2,9641,11.44339459999999,0.234374399999993,5
0.1,15,2,3,0,B1,212.18586575781268,integer optimal solution,0.9333333333333333,1.0,1,38,0.0,0.004124399999994921,5
0.1,15,2,3,0,B2,212.1499670154829,integer optimal solution,0.8,1.5,2,310,0.0,0.015072500000002265,5
0.1,15,2,3,0,B3,208.6152907761248,integer optimal solution,0.7333333333333333,2.0,2,1648,0.7604703999999884,0.04449589999998693,5
0.1,15,2,3,0,HEUR,212.18586575781268,integer optimal solution,0.9333333333333333,1.0,1,57,0.0,0.007128599999987273,5
0.1,15,2,3,0,B4,206.41116993745894,integer optimal solution,0.6666666666666666,2.5,2,6055,8.233866399999997,0.1648629000000028,5
0.1,15,2,3,7,B1,282.26086838562105,integer optimal solution,1.0,0.0,0,30,0.0,0.003216700000024275,4
0.1,15,2,3,7,B2,282.260868385621,integer optimal solution,1.0,0.0,0,336,0.0,0.023953299999988076,4
0.1,15,2,3,7,B3,282.26086838562105,integer optimal solution,1.0,0.0,0,1939,1.1338388000000066,0.043700900000004594,4
0.1,15,2,3,7,HEUR,282.26086838562105,integer optimal solution,1.0,0.0,0,52,0.0,0.007933499999978721,4
0.1,15,2,3,7,B4,282.26086838562105,integer optimal solution,1.0,0.0,0,7451,13.525937999999996,0.1691453999999908,4
0.1,15,2,3,14,B1,247.94833128101783,integer optimal solution,0.9333333333333333,1.0,1,32,0.0,0.0033640999999988708,5
0.1,15,2,3,14,B2,247.03668449994248,integer optimal solution,0.8666666666666667,2.0,1,337,0.0,0.016227299999997058,5
0.1,15,2,3,14,B3,244.8337756825111,integer optimal solution,0.8,3.0,1,1945,1.2986626000000001,0.051822200000003704,5
0.1,15,2,3,14,HEUR,247.78656287182724,integer optimal solution,0.8,3.0,1,50,0.0,0.006277900000014824,5
0.1,15,2,3,14,B4,242.22779386999292,integer optimal solution,0.4666666666666667,4.0,2,7479,18.164001600000006,0.16275740000000383,5
0.1,15,2,3,21,B1,257.17526150040226,integer optimal solution,0.8666666666666667,1.0,2,36,0.0,0.0042577000000108,4
0.1,15,2,3,21,B2,257.17526150040226,integer optimal solution,0.8666666666666667,1.0,2,345,0.0,0.016311199999989867,4
0.1,15,2,3,21,B3,257.1752615004022,integer optimal solution,0.8666666666666667,1.0,2,2057,1.1337570000000028,0.04875889999999572,4
0.1,15,2,3,21,HEUR,257.17526150040226,integer optimal solution,0.8666666666666667,1.0,2,56,0.0,0.007658600000013394,4
0.1,15,2,3,21,B4,257.17526150040226,integer optimal solution,0.8666666666666667,1.0,2,8108,18.141391900000002,0.195541999999989,4
0.1,15,3,3,3,B1,238.63687986760817,integer optimal solution,0.9333333333333333,1.0,1,49,0.0,0.003005199999989827,3
0.1,15,3,3,3,B2,238.63687986760817,integer optimal solution,0.9333333333333333,1.0,1,499,0.0,0.02404770000001122,3
0.1,15,3,3,3,B3,238.63687986760817,integer optimal solution,0.9333333333333333,1.0,1,2832,1.1383382999999867,0.06699170000001686,3
0.1,15,3,3,3,HEUR,238.6368798676082,integer optimal solution,0.9333333333333333,1.0,1,69,0.0,0.010360300000002098,3
0.1,15,3,3,3,B4,238.63687986760817,integer optimal solution,0.9333333333333333,1.0,1,10664,15.136021299999982,0.228751299999999,3
0.1,15,3,3,10,B1,266.8280055982996,integer optimal solution,0.9333333333333333,1.0,1,49,0.0,0.003922299999999268,3
0.1,15,3,3,10,B2,266.82800559829957,integer optimal solution,0.9333333333333333,1.0,1,504,0.0,0.02390059999999039,3
0.1,15,3,3,10,B3,266.8280055982996,integer optimal solution,0.9333333333333333,1.0,1,2889,1.068819899999994,0.07066240000000334,3
0.1,15,3,3,10,HEUR,266.82800559829957,integer optimal solution,0.9333333333333333,1.0,1,69,0.0,0.007348400000012134,3
0.1,15,3,3,10,B4,266.82800559829957,integer optimal solution,0.9333333333333333,1.0,1,11074,12.48451080000001,0.26521880000001374,3
0.1,15,3,3,17,B1,223.18424041272752,integer optimal solution,0.8666666666666667,1.0,2,49,0.0,0.003741199999979017,4
0.1,15,3,3,17,B2,223.1842404127275,integer optimal solution,0.8666666666666667,1.0,2,448,0.0,0.023781700000000683,4
0.1,15,3,3,17,B3,223.1842404127275,integer optimal solution,0.8666666666666667,1.0,2,2573,0.9591130999999962,0.06428710000000137,4
0.1,15,3,3,17,HEUR,223.1842404127275,integer optimal solution,0.8666666666666667,1.0,2,69,0.0,0.0072285999999905926,4
0.1,15,3,3,17,B4,223.1842404127275,integer optimal solution,0.8666666666666667,1.0,2,10234,11.633752699999974,0.23232909999998697,4
0.1,15,3,3,24,B1,307.9835154526673,integer optimal solution,1.0,0.0,0,46,0.0,0.0034653000000162137,4
0.1,15,3,3,24,B2,307.9835154526673,integer optimal solution,1.0,0.0,0,507,0.0,0.02461310000001049,4
0.1,15,3,3,24,B3,305.8163989803717,integer optimal solution,0.8,3.0,1,2822,1.0323668000000055,0.07343739999998888,4
0.1,15,3,3,24,HEUR,307.9835154526673,integer optimal solution,1.0,0.0,0,89,0.0,0.009802899999982628,4
0.1,15,3,3,24,B4,298.42372455367826,integer optimal solution,0.7333333333333333,4.0,1,10318,12.357851699999998,0.247866700000003,4
0.1,20,2,2,6,B1,278.5908168364622,integer optimal solution,0.9,1.0,2,46,0.0,0.006798400000008087,6
0.1,20,2,2,6,B2,278.5908168364622,integer optimal solution,0.9,1.0,2,568,0.0,0.026501100000018596,6
0.1,20,2,2,6,B3,278.5908168364622,integer optimal solution,0.9,1.0,2,4368,1.897050400000012,0.10388100000000122,6
0.1,20,2,2,6,HEUR,278.5908168364622,integer optimal solution,0.9,1.0,2,72,0.0,0.006503600000002052,6
0.1,20,2,2,13,B1,350.21442469570337,integer optimal solution,1.0,0.0,0,45,0.0,0.0036752999999976055,6
0.1,20,2,2,13,B2,339.527943925811,integer optimal solution,0.9,2.0,1,572,0.0,0.027088800000001356,6
0.1,20,2,2,13,B3,328.7059844695649,integer optimal solution,0.75,2.5,2,4359,1.919085200000012,0.10006119999999896,6
0.1,20,2,2,13,HEUR,339.5279439258111,integer optimal solution,0.9,2.0,1,74,0.0,0.008044900000015787,6
0.1,20,2,2,20,B1,342.6384684405479,integer optimal solution,0.95,1.0,1,47,0.0,0.004164399999979196,4
0.1,20,2,2,20,B2,339.25410184420275,integer optimal solution,0.75,1.6666666666666667,3,557,0.0,0.027631499999984044,4
0.1,20,2,2,20,B3,329.31829536498185,integer optimal solution,0.65,2.3333333333333335,3,4184,2.008427800000021,0.09712700000000041,4
0.1,20,2,2,20,HEUR,340.8371359917614,integer optimal solution,0.8,2.0,2,56,0.0,0.008478900000000067,4
0.1,20,3,2,2,B1,315.7752054786113,integer optimal solution,0.9,1.0,2,66,0.0,0.004243900000005851,5
0.1,20,3,2,2,B2,314.1876361547891,integer optimal solution,0.85,1.5,2,871,0.0,0.03347239999999374,5
0.1,20,3,2,2,B3,313.38003675664805,integer optimal solution,0.85,3.0,1,6678,2.67809170000001,0.15210860000001958,5
0.1,20,3,2,2,HEUR,315.7752054786113,integer optimal solution,0.9,1.0,2,116,0.0,0.0110344000000282,5
0.1,20,3,2,9,B1,286.16427617894834,integer optimal solution,0.95,1.0,1,62,0.0,0.004586900000049354,7
0.1,20,3,2,9,B2,284.8370021077315,integer optimal solution,0.85,1.5,2,820,0.0,0.03552430000002005,7
0.1,20,3,2,9,B3,282.62076529315544,integer optimal solution,0.8,2.0,2,5804,2.5546911999999793,0.14726770000004308,7
0.1,20,3,2,9,HEUR,286.16427617894834,integer optimal solution,0.95,1.0,1,105,0.0,0.007971599999962109,7
0.1,20,3,2,16,B1,340.03783645445316,integer optimal solution,0.85,1.0,3,65,0.0,0.004936799999995856,5
0.1,20,3,2,16,B2,335.84333865267934,integer optimal solution,0.8,2.0,2,835,0.0,0.03408069999994723,5
0.1,20,3,2,16,B3,332.8757470500088,integer optimal solution,0.8,2.0,2,6571,2.7896054000000277,0.16059789999997065,5
0.1,20,3,2,16,HEUR,336.7636624590018,integer optimal solution,0.85,3.0,1,101,0.0,0.023576300000001993,5
0.1,20,3,2,23,B1,287.733388033573,integer optimal solution,0.95,1.0,1,67,0.0,0.005643200000008619,5
0.1,20,3,2,23,B2,284.5265977256695,integer optimal solution,0.85,1.5,2,835,0.0,0.034767600000009224,5
0.1,20,3,2,23,B3,279.64908895662546,integer optimal solution,0.8,2.0,2,6225,2.8926792999999975,0.15161609999995562,5
0.1,20,3,2,23,HEUR,280.7891947656817,integer optimal solution,0.8,2.0,2,99,0.0,0.010607699999980014,5
0.1,20,2,3,5,B1,303.591808408012,integer optimal solution,0.85,1.0,3,49,0.0,0.00496659999998883,5
0.1,20,2,3,5,B2,298.9251048092428,integer optimal solution,0.75,1.6666666666666667,3,540,0.0,0.03221190000004981,5
0.1,20,2,3,5,B3,285.56060052124076,integer optimal solution,0.65,2.3333333333333335,3,3824,2.7692274999999995,0.08808330000005071,5
0.1,20,2,3,5,HEUR,294.05459659870274,integer optimal solution,0.65,2.3333333333333335,3,68,0.0,0.012604500000009011,5
0.1,20,2,3,12,B1,325.1367949122394,integer optimal solution,0.85,1.0,3,46,0.0,0.006150599999955375,7
0.1,20,2,3,12,B2,323.06772879472993,integer optimal solution,0.85,1.5,2,587,0.0,0.030176799999992454,7
0.1,20,2,3,12,B3,323.06772879472993,integer optimal solution,0.85,1.5,2,4439,2.421014800000023,0.10450689999998986,7
0.1,20,2,3,12,HEUR,323.1024003992674,integer optimal solution,0.8,1.3333333333333333,3,79,0.0,0.01070020000003069,7
0.1,20,2,3,19,B1,323.27948574167533,integer optimal solution,0.85,1.0,3,47,0.0,0.005442499999958272,6
0.1,20,2,3,19,B2,318.14123021729324,integer optimal solution,0.75,1.6666666666666667,3,546,0.0,0.02899590000004082,6
0.1,20,2,3,19,B3,310.7903693710026,integer optimal solution,0.7,3.0,2,3940,2.809494700000016,0.09933630000000448,6
0.1,20,2,3,19,HEUR,323.27948574167533,integer optimal solution,0.85,1.0,3,72,0.0,0.009536400000001777,6
0.1,20,3,3,1,B1,339.8254714443179,integer optimal solution,1.0,0.0,0,63,0.0,0.004004100000031485,6
0.1,20,3,3,1,B2,339.8254714443179,integer optimal solution,1.0,0.0,0,865,0.0,0.035685099999966496,6
0.1,20,3,3,1,B3,339.8254714443178,integer optimal solution,1.0,0.0,0,6504,2.9460818000000017,0.14180229999999483,6
0.1,20,3,3,1,HEUR,339.8254714443178,integer optimal solution,1.0,0.0,0,104,0.0,0.00609190000000126,6
0.1,20,3,3,8,B1,360.1322182351251,integer optimal solution,0.9,1.0,2,67,0.0,0.0046919000000116284,4
0.1,20,3,3,8,B2,360.1322182351251,integer optimal solution,0.9,1.0,2,851,0.0,0.03283310000000483,4
0.1,20,3,3,8,B3,356.02008509755746,integer optimal solution,0.85,3.0,1,6644,3.052505800000006,0.18055820000000722,4
0.1,20,3,3,8,HEUR,356.02008509755746,integer optimal solution,0.85,3.0,1,100,0.0,0.011257100000023001,4
0.1,20,3,3,15,B1,310.6445463201654,integer optimal solution,0.85,1.0,3,68,0.0,0.004798599999958242,6
0.1,20,3,3,15,B2,305.4194529393727,integer optimal solution,0.8,1.3333333333333333,3,837,0.0,0.031213499999978467,6
0.1,20,3,3,15,B3,299.5787920927595,integer optimal solution,0.75,1.6666666666666667,3,6604,3.339567299999999,0.1559868999999594,6
0.1,20,3,3,15,HEUR,305.66660741627925,integer optimal solution,0.8,1.3333333333333333,3,97,0.0,0.015581600000018625,6
0.1,20,3,3,22,B1,324.2578651499332,integer optimal solution,1.0,0.0,0,63,0.0,0.00480219999997189,3
0.1,20,3,3,22,B2,324.2578651499332,integer optimal solution,1.0,0.0,0,882,0.0,0.030494699999962904,3
0.1,20,3,3,22,B3,324.2578651499332,integer optimal solution,1.0,0.0,0,6714,3.327399899999989,0.16746790000001965,3
0.1,20,3,3,22,HEUR,324.25786514993325,integer optimal solution,1.0,0.0,0,91,0.0,0.01172950000000128,3
0.3,10,2,2,4,B1,181.76275126608815,integer optimal solution,1.0,0.0,0,20,0.0,0.003291799999999512,3
0.3,10,2,2,4,B2,181.76275126608815,integer optimal solution,1.0,0.0,0,144,0.0,0.008904900000004545,3
0.3,10,2,2,4,B3,181.76275126608815,integer optimal solution,1.0,0.0,0,534,0.21319070000004103,0.03026209999995899,3
0.3,10,2,2,4,HEUR,181.76275126608815,integer optimal solution,1.0,0.0,0,35,0.0,0.004836800000020958,3
0.3,10,2,2,4,B4,181.76275126608815,integer optimal solution,1.0,0.0,0,1365,1.3858723000000168,0.04191520000000537,3
0.3,10,2,2,11,B1,142.85489177586925,integer optimal solution,0.8,1.0,2,23,0.0,0.0032614000000421584,3
0.3,10,2,2,11,B2,142.85489177586925,integer optimal solution,0.8,1.0,2,140,0.0,0.008782399999972768,3
0.3,10,2,2,11,B3,142.85489177586925,integer optimal solution,0.8,1.0,2,473,0.16919389999998202,0.02665749999999889,3
0.3,10,2,2,11,HEUR,142.85489177586925,integer optimal solution,0.8,1.0,2,34,0.0,0.004511600000000726,3
0.3,10,2,2,11,B4,142.85489177586925,integer optimal solution,0.8,1.0,2,1030,0.9399665000000255,0.04359010000001717,3
0.3,10,2,2,18,B1,171.11646014489702,integer optimal solution,0.8,1.0,2,23,0.0,0.005022399999973004,2
0.3,10,2,2,18,B2,171.116460144897,integer optimal solution,0.8,1.0,2,153,0.0,0.010209000000031665,2
0.3,10,2,2,18,B3,171.116460144897,integer optimal solution,0.8,1.0,2,614,0.23904039999996485,0.03309079999996811,2
0.3,10,2,2,18,HEUR,171.11646014489702,integer optimal solution,0.8,1.0,2,31,0.0,0.004882000000009157,2
0.3,10,2,2,18,B4,171.116460144897,integer optimal solution,0.8,1.0,2,1653,2.105995000000007,0.04998310000001993,2
0.3,10,3,2,0,B1,124.35652332356132,integer optimal solution,0.8,1.0,2,33,0.0,0.0038588999999547013,2
0.3,10,3,2,0,B2,124.35652332356133,integer optimal solution,0.8,1.0,2,195,0.0,0.01234730000004447,2
0.3,10,3,2,0,B3,124.35652332356133,integer optimal solution,0.8,1.0,2,677,0.20924180000002934,0.03237619999998742,2
0.3,10,3,2,0,HEUR,124.35652332356132,integer optimal solution,0.8,1.0,2,47,0.0,0.006270699999959106,2
0.3,10,3,2,0,B4,124.35652332356133,integer optimal solution,0.8,1.0,2,1627,1.2653750999999716,0.0516587000000186,2
0.3,10,3,2,7,B1,176.12171321665363,integer optimal solution,1.0,0.0,0,30,0.0,0.003173200000048837,3
0.3,10,3,2,7,B2,176.12171321665366,integer optimal solution,1.0,0.0,0,223,0.0,0.009307999999975891,3
0.3,10,3,2,7,B3,176.1217132166537,integer optimal solution,1.0,0.0,0,778,0.23103210000004992,0.03947189999996681,3
0.3,10,3,2,7,HEUR,176.1217132166537,integer optimal solution,1.0,0.0,0,50,0.0,0.005534699999998338,3
0.3,10,3,2,7,B4,176.12171321665366,integer optimal solution,1.0,0.0,0,1815,1.361223300000006,0.05432959999996001,3
0.3,10,3,2,14,B1,152.71147045337156,integer optimal solution,0.8,1.0,2,34,0.0,0.003892000000007556,3
0.3,10,3,2,14,B2,151.29616868092504,integer optimal solution,0.6,1.3333333333333333,3,188,0.0,0.011382599999990362,3
0.3,10,3,2,14,B3,145.1854357034277,integer optimal solution,0.6,2.0,2,629,0.2257404000000065,0.035538099999996575,3
0.3,10,3,2,14,HEUR,152.71147045337153,integer optimal solution,0.8,1.0,2,50,0.0,0.008189700000002631,3
0.3,10,3,2,14,B4,141.2920152166019,integer optimal solution,0.5,2.5,2,1477,1.2831295999999952,0.05377579999998261,3
0.3,10,3,2,21,B1,163.5348058708783,integer optimal solution,1.0,0.0,0,30,0.0,0.0030348999999887383,2
0.3,10,3,2,21,B2,163.53480587087827,integer optimal solution,1.0,0.0,0,226,0.0,0.010748300000045674,2
0.3,10,3,2,21,B3,163.53480587087827,integer optimal solution,1.0,0.0,0,929,0.2768283999999994,0.03344169999996893,2
0.3,10,3,2,21,HEUR,163.53480587087827,integer optimal solution,1.0,0.0,0,49,0.0,0.0045084999999858155,2
0.3,10,3,2,21,B4,163.53480587087827,integer optimal solution,1.0,0.0,0,2508,1.8290366999999605,0.05171079999996664,2
0.3,10,2,3,3,B1,164.13938324804596,integer optimal solution,1.0,0.0,0,23,0.0,0.00324140000003581,2
0.3,10,2,3,3,B2,161.15878692834815,integer optimal solution,0.8,2.0,1,136,0.0,0.007923699999992095,2
0.3,10,2,3,3,B3,157.5687980490686,integer optimal solution,0.7,3.0,1,472,0.2280430999999794,0.027733000000011998,2
0.3,10,2,3,3,HEUR,161.15878692834815,integer optimal solution,0.8,2.0,1,31,0.0,0.004278999999996813,2
0.3,10,2,3,3,B4,156.74264916970924,integer optimal solution,0.6,4.0,1,1133,1.2859975000000077,0.04267659999999296,2
0.3,10,2,3,10,B1,148.52297570101578,integer optimal solution,0.9,1.0,1,23,0.0,0.0034622999999669446,3
0.3,10,2,3,10,B2,137.50895347961614,integer optimal solution,0.7,1.5,2,149,0.0,0.009806700000012825,3
0.3,10,2,3,10,B3,127.5466151879167,integer optimal solution,0.7,3.0,1,594,0.3498462999999674,0.02984750000001668,3
0.3,10,2,3,10,HEUR,137.50895347961617,integer optimal solution,0.7,1.5,2,32,0.0,0.0047883000000297216,3
0.3,10,2,3,10,B4,119.30670062082856,integer optimal solution,0.6,4.0,1,1535,2.640662500000019,0.04923079999997526,3
0.3,10,2,3,17,B1,164.06508799805067,integer optimal solution,1.0,0.0,0,20,0.0,0.004052000000001499,3
0.3,10,2,3,17,B2,164.06508799805067,integer optimal solution,1.0,0.0,0,159,0.0,0.00855210000003126,3
0.3,10,2,3,17,B3,164.06508799805067,integer optimal solution,1.0,0.0,0,646,0.29712699999998904,0.032247199999972054,3
0.3,10,2,3,17,HEUR,164.06508799805067,integer optimal solution,1.0,0.0,0,28,0.0,0.0073137999999630665,3
0.3,10,2,3,17,B4,164.06508799805067,integer optimal solution,1.0,0.0,0,1683,2.3309543000000303,0.04915870000002087,3
0.3,10,2,3,24,B1,161.22119136603882,integer optimal solution,0.9,1.0,1,23,0.0,0.003961399999980131,2
0.3,10,2,3,24,B2,161.22119136603882,integer optimal solution,0.9,1.0,1,142,0.0,0.008120399999995698,2
0.3,10,2,3,24,B3,161.22119136603882,integer optimal solution,0.9,1.0,1,535,0.20741149999997788,0.033888100000012855,2
0.3,10,2,3,24,HEUR,161.2211913660388,integer optimal solution,0.9,1.0,1,29,0.0,0.004957699999977194,2
0.3,10,2,3,24,B4,161.22119136603882,integer optimal solution,0.9,1.0,1,1327,1.3784148999999957,0.047711199999980636,2
0.3,10,3,3,6,B1,157.39607636150097,integer optimal solution,1.0,0.0,0,32,0.0,0.0033943999999905827,3
0.3,10,3,3,6,B2,157.39607636150097,integer optimal solution,1.0,0.0,0,209,0.0,0.014788299999963783,3
0.3,10,3,3,6,B3,157.39607636150097,integer optimal solution,1.0,0.0,0,765,0.29741350000000466,0.038073599999961516,3
0.3,10,3,3,6,HEUR,157.39607636150097,integer optimal solution,1.0,0.0,0,50,0.0,0.005836299999998573,3
0.3,10,3,3,6,B4,157.39607636150097,integer optimal solution,1.0,0.0,0,1809,2.038232800000003,0.06341609999998354,3
0.3,10,3,3,13,B1,172.8576818389953,integer optimal solution,0.9,1.0,1,32,0.0,0.006040399999960755,4
0.3,10,3,3,13,B2,172.85768183899526,integer optimal solution,0.9,1.0,1,237,0.0,0.012278600000001916,4
0.3,10,3,3,13,B3,172.85768183899526,integer optimal solution,0.9,1.0,1,973,0.3005743000000507,0.034554599999978564,4
0.3,10,3,3,13,HEUR,172.8576818389953,integer optimal solution,0.9,1.0,1,57,0.0,0.00470269999999573,4
0.3,10,3,3,13,B4,172.85768183899526,integer optimal solution,0.9,1.0,1,2669,2.2146568,0.05876660000001266,4
0.3,10,3,3,20,B1,155.27721331582848,integer optimal solution,0.9,1.0,1,39,0.0,0.004948299999966821,2
0.3,10,3,3,20,B2,150.92609178647905,integer optimal solution,0.6,2.0,2,203,0.0,0.01248129999999037,2
0.3,10,3,3,20,B3,147.52453077177785,integer optimal solution,0.5,2.5,2,690,0.24712649999997893,0.03576810000004116,2
0.3,10,3,3,20,HEUR,155.27721331582848,integer optimal solution,0.9,1.0,1,51,0.0,0.006582700000024033,2
0.3,10,3,3,20,B4,147.33702349563228,integer optimal solution,0.5,2.5,2,1626,1.3473469000000478,0.046886499999970965,2
0.3,15,2,2,2,B1,211.5223729305606,integer optimal solution,0.8666666666666667,1.0,2,33,0.0,0.00481969999998455,4
0.3,15,2,2,2,B2,208.54448621991668,integer optimal solution,0.7333333333333333,2.0,2,325,0.0,0.017303900000001704,4
0.3,15,2,2,2,B3,208.54448621991668,integer optimal solution,0.7333333333333333,2.0,2,1938,0.7351757000000134,0.04694699999998875,4
0.3,15,2,2,2,HEUR,211.466959472289,integer optimal solution,0.8,1.5,2,53,0.0,0.00701320000001715,4
0.3,15,2,2,2,B4,208.54448621991668,integer optimal solution,0.7333333333333333,2.0,2,7837,10.506668399999967,0.16898709999998118,4
0.3,15,2,2,9,B1,271.3829766375893,integer optimal solution,0.8666666666666667,1.0,2,34,0.0,0.00461680000000797,4
0.3,15,2,2,9,B2,271.05062090446063,integer optimal solution,0.8666666666666667,2.0,1,354,0.0,0.01633609999998953,4
0.3,15,2,2,9,B3,271.05062090446063,integer optimal solution,0.8666666666666667,2.0,1,2230,0.9652960999999891,0.04917640000002166,4
0.3,15,2,2,9,HEUR,271.05062090446063,integer optimal solution,0.8666666666666667,2.0,1,46,0.0,0.0069431999999665095,4
0.3,15,2,2,9,B4,271.05062090446063,integer optimal solution,0.8666666666666667,2.0,1,9381,15.647029999999972,0.199776399999962,4
0.3,15,2,2,16,B1,251.5209104289507,integer optimal solution,0.8666666666666667,1.0,2,33,0.0,0.005377699999996821,4
0.3,15,2,2,16,B2,251.52091042895069,integer optimal solution,0.8666666666666667,1.0,2,320,0.0,0.016939400000012483,4
0.3,15,2,2,16,B3,251.5209104289507,integer optimal solution,0.8666666666666667,1.0,2,1742,0.8171140999999693,0.04807910000005222,4
0.3,15,2,2,16,HEUR,251.5209104289507,integer optimal solution,0.8666666666666667,1.0,2,59,0.0,0.008152999999992971,4
0.3,15,2,2,16,B4,251.52091042895069,integer optimal solution,0.8666666666666667,1.0,2,6359,10.606607899999972,0.16210219999999254,4
0.3,15,2,2,23,B1,247.4870863522158,integer optimal solution,0.9333333333333333,1.0,1,31,0.0,0.0034587000000101398,5
0.3,15,2,2,23,B2,246.90013871663243,integer optimal solution,0.8666666666666667,2.0,1,322,0.0,0.016619899999966492,5
0.3,15,2,2,23,B3,246.0185527851488,integer optimal solution,0.8,3.0,1,1889,0.7820045999999934,0.04386949999997114,5
0.3,15,2,2,23,HEUR,247.4870863522158,integer optimal solution,0.9333333333333333,1.0,1,56,0.0,0.006870599999956539,5
0.3,15,2,2,23,B4,246.0185527851488,integer optimal solution,0.8,3.0,1,7528,10.086552599999948,0.1676862999999571,5
0.3,15,3,2,5,B1,263.91093386892453,integer optimal solution,0.9333333333333333,1.0,1,46,0.0,0.003969100000006165,5
0.3,15,3,2,5,B2,260.8799618039874,integer optimal solution,0.8666666666666667,2.0,1,525,0.0,0.02311059999999543,5
0.3,15,3,2,5,B3,260.8799618039874,integer optimal solution,0.8666666666666667,2.0,1,3167,1.100663300000008,0.06624149999998963,5
0.3,15,3,2,5,HEUR,263.91093386892453,integer optimal solution,0.9333333333333333,1.0,1,89,0.0,0.00690279999997756,5
0.3,15,3,2,5,B4,260.8799618039874,integer optimal solution,0.8666666666666667,2.0,1,13240,17.215391399999987,0.26174619999994775,5
0.3,15,3,2,12,B1,190.165978603412,integer optimal solution,0.8666666666666667,1.0,2,55,0.0,0.0038335999999503656,5
0.3,15,3,2,12,B2,186.4662067745656,integer optimal solution,0.6666666666666666,1.6666666666666667,3,427,0.0,0.022421300000019073,5
0.3,15,3,2,12,B3,182.61930890177428,integer optimal solution,0.5333333333333333,2.3333333333333335,3,2208,1.1435880999999881,0.053833300000007966,5
0.3,15,3,2,12,HEUR,183.87138074870876,integer optimal solution,0.5333333333333333,2.3333333333333335,3,97,0.0,0.010862900000006448,5
0.3,15,3,2,12,B4,179.33577023847138,integer optimal solution,0.4666666666666667,2.6666666666666665,3,7993,14.22364269999997,0.2150543000000198,5
0.3,15,3,2,19,B1,242.22798178403744,integer optimal solution,0.8,1.0,3,49,0.0,0.005008700000018962,3
0.3,15,3,2,19,B2,235.6892467613975,integer optimal solution,0.7333333333333333,1.3333333333333333,3,478,0.0,0.02210530000002109,3
0.3,15,3,2,19,B3,228.00435857054157,integer optimal solution,0.6666666666666666,1.6666666666666667,3,2732,0.9230782000000204,0.06665060000000267,3
0.3,15,3,2,19,HEUR,242.2279817840374,integer optimal solution,0.8,1.0,3,68,0.0,0.007390699999973549,3
0.3,15,3,2,19,B4,228.00435857054157,integer optimal solution,0.6666666666666666,1.6666666666666667,3,10726,11.436925499999973,0.23521669999996675,3
0.3,15,2,3,1,B1,233.5316832445037,integer optimal solution,0.8666666666666667,1.0,2,35,0.0,0.003854699999976674,3
0.3,15,2,3,1,B2,229.80668714276902,integer optimal solution,0.7333333333333333,1.3333333333333333,3,309,0.0,0.0165590000000293,3
0.3,15,2,3,1,B3,220.08382318568718,integer optimal solution,0.6,3.0,2,1702,1.1153451999999788,0.04652740000000222,3
0.3,15,2,3,1,HEUR,223.95811238823472,integer optimal solution,0.7333333333333333,2.0,2,57,0.0,0.007304999999973916,3
0.3,15,2,3,1,B4,219.26939433289186,integer optimal solution,0.5333333333333333,3.5,2,6178,14.445610699999975,0.1699198000000024,3
0.3,15,2,3,8,B1,230.92626783609924,integer optimal solution,0.8666666666666667,1.0,2,38,0.0,0.004753799999946295,4
0.3,15,2,3,8,B2,229.78977480366186,integer optimal solution,0.7333333333333333,1.3333333333333333,3,322,0.0,0.017318100000011327,4
0.3,15,2,3,8,B3,227.7116941865292,integer optimal solution,0.6666666666666666,1.6666666666666667,3,1801,0.9789159999999697,0.04616980000002968,4
0.3,15,2,3,8,HEUR,230.92626783609924,integer optimal solution,0.8666666666666667,1.0,2,60,0.0,0.007694399999991219,4
0.3,15,2,3,8,B4,224.981043683047,integer optimal solution,0.6666666666666666,2.5,2,6942,10.418012099999999,0.1869090000000142,4
0.3,15,2,3,15,B1,270.8813938519446,integer optimal solution,0.8666666666666667,1.0,2,34,0.0,0.005545700000027409,4
0.3,15,2,3,15,B2,263.1487702546876,integer optimal solution,0.8,1.5,2,337,0.0,0.01624939999999242,4
0.3,15,2,3,15,B3,260.2584569182785,integer optimal solution,0.7333333333333333,2.0,2,1913,0.9815505000000257,0.047442499999988286,4
0.3,15,2,3,15,HEUR,263.1487702546876,integer optimal solution,0.8,1.5,2,54,0.0,0.006436699999994744,4
0.3,15,2,3,15,B4,258.7169962617792,integer optimal solution,0.6666666666666666,2.5,2,6976,11.02927440000002,0.17850210000000288,4
0.3,15,2,3,22,B1,235.8639401462104,integer optimal solution,1.0,0.0,0,36,0.0,0.004405599999984133,4
0.3,15,2,3,22,B2,229.48730162732707,integer optimal solution,0.8666666666666667,2.0,1,335,0.0,0.01637199999998984,4
0.3,15,2,3,22,B3,225.15556457560152,integer optimal solution,0.8,3.0,1,1943,1.0810447000000067,0.04556100000002061,4
0.3,15,2,3,22,HEUR,229.48730162732707,integer optimal solution,0.8666666666666667,2.0,1,47,0.0,0.005608199999983299,4
0.3,15,2,3,22,B4,224.22916352553395,integer optimal solution,0.7333333333333333,4.0,1,7823,14.289449999999988,0.18457419999998592,4
0.3,15,3,3,4,B1,243.1094412867804,integer optimal solution,0.9333333333333333,1.0,1,46,0.0,0.003518900000017311,4
0.3,15,3,3,4,B2,243.1094412867804,integer optimal solution,0.9333333333333333,1.0,1,481,0.0,0.023512400000015532,4
0.3,15,3,3,4,B3,243.1094412867804,integer optimal solution,0.9333333333333333,1.0,1,2711,1.2333108000000266,0.06354659999999512,4
0.3,15,3,3,4,HEUR,243.10944128678042,integer optimal solution,0.9333333333333333,1.0,1,67,0.0,0.006766200000015488,4
0.3,15,3,3,4,B4,243.1094412867804,integer optimal solution,0.9333333333333333,1.0,1,10593,17.78177260000001,0.22760389999996278,4
0.3,15,3,3,11,B1,317.71890815663573,integer optimal solution,1.0,0.0,0,45,0.0,0.004494999999963056,5
0.3,15,3,3,11,B2,310.9728630623086,integer optimal solution,0.8666666666666667,2.0,1,482,0.0,0.02447749999998905,5
0.3,15,3,3,11,B3,306.12797535988244,integer optimal solution,0.8,3.0,1,2786,1.073577499999999,0.07543069999996987,5
0.3,15,3,3,11,HEUR,310.97286306230865,integer optimal solution,0.8666666666666667,2.0,1,75,0.0,0.00934919999997419,5
0.3,15,3,3,11,B4,297.34121264023855,integer optimal solution,0.7333333333333333,4.0,1,10813,13.170674900000051,0.2561723000000029,5
0.3,15,3,3,18,B1,252.78913302578513,integer optimal solution,0.8,1.0,3,52,0.0,0.005350399999997535,5
0.3,15,3,3,18,B2,242.2656774327187,integer optimal solution,0.6666666666666666,1.25,4,475,0.0,0.02302190000000337,5
0.3,15,3,3,18,B3,238.03949589310764,integer optimal solution,0.6,1.5,4,2666,1.035164399999985,0.06022070000005897,5
0.3,15,3,3,18,HEUR,242.26567743271866,integer optimal solution,0.6666666666666666,1.25,4,83,0.0,0.007130800000027193,5
0.3,15,3,3,18,B4,231.66843834483126,integer optimal solution,0.6,2.0,3,10499,13.142644800000028,0.23707730000000993,5
0.3,20,2,2,0,B1,300.0297319030401,integer optimal solution,0.85,1.0,3,43,0.0,0.00578819999998359,4
0.3,20,2,2,0,B2,285.8548992752056,integer optimal solution,0.75,1.6666666666666667,3,595,0.0,0.02715679999994336,4
0.3,20,2,2,0,B3,278.43617095942994,integer optimal solution,0.7,2.0,3,4525,1.9921800999999277,0.09860279999998056,4
0.3,20,2,2,0,HEUR,286.9458273042526,integer optimal solution,0.8,1.3333333333333333,3,61,0.0,0.0073012000000289845,4
0.3,20,2,2,7,B1,342.49944344319545,integer optimal solution,1.0,0.0,0,42,0.0,0.004581500000085725,6
0.3,20,2,2,7,B2,342.4994434431954,integer optimal solution,1.0,0.0,0,591,0.0,0.025759999999991123,6
0.3,20,2,2,7,B3,342.43211160045,integer optimal solution,0.85,3.0,1,4968,2.4127884999999196,0.10046640000007301,6
0.3,20,2,2,7,HEUR,342.49944344319545,integer optimal solution,1.0,0.0,0,75,0.0,0.008622899999977562,6
0.3,20,2,2,14,B1,358.0893219591623,integer optimal solution,0.9,1.0,2,42,0.0,0.0052498000000014144,3
0.3,20,2,2,14,B2,353.0292955773035,integer optimal solution,0.85,1.5,2,563,0.0,0.02758249999999407,3
0.3,20,2,2,14,B3,350.61485372603283,integer optimal solution,0.85,3.0,1,4447,1.9362982999999758,0.09656440000003386,3
0.3,20,2,2,14,HEUR,350.61485372603283,integer optimal solution,0.85,3.0,1,56,0.0,0.008456899999941925,3
0.3,20,2,2,21,B1,312.42147251783524,integer optimal solution,0.9,1.0,2,45,0.0,0.0044500999999854685,5
0.3,20,2,2,21,B2,306.9133737346422,integer optimal solution,0.8,1.3333333333333333,3,551,0.0,0.02747620000002371,5
0.3,20,2,2,21,B3,303.95388680544545,integer optimal solution,0.75,1.6666666666666667,3,4153,2.2997344999999996,0.10198209999998653,5
0.3,20,2,2,21,HEUR,306.9133737346422,integer optimal solution,0.8,1.3333333333333333,3,71,0.0,0.02162440000006427,5
0.3,20,3,2,3,B1,312.0526919955284,integer optimal solution,1.0,0.0,0,63,0.0,0.004938899999956448,6
0.3,20,3,2,3,B2,309.85903219459465,integer optimal solution,0.9,2.0,1,805,0.0,0.031836500000054,6
0.3,20,3,2,3,B3,308.2708610885648,integer optimal solution,0.85,3.0,1,6026,2.3451703000000634,0.1464419999999791,6
0.3,20,3,2,3,HEUR,311.599800141047,integer optimal solution,0.85,3.0,1,101,0.0,0.013373400000091351,6
0.3,20,3,2,10,B1,332.2332493294312,integer optimal solution,0.95,1.0,1,61,0.0,0.003746499999920161,6
0.3,20,3,2,10,B2,332.2332493294312,integer optimal solution,0.95,1.0,1,837,0.0,0.030824000000052365,6
0.3,20,3,2,10,B3,332.2332493294312,integer optimal solution,0.95,1.0,1,6391,2.463987599999996,0.15353449999997792,6
0.3,20,3,2,10,HEUR,332.2332493294312,integer optimal solution,0.95,1.0,1,119,0.0,0.008394800000019131,6
0.3,20,3,2,17,B1,307.3093905360123,integer optimal solution,0.95,1.0,1,60,0.0,0.004241699999965931,6
0.3,20,3,2,17,B2,297.6129884771424,integer optimal solution,0.9,2.0,1,849,0.0,0.03363950000004934,6
0.3,20,3,2,17,B3,293.3185325707008,integer optimal solution,0.85,3.0,1,6585,3.07123660000002,0.15198310000005222,6
0.3,20,3,2,17,HEUR,297.6129884771424,integer optimal solution,0.9,2.0,1,108,0.0,0.00968960000000152,6
0.3,20,3,2,24,B1,299.6026416779996,integer optimal solution,0.95,1.0,1,63,0.0,0.003781699999990451,7
0.3,20,3,2,24,B2,296.08105165484506,integer optimal solution,0.9,2.0,1,822,0.0,0.03136899999992693,7
0.3,20,3,2,24,B3,296.08105165484506,integer optimal solution,0.9,2.0,1,6428,2.4311589999999796,0.15786919999993643,7
0.3,20,3,2,24,HEUR,296.08105165484506,integer optimal solution,0.9,2.0,1,105,0.0,0.008046400000012,7
0.3,20,2,3,6,B1,342.90785379166465,integer optimal solution,0.9,1.0,2,43,0.0,0.004078400000025795,6
0.3,20,2,3,6,B2,342.9078537916647,integer optimal solution,0.9,1.0,2,556,0.0,0.027824999999893407,6
0.3,20,2,3,6,B3,342.90785379166465,integer optimal solution,0.9,1.0,2,4280,2.409416800000031,0.10296329999994214,6
0.3,20,2,3,6,HEUR,342.90785379166465,integer optimal solution,0.9,1.0,2,70,0.0,0.010301000000026761,6
0.3,20,2,3,13,B1,345.44790824118144,integer optimal solution,0.9,1.0,2,45,0.0,0.006514100000003964,5
0.3,20,2,3,13,B2,331.9380367142059,integer optimal solution,0.85,1.5,2,541,0.0,0.029282299999977113,5
0.3,20,2,3,13,B3,327.02108795487,integer optimal solution,0.8,2.0,2,4062,2.2135814000000664,0.09519069999998919,5
0.3,20,2,3,13,HEUR,331.93803671420585,integer optimal solution,0.85,1.5,2,63,0.0,0.007410099999901831,5
0.3,20,2,3,20,B1,264.9520302968292,integer optimal solution,0.9,1.0,2,54,0.0,0.0058399999999210195,5
0.3,20,2,3,20,B2,257.36756379066384,integer optimal solution,0.75,1.6666666666666667,3,531,0.0,0.0274319000000105,5
0.3,20,2,3,20,B3,251.56088197231713,integer optimal solution,0.7,2.0,3,3696,3.128647800000067,0.0973681000000397,5
0.3,20,2,3,20,HEUR,264.9520302968292,integer optimal solution,0.9,1.0,2,80,0.0,0.007479699999976219,5
0.3,20,3,3,2,B1,350.74621561390876,integer optimal solution,1.0,0.0,0,63,0.0,0.00403720000008434,5
0.3,20,3,3,2,B2,344.5465231958015,integer optimal solution,0.9,2.0,1,881,0.0,0.03255059999992227,5
0.3,20,3,3,2,B3,340.2249402838993,integer optimal solution,0.85,3.0,1,7079,3.065886999999975,0.1662597999999207,5
0.3,20,3,3,2,HEUR,345.0600655725898,integer optimal solution,0.85,3.0,1,95,0.0,0.009665899999959038,5
0.3,20,3,3,9,B1,329.57323948976256,integer optimal solution,0.95,1.0,1,62,0.0,0.004054800000062642,5
0.3,20,3,3,9,B2,329.5732394897626,integer optimal solution,0.95,1.0,1,865,0.0,0.044393700000000536,5
0.3,20,3,3,9,B3,329.57323948976256,integer optimal solution,0.95,1.0,1,6829,3.0607874999999467,0.16872409999996307,5
0.3,20,3,3,9,HEUR,329.57323948976267,integer optimal solution,0.95,1.0,1,103,0.0,0.007023600000024999,5
0.3,20,3,3,16,B1,293.7189866968703,integer optimal solution,0.95,1.0,1,69,0.0,0.004548900000031608,6
0.3,20,3,3,16,B2,289.46786445211063,integer optimal solution,0.8,2.0,2,861,0.0,0.03558209999994233,6
0.3,20,3,3,16,B3,283.79761249370756,integer optimal solution,0.65,2.3333333333333335,3,6483,3.7025273000000425,0.154335299999957,6
0.3,20,3,3,16,HEUR,293.7189866968702,integer optimal solution,0.95,1.0,1,124,0.0,0.007056000000034146,6
0.3,20,3,3,23,B1,315.65576172110167,integer optimal solution,0.95,1.0,1,64,0.0,0.00441590000002634,6
0.3,20,3,3,23,B2,314.5981792702652,integer optimal solution,0.9,2.0,1,850,0.0,0.033993599999917024,6
0.3,20,3,3,23,B3,310.14556638011294,integer optimal solution,0.75,2.5,2,6317,2.926321299999927,0.15445609999994758,6
0.3,20,3,3,23,HEUR,315.65576172110167,integer optimal solution,0.95,1.0,1,112,0.0,0.011699000000021442,6
0.5,10,2,2,5,B1,194.84432122761993,integer optimal solution,1.0,0.0,0,20,0.0,0.003659500000026128,2
0.5,10,2,2,5,B2,194.84432122761993,integer optimal solution,1.0,0.0,0,168,0.0,0.01263169999992897,2
0.5,10,2,2,5,B3,194.84432122761993,integer optimal solution,1.0,0.0,0,651,0.278220000000033,0.028596300000003794,2
0.5,10,2,2,5,HEUR,194.84432122761993,integer optimal solution,1.0,0.0,0,30,0.0,0.005321800000047006,2
0.5,10,2,2,5,B4,191.96062330048431,integer optimal solution,0.6,4.0,1,1601,1.9029745999999932,0.043183800000065276,2
0.5,10,2,2,12,B1,198.5561011444907,integer optimal solution,1.0,0.0,0,20,0.0,0.0029772000000320986,3
0.5,10,2,2,12,B2,198.55610114449075,integer optimal solution,1.0,0.0,0,158,0.0,0.007801500000027772,3
0.5,10,2,2,12,B3,198.5561011444907,integer optimal solution,1.0,0.0,0,620,0.22983909999993557,0.02895489999991696,3
0.5,10,2,2,12,HEUR,198.55610114449073,integer optimal solution,1.0,0.0,0,34,0.0,0.00477160000002641,3
0.5,10,2,2,12,B4,198.55610114449073,integer optimal solution,1.0,0.0,0,1503,1.6371642000000293,0.04840669999998681,3
0.5,10,2,2,19,B1,182.15247051574573,integer optimal solution,1.0,0.0,0,20,0.0,0.003484500000013213,3
0.5,10,2,2,19,B2,182.15247051574573,integer optimal solution,1.0,0.0,0,156,0.0,0.011182699999949364,3
0.5,10,2,2,19,B3,182.15247051574573,integer optimal solution,1.0,0.0,0,554,0.21528720000003432,0.026612999999997555,3
0.5,10,2,2,19,HEUR,182.15247051574573,integer optimal solution,1.0,0.0,0,32,0.0,0.004197399999952722,3
0.5,10,2,2,19,B4,182.15247051574573,integer optimal solution,1.0,0.0,0,1346,1.2154416000000765,0.04461739999999281,3
0.5,10,3,2,1,B1,182.35125547945376,integer optimal solution,1.0,0.0,0,30,0.0,0.0034623999999894295,3
0.5,10,3,2,1,B2,182.35125547945376,integer optimal solution,1.0,0.0,0,221,0.0,0.008323300000029121,3
0.5,10,3,2,1,B3,182.35125547945376,integer optimal solution,1.0,0.0,0,804,0.22691650000001573,0.034406200000034914,3
0.5,10,3,2,1,HEUR,182.35125547945376,integer optimal solution,1.0,0.0,0,48,0.0,0.004271000000017011,3
0.5,10,3,2,1,B4,182.35125547945376,integer optimal solution,1.0,0.0,0,1934,1.3326806000000033,0.050798699999972996,3
0.5,10,3,2,8,B1,150.3788406917334,integer optimal solution,1.0,0.0,0,30,0.0,0.0026316000000861095,1
0.5,10,3,2,8,B2,150.37884069173336,integer optimal solution,1.0,0.0,0,225,0.0,0.009528599999953258,1
0.5,10,3,2,8,B3,150.37884069173336,integer optimal solution,1.0,0.0,0,764,0.2563921000000846,0.030144399999926463,1
0.5,10,3,2,8,HEUR,150.37884069173336,integer optimal solution,1.0,0.0,0,41,0.0,0.004626499999972111,1
0.5,10,3,2,8,B4,150.37884069173336,integer optimal solution,1.0,0.0,0,1763,1.4976120000000037,0.05030490000001464,1
0.5,10,3,2,15,B1,161.0524821128197,integer optimal solution,0.9,1.0,1,31,0.0,0.004269899999940208,2
0.5,10,3,2,15,B2,161.0524821128197,integer optimal solution,0.9,1.0,1,221,0.0,0.017246000000000095,2
0.5,10,3,2,15,B3,161.0524821128197,integer optimal solution,0.9,1.0,1,879,0.2501785999999129,0.038892899999950714,2
0.5,10,3,2,15,HEUR,161.0524821128197,integer optimal solution,0.9,1.0,1,47,0.0,0.004721600000038961,2
0.5,10,3,2,15,B4,161.0524821128197,integer optimal solution,0.9,1.0,1,2377,1.7191883000000416,0.05257510000001275,2
0.5,10,3,2,22,B1,184.46884494137845,integer optimal solution,1.0,0.0,0,30,0.0,0.0025861000000304557,3
0.5,10,3,2,22,B2,184.46884494137845,integer optimal solution,1.0,0.0,0,204,0.0,0.010347200000069279,3
0.5,10,3,2,22,B3,184.46884494137845,integer optimal solution,1.0,0.0,0,737,0.20280099999990853,0.03461019999997461,3
0.5,10,3,2,22,HEUR,184.46884494137845,integer optimal solution,1.0,0.0,0,50,0.0,0.015194500000006883,3
0.5,10,3,2,22,B4,184.46884494137845,integer optimal solution,1.0,0.0,0,1805,1.136334300000044,0.05398159999992913,3
0.5,10,2,3,4,B1,151.63828257121793,integer optimal solution,0.9,1.0,1,21,0.0,0.0035574999999425927,2
0.5,10,2,3,4,B2,151.63828257121793,integer optimal solution,0.9,1.0,1,138,0.0,0.009672499999965112,2
0.5,10,2,3,4,B3,151.63828257121793,integer optimal solution,0.9,1.0,1,492,0.20632190000003447,0.03082289999997556,2
0.5,10,2,3,4,HEUR,151.63828257121796,integer optimal solution,0.9,1.0,1,31,0.0,0.005298499999980777,2
0.5,10,2,3,4,B4,151.63828257121796,integer optimal solution,0.9,1.0,1,1208,1.2792349000000058,0.046273200000086945,2
0.5,10,2,3,11,B1,186.25160615850922,integer optimal solution,1.0,0.0,0,20,0.0,0.0040642000000161715,3
0.5,10,2,3,11,B2,186.2516061585092,integer optimal solution,1.0,0.0,0,182,0.0,0.00892199999998411,3
0.5,10,2,3,11,B3,186.2516061585092,integer optimal solution,1.0,0.0,0,766,0.42366229999993266,0.030889099999967584,3
0.5,10,2,3,11,HEUR,186.25160615850922,integer optimal solution,1.0,0.0,0,42,0.0,0.0050919999999905485,3
0.5,10,2,3,11,B4,186.25160615850922,integer optimal solution,1.0,0.0,0,2170,4.038996499999939,0.05361210000000938,3
0.5,10,2,3,18,B1,182.68139759902698,integer optimal solution,1.0,0.0,0,20,0.0,0.002981300000101328,3
0.5,10,2,3,18,B2,182.68139759902695,integer optimal solution,1.0,0.0,0,138,0.0,0.007818299999939882,3
0.5,10,2,3,18,B3,182.68139759902695,integer optimal solution,1.0,0.0,0,552,0.2693545999999287,0.027664600000093742,3
0.5,10,2,3,18,HEUR,182.68139759902695,integer optimal solution,1.0,0.0,0,31,0.0,0.003596299999912844,3
0.5,10,2,3,18,B4,182.68139759902695,integer optimal solution,1.0,0.0,0,1427,1.8340818000000354,0.04299689999993461,3
0.5,10,3,3,0,B1,212.7079703473265,integer optimal solution,0.9,1.0,1,33,0.0,0.0034472999999479725,2
0.5,10,3,3,0,B2,212.7079703473265,integer optimal solution,0.9,1.0,1,238,0.0,0.012064699999996265,2
0.5,10,3,3,0,B3,212.7079703473265,integer optimal solution,0.9,1.0,1,952,0.3057620000000725,0.03604519999998956,2
0.5,10,3,3,0,HEUR,212.7079703473265,integer optimal solution,0.9,1.0,1,49,0.0,0.004739799999924799,2
0.5,10,3,3,0,B4,212.7079703473265,integer optimal solution,0.9,1.0,1,2521,2.2149213000000145,0.06604440000000977,2
0.5,10,3,3,7,B1,192.37366491036636,integer optimal solution,1.0,0.0,0,30,0.0,0.0030815999999731503,1
0.5,10,3,3,7,B2,192.37366491036636,integer optimal solution,1.0,0.0,0,222,0.0,0.011258499999939886,1
0.5,10,3,3,7,B3,192.37366491036636,integer optimal solution,1.0,0.0,0,910,0.2930587999999261,0.03370549999999639,1
0.5,10,3,3,7,HEUR,192.37366491036636,integer optimal solution,1.0,0.0,0,34,0.0,0.00572680000004766,1
0.5,10,3,3,7,B4,192.37366491036636,integer optimal solution,1.0,0.0,0,2422,2.22969779999994,0.055967599999917184,1
0.5,10,3,3,14,B1,188.4172842960125,integer optimal solution,1.0,0.0,0,30,0.0,0.003249299999993127,2
0.5,10,3,3,14,B2,188.4172842960125,integer optimal solution,1.0,0.0,0,214,0.0,0.00941679999993994,2
0.5,10,3,3,14,B3,188.4172842960125,integer optimal solution,1.0,0.0,0,797,0.24378039999999146,0.03174290000004021,2
0.5,10,3,3,14,HEUR,188.4172842960125,integer optimal solution,1.0,0.0,0,42,0.0,0.004855000000020482,2
0.5,10,3,3,14,B4,188.4172842960125,integer optimal solution,1.0,0.0,0,2007,1.6653789000000643,0.04858730000000833,2
0.5,10,3,3,21,B1,196.37766443705365,integer optimal solution,1.0,0.0,0,30,0.0,0.003211299999975381,3
0.5,10,3,3,21,B2,196.37766443705365,integer optimal solution,1.0,0.0,0,239,0.0,0.010738699999933488,3
0.5,10,3,3,21,B3,196.37766443705365,integer optimal solution,1.0,0.0,0,912,0.3761220000000094,0.037650200000030054,3
0.5,10,3,3,21,HEUR,196.37766443705365,integer optimal solution,1.0,0.0,0,47,0.0,0.0053857000000334665,3
0.5,10,3,3,21,B4,196.37766443705365,integer optimal solution,1.0,0.0,0,2316,2.613538999999946,0.057665599999950246,3
0.5,15,2,2,3,B1,262.88479709061426,integer optimal solution,1.0,0.0,0,30,0.0,0.003550299999915296,3
0.5,15,2,2,3,B2,262.88479709061426,integer optimal solution,1.0,0.0,0,358,0.0,0.01532529999997223,3
0.5,15,2,2,3,B3,262.88479709061426,integer optimal solution,1.0,0.0,0,2347,0.938559199999986,0.04965619999995852,3
0.5,15,2,2,3,HEUR,262.88479709061426,integer optimal solution,1.0,0.0,0,43,0.0,0.004888299999947776,3
0.5,15,2,2,3,B4,262.88479709061426,integer optimal solution,1.0,0.0,0,10019,15.65264860000002,0.20639380000000074,3
0.5,15,2,2,10,B1,256.26971838844787,integer optimal solution,0.9333333333333333,1.0,1,31,0.0,0.003619399999934103,3
0.5,15,2,2,10,B2,256.26971838844787,integer optimal solution,0.9333333333333333,1.0,1,325,0.0,0.023401799999987816,3
0.5,15,2,2,10,B3,256.26971838844787,integer optimal solution,0.9333333333333333,1.0,1,1848,0.8135809000000336,0.04699170000003505,3
0.5,15,2,2,10,HEUR,256.26971838844787,integer optimal solution,0.9333333333333333,1.0,1,43,0.0,0.0061199999998962085,3
0.5,15,2,2,10,B4,256.26971838844787,integer optimal solution,0.9333333333333333,1.0,1,7124,11.148005000000012,0.16920170000003054,3
0.5,15,2,2,17,B1,294.54206218641133,integer optimal solution,0.9333333333333333,1.0,1,32,0.0,0.003742799999940871,5
0.5,15,2,2,17,B2,294.54206218641133,integer optimal solution,0.9333333333333333,1.0,1,350,0.0,0.01532750000001215,5
0.5,15,2,2,17,B3,294.54206218641133,integer optimal solution,0.9333333333333333,1.0,1,2071,0.7600448000000597,0.04465400000003683,5
0.5,15,2,2,17,HEUR,294.54206218641133,integer optimal solution,0.9333333333333333,1.0,1,55,0.0,0.0050052000000277985,5
0.5,15,2,2,17,B4,294.54206218641133,integer optimal solution,0.9333333333333333,1.0,1,8186,9.642778000000021,0.19210709999993014,5
0.5,15,2,2,24,B1,249.25956815855588,integer optimal solution,1.0,0.0,0,30,0.0,0.0036708999999746084,6
0.5,15,2,2,24,B2,249.2595681585559,integer optimal solution,1.0,0.0,0,347,0.0,0.016103700000030585,6
0.5,15,2,2,24,B3,249.25956815855588,integer optimal solution,1.0,0.0,0,2000,0.9311482999999043,0.049885599999925034,6
0.5,15,2,2,24,HEUR,249.2595681585559,integer optimal solution,1.0,0.0,0,57,0.0,0.004815699999994649,6
0.5,15,2,2,24,B4,249.25956815855588,integer optimal solution,1.0,0.0,0,7735,13.21867409999993,0.17409550000002127,6
0.5,15,3,2,6,B1,267.3272437302061,integer optimal solution,1.0,0.0,0,46,0.0,0.003222400000026937,4
0.5,15,3,2,6,B2,267.3272437302061,integer optimal solution,1.0,0.0,0,487,0.0,0.02269740000008369,4
0.5,15,3,2,6,B3,261.23982166428584,integer optimal solution,0.8,3.0,1,2826,0.9019652999999153,0.06584870000006049,4
0.5,15,3,2,6,HEUR,267.3272437302061,integer optimal solution,1.0,0.0,0,75,0.0,0.0055519999999660286,4
0.5,15,3,2,6,B4,257.7294014296174,integer optimal solution,0.7333333333333333,4.0,1,11253,10.956930199999988,0.23738700000001245,4
0.5,15,3,2,13,B1,248.95635780906733,integer optimal solution,1.0,0.0,0,45,0.0,0.004068300000085401,6
0.5,15,3,2,13,B2,248.95635780906733,integer optimal solution,1.0,0.0,0,507,0.0,0.028741899999999987,6
0.5,15,3,2,13,B3,248.95635780906733,integer optimal solution,1.0,0.0,0,3080,1.1836680999999771,0.07400849999999082,6
0.5,15,3,2,13,HEUR,248.95635780906733,integer optimal solution,1.0,0.0,0,82,0.0,0.006118299999911869,6
0.5,15,3,2,13,B4,248.95635780906733,integer optimal solution,1.0,0.0,0,12267,17.04109889999995,0.28721550000000207,6
0.5,15,3,2,20,B1,259.0420498553402,integer optimal solution,1.0,0.0,0,45,0.0,0.00320139999996627,3
0.5,15,3,2,20,B2,255.09643350487997,integer optimal solution,0.8666666666666667,2.0,1,494,0.0,0.023469800000043506,3
0.5,15,3,2,20,B3,245.08257429002458,integer optimal solution,0.8,3.0,1,2787,1.0869866000000457,0.05927639999993062,3
0.5,15,3,2,20,HEUR,255.09643350488,integer optimal solution,0.8666666666666667,2.0,1,66,0.0,0.006409200000007331,3
0.5,15,3,2,20,B4,239.72146981614236,integer optimal solution,0.7333333333333333,4.0,1,10539,13.6656385,0.22840309999992314,3
0.5,15,2,3,2,B1,250.66484857935217,integer optimal solution,0.9333333333333333,1.0,1,31,0.0,0.0033775000000559885,4
0.5,15,2,3,2,B2,250.66484857935217,integer optimal solution,0.9333333333333333,1.0,1,335,0.0,0.015088599999899088,4
0.5,15,2,3,2,B3,250.66484857935217,integer optimal solution,0.9333333333333333,1.0,1,1885,0.9358112999999548,0.04295880000006491,4
0.5,15,2,3,2,HEUR,250.66484857935217,integer optimal solution,0.9333333333333333,1.0,1,48,0.0,0.00828019999994467,4
0.5,15,2,3,2,B4,248.84313682727873,integer optimal solution,0.7333333333333333,4.0,1,7021,10.960351299999957,0.16912519999993947,4
0.5,15,2,3,9,B1,301.85345924931227,integer optimal solution,1.0,0.0,0,30,0.0,0.0036612999999761087,5
0.5,15,2,3,9,B2,301.85345924931227,integer optimal solution,1.0,0.0,0,339,0.0,0.03427109999995537,5
0.5,15,2,3,9,B3,300.02283831283535,integer optimal solution,0.8,3.0,1,1980,0.952903200000037,0.04527070000006006,5
0.5,15,2,3,9,HEUR,301.85345924931227,integer optimal solution,1.0,0.0,0,58,0.0,0.004488599999945109,5
0.5,15,2,3,9,B4,299.8046005850921,integer optimal solution,0.7333333333333333,4.0,1,7660,12.237355999999977,0.17838570000003529,5
0.5,15,2,3,16,B1,260.5726202779081,integer optimal solution,1.0,0.0,0,30,0.0,0.0036269000000856977,5
0.5,15,2,3,16,B2,260.5726202779081,integer optimal solution,1.0,0.0,0,343,0.0,0.016780200000084733,5
0.5,15,2,3,16,B3,260.5726202779081,integer optimal solution,1.0,0.0,0,2116,1.0404853000000003,0.0424319999999625,5
0.5,15,2,3,16,HEUR,260.5726202779081,integer optimal solution,1.0,0.0,0,54,0.0,0.005365200000028381,5
0.5,15,2,3,16,B4,260.5726202779081,integer optimal solution,1.0,0.0,0,8720,15.355544000000009,0.1920110000000932,5
0.5,15,2,3,23,B1,265.6862938048308,integer optimal solution,1.0,0.0,0,30,0.0,0.0034570000000258005,4
0.5,15,2,3,23,B2,265.6862938048308,integer optimal solution,1.0,0.0,0,335,0.0,0.016263000000094507,4
0.5,15,2,3,23,B3,265.6862938048308,integer optimal solution,1.0,0.0,0,1901,0.8735343000000739,0.0447622000000365,4
0.5,15,2,3,23,HEUR,265.6862938048308,integer optimal solution,1.0,0.0,0,47,0.0,0.004867199999921468,4
0.5,15,2,3,23,B4,265.6862938048308,integer optimal solution,1.0,0.0,0,7373,11.36350420000008,0.19219859999998334,4
0.5,15,3,3,5,B1,270.7096940419869,integer optimal solution,1.0,0.0,0,45,0.0,0.0038951000000224667,4
0.5,15,3,3,5,B2,270.70969404198684,integer optimal solution,1.0,0.0,0,491,0.0,0.021810299999970084,4
0.5,15,3,3,5,B3,270.70969404198684,integer optimal solution,1.0,0.0,0,2615,1.0685170000000426,0.06416990000002443,4
0.5,15,3,3,5,HEUR,270.7096940419869,integer optimal solution,1.0,0.0,0,70,0.0,0.005688499999905616,4
0.5,15,3,3,5,B4,263.2386567138585,integer optimal solution,0.7333333333333333,4.0,1,9622,13.189114399999994,0.23113249999994423,4
0.5,15,3,3,12,B1,289.6034915178777,integer optimal solution,1.0,0.0,0,45,0.0,0.004799400000024434,3
0.5,15,3,3,12,B2,286.57084955446084,integer optimal solution,0.8666666666666667,2.0,1,545,0.0,0.02303899999992609,3
0.5,15,3,3,12,B3,286.57084955446084,integer optimal solution,0.8666666666666667,2.0,1,3224,1.1555293999999776,0.060997100000008686,3
0.5,15,3,3,12,HEUR,286.57084955446084,integer optimal solution,0.8666666666666667,2.0,1,67,0.0,0.0042015000000219516,3
0.5,15,3,3,12,B4,286.57084955446084,integer optimal solution,0.8666666666666667,2.0,1,12448,15.227086699999973,0.24788300000000163,3
0.5,15,3,3,19,B1,239.73736757485875,integer optimal solution,0.8666666666666667,1.0,2,47,0.0,0.0049236000000973945,2
0.5,15,3,3,19,B2,239.73736757485875,integer optimal solution,0.8666666666666667,1.0,2,480,0.0,0.023567799999909766,2
0.5,15,3,3,19,B3,239.73736757485875,integer optimal solution,0.8666666666666667,1.0,2,2734,1.0122700999999097,0.06645140000000538,2
0.5,15,3,3,19,HEUR,239.73736757485878,integer optimal solution,0.8666666666666667,1.0,2,65,0.0,0.005573900000058529,2
0.5,15,3,3,19,B4,239.73736757485875,integer optimal solution,0.8666666666666667,1.0,2,10751,13.953960400000028,0.2345061999999416,2
0.5,20,2,2,1,B1,355.6833117081806,integer optimal solution,1.0,0.0,0,40,0.0,0.0036610000000791842,6
0.5,20,2,2,1,B2,355.6833117081806,integer optimal solution,1.0,0.0,0,591,0.0,0.02732370000001083,6
0.5,20,2,2,1,B3,351.9511713839535,integer optimal solution,0.85,3.0,1,4742,2.1166908999999805,0.09591469999998026,6
0.5,20,2,2,1,HEUR,355.6833117081806,integer optimal solution,1.0,0.0,0,73,0.0,0.004914900000017042,6
0.5,20,2,2,8,B1,323.08126262126,integer optimal solution,1.0,0.0,0,40,0.0,0.0036802000000761836,4
0.5,20,2,2,8,B2,323.08126262125995,integer optimal solution,1.0,0.0,0,613,0.0,0.029719999999997526,4
0.5,20,2,2,8,B3,321.62406242616925,integer optimal solution,0.85,3.0,1,5005,2.480963299999985,0.10415860000000521,4
0.5,20,2,2,8,HEUR,323.08126262126,integer optimal solution,1.0,0.0,0,64,0.0,0.007412699999918004,4
0.5,20,2,2,15,B1,329.3780710725001,integer optimal solution,0.95,1.0,1,42,0.0,0.0033978000000161046,6
0.5,20,2,2,15,B2,329.3780710725001,integer optimal solution,0.95,1.0,1,583,0.0,0.02417250000007698,6
0.5,20,2,2,15,B3,329.3780710725001,integer optimal solution,0.95,1.0,1,4636,2.017418199999952,0.09289739999996982,6
0.5,20,2,2,15,HEUR,329.3780710725001,integer optimal solution,0.95,1.0,1,66,0.0,0.006520799999975679,6
0.5,20,2,2,22,B1,335.402649523563,integer optimal solution,1.0,0.0,0,40,0.0,0.003635199999962424,6
0.5,20,2,2,22,B2,335.402649523563,integer optimal solution,1.0,0.0,0,643,0.0,0.02597820000005413,6
0.5,20,2,2,22,B3,335.402649523563,integer optimal solution,1.0,0.0,0,5469,2.6912512999999763,0.10413779999998951,6
0.5,20,2,2,22,HEUR,335.402649523563,integer optimal solution,1.0,0.0,0,76,0.0,0.00547710000000734,6
0.5,20,3,2,4,B1,316.7189324471474,integer optimal solution,0.95,1.0,1,62,0.0,0.0032760999999936757,7
0.5,20,3,2,4,B2,316.7189324471474,integer optimal solution,0.95,1.0,1,885,0.0,0.04425109999999677,7
0.5,20,3,2,4,B3,316.7189324471474,integer optimal solution,0.95,1.0,1,6853,2.9881086000000323,0.14078119999999217,7
0.5,20,3,2,4,HEUR,316.7189324471474,integer optimal solution,0.95,1.0,1,109,0.0,0.00764199999991888,7
0.5,20,3,2,11,B1,387.2671881094843,integer optimal solution,1.0,0.0,0,60,0.0,0.0036013999999795487,5
0.5,20,3,2,11,B2,387.2671881094843,integer optimal solution,1.0,0.0,0,947,0.0,0.032838200000014695,5
0.5,20,3,2,11,B3,387.2671881094843,integer optimal solution,1.0,0.0,0,7517,2.862577999999985,0.1808383000000049,5
0.5,20,3,2,11,HEUR,387.26718810948444,integer optimal solution,1.0,0.0,0,102,0.0,0.0050906000000168206,5
0.5,20,3,2,18,B1,369.2418682850151,integer optimal solution,1.0,0.0,0,60,0.0,0.003925900000012916,4
0.5,20,3,2,18,B2,362.40223566141475,integer optimal solution,0.9,2.0,1,889,0.0,0.02550430000007964,4
0.5,20,3,2,18,B3,361.71414730882304,integer optimal solution,0.85,3.0,1,6952,2.524241200000006,0.1504036000000042,4
0.5,20,3,2,18,HEUR,362.40223566141475,integer optimal solution,0.9,2.0,1,91,0.0,0.011882599999921695,4
0.5,20,2,3,0,B1,315.1661473103652,integer optimal solution,0.95,1.0,1,41,0.0,0.002559300000029907,6
0.5,20,2,3,0,B2,314.16601527932914,integer optimal solution,0.85,1.5,2,582,0.0,0.024136400000088543,6
0.5,20,2,3,0,B3,307.0961601668602,integer optimal solution,0.8,2.0,2,4456,2.3143397999999706,0.10359169999992446,6
0.5,20,2,3,0,HEUR,314.16601527932914,integer optimal solution,0.85,1.5,2,68,0.0,0.007400899999993271,6
0.5,20,2,3,7,B1,333.61705934427226,integer optimal solution,1.0,0.0,0,40,0.0,0.003506399999992027,6
0.5,20,2,3,7,B2,333.6170593442723,integer optimal solution,1.0,0.0,0,605,0.0,0.02784550000001218,6
0.5,20,2,3,7,B3,333.61705934427226,integer optimal solution,1.0,0.0,0,4936,2.8355059000000438,0.10618909999993775,6
0.5,20,2,3,7,HEUR,333.61705934427226,integer optimal solution,1.0,0.0,0,71,0.0,0.009782200000017838,6
0.5,20,2,3,14,B1,381.70998511913257,integer optimal solution,0.95,1.0,1,41,0.0,0.003397400000039852,8
0.5,20,2,3,14,B2,381.70998511913257,integer optimal solution,0.95,1.0,1,586,0.0,0.039374500000008084,8
0.5,20,2,3,14,B3,381.70998511913257,integer optimal solution,0.95,1.0,1,4720,2.2874712000000272,0.0944357000000764,8
0.5,20,2,3,14,HEUR,381.70998511913257,integer optimal solution,0.95,1.0,1,70,0.0,0.006792200000063531,8
0.5,20,2,3,21,B1,320.07058156394356,integer optimal solution,1.0,0.0,0,40,0.0,0.003700999999978194,5
0.5,20,2,3,21,B2,320.07058156394356,integer optimal solution,1.0,0.0,0,570,0.0,0.023038599999949838,5
0.5,20,2,3,21,B3,319.00181902374845,integer optimal solution,0.85,3.0,1,4561,2.800038699999959,0.1048448000000235,5
0.5,20,2,3,21,HEUR,320.07058156394356,integer optimal solution,1.0,0.0,0,63,0.0,0.005055699999957142,5
0.5,20,3,3,3,B1,347.1871031890485,integer optimal solution,0.95,1.0,1,62,0.0,0.004136599999924329,7
0.5,20,3,3,3,B2,345.21797778881256,integer optimal solution,0.85,1.5,2,858,0.0,0.032921099999953185,7
0.5,20,3,3,3,B3,341.93206073150174,integer optimal solution,0.85,3.0,1,6369,3.6361292999999932,0.13715099999990343,7
0.5,20,3,3,3,HEUR,347.18710318904846,integer optimal solution,0.95,1.0,1,107,0.0,0.008481000000074346,7
0.5,20,3,3,10,B1,361.75746485522814,integer optimal solution,1.0,0.0,0,60,0.0,0.003757700000051045,5
0.5,20,3,3,10,B2,361.757464855228,integer optimal solution,1.0,0.0,0,864,0.0,0.028718900000058056,5
0.5,20,3,3,10,B3,357.72821155678787,integer optimal solution,0.85,3.0,1,7192,3.2411804000000757,0.13592180000000553,5
0.5,20,3,3,10,HEUR,361.757464855228,integer optimal solution,1.0,0.0,0,91,0.0,0.00572260000001279,5
0.5,20,3,3,17,B1,347.44205169435605,integer optimal solution,1.0,0.0,0,60,0.0,0.0026643999999578227,6
0.5,20,3,3,17,B2,347.442051694356,integer optimal solution,1.0,0.0,0,910,0.0,0.02749930000004497,6
0.5,20,3,3,17,B3,347.44205169435605,integer optimal solution,1.0,0.0,0,6935,2.9010825000000295,0.15127430000006825,6
0.5,20,3,3,17,HEUR,347.44205169435605,integer optimal solution,1.0,0.0,0,109,0.0,0.009021999999959007,6
0.5,20,3,3,24,B1,335.99964454518386,integer optimal solution,0.9,1.0,2,63,0.0,0.004816300000015872,7
0.5,20,3,3,24,B2,335.60590420625414,integer optimal solution,0.85,1.5,2,838,0.0,0.030255600000032246,7
0.5,20,3,3,24,B3,326.6023202614423,integer optimal solution,0.8,2.0,2,6462,3.099438100000043,0.15225409999993644,7
0.5,20,3,3,24,HEUR,335.99964454518374,integer optimal solution,0.9,1.0,2,112,0.0,0.006253099999980805,7
0.7,10,2,2,6,B1,128.10030483206074,integer optimal solution,0.9,1.0,1,30,0.0,0.0037475999999969645,2
0.7,10,2,2,6,B2,125.1762361596736,integer optimal solution,0.8,2.0,1,146,0.0,0.007494399999927737,2
0.7,10,2,2,6,B3,123.84392544968459,integer optimal solution,0.5,2.5,2,446,0.27260979999994106,0.027249299999994037,2
0.7,10,2,2,6,HEUR,125.1762361596736,integer optimal solution,0.8,2.0,1,35,0.0,0.0047233000000233005,2
0.7,10,2,2,6,B4,120.7109307937859,integer optimal solution,0.4,3.0,2,976,2.0474864000000252,0.032698699999968994,2
0.7,10,2,2,13,B1,135.05776817979483,integer optimal solution,0.9,1.0,1,23,0.0,0.0031566999999768086,2
0.7,10,2,2,13,B2,132.29468329476293,integer optimal solution,0.8,2.0,1,144,0.0,0.007013800000095216,2
0.7,10,2,2,13,B3,132.29468329476293,integer optimal solution,0.8,2.0,1,485,0.1761572000000342,0.028242900000009286,2
0.7,10,2,2,13,HEUR,135.05776817979483,integer optimal solution,0.9,1.0,1,33,0.0,0.003917399999977533,2
0.7,10,2,2,13,B4,132.29468329476293,integer optimal solution,0.8,2.0,1,1094,1.1191505000000461,0.03905839999993077,2
0.7,10,2,2,20,B1,113.10253930520074,integer optimal solution,0.8,1.0,2,28,0.0,0.004213899999967907,2
0.7,10,2,2,20,B2,108.91036928396153,integer optimal solution,0.7,1.5,2,136,0.0,0.009104700000079902,2
0.7,10,2,2,20,B3,108.91036928396153,integer optimal solution,0.7,1.5,2,409,0.24589270000001306,0.031013200000074903,2
0.7,10,2,2,20,HEUR,112.42401968723124,integer optimal solution,0.5,1.6666666666666667,3,35,0.0,0.006398500000045715,2
0.7,10,2,2,20,B4,108.91036928396153,integer optimal solution,0.7,1.5,2,869,1.5292737000000898,0.04142709999996441,2
0.7,10,3,2,2,B1,117.85384797877775,integer optimal solution,0.7,1.0,3,34,0.0,0.0038254999999480788,1
0.7,10,3,2,2,B2,117.85384797877775,integer optimal solution,0.7,1.0,3,201,0.0,0.008272099999999227,1
0.7,10,3,2,2,B3,115.86878693598423,integer optimal solution,0.5,1.6666666666666667,3,673,0.2738166999999976,0.031542899999976726,1
0.7,10,3,2,2,HEUR,117.85384797877776,integer optimal solution,0.7,1.0,3,43,0.0,0.006915599999956612,1
0.7,10,3,2,2,B4,112.03712306165816,integer optimal solution,0.4,2.0,3,1537,1.5454178999999613,0.04561790000002475,1
0.7,10,3,2,9,B1,151.10342732851822,integer optimal solution,0.7,1.0,3,34,0.0,0.005796499999974003,2
0.7,10,3,2,9,B2,149.59138536109842,integer optimal solution,0.7,1.5,2,236,0.0,0.010610299999939343,2
0.7,10,3,2,9,B3,149.59138536109842,integer optimal solution,0.7,1.5,2,879,0.269606099999919,0.03558220000002166,2
0.7,10,3,2,9,HEUR,149.59138536109842,integer optimal solution,0.7,1.5,2,46,0.0,0.0060756999999966865,2
0.7,10,3,2,9,B4,141.9995819595026,integer optimal solution,0.4,3.0,2,1986,1.417808100000002,0.05114030000004277,2
0.7,10,3,2,16,B1,125.29427090628833,integer optimal solution,0.8,1.0,2,39,0.0,0.004529999999931533,3
0.7,10,3,2,16,B2,123.99759149303571,integer optimal solution,0.7,1.5,2,217,0.0,0.009886199999982637,3
0.7,10,3,2,16,B3,121.46473407278002,integer optimal solution,0.4,2.0,3,769,0.3187239999999747,0.02670079999995778,3
0.7,10,3,2,16,HEUR,121.46473407278002,integer optimal solution,0.4,2.0,3,57,0.0,0.004468200000019351,3
0.7,10,3,2,16,B4,121.46473407278002,integer optimal solution,0.4,2.0,3,1854,2.17861999999991,0.042351800000005824,3
0.7,10,3,2,23,B1,109.71450941644036,integer optimal solution,0.8,1.0,2,37,0.0,0.004328200000031757,3
0.7,10,3,2,23,B2,109.71450941644036,integer optimal solution,0.8,1.0,2,207,0.0,0.0088408999999956,3
0.7,10,3,2,23,B3,109.71450941644036,integer optimal solution,0.8,1.0,2,682,0.20713600000010501,0.032148300000017116,3
0.7,10,3,2,23,HEUR,109.71450941644036,integer optimal solution,0.8,1.0,2,60,0.0,0.007909499999982472,3
0.7,10,3,2,23,B4,109.71450941644036,integer optimal solution,0.8,1.0,2,1594,1.2042770000000473,0.05020600000000286,3
0.7,10,2,3,5,B1,158.74913263112194,integer optimal solution,0.9,1.0,1,22,0.0,0.0033948999999893203,3
0.7,10,2,3,5,B2,158.74913263112197,integer optimal solution,0.9,1.0,1,139,0.0,0.01513939999995273,3
0.7,10,2,3,5,B3,158.74913263112194,integer optimal solution,0.9,1.0,1,502,0.20830279999995582,0.03369149999991805,3
0.7,10,2,3,5,HEUR,158.74913263112194,integer optimal solution,0.9,1.0,1,31,0.0,0.00615200000004279,3
0.7,10,2,3,5,B4,158.74913263112197,integer optimal solution,0.9,1.0,1,1211,1.2124337000000196,0.05271889999994528,3
0.7,10,2,3,12,B1,112.40703177319241,integer optimal solution,1.0,0.0,0,26,0.0,0.0027593999999453445,2
0.7,10,2,3,12,B2,110.30049643227781,integer optimal solution,0.8,2.0,1,137,0.0,0.009122000000047592,2
0.7,10,2,3,12,B3,110.30049643227781,integer optimal solution,0.8,2.0,1,476,0.24561180000000604,0.027150000000006003,2
0.7,10,2,3,12,HEUR,110.30049643227781,integer optimal solution,0.8,2.0,1,33,0.0,0.004705500000000029,2
0.7,10,2,3,12,B4,108.86292120345303,integer optimal solution,0.6,4.0,1,1175,1.2500225999999657,0.04193849999990107,2
0.7,10,2,3,19,B1,159.7656987400071,integer optimal solution,1.0,0.0,0,21,0.0,0.003393899999991845,3
0.7,10,2,3,19,B2,157.6176253921808,integer optimal solution,0.8,2.0,1,141,0.0,0.00855690000003051,3
0.7,10,2,3,19,B3,157.46770855729216,integer optimal solution,0.7,3.0,1,519,0.24499249999996664,0.029717800000071293,3
0.7,10,2,3,19,HEUR,159.7656987400071,integer optimal solution,1.0,0.0,0,33,0.0,0.0043842999999696985,3
0.7,10,2,3,19,B4,157.46770855729216,integer optimal solution,0.7,3.0,1,1357,1.4112036999999873,0.04678120000005492,3
0.7,10,3,3,1,B1,161.69800034377388,integer optimal solution,0.7,1.0,3,37,0.0,0.00479429999995773,2
0.7,10,3,3,1,B2,155.0459013050961,integer optimal solution,0.5,1.25,4,235,0.0,0.012493199999994431,2
0.7,10,3,3,1,B3,144.8413585362722,integer optimal solution,0.5,1.6666666666666667,3,897,0.3437212000000045,0.03556730000002517,2
0.7,10,3,3,1,HEUR,144.8413585362722,integer optimal solution,0.5,1.6666666666666667,3,52,0.0,0.006700399999999718,2
0.7,10,3,3,1,B4,144.8413585362722,integer optimal solution,0.5,1.6666666666666667,3,2281,2.210952700000007,0.05812960000002931,2
0.7,10,3,3,8,B1,149.23913454530825,integer optimal solution,0.9,1.0,1,34,0.0,0.0040242999999691165,2
0.7,10,3,3,8,B2,149.23913454530825,integer optimal solution,0.9,1.0,1,201,0.0,0.010683900000003632,2
0.7,10,3,3,8,B3,149.23913454530822,integer optimal solution,0.9,1.0,1,731,0.23337830000002668,0.031212400000072194,2
0.7,10,3,3,8,HEUR,149.23913454530825,integer optimal solution,0.9,1.0,1,46,0.0,0.0038332999999965978,2
0.7,10,3,3,8,B4,149.23913454530822,integer optimal solution,0.9,1.0,1,1759,1.5374065999999402,0.044447499999932916,2
0.7,10,3,3,15,B1,142.69661392387232,integer optimal solution,0.9,1.0,1,36,0.0,0.004118600000083461,1
0.7,10,3,3,15,B2,142.69661392387232,integer optimal solution,0.9,1.0,1,223,0.0,0.011075899999923422,1
0.7,10,3,3,15,B3,142.69661392387232,integer optimal solution,0.9,1.0,1,799,0.3558967000000166,0.03320039999994151,1
0.7,10,3,3,15,HEUR,142.69661392387232,integer optimal solution,0.9,1.0,1,46,0.0,0.004836899999986599,1
0.7,10,3,3,15,B4,142.69661392387232,integer optimal solution,0.9,1.0,1,1887,2.4201369999999542,0.05625099999997474,1
0.7,10,3,3,22,B1,110.13356489801146,integer optimal solution,1.0,0.0,0,33,0.0,0.003344099999935679,2
0.7,10,3,3,22,B2,110.13356489801146,integer optimal solution,1.0,0.0,0,200,0.0,0.010037500000066757,2
0.7,10,3,3,22,B3,110.13356489801146,integer optimal solution,1.0,0.0,0,694,0.26377130000003035,0.03035669999997026,2
0.7,10,3,3,22,HEUR,110.13356489801146,integer optimal solution,1.0,0.0,0,44,0.0,0.004757500000096115,2
0.7,10,3,3,22,B4,110.13356489801146,integer optimal solution,1.0,0.0,0,1645,1.586377500000026,0.04692290000002686,2
0.7,15,2,2,4,B1,226.19036425649387,integer optimal solution,0.9333333333333333,1.0,1,36,0.0,0.004079399999909583,3
0.7,15,2,2,4,B2,223.12280329817477,integer optimal solution,0.8666666666666667,2.0,1,321,0.0,0.017553000000020802,3
0.7,15,2,2,4,B3,220.60697170611348,integer optimal solution,0.6666666666666666,2.5,2,1743,0.6828784999999016,0.0436846999999716,3
0.7,15,2,2,4,HEUR,224.704920212313,integer optimal solution,0.8,3.0,1,44,0.0,0.006473600000049373,3
0.7,15,2,2,4,B4,218.5872831206039,integer optimal solution,0.6666666666666666,2.5,2,6540,8.501752300000021,0.16069889999994302,3
0.7,15,2,2,11,B1,214.27815604978272,integer optimal solution,0.8666666666666667,1.0,2,37,0.0,0.004642100000069149,4
0.7,15,2,2,11,B2,212.60809249194386,integer optimal solution,0.8,1.5,2,347,0.0,0.016968200000064826,4
0.7,15,2,2,11,B3,212.60809249194384,integer optimal solution,0.8,1.5,2,2125,1.1072033000000374,0.04678799999999228,4
0.7,15,2,2,11,HEUR,214.27815604978272,integer optimal solution,0.8666666666666667,1.0,2,54,0.0,0.005167899999946712,4
0.7,15,2,2,11,B4,212.60809249194386,integer optimal solution,0.8,1.5,2,8673,23.13048500000002,0.19567559999995865,4
0.7,15,2,2,18,B1,225.32782002869382,integer optimal solution,0.9333333333333333,1.0,1,33,0.0,0.003734000000008564,5
0.7,15,2,2,18,B2,223.13134953155915,integer optimal solution,0.8666666666666667,2.0,1,344,0.0,0.015569900000059533,5
0.7,15,2,2,18,B3,223.13134953155918,integer optimal solution,0.8666666666666667,2.0,1,2077,0.8322081000000026,0.04608680000001186,5
0.7,15,2,2,18,HEUR,225.32782002869382,integer optimal solution,0.9333333333333333,1.0,1,55,0.0,0.006560100000001512,5
0.7,15,2,2,18,B4,223.1313495315592,integer optimal solution,0.8666666666666667,2.0,1,8349,10.732595299999957,0.16901830000006157,5
0.7,15,3,2,0,B1,194.04026517215254,integer optimal solution,0.9333333333333333,1.0,1,48,0.0,0.003970200000026125,4
0.7,15,3,2,0,B2,189.81642590613183,integer optimal solution,0.8,1.5,2,451,0.0,0.02560429999994085,4
0.7,15,3,2,0,B3,186.43200795587222,integer optimal solution,0.7333333333333333,2.0,2,2375,0.8704056000000264,0.05866439999999784,4
0.7,15,3,2,0,HEUR,189.81642590613183,integer optimal solution,0.8,1.5,2,65,0.0,0.006024799999977404,4
0.7,15,3,2,0,B4,182.11346980664553,integer optimal solution,0.6666666666666666,2.5,2,8719,10.070495800000003,0.23393880000003264,4
0.7,15,3,2,7,B1,182.92698222964515,integer optimal solution,0.8666666666666667,1.0,2,54,0.0,0.0050979000000097585,3
0.7,15,3,2,7,B2,178.68347469099587,integer optimal solution,0.7333333333333333,1.3333333333333333,3,456,0.0,0.022958799999969415,3
0.7,15,3,2,7,B3,176.96260705897438,integer optimal solution,0.6666666666666666,1.6666666666666667,3,2329,0.9369888999999603,0.06206520000000637,3
0.7,15,3,2,7,HEUR,178.68347469099587,integer optimal solution,0.7333333333333333,1.3333333333333333,3,63,0.0,0.005578499999955966,3
0.7,15,3,2,7,B4,174.2822989796764,integer optimal solution,0.6666666666666666,2.5,2,8375,11.17453850000004,0.21827959999995983,3
0.7,15,3,2,14,B1,228.86127360153353,integer optimal solution,0.8666666666666667,1.0,2,53,0.0,0.00466510000001108,4
0.7,15,3,2,14,B2,220.93118122084664,integer optimal solution,0.6666666666666666,1.6666666666666667,3,504,0.0,0.024127100000100654,4
0.7,15,3,2,14,B3,215.1063266863501,integer optimal solution,0.6,2.0,3,2978,1.3768999000000122,0.06410510000000613,4
0.7,15,3,2,14,HEUR,227.8851727379423,integer optimal solution,0.6666666666666666,1.6666666666666667,3,79,0.0,0.005421899999987545,4
0.7,15,3,2,14,B4,211.5279548361,integer optimal solution,0.5333333333333333,2.3333333333333335,3,11841,22.317926199999988,0.2422490999999809,4
0.7,15,3,2,21,B1,179.4140724694302,integer optimal solution,0.8666666666666667,1.0,2,53,0.0,0.004896099999996295,2
0.7,15,3,2,21,B2,174.131486807327,integer optimal solution,0.7333333333333333,2.0,2,456,0.0,0.025474000000031083,2
0.7,15,3,2,21,B3,172.50759151529184,integer optimal solution,0.6666666666666666,2.5,2,2277,1.0013636999999562,0.07331659999999829,2
0.7,15,3,2,21,HEUR,176.27740091472708,integer optimal solution,0.7333333333333333,2.0,2,69,0.0,0.0064962999999806925,2
0.7,15,3,2,21,B4,168.8122321111254,integer optimal solution,0.6,3.0,2,7883,11.8720323,0.21201280000002498,2
0.7,15,2,3,3,B1,203.39682397881145,integer optimal solution,0.8,1.0,3,43,0.0,0.005280700000071192,2
0.7,15,2,3,3,B2,199.77030284885373,integer optimal solution,0.7333333333333333,2.0,2,304,0.0,0.017233099999998558,2
0.7,15,2,3,3,B3,199.59895511853813,integer optimal solution,0.5333333333333333,2.3333333333333335,3,1496,0.9016608999999107,0.04433829999993577,2
0.7,15,2,3,3,HEUR,202.8633262851638,integer optimal solution,0.6,1.5,4,50,0.0,0.006060600000068916,2
0.7,15,2,3,3,B4,198.16862442121305,integer optimal solution,0.5333333333333333,2.3333333333333335,3,5616,9.784935000000019,0.16036929999995664,2
0.7,15,2,3,10,B1,246.9180866390135,integer optimal solution,0.8666666666666667,1.0,2,37,0.0,0.004660100000023704,3
0.7,15,2,3,10,B2,243.82387335170017,integer optimal solution,0.8,1.5,2,337,0.0,0.016286599999943974,3
0.7,15,2,3,10,B3,243.8238733517002,integer optimal solution,0.8,1.5,2,1955,0.8152847999999722,0.043927800000005846,3
0.7,15,2,3,10,HEUR,243.82387335170017,integer optimal solution,0.8,1.5,2,52,0.0,0.005599200000006022,3
0.7,15,2,3,10,B4,243.82387335170017,integer optimal solution,0.8,1.5,2,7928,9.879901500000074,0.18018470000004072,3
0.7,15,2,3,17,B1,200.28906765516246,integer optimal solution,0.8666666666666667,1.0,2,38,0.0,0.005602199999998447,4
0.7,15,2,3,17,B2,198.0670727908949,integer optimal solution,0.8,1.5,2,324,0.0,0.016066099999989092,4
0.7,15,2,3,17,B3,198.0670727908949,integer optimal solution,0.8,1.5,2,1848,0.9094255999999632,0.04392439999992348,4
0.7,15,2,3,17,HEUR,198.06707279089494,integer optimal solution,0.8,1.5,2,51,0.0,0.005029600000057144,4
0.7,15,2,3,17,B4,198.0670727908949,integer optimal solution,0.8,1.5,2,7166,11.445997600000055,0.15526569999997264,4
0.7,15,2,3,24,B1,156.70584794336958,integer optimal solution,0.8,1.0,3,56,0.0,0.004557599999998274,4
0.7,15,2,3,24,B2,138.07656586236976,integer optimal solution,0.4666666666666667,2.0,4,380,0.0,0.012832099999968705,4
0.7,15,2,3,24,B3,131.66217204399504,integer optimal solution,0.2,2.4,5,2093,2.6583617000000004,0.04103749999990214,4
0.7,15,2,3,24,HEUR,136.0574309999418,integer optimal solution,0.3333333333333333,2.0,5,66,0.0,0.008854599999949642,4
0.7,15,2,3,24,B4,129.04650301527744,integer optimal solution,0.2,2.4,5,8338,52.566821600000026,0.18806940000013128,4
0.7,15,3,3,6,B1,203.65479477252816,integer optimal solution,0.8,1.0,3,61,0.0,0.0049126999999771215,4
0.7,15,3,3,6,B2,201.12337207162008,integer optimal solution,0.7333333333333333,1.3333333333333333,3,496,0.0,0.021825799999987794,4
0.7,15,3,3,6,B3,201.12337207162008,integer optimal solution,0.7333333333333333,1.3333333333333333,3,2781,1.729725599999938,0.05688109999982771,4
0.7,15,3,3,6,HEUR,203.65479477252813,integer optimal solution,0.8,1.0,3,84,0.0,0.008930899999995745,4
0.7,15,3,3,6,B4,196.5548618420216,integer optimal solution,0.5333333333333333,2.3333333333333335,3,10812,30.58982119999996,0.2409715999999662,4
0.7,15,3,3,13,B1,251.47512514418045,integer optimal solution,0.7333333333333333,1.0,4,56,0.0,0.004691699999966659,6
0.7,15,3,3,13,B2,241.54376991416015,integer optimal solution,0.6666666666666666,1.25,4,450,0.0,0.02392350000013721,6
0.7,15,3,3,13,B3,241.54376991416018,integer optimal solution,0.6666666666666666,1.25,4,2353,0.9060150000000249,0.06221240000013495,6
0.7,15,3,3,13,HEUR,241.54376991416015,integer optimal solution,0.6666666666666666,1.25,4,86,0.0,0.007368600000063452,6
0.7,15,3,3,13,B4,238.59035347883759,integer optimal solution,0.5333333333333333,1.75,4,8519,9.954786499999955,0.2007919000000129,6
0.7,15,3,3,20,B1,215.55630008105297,integer optimal solution,0.9333333333333333,1.0,1,49,0.0,0.004123499999877822,3
0.7,15,3,3,20,B2,215.0308881589651,integer optimal solution,0.8666666666666667,2.0,1,470,0.0,0.02129810000019461,3
0.7,15,3,3,20,B3,215.0308881589651,integer optimal solution,0.8666666666666667,2.0,1,2624,1.2897368999999799,0.06009629999994104,3
0.7,15,3,3,20,HEUR,215.55630008105297,integer optimal solution,0.9333333333333333,1.0,1,82,0.0,0.005649499999890395,3
0.7,15,3,3,20,B4,215.03088815896513,integer optimal solution,0.8666666666666667,2.0,1,9848,19.332423199999994,0.2283162999999604,3
0.7,20,2,2,2,B1,227.4853550658603,integer optimal solution,0.85,1.0,3,50,0.0,0.00677969999992456,4
0.7,20,2,2,2,B2,221.3953096011051,integer optimal solution,0.75,1.6666666666666667,3,524,0.0,0.027663300000085655,4
0.7,20,2,2,2,B3,217.13766639843067,integer optimal solution,0.7,2.0,3,3628,1.9516965999998774,0.09029919999989033,4
0.7,20,2,2,2,HEUR,223.89974972709012,integer optimal solution,0.8,2.0,2,65,0.0,0.009762299999920288,4
0.7,20,2,2,9,B1,294.857993567496,integer optimal solution,0.9,1.0,2,54,0.0,0.005089400000088062,5
0.7,20,2,2,9,B2,278.36132750095817,integer optimal solution,0.7,2.0,3,598,0.0,0.027214299999968716,5
0.7,20,2,2,9,B3,268.49538616706116,integer optimal solution,0.5,2.5,4,4385,2.230366399999866,0.10520049999990988,5
0.7,20,2,2,9,HEUR,284.2409383181453,integer optimal solution,0.65,1.75,4,73,0.0,0.0076758000000154425,5
0.7,20,2,2,16,B1,309.0224978155669,integer optimal solution,0.85,1.0,3,48,0.0,0.005534900000156995,5
0.7,20,2,2,16,B2,290.29207962835324,integer optimal solution,0.75,1.6666666666666667,3,542,0.0,0.027466400000093927,5
0.7,20,2,2,16,B3,284.3236380899141,integer optimal solution,0.7,2.0,3,3992,2.117091999999957,0.09802510000008624,5
0.7,20,2,2,16,HEUR,304.88826857862534,integer optimal solution,0.75,1.6666666666666667,3,70,0.0,0.008582200000091689,5
0.7,20,2,2,23,B1,299.6343751418131,integer optimal solution,0.9,1.0,2,48,0.0,0.013138600000047518,6
0.7,20,2,2,23,B2,294.5337187680234,integer optimal solution,0.75,1.6666666666666667,3,580,0.0,0.027327799999966373,6
0.7,20,2,2,23,B3,291.7547555904568,integer optimal solution,0.75,1.6666666666666667,3,4378,2.224863300000152,0.09665689999997085,6
0.7,20,2,2,23,HEUR,299.6343751418131,integer optimal solution,0.9,1.0,2,84,0.0,0.008066800000051444,6
0.7,20,3,2,5,B1,250.7762465135091,integer optimal solution,0.85,1.0,3,73,0.0,0.0063791999998557,6
0.7,20,3,2,5,B2,235.37027724258581,integer optimal solution,0.6,2.0,4,805,0.0,0.03490959999999177,6
0.7,20,3,2,5,B3,232.09505557095156,integer optimal solution,0.6,2.6666666666666665,3,5472,2.3091393999998218,0.21338159999982054,6
0.7,20,3,2,5,HEUR,236.7699725469096,integer optimal solution,0.75,2.5,2,114,0.0,0.007941200000004756,6
0.7,20,3,2,12,B1,296.8245212097974,integer optimal solution,0.9,1.0,2,68,0.0,0.005531399999881614,6
0.7,20,3,2,12,B2,296.82452120979747,integer optimal solution,0.9,1.0,2,848,0.0,0.0351695000001655,6
0.7,20,3,2,12,B3,296.82452120979747,integer optimal solution,0.9,1.0,2,6421,2.323973799999976,0.16350870000019313,6
0.7,20,3,2,12,HEUR,296.82452120979747,integer optimal solution,0.9,1.0,2,105,0.0,0.006191500000113592,6
0.7,20,3,2,19,B1,265.7874282791082,integer optimal solution,0.85,1.0,3,71,0.0,0.006587699999954566,4
0.7,20,3,2,19,B2,264.24994511608764,integer optimal solution,0.7,1.5,4,842,0.0,0.031869700000015655,4
0.7,20,3,2,19,B3,256.2195269984419,integer optimal solution,0.6,2.0,4,6223,3.395763400000078,0.1342362000000321,4
0.7,20,3,2,19,HEUR,259.3723261459131,integer optimal solution,0.6,2.0,4,100,0.0,0.011912800000118295,4
0.7,20,2,3,1,B1,329.856348078078,integer optimal solution,0.9,1.0,2,46,0.0,0.005278699999962555,5
0.7,20,2,3,1,B2,329.856348078078,integer optimal solution,0.9,1.0,2,602,0.0,0.027241499999945518,5
0.7,20,2,3,1,B3,325.1811611267451,integer optimal solution,0.75,1.6666666666666667,3,4555,2.934896799999933,0.09026250000010805,5
0.7,20,2,3,1,HEUR,329.85634807807804,integer optimal solution,0.9,1.0,2,75,0.0,0.010240700000167635,5
0.7,20,2,3,8,B1,310.835570388302,integer optimal solution,0.85,1.0,3,53,0.0,0.005506900000000314,5
0.7,20,2,3,8,B2,291.09891053709816,integer optimal solution,0.7,2.0,3,554,0.0,0.022097699999903853,5
0.7,20,2,3,8,B3,283.3487861885709,integer optimal solution,0.65,2.3333333333333335,3,4035,2.752940200000012,0.08900919999996404,5
0.7,20,2,3,8,HEUR,297.1236493785162,integer optimal solution,0.75,1.25,4,77,0.0,0.010965100000021266,5
0.7,20,2,3,15,B1,256.78500241585965,integer optimal solution,0.85,1.0,3,61,0.0,0.007812700000158657,5
0.7,20,2,3,15,B2,247.4189291323814,integer optimal solution,0.6,2.0,4,604,0.0,0.039002100000061546,5
0.7,20,2,3,15,B3,243.7538222106515,integer optimal solution,0.55,2.25,4,4035,3.3362595999999485,0.10570570000004409,5
0.7,20,2,3,15,HEUR,251.09992928785448,integer optimal solution,0.7,2.0,3,84,0.0,0.00814900000000307,5
0.7,20,2,3,22,B1,279.4437033051804,integer optimal solution,0.9,1.0,2,48,0.0,0.005910399999947913,7
0.7,20,2,3,22,B2,278.84132454186584,integer optimal solution,0.8,1.3333333333333333,3,575,0.0,0.025603399999909016,7
0.7,20,2,3,22,B3,274.3799640660769,integer optimal solution,0.75,1.6666666666666667,3,4394,2.543149000000085,0.07685769999989134,7
0.7,20,2,3,22,HEUR,274.3799640660769,integer optimal solution,0.75,1.6666666666666667,3,73,0.0,0.005469999999831998,7
0.7,20,3,3,4,B1,234.57501903866745,integer optimal solution,0.9,1.0,2,69,0.0,0.005783199999996214,5
0.7,20,3,3,4,B2,230.23844459590654,integer optimal solution,0.85,1.5,2,801,0.0,0.03213529999993625,5
0.7,20,3,3,4,B3,230.23844459590654,integer optimal solution,0.85,1.5,2,5881,3.341207299999951,0.14124259999994138,5
0.7,20,3,3,4,HEUR,232.03254984436808,integer optimal solution,0.75,1.6666666666666667,3,100,0.0,0.016287299999930838,5
0.7,20,3,3,11,B1,279.8412730822181,integer optimal solution,0.85,1.0,3,71,0.0,0.005705300000045099,5
0.7,20,3,3,11,B2,273.6307994388176,integer optimal solution,0.7,2.0,3,834,0.0,0.03463550000014948,5
0.7,20,3,3,11,B3,270.3926433066053,integer optimal solution,0.65,2.3333333333333335,3,6394,3.16924680000011,0.16123530000004394,5
0.7,20,3,3,11,HEUR,279.8412730822181,integer optimal solution,0.85,1.0,3,101,0.0,0.01130909999983487,5
0.7,20,3,3,18,B1,314.04986239751923,integer optimal solution,0.9,1.0,2,73,0.0,0.004787999999962267,6
0.7,20,3,3,18,B2,310.5499314480887,integer optimal solution,0.85,1.5,2,788,0.0,0.03309869999998227,6
0.7,20,3,3,18,B3,310.5499314480887,integer optimal solution,0.85,1.5,2,5700,2.3619900000001053,0.13792209999996885,6
0.7,20,3,3,18,HEUR,314.0498623975192,integer optimal solution,0.9,1.0,2,111,0.0,0.009330399999953443,6
0.9,10,2,2,0,B1,107.48178559711074,integer optimal solution,0.8,1.0,2,34,0.0,0.00684200000000601,3
0.9,10,2,2,0,B2,103.24449333633842,integer optimal solution,0.6,2.0,2,163,0.0,0.008555599999908736,3
0.9,10,2,2,0,B3,99.9786022717855,integer optimal solution,0.3,2.3333333333333335,3,566,0.5370846000000711,0.03009620000011637,3
0.9,10,2,2,0,HEUR,106.03516427165657,integer optimal solution,0.7,1.5,2,45,0.0,0.0052135000000816945,3
0.9,10,2,2,0,B4,94.97697003059264,integer optimal solution,0.2,2.6666666666666665,3,1340,7.0428771999997934,0.03178780000007464,3
0.9,10,2,2,7,B1,93.61006253555483,integer optimal solution,0.8,1.0,2,38,0.0,0.005626100000199585,2
0.9,10,2,2,7,B2,82.75037995954526,integer optimal solution,0.4,2.0,3,178,0.0,0.010704100000111794,2
0.9,10,2,2,7,B3,77.17172808135585,integer optimal solution,0.1,2.25,4,564,0.5640750000000025,0.02883220000012443,2
0.9,10,2,2,7,HEUR,86.69898569848063,integer optimal solution,0.3,2.3333333333333335,3,42,0.0,0.006816000000071654,2
0.9,10,2,2,7,B4,72.11056546214623,integer optimal solution,0.2,2.6666666666666665,3,1312,6.276093300000184,0.04492279999999482,2
0.9,10,2,2,14,B1,81.47756267148048,integer optimal solution,0.8,1.0,2,36,0.0,0.005022300000064206,4
0.9,10,2,2,14,B2,75.58886721374256,integer optimal solution,0.6,2.0,2,187,0.0,0.009266799999977593,4
0.9,10,2,2,14,B3,75.58886721374256,integer optimal solution,0.6,2.0,2,617,0.6318493999999646,0.03199709999989864,4
0.9,10,2,2,14,HEUR,78.07561894331806,integer optimal solution,0.7,1.5,2,54,0.0,0.007074800000054893,4
0.9,10,2,2,14,B4,74.21871037657527,integer optimal solution,0.3,2.3333333333333335,3,1468,7.989626199999975,0.04818420000015067,4
0.9,10,2,2,21,B1,109.24880835108516,integer optimal solution,0.9,1.0,1,28,0.0,0.003719000000046435,3
0.9,10,2,2,21,B2,107.70896363899685,integer optimal solution,0.8,2.0,1,154,0.0,0.008418099999971673,3
0.9,10,2,2,21,B3,98.26697336832183,integer optimal solution,0.4,3.0,2,557,0.6046423000000232,0.025669099999959144,3
0.9,10,2,2,21,HEUR,102.23598697949365,integer optimal solution,0.7,3.0,1,38,0.0,0.004135700000006182,3
0.9,10,2,2,21,B4,95.5761369675644,integer optimal solution,0.2,4.0,2,1325,6.902988499999992,0.038063899999997375,3
0.9,10,3,2,3,B1,117.47328635089053,integer optimal solution,0.9,1.0,1,42,0.0,0.003977600000098391,3
0.9,10,3,2,3,B2,102.34092888589556,integer optimal solution,0.2,2.0,4,233,0.0,0.011418000000048778,3
0.9,10,3,2,3,B3,100.03769180193207,integer optimal solution,0.3,2.3333333333333335,3,818,0.6594523999999637,0.027872900000147638,3
0.9,10,3,2,3,HEUR,109.49966623890128,integer optimal solution,0.7,1.5,2,55,0.0,0.005700999999817213,3
0.9,10,3,2,3,B4,92.24251108908966,integer optimal solution,0.2,2.6666666666666665,3,1984,8.138703600000099,0.05336079999983667,3
0.9,10,3,2,10,B1,92.3725524471525,integer optimal solution,0.8,1.0,2,36,0.0,0.004757500000096115,3
0.9,10,3,2,10,B2,92.3725524471525,integer optimal solution,0.8,1.0,2,240,0.0,0.011154899999837653,3
0.9,10,3,2,10,B3,88.588560489426,integer optimal solution,0.5,1.6666666666666667,3,922,0.6785809999998946,0.03431379999983619,3
0.9,10,3,2,10,HEUR,92.37255244715249,integer optimal solution,0.8,1.0,2,53,0.0,0.005944999999883294,3
0.9,10,3,2,10,B4,85.5235361001456,integer optimal solution,0.4,2.0,3,2280,9.297281899999916,0.037878500000033455,3
0.9,10,3,2,17,B1,97.33849101347516,integer optimal solution,0.8,1.0,2,43,0.0,0.0037400999999590567,3
0.9,10,3,2,17,B2,96.60056575825007,integer optimal solution,0.6,1.3333333333333333,3,239,0.0,0.01108780000004117,3
0.9,10,3,2,17,B3,90.01273279984903,integer optimal solution,0.3,2.3333333333333335,3,863,0.6565931000000091,0.034334700000044904,3
0.9,10,3,2,17,HEUR,95.95503090314297,integer optimal solution,0.5,1.6666666666666667,3,61,0.0,0.006503399999928661,3
0.9,10,3,2,17,B4,84.51083389106961,integer optimal solution,0.1,3.0,3,2113,8.32702479999989,0.046721100000013394,3
0.9,10,3,2,24,B1,89.87500926625255,integer optimal solution,0.9,1.0,1,41,0.0,0.0037574999998923886,3
0.9,10,3,2,24,B2,89.87500926625255,integer optimal solution,0.9,1.0,1,225,0.0,0.010798499999964406,3
0.9,10,3,2,24,B3,89.87500926625255,integer optimal solution,0.9,1.0,1,823,0.670293700000002,0.03066120000016781,3
0.9,10,3,2,24,HEUR,89.87500926625255,integer optimal solution,0.9,1.0,1,52,0.0,0.005082200000060766,3
0.9,10,3,2,24,B4,88.72113041796588,integer optimal solution,0.5,2.5,2,2088,8.169588499999918,0.04661620000001676,3
0.9,10,2,3,6,B1,103.66556921917856,integer optimal solution,0.7,1.0,3,33,0.0,0.00492220000000998,2
0.9,10,2,3,6,B2,98.82577269416184,integer optimal solution,0.5,1.6666666666666667,3,166,0.0,0.00648759999990034,2
0.9,10,2,3,6,B3,93.44226750553518,integer optimal solution,0.4,2.0,3,553,0.6303660999999465,0.021956600000066828,2
0.9,10,2,3,6,HEUR,103.66556921917856,integer optimal solution,0.7,1.0,3,41,0.0,0.004036999999925683,2
0.9,10,2,3,6,B4,90.68887574120672,integer optimal solution,0.3,2.3333333333333335,3,1271,8.083861099999922,0.042601800000056755,2
0.9,10,2,3,13,B1,103.01565097622826,integer optimal solution,0.7,1.0,3,41,0.0,0.0037907999999333697,3
0.9,10,2,3,13,B2,94.40500493786203,integer optimal solution,0.4,2.0,3,163,0.0,0.006507399999918562,3
0.9,10,2,3,13,B3,92.47123008762176,integer optimal solution,0.3,2.3333333333333335,3,529,0.6018807000000379,0.01887910000004922,3
0.9,10,2,3,13,HEUR,98.98504820039531,integer optimal solution,0.6,1.3333333333333333,3,50,0.0,0.003733200000169745,3
0.9,10,2,3,13,B4,89.91345075173581,integer optimal solution,0.2,2.6666666666666665,3,1258,7.108499599999959,0.04372220000004745,3
0.9,10,2,3,20,B1,101.15366891427128,integer optimal solution,0.6,1.0,4,41,0.0,0.006914099999903556,3
0.9,10,2,3,20,B2,94.16216402074622,integer optimal solution,0.4,1.5,4,168,0.0,0.007900899999867761,3
0.9,10,2,3,20,B3,91.66797740258741,integer optimal solution,0.3,1.75,4,521,0.6106500000000779,0.02115689999982351,3
0.9,10,2,3,20,HEUR,98.52216692712034,integer optimal solution,0.4,1.5,4,50,0.0,0.006662800000185598,3
0.9,10,2,3,20,B4,86.614863013218,integer optimal solution,0.2,2.0,4,1175,7.3683487999999215,0.03372039999999288,3
0.9,10,3,3,2,B1,111.47966283139851,integer optimal solution,0.8,1.0,2,43,0.0,0.0036144000000604137,3
0.9,10,3,3,2,B2,103.1406255935546,integer optimal solution,0.5,1.6666666666666667,3,229,0.0,0.007734399999890229,3
0.9,10,3,3,2,B3,96.7219545290142,integer optimal solution,0.4,2.0,3,804,0.7625353999999334,0.032266200000094614,3
0.9,10,3,3,2,HEUR,107.98565348862401,integer optimal solution,0.6,2.0,2,61,0.0,0.006059000000050219,3
0.9,10,3,3,2,B4,91.63046002339621,integer optimal solution,0.3,2.3333333333333335,3,1945,9.124052399999982,0.047724499999958425,3
0.9,10,3,3,9,B1,92.78141090574664,integer optimal solution,0.6,1.0,4,50,0.0,0.006280900000092515,3
0.9,10,3,3,9,B2,83.56179649887612,integer optimal solution,0.2,1.6,5,238,0.0,0.014341800000011062,3
0.9,10,3,3,9,B3,75.27366574482919,integer optimal solution,0.1,2.25,4,786,0.6960864000000129,0.029217600000038146,3
0.9,10,3,3,9,HEUR,87.5170866543862,integer optimal solution,0.3,2.3333333333333335,3,62,0.0,0.0062489000001733075,3
0.9,10,3,3,9,B4,72.34741644250184,integer optimal solution,0.0,2.5,4,1853,8.380098900000121,0.04712059999997109,3
0.9,10,3,3,16,B1,101.6109118938586,integer optimal solution,0.8,1.0,2,47,0.0,0.0031705999999758205,3
0.9,10,3,3,16,B2,98.28079393675142,integer optimal solution,0.5,1.6666666666666667,3,243,0.0,0.009800999999924898,3
0.9,10,3,3,16,B3,92.07449211631416,integer optimal solution,0.2,2.0,4,867,0.7557868000001235,0.032082299999956376,3
0.9,10,3,3,16,HEUR,101.6109118938586,integer optimal solution,0.8,1.0,2,60,0.0,0.0049088999999185035,3
0.9,10,3,3,16,B4,88.85569555375345,integer optimal solution,0.0,2.5,4,2141,11.013472799999818,0.048326200000019526,3
0.9,10,3,3,23,B1,94.50627592451139,integer optimal solution,0.7,1.0,3,48,0.0,0.004652800000030766,4
0.9,10,3,3,23,B2,76.54737848188394,integer optimal solution,0.4,2.0,3,243,0.0,0.010242300000072646,4
0.9,10,3,3,23,B3,73.26158782850386,integer optimal solution,0.3,2.3333333333333335,3,818,0.7586538000000473,0.024069600000075297,4
0.9,10,3,3,23,HEUR,75.84138208166878,integer optimal solution,0.1,2.25,4,64,0.0,0.006775600000082704,4
0.9,10,3,3,23,B4,70.283624951088,integer optimal solution,0.2,2.6666666666666665,3,1947,9.26494589999993,0.04195110000000568,4
0.9,15,2,2,5,B1,154.94376149023122,integer optimal solution,0.9333333333333333,1.0,1,43,0.0,0.004620900000190886,4
0.9,15,2,2,5,B2,149.95580062406063,integer optimal solution,0.8666666666666667,2.0,1,325,0.0,0.015337699999918186,4
0.9,15,2,2,5,B3,145.200224099406,integer optimal solution,0.6666666666666666,2.5,2,1713,1.9925691999999344,0.034839800000099785,4
0.9,15,2,2,5,HEUR,150.1881849655766,integer optimal solution,0.7333333333333333,2.0,2,54,0.0,0.004980100000011589,4
0.9,15,2,2,5,B4,138.38626378463528,integer optimal solution,0.3333333333333333,3.3333333333333335,3,6256,42.94968969999991,0.161758399999826,4
0.9,15,2,2,12,B1,145.55017540987586,integer optimal solution,0.8666666666666667,1.0,2,47,0.0,0.005719499999941036,4
0.9,15,2,2,12,B2,140.4679397811799,integer optimal solution,0.7333333333333333,2.0,2,349,0.0,0.016094599999860293,4
0.9,15,2,2,12,B3,138.07033727726431,integer optimal solution,0.5333333333333333,2.3333333333333335,3,1953,2.0583279999998467,0.047794500000009066,4
0.9,15,2,2,12,HEUR,143.15257290596028,integer optimal solution,0.6666666666666666,1.6666666666666667,3,57,0.0,0.006259300000010626,4
0.9,15,2,2,12,B4,132.3359229804417,integer optimal solution,0.26666666666666666,2.75,4,7581,47.09883859999991,0.15503609999996115,4
0.9,15,2,2,19,B1,147.71781434544314,integer optimal solution,0.8666666666666667,1.0,2,51,0.0,0.0047806000000036875,3
0.9,15,2,2,19,B2,139.84968152162827,integer optimal solution,0.7333333333333333,2.0,2,361,0.0,0.017277200000080484,3
0.9,15,2,2,19,B3,138.1332482274442,integer optimal solution,0.5333333333333333,2.3333333333333335,3,1889,2.1203523000001496,0.0427738999999292,3
0.9,15,2,2,19,HEUR,147.71781434544312,integer optimal solution,0.8666666666666667,1.0,2,61,0.0,0.008017200000040248,3
0.9,15,2,2,19,B4,133.77347077460698,integer optimal solution,0.2,3.0,4,6985,46.11614840000016,0.17409390000011626,3
0.9,15,3,2,1,B1,138.78009812978402,integer optimal solution,0.8666666666666667,1.0,2,65,0.0,0.0041181999999935215,5
0.9,15,3,2,1,B2,127.29030794945271,integer optimal solution,0.4666666666666667,2.0,4,495,0.0,0.022882100000060746,5
0.9,15,3,2,1,B3,119.49659757617465,integer optimal solution,0.13333333333333333,2.6,5,2557,2.288463899999897,0.06510830000001988,5
0.9,15,3,2,1,HEUR,127.73941383357464,integer optimal solution,0.5333333333333333,1.75,4,91,0.0,0.0057833999999274965,5
0.9,15,3,2,1,B4,112.14187147814567,integer optimal solution,0.2,3.0,4,9159,53.09409729999993,0.3132913000001736,5
0.9,15,3,2,8,B1,164.39036753644825,integer optimal solution,0.9333333333333333,1.0,1,51,0.0,0.0037901000000601925,5
0.9,15,3,2,8,B2,162.08318838600024,integer optimal solution,0.7333333333333333,2.0,2,476,0.0,0.0219769999998789,5
0.9,15,3,2,8,B3,149.7793002048438,integer optimal solution,0.4,3.0,3,2594,2.523040499999979,0.05836929999986751,5
0.9,15,3,2,8,HEUR,158.65933457116864,integer optimal solution,0.6666666666666666,2.5,2,77,0.0,0.006085900000016409,5
0.9,15,3,2,8,B4,138.6273081722913,integer optimal solution,0.2,4.0,3,9407,53.25658199999998,0.24347649999981513,5
0.9,15,3,2,15,B1,181.5925930968016,integer optimal solution,0.8,1.0,3,61,0.0,0.0050303999998959625,4
0.9,15,3,2,15,B2,159.28565406348105,integer optimal solution,0.5333333333333333,1.75,4,532,0.0,0.02207260000000133,4
0.9,15,3,2,15,B3,141.58768002033315,integer optimal solution,0.4,2.25,4,3005,2.6959825999999794,0.048384500000111075,4
0.9,15,3,2,15,HEUR,150.47066285006701,integer optimal solution,0.5333333333333333,1.75,4,75,0.0,0.006683399999928952,4
0.9,15,3,2,15,B4,132.5680715444152,integer optimal solution,0.26666666666666666,2.75,4,11512,59.33665999999994,0.22111050000012256,4
0.9,15,3,2,22,B1,145.05456960602012,integer optimal solution,0.8,1.0,3,65,0.0,0.005034699999896475,4
0.9,15,3,2,22,B2,130.0976375934061,integer optimal solution,0.4666666666666667,2.0,4,579,0.0,0.020074099999874306,4
0.9,15,3,2,22,B3,120.22898928171468,integer optimal solution,0.13333333333333333,2.6,5,3302,2.7913820999999643,0.07399589999999989,4
0.9,15,3,2,22,HEUR,131.53451930242585,integer optimal solution,0.3333333333333333,2.0,5,89,0.0,0.005882600000177263,4
0.9,15,3,2,22,B4,110.48036219146746,integer optimal solution,0.06666666666666667,3.5,4,13002,69.34594530000004,0.2506925999998657,4
0.9,15,2,3,4,B1,166.43329909263045,integer optimal solution,0.6666666666666666,1.0,5,58,0.0,0.006257100000084392,3
0.9,15,2,3,4,B2,147.9397097815204,integer optimal solution,0.4,1.8,5,323,0.0,0.017245499999944514,3
0.9,15,2,3,4,B3,136.00380660795378,integer optimal solution,0.26666666666666666,2.2,5,1466,2.3751486000001023,0.0445326000001387,3
0.9,15,2,3,4,HEUR,155.52035741892013,integer optimal solution,0.5333333333333333,1.4,5,68,0.0,0.008321400000113499,3
0.9,15,2,3,4,B4,131.12627263011092,integer optimal solution,0.13333333333333333,2.6,5,4916,44.97094220000008,0.13840649999997368,3
0.9,15,2,3,11,B1,156.68030642239066,integer optimal solution,0.8,1.0,3,50,0.0,0.004114999999956126,6
0.9,15,2,3,11,B2,146.57292053561483,integer optimal solution,0.6,1.5,4,318,0.0,0.012446999999838226,6
0.9,15,2,3,11,B3,140.90361443904277,integer optimal solution,0.3333333333333333,2.0,5,1554,2.4072435000000496,0.032498300000042946,6
0.9,15,2,3,11,HEUR,149.09563522194088,integer optimal solution,0.4666666666666667,1.6,5,65,0.0,0.007831899999928282,6
0.9,15,2,3,11,B4,137.86879207149696,integer optimal solution,0.26666666666666666,2.2,5,5394,46.82225840000001,0.12738009999998212,6
0.9,15,2,3,18,B1,145.2372534936777,integer optimal solution,0.8,1.0,3,60,0.0,0.004430899999988469,5
0.9,15,2,3,18,B2,138.797693505699,integer optimal solution,0.4666666666666667,1.6,5,358,0.0,0.01747350000005099,5
0.9,15,2,3,18,B3,131.24645850459518,integer optimal solution,0.3333333333333333,2.0,5,1779,2.5015198999999484,0.04333019999990029,5
0.9,15,2,3,18,HEUR,143.81419291569117,integer optimal solution,0.6,1.5,4,76,0.0,0.007204100000080871,5
0.9,15,2,3,18,B4,124.98943807593274,integer optimal solution,0.2,2.4,5,6295,57.11814350000009,0.12879849999990256,5
0.9,15,3,3,0,B1,142.11403352697215,integer optimal solution,0.8666666666666667,1.0,2,63,0.0,0.004936300000053961,5
0.9,15,3,3,0,B2,137.53972092684134,integer optimal solution,0.5333333333333333,1.75,4,502,0.0,0.02333490000000893,5
0.9,15,3,3,0,B3,129.7560062322565,integer optimal solution,0.2,2.4,5,2749,2.85744550000004,0.04425300000002608,5
0.9,15,3,3,0,HEUR,138.07467019976016,integer optimal solution,0.5333333333333333,1.75,4,89,0.0,0.0051287999999658496,5
0.9,15,3,3,0,B4,121.61180305578327,integer optimal solution,0.13333333333333333,3.25,4,10290,66.07997180000007,0.2085672999999133,5
0.9,15,3,3,7,B1,139.93548487169812,integer optimal solution,0.8666666666666667,1.0,2,72,0.0,0.0040556999999807886,5
0.9,15,3,3,7,B2,128.54411572579096,integer optimal solution,0.6,2.0,3,482,0.0,0.018796500000007654,5
0.9,15,3,3,7,B3,121.19675138803355,integer optimal solution,0.13333333333333333,2.6,5,2542,3.0036353000000418,0.05502100000012433,5
0.9,15,3,3,7,HEUR,128.5495215521932,integer optimal solution,0.4,2.25,4,98,0.0,0.008442900000090958,5
0.9,15,3,3,7,B4,113.1501683236328,integer optimal solution,0.2,3.0,4,9575,60.185319700000036,0.2084856999999829,5
0.9,15,3,3,14,B1,148.40827096499572,integer optimal solution,0.8,1.0,3,66,0.0,0.004477399999814224,4
0.9,15,3,3,14,B2,139.37513808137834,integer optimal solution,0.6,2.0,3,537,0.0,0.024475899999742978,4
0.9,15,3,3,14,B3,131.6547372418502,integer optimal solution,0.3333333333333333,2.5,4,3000,3.3030301999999665,0.06309019999980592,4
0.9,15,3,3,14,HEUR,143.17088430445614,integer optimal solution,0.4666666666666667,2.0,4,85,0.0,0.006512400000246998,4
0.9,15,3,3,14,B4,124.34802224460505,integer optimal solution,0.2,3.0,4,11498,72.19918610000013,0.2308524000000034,4
0.9,15,3,3,21,B1,124.86647967215148,integer optimal solution,0.8,1.0,3,69,0.0,0.006243899999844871,6
0.9,15,3,3,21,B2,117.8622964139176,integer optimal solution,0.5333333333333333,1.75,4,527,0.0,0.025009399999817106,6
0.9,15,3,3,21,B3,113.06590806282338,integer optimal solution,0.26666666666666666,2.2,5,2743,3.211413800000173,0.06578619999982038,6
0.9,15,3,3,21,HEUR,115.97520635167876,integer optimal solution,0.26666666666666666,2.2,5,101,0.0,0.005890999999792257,6
0.9,15,3,3,21,B4,107.39718977228804,integer optimal solution,0.2,2.4,5,10039,67.58795150000014,0.19582880000007208,6
0.9,20,2,2,3,B1,221.3459534063378,integer optimal solution,0.85,1.0,3,64,0.0,0.005560099999911472,6
0.9,20,2,2,3,B2,202.16360354174662,integer optimal solution,0.7,2.0,3,631,0.0,0.029253000000153406,6
0.9,20,2,2,3,B3,188.04323454029148,integer optimal solution,0.5,2.5,4,4479,6.357356299999992,0.09206230000017968,6
0.9,20,2,2,3,HEUR,213.44330604530776,integer optimal solution,0.6,2.0,4,88,0.0,0.013540200000079494,6
0.9,20,2,2,10,B1,226.51136505021475,integer optimal solution,0.95,1.0,1,51,0.0,0.003811100000348233,6
0.9,20,2,2,10,B2,208.90443998751368,integer optimal solution,0.8,2.0,2,545,0.0,0.026196300000265182,6
0.9,20,2,2,10,B3,198.1176723728641,integer optimal solution,0.6,2.6666666666666665,3,3851,5.414724799999931,0.09750399999984438,6
0.9,20,2,2,10,HEUR,207.323226923303,integer optimal solution,0.65,2.3333333333333335,3,69,0.0,0.010325999999622582,6
0.9,20,2,2,17,B1,247.5330645083962,integer optimal solution,0.9,1.0,2,61,0.0,0.005100800000036543,6
0.9,20,2,2,17,B2,233.35449799064827,integer optimal solution,0.65,1.75,4,628,0.0,0.02788490000011734,6
0.9,20,2,2,17,B3,215.36951212246012,integer optimal solution,0.55,2.25,4,4690,5.780836800000088,0.0654540000000452,6
0.9,20,2,2,17,HEUR,222.3370581488619,integer optimal solution,0.6,2.0,4,93,0.0,0.006714399999964371,6
0.9,20,2,2,24,B1,244.7225420358731,integer optimal solution,0.9,1.0,2,71,0.0,0.005029299999932846,6
0.9,20,2,2,24,B2,216.79542325317408,integer optimal solution,0.6,2.0,4,561,0.0,0.025764100000287726,6
0.9,20,2,2,24,B3,202.14635554312895,integer optimal solution,0.5,2.5,4,3737,5.830331599999681,0.07798759999968752,6
0.9,20,2,2,24,HEUR,222.70173963614766,integer optimal solution,0.6,2.0,4,90,0.0,0.007379900000159978,6
0.9,20,3,2,6,B1,184.95315627571534,integer optimal solution,0.9,1.0,2,82,0.0,0.005660899999838875,6
0.9,20,3,2,6,B2,178.17706794371844,integer optimal solution,0.6,2.0,4,902,0.0,0.02754000000004453,6
0.9,20,3,2,6,B3,167.98019021976313,integer optimal solution,0.35,2.6,5,6841,7.2845603000000665,0.152754200000345,6
0.9,20,3,2,6,HEUR,176.65827339394593,integer optimal solution,0.6,2.0,4,118,0.0,0.009065400000054069,6
0.9,20,3,2,13,B1,202.47063256326814,integer optimal solution,0.85,1.0,3,84,0.0,0.005477499999869906,6
0.9,20,3,2,13,B2,180.7673218516442,integer optimal solution,0.6,2.0,4,895,0.0,0.02525659999992058,6
0.9,20,3,2,13,B3,171.36357033659027,integer optimal solution,0.5,2.5,4,6268,7.292599600000358,0.13828160000002754,6
0.9,20,3,2,13,HEUR,182.69356994321492,integer optimal solution,0.7,2.0,3,115,0.0,0.007086600000093313,6
0.9,20,3,2,20,B1,198.09039670948215,integer optimal solution,0.8,1.0,4,87,0.0,0.005495699999755743,6
0.9,20,3,2,20,B2,177.77149068171133,integer optimal solution,0.5,2.0,5,980,0.0,0.028874800000266987,6
0.9,20,3,2,20,B3,161.1971089634845,integer optimal solution,0.35,2.6,5,7482,7.995623400000113,0.13536269999985961,6
0.9,20,3,2,20,HEUR,180.97705545113675,integer optimal solution,0.5,2.0,5,123,0.0,0.008350200000222685,6
0.9,20,2,3,2,B1,183.36105460332945,integer optimal solution,0.85,1.0,3,70,0.0,0.00622720000001209,7
0.9,20,2,3,2,B2,177.03921269591422,integer optimal solution,0.65,1.75,4,636,0.0,0.02406669999982114,7
0.9,20,2,3,2,B3,169.49255914196485,integer optimal solution,0.55,2.25,4,4633,6.849642700000004,0.09152799999992567,7
0.9,20,2,3,2,HEUR,175.80643959232754,integer optimal solution,0.6,2.0,4,102,0.0,0.011090400000284717,7
0.9,20,2,3,9,B1,202.13532071301506,integer optimal solution,0.85,1.0,3,87,0.0,0.005348500000309286,5
0.9,20,2,3,9,B2,185.76263675186678,integer optimal solution,0.6,2.0,4,618,0.0,0.02054069999985586,5
0.9,20,2,3,9,B3,178.3578655623728,integer optimal solution,0.4,2.4,5,3888,6.404863499999919,0.09076729999969757,5
0.9,20,2,3,9,HEUR,191.9098837890075,integer optimal solution,0.65,1.75,4,106,0.0,0.0071247000000767,5
0.9,20,2,3,16,B1,227.57152751310107,integer optimal solution,0.85,1.0,3,56,0.0,0.004538799999863841,7
0.9,20,2,3,16,B2,205.36015387221119,integer optimal solution,0.55,1.8,5,634,0.0,0.026204100000086328,7
0.9,20,2,3,16,B3,189.15638428134605,integer optimal solution,0.45,2.2,5,4993,7.124765199999729,0.09988940000039292,7
0.9,20,2,3,16,HEUR,201.67104887977715,integer optimal solution,0.65,1.75,4,82,0.0,0.007934399999612651,7
0.9,20,2,3,23,B1,173.76026155102952,integer optimal solution,0.85,1.0,3,65,0.0,0.00650359999963257,8
0.9,20,2,3,23,B2,160.77961471872646,integer optimal solution,0.65,1.75,4,545,0.0,0.020427699999800097,8
0.9,20,2,3,23,B3,156.61645629644394,integer optimal solution,0.6,2.0,4,3541,5.972418000000289,0.12574700000004668,8
0.9,20,2,3,23,HEUR,165.34145880114758,integer optimal solution,0.65,1.75,4,88,0.0,0.008842300000196701,8
0.9,20,3,3,5,B1,187.39790940776044,integer optimal solution,0.85,1.0,3,93,0.0,0.006155699999908393,8
0.9,20,3,3,5,B2,171.829172207442,integer optimal solution,0.5,2.0,5,1027,0.0,0.029076599999825703,8
0.9,20,3,3,5,B3,157.13750132921564,integer optimal solution,0.25,2.5,6,8037,9.235202299999855,0.12744309999970937,8
0.9,20,3,3,5,HEUR,172.3733294694478,integer optimal solution,0.5,2.5,4,138,0.0,0.008476999999857071,8
0.9,20,3,3,12,B1,195.68694090531446,integer optimal solution,0.85,1.0,3,102,0.0,0.007995299999947747,6
0.9,20,3,3,12,B2,177.37651843992896,integer optimal solution,0.5,2.0,5,904,0.0,0.036864000000150554,6
0.9,20,3,3,12,B3,168.51565128662793,integer optimal solution,0.4,2.4,5,6104,7.8936469999998735,0.12493150000000242,6
0.9,20,3,3,12,HEUR,190.41509166880905,integer optimal solution,0.6,1.6,5,134,0.0,0.008156200000030367,6
0.9,20,3,3,19,B1,207.32770593812282,integer optimal solution,0.75,1.0,5,97,0.0,0.006104499999764812,7
0.9,20,3,3,19,B2,190.72644310788874,integer optimal solution,0.55,1.8,5,863,0.0,0.028143800000179908,7
0.9,20,3,3,19,B3,180.45446273183882,integer optimal solution,0.5,2.5,4,5939,7.056041599999844,0.17116599999963,7
0.9,20,3,3,19,HEUR,204.32759156395684,integer optimal solution,0.65,1.4,5,131,0.0,0.011762699999962933,7
