alignment,n,n_gw,n_od,rep,menu,true_cost,status,fd_rate,mean_bundle,n_routes,pool_size,t_A,t_B,n_heur_blocks
0.1,10,2,2,0,B1,210.38801734006586,integer optimal solution,1.0,0.0,0,21,0.0,0.006196099999999927,2
0.1,10,2,2,0,B2,210.38801734006586,integer optimal solution,1.0,0.0,0,154,0.0,0.012758900000000128,2
0.1,10,2,2,0,B3,210.38801734006586,integer optimal solution,1.0,0.0,0,608,0.29384770000000004,0.03642589999999979,2
0.1,10,2,2,0,HEUR,210.38801734006586,integer optimal solution,1.0,0.0,0,36,0.0,0.005952800000000202,2
0.1,10,2,2,0,B4,210.38801734006586,integer optimal solution,1.0,0.0,0,1498,1.8843744,0.05196819999999969,2
0.1,10,2,2,7,B1,196.32926318851986,integer optimal solution,1.0,0.0,0,20,0.0,0.004206899999999791,2
0.1,10,2,2,7,B2,196.32926318851986,integer optimal solution,1.0,0.0,0,148,0.0,0.00959600000000016,2
0.1,10,2,2,7,B3,196.32926318851986,integer optimal solution,1.0,0.0,0,558,0.17716179999999992,0.03204320000000038,2
0.1,10,2,2,7,HEUR,196.32926318851986,integer optimal solution,1.0,0.0,0,27,0.0,0.0058338999999998364,2
0.1,10,2,2,7,B4,196.32926318851986,integer optimal solution,1.0,0.0,0,1440,1.2707163999999995,0.05302849999999992,2
0.1,10,2,2,14,B1,155.00117646369677,integer optimal solution,1.0,0.0,0,20,0.0,0.004460100000000189,4
0.1,10,2,2,14,B2,155.00117646369677,integer optimal solution,1.0,0.0,0,141,0.0,0.011105500000000212,4
0.1,10,2,2,14,B3,155.00117646369682,integer optimal solution,1.0,0.0,0,528,0.16360250000000054,0.033740500000000395,4
0.1,10,2,2,14,HEUR,155.00117646369677,integer optimal solution,1.0,0.0,0,42,0.0,0.007558300000000351,4
0.1,10,2,2,14,B4,155.00117646369677,integer optimal solution,1.0,0.0,0,1329,1.1213331000000002,0.04529709999999998,4
0.1,10,2,2,21,B1,142.19873448606361,integer optimal solution,0.9,1.0,1,25,0.0,0.005589800000000977,3
0.1,10,2,2,21,B2,142.19873448606364,integer optimal solution,0.9,1.0,1,173,0.0,0.010908699999999882,3
0.1,10,2,2,21,B3,142.19873448606361,integer optimal solution,0.9,1.0,1,665,0.3624039999999997,0.0345475000000004,3
0.1,10,2,2,21,HEUR,142.19873448606361,integer optimal solution,0.9,1.0,1,39,0.0,0.00924619999999976,3
0.1,10,2,2,21,B4,142.19873448606361,integer optimal solution,0.9,1.0,1,1648,3.3670990000000005,0.053727500000000816,3
0.1,10,3,2,3,B1,149.5020418385088,integer optimal solution,0.9,1.0,1,31,0.0,0.003917100000000673,2
0.1,10,3,2,3,B2,149.5020418385088,integer optimal solution,0.9,1.0,1,201,0.0,0.012782500000000141,2
0.1,10,3,2,3,B3,149.5020418385088,integer optimal solution,0.9,1.0,1,726,0.2592119999999998,0.051350399999998686,2
0.1,10,3,2,3,HEUR,149.5020418385088,integer optimal solution,0.9,1.0,1,41,0.0,0.007118199999998964,2
0.1,10,3,2,3,B4,149.5020418385088,integer optimal solution,0.9,1.0,1,1682,1.6094285,0.061028900000000164,2
0.1,10,3,2,10,B1,166.39928739336014,integer optimal solution,0.8,1.0,2,32,0.0,0.006661700000000437,2
0.1,10,3,2,10,B2,166.39928739336014,integer optimal solution,0.8,1.0,2,205,0.0,0.016067299999999562,2
0.1,10,3,2,10,B3,164.74009991077253,integer optimal solution,0.7,3.0,1,741,0.2108535999999983,0.03552289999999836,2
0.1,10,3,2,10,HEUR,166.39928739336014,integer optimal solution,0.8,1.0,2,46,0.0,0.006841700000000728,2
0.1,10,3,2,10,B4,161.45166507936523,integer optimal solution,0.6,4.0,1,1828,1.4338154999999997,0.056251800000000074,2
0.1,10,3,2,17,B1,176.89128141189767,integer optimal solution,1.0,0.0,0,31,0.0,0.004183000000001158,2
0.1,10,3,2,17,B2,176.89128141189767,integer optimal solution,1.0,0.0,0,224,0.0,0.014811399999999253,2
0.1,10,3,2,17,B3,176.89128141189767,integer optimal solution,1.0,0.0,0,858,0.3867054000000003,0.0341155999999998,2
0.1,10,3,2,17,HEUR,176.89128141189767,integer optimal solution,1.0,0.0,0,44,0.0,0.005485300000000137,2
0.1,10,3,2,17,B4,176.89128141189767,integer optimal solution,1.0,0.0,0,2114,1.8418288,0.05611989999999878,2
0.1,10,3,2,24,B1,201.72119300390278,integer optimal solution,1.0,0.0,0,30,0.0,0.0031345000000015943,2
0.1,10,3,2,24,B2,201.72119300390275,integer optimal solution,1.0,0.0,0,219,0.0,0.013764399999999455,2
0.1,10,3,2,24,B3,201.72119300390275,integer optimal solution,1.0,0.0,0,836,0.21644659999999938,0.03653940000000233,2
0.1,10,3,2,24,HEUR,201.72119300390275,integer optimal solution,1.0,0.0,0,52,0.0,0.007804000000000144,2
0.1,10,3,2,24,B4,201.72119300390275,integer optimal solution,1.0,0.0,0,2033,1.4127334000000005,0.05604310000000012,2
0.1,10,2,3,6,B1,177.83932820683256,integer optimal solution,1.0,0.0,0,23,0.0,0.00353020000000015,2
0.1,10,2,3,6,B2,177.83932820683256,integer optimal solution,1.0,0.0,0,151,0.0,0.009884299999999513,2
0.1,10,2,3,6,B3,177.83932820683256,integer optimal solution,1.0,0.0,0,614,0.3647492999999997,0.037352600000001956,2
0.1,10,2,3,6,HEUR,177.83932820683256,integer optimal solution,1.0,0.0,0,31,0.0,0.005510000000001014,2
0.1,10,2,3,6,B4,177.83932820683256,integer optimal solution,1.0,0.0,0,1675,3.6491902999999972,0.04841790000000046,2
0.1,10,2,3,13,B1,190.85812066735525,integer optimal solution,0.9,1.0,1,22,0.0,0.0036312000000009448,3
0.1,10,2,3,13,B2,188.15491024917497,integer optimal solution,0.7,1.5,2,145,0.0,0.01329849999999766,3
0.1,10,2,3,13,B3,187.30295708041726,integer optimal solution,0.7,3.0,1,573,0.25881620000000183,0.03470269999999687,3
0.1,10,2,3,13,HEUR,190.85812066735525,integer optimal solution,0.9,1.0,1,38,0.0,0.005703900000000317,3
0.1,10,2,3,13,B4,187.30295708041726,integer optimal solution,0.7,3.0,1,1518,2.1333803000000024,0.05219910000000283,3
0.1,10,2,3,20,B1,177.19498625918476,integer optimal solution,0.9,1.0,1,20,0.0,0.004557299999998321,2
0.1,10,2,3,20,B2,170.76851983185963,integer optimal solution,0.8,2.0,1,139,0.0,0.01216389999999734,2
0.1,10,2,3,20,B3,170.76851983185963,integer optimal solution,0.8,2.0,1,522,0.26424120000000073,0.03417130000000057,2
0.1,10,2,3,20,HEUR,177.19498625918476,integer optimal solution,0.9,1.0,1,28,0.0,0.0053680000000007055,2
0.1,10,2,3,20,B4,170.76851983185963,integer optimal solution,0.8,2.0,1,1252,1.865533799999998,0.08140719999999746,2
0.1,10,3,3,2,B1,161.20849261250683,integer optimal solution,1.0,0.0,0,32,0.0,0.0055720000000007985,3
0.1,10,3,3,2,B2,161.20849261250683,integer optimal solution,1.0,0.0,0,241,0.0,0.014401500000001732,3
0.1,10,3,3,2,B3,161.20849261250683,integer optimal solution,1.0,0.0,0,912,0.38120019999999855,0.035914899999998084,3
0.1,10,3,3,2,HEUR,161.20849261250683,integer optimal solution,1.0,0.0,0,49,0.0,0.006215700000002045,3
0.1,10,3,3,2,B4,157.23677609919994,integer optimal solution,0.6,4.0,1,2221,2.5306555999999993,0.05833300000000108,3
0.1,10,3,3,9,B1,185.56804513531347,integer optimal solution,0.8,1.0,2,34,0.0,0.004997299999999427,2
0.1,10,3,3,9,B2,183.5625562366775,integer optimal solution,0.5,1.6666666666666667,3,226,0.0,0.01354260000000096,2
0.1,10,3,3,9,B3,174.2087968908265,integer optimal solution,0.4,3.0,2,817,0.4177870999999982,0.034820199999998636,2
0.1,10,3,3,9,HEUR,185.56804513531347,integer optimal solution,0.8,1.0,2,46,0.0,0.005120499999996753,2
0.1,10,3,3,9,B4,170.23302974353612,integer optimal solution,0.5,2.5,2,1891,2.9558141000000013,0.06660680000000241,2
0.1,10,3,3,16,B1,171.40510834144385,integer optimal solution,0.9,1.0,1,31,0.0,0.00361679999999609,1
0.1,10,3,3,16,B2,171.40510834144385,integer optimal solution,0.9,1.0,1,213,0.0,0.01966300000000132,1
0.1,10,3,3,16,B3,167.9549479209891,integer optimal solution,0.7,3.0,1,746,0.3034351999999956,0.03287249999999631,1
0.1,10,3,3,16,HEUR,171.40510834144385,integer optimal solution,0.9,1.0,1,38,0.0,0.004917200000001287,1
0.1,10,3,3,16,B4,166.27744003332793,integer optimal solution,0.6,4.0,1,1679,1.5549065999999954,0.04833020000000232,1
0.1,10,3,3,23,B1,148.76377221968016,integer optimal solution,0.9,1.0,1,31,0.0,0.0048911000000018134,3
0.1,10,3,3,23,B2,144.38023281448955,integer optimal solution,0.8,2.0,1,199,0.0,0.010582200000001762,3
0.1,10,3,3,23,B3,141.3235828879744,integer optimal solution,0.7,3.0,1,742,0.2883241000000041,0.030094699999999364,3
0.1,10,3,3,23,HEUR,148.29717338034828,integer optimal solution,0.8,2.0,1,52,0.0,0.005689600000003736,3
0.1,10,3,3,23,B4,138.64434508333173,integer optimal solution,0.6,4.0,1,1951,1.826476299999996,0.05019450000000347,3
0.1,15,2,2,5,B1,280.63271771091024,integer optimal solution,1.0,0.0,0,33,0.0,0.004009899999999789,4
0.1,15,2,2,5,B2,280.63271771091024,integer optimal solution,1.0,0.0,0,334,0.0,0.017377199999998538,4
0.1,15,2,2,5,B3,280.63271771091024,integer optimal solution,1.0,0.0,0,2042,0.7598845999999995,0.04814879999999988,4
0.1,15,2,2,5,HEUR,280.63271771091024,integer optimal solution,1.0,0.0,0,48,0.0,0.005899299999995833,4
0.1,15,2,2,5,B4,280.63271771091024,integer optimal solution,1.0,0.0,0,8372,10.2883998,0.20865149999999488,4
0.1,15,2,2,12,B1,234.98635971605748,integer optimal solution,0.9333333333333333,1.0,1,34,0.0,0.004123599999999783,5
0.1,15,2,2,12,B2,234.98635971605748,integer optimal solution,0.9333333333333333,1.0,1,314,0.0,0.01840959999999825,5
0.1,15,2,2,12,B3,234.98635971605748,integer optimal solution,0.9333333333333333,1.0,1,1755,0.6884721999999996,0.04689030000000116,5
0.1,15,2,2,12,HEUR,234.98635971605748,integer optimal solution,0.9333333333333333,1.0,1,54,0.0,0.005837599999999554,5
0.1,15,2,2,12,B4,234.98635971605748,integer optimal solution,0.9333333333333333,1.0,1,6712,8.4146717,0.17484979999999695,5
0.1,15,2,2,19,B1,256.20214294852127,integer optimal solution,0.9333333333333333,1.0,1,31,0.0,0.004376700000008782,4
0.1,15,2,2,19,B2,256.20214294852127,integer optimal solution,0.9333333333333333,1.0,1,349,0.0,0.016062500000003865,4
0.1,15,2,2,19,B3,256.20214294852127,integer optimal solution,0.9333333333333333,1.0,1,1891,0.8579210999999987,0.05359180000000663,4
0.1,15,2,2,19,HEUR,256.20214294852127,integer optimal solution,0.9333333333333333,1.0,1,51,0.0,0.0064420999999867945,4
0.1,15,2,2,19,B4,256.20214294852127,integer optimal solution,0.9333333333333333,1.0,1,7012,11.0037928,0.1972475999999972,4
0.1,15,3,2,1,B1,258.7953139615558,integer optimal solution,0.9333333333333333,1.0,1,50,0.0,0.004436400000003005,3
0.1,15,3,2,1,B2,254.4253851164783,integer optimal solution,0.7333333333333333,2.0,2,447,0.0,0.025218100000003574,3
0.1,15,3,2,1,B3,243.10661510476046,integer optimal solution,0.6,3.0,2,2441,0.9089208999999983,0.062217000000003964,3
0.1,15,3,2,1,HEUR,252.84863647198085,integer optimal solution,0.8,3.0,1,68,0.0,0.00856570000000545,3
0.1,15,3,2,1,B4,236.7800602954121,integer optimal solution,0.5333333333333333,3.5,2,8776,10.973049500000002,0.2394675000000035,3
0.1,15,3,2,8,B1,228.88063732921296,integer optimal solution,0.9333333333333333,1.0,1,47,0.0,0.005264300000007438,6
0.1,15,3,2,8,B2,228.88063732921296,integer optimal solution,0.9333333333333333,1.0,1,477,0.0,0.022271399999993946,6
0.1,15,3,2,8,B3,228.88063732921296,integer optimal solution,0.9333333333333333,1.0,1,2705,1.0759264999999942,0.058321500000005244,6
0.1,15,3,2,8,HEUR,228.88063732921296,integer optimal solution,0.9333333333333333,1.0,1,82,0.0,0.006341000000006147,6
0.1,15,3,2,8,B4,228.880637329213,integer optimal solution,0.9333333333333333,1.0,1,10278,11.980387000000007,0.23892299999999977,6
0.1,15,3,2,15,B1,259.0251051356171,integer optimal solution,0.9333333333333333,1.0,1,46,0.0,0.0036126999999908094,5
0.1,15,3,2,15,B2,259.025105135617,integer optimal solution,0.9333333333333333,1.0,1,477,0.0,0.027447299999991515,5
0.1,15,3,2,15,B3,259.0251051356171,integer optimal solution,0.9333333333333333,1.0,1,2903,0.8406735999999881,0.06370549999999753,5
0.1,15,3,2,15,HEUR,259.0251051356171,integer optimal solution,0.9333333333333333,1.0,1,79,0.0,0.005574200000012297,5
0.1,15,3,2,15,B4,259.0251051356171,integer optimal solution,0.9333333333333333,1.0,1,11735,10.560868400000004,0.25237479999999834,5
0.1,15,3,2,22,B1,228.12926523749235,integer optimal solution,0.8666666666666667,1.0,2,48,0.0,0.0037175000000075897,4
0.1,15,3,2,22,B2,224.50222104237716,integer optimal solution,0.8,1.5,2,482,0.0,0.023988299999999185,4
0.1,15,3,2,22,B3,221.83554953556688,integer optimal solution,0.7333333333333333,2.0,2,2800,0.8835763000000014,0.06146900000000244,4
0.1,15,3,2,22,HEUR,227.46868890419955,integer optimal solution,0.8,1.5,2,71,0.0,0.005945800000006329,4
0.1,15,3,2,22,B4,221.83554953556688,integer optimal solution,0.7333333333333333,2.0,2,10921,10.797450600000005,0.24624160000000472,4
0.1,15,2,3,4,B1,244.14439146511873,integer optimal solution,0.8666666666666667,1.0,2,36,0.0,0.004144300000007206,4
0.1,15,2,3,4,B2,244.1443914651187,integer optimal solution,0.8666666666666667,1.0,2,330,0.0,0.01726510000000303,4
0.1,15,2,3,4,B3,244.14439146511873,integer optimal solution,0.8666666666666667,1.0,2,1889,0.8193849999999969,0.045939099999998234,4
0.1,15,2,3,4,HEUR,244.14439146511867,integer optimal solution,0.8666666666666667,1.0,2,54,0.0,0.005750100000000202,4
0.1,15,2,3,4,B4,244.14439146511867,integer optimal solution,0.8666666666666667,1.0,2,7357,9.589832900000005,0.17052569999998468,4
0.1,15,2,3,11,B1,254.7109560875074,integer optimal solution,0.9333333333333333,1.0,1,32,0.0,0.003503899999998339,3
0.1,15,2,3,11,B2,254.7074005832359,integer optimal solution,0.8666666666666667,2.0,1,338,0.0,0.012693500000011682,3
0.1,15,2,3,11,B3,250.15551886879788,integer optimal solution,0.8,3.0,1,1839,0.8612348999999995,0.0431320999999798,3
0.1,15,2,3,11,HEUR,254.71095608750747,integer optimal solution,0.9333333333333333,1.0,1,46,0.0,0.004894499999977597,3
0.1,15,2,3,11,B4,250.15551886879788,integer optimal solution,0.8,3.0,1,6859,11.327482900000007,0.16997069999999326,3
0.1,15,2,3,18,B1,221.5632887688404,integer optimal solution,1.0,0.0,0,32,0.0,0.0034593000000029406,4
0.1,15,2,3,18,B2,221.56328876884035,integer optimal solution,1.0,0.0,0,321,0.0,0.017276600000002418,4
0.1,15,2,3,18,B3,221.56328876884035,integer optimal solution,1.0,0.0,0,1761,0.9143650999999977,0.05975240000000781,4
0.1,15,2,3,18,HEUR,221.56328876884035,integer optimal solution,1.0,0.0,0,46,0.0,0.009169999999983247,4
0.1,15,2,3,18,B4,221.56328876884038,integer optimal solution,1.0,0.0,0,6827,10.663410899999974,0.20174679999999512,4
0.1,15,3,3,0,B1,234.6427204077739,integer optimal solution,0.9333333333333333,1.0,1,52,0.0,0.0028183999999953357,4
0.1,15,3,3,0,B2,234.64272040777388,integer optimal solution,0.9333333333333333,1.0,1,459,0.0,0.022457199999990962,4
0.1,15,3,3,0,B3,234.6427204077739,integer optimal solution,0.9333333333333333,1.0,1,2464,0.909146700000008,0.0607697000000087,4
0.1,15,3,3,0,HEUR,234.6427204077739,integer optimal solution,0.9333333333333333,1.0,1,72,0.0,0.00654509999998254,4
0.1,15,3,3,0,B4,234.64272040777388,integer optimal solution,0.9333333333333333,1.0,1,9196,10.45431289999999,0.2390800000000013,4
0.1,15,3,3,7,B1,232.15235096721574,integer optimal solution,0.9333333333333333,1.0,1,52,0.0,0.004184399999985544,4
0.1,15,3,3,7,B2,231.77762015655364,integer optimal solution,0.8,1.5,2,481,0.0,0.025999599999977363,4
0.1,15,3,3,7,B3,229.14291663266135,integer optimal solution,0.7333333333333333,2.0,2,2813,1.038459500000016,0.06469809999998688,4
0.1,15,3,3,7,HEUR,232.15235096721574,integer optimal solution,0.9333333333333333,1.0,1,74,0.0,0.008603700000008985,4
0.1,15,3,3,7,B4,229.14291663266135,integer optimal solution,0.7333333333333333,2.0,2,11387,13.504037299999993,0.25427549999997723,4
0.1,15,3,3,14,B1,238.14010572540144,integer optimal solution,1.0,0.0,0,48,0.0,0.0036695999999949436,4
0.1,15,3,3,14,B2,234.42191387087257,integer optimal solution,0.8666666666666667,2.0,1,514,0.0,0.019419499999997925,4
0.1,15,3,3,14,B3,231.3821189635891,integer optimal solution,0.8,3.0,1,3146,1.313347799999974,0.06325480000000994,4
0.1,15,3,3,14,HEUR,238.14010572540144,integer optimal solution,1.0,0.0,0,71,0.0,0.008189600000008568,4
0.1,15,3,3,14,B4,231.3821189635891,integer optimal solution,0.8,3.0,1,12571,19.505768200000006,0.2642376000000013,4
0.1,15,3,3,21,B1,223.15820786843386,integer optimal solution,0.9333333333333333,1.0,1,50,0.0,0.0029758000000015272,4
0.1,15,3,3,21,B2,219.7482007993632,integer optimal solution,0.8666666666666667,2.0,1,474,0.0,0.022939500000006774,4
0.1,15,3,3,21,B3,219.74820079936322,integer optimal solution,0.8666666666666667,2.0,1,2528,1.2789307000000179,0.06175490000001105,4
0.1,15,3,3,21,HEUR,223.1582078684339,integer optimal solution,0.9333333333333333,1.0,1,83,0.0,0.005826500000011947,4
0.1,15,3,3,21,B4,216.2568457930263,integer optimal solution,0.6,3.0,2,9137,16.02036049999998,0.2166189000000145,4
0.1,20,2,2,3,B1,318.23967643342263,integer optimal solution,0.95,1.0,1,43,0.0,0.004214400000023488,5
0.1,20,2,2,3,B2,315.53995163681174,integer optimal solution,0.85,1.5,2,559,0.0,0.027576499999980797,5
0.1,20,2,2,3,B3,311.657200864591,integer optimal solution,0.8,2.0,2,3991,1.999482200000017,0.0928291000000172,5
0.1,20,2,2,3,HEUR,318.2396764334226,integer optimal solution,0.95,1.0,1,70,0.0,0.009546800000009625,5
0.1,20,2,2,10,B1,309.2797085881301,integer optimal solution,0.9,1.0,2,44,0.0,0.004217799999992167,6
0.1,20,2,2,10,B2,304.10725939016567,integer optimal solution,0.85,1.5,2,582,0.0,0.02345160000001556,6
0.1,20,2,2,10,B3,294.3684151514475,integer optimal solution,0.8,2.0,2,4254,2.12264159999998,0.09732029999997849,6
0.1,20,2,2,10,HEUR,307.4067105081343,integer optimal solution,0.9,2.0,1,72,0.0,0.00936669999998685,6
0.1,20,2,2,17,B1,307.63913398938035,integer optimal solution,0.9,1.0,2,42,0.0,0.004715000000004466,6
0.1,20,2,2,17,B2,302.0275465459872,integer optimal solution,0.8,2.0,2,579,0.0,0.028567800000018906,6
0.1,20,2,2,17,B3,290.2282026799457,integer optimal solution,0.7,3.0,2,4310,2.069193200000001,0.11061330000001135,6
0.1,20,2,2,17,HEUR,293.8018957343803,integer optimal solution,0.8,2.0,2,63,0.0,0.007111999999978025,6
0.1,20,2,2,24,B1,354.7478079315841,integer optimal solution,1.0,0.0,0,40,0.0,0.003650300000003881,5
0.1,20,2,2,24,B2,354.7478079315841,integer optimal solution,1.0,0.0,0,610,0.0,0.035860700000000634,5
0.1,20,2,2,24,B3,354.747807931584,integer optimal solution,1.0,0.0,0,4965,2.011968299999978,0.10608080000000086,5
0.1,20,2,2,24,HEUR,354.747807931584,integer optimal solution,1.0,0.0,0,69,0.0,0.009024900000014213,5
0.1,20,3,2,6,B1,327.22821638632456,integer optimal solution,0.85,1.0,3,65,0.0,0.005721999999991567,5
0.1,20,3,2,6,B2,325.72672119832,integer optimal solution,0.75,1.25,4,846,0.0,0.032775200000003224,5
0.1,20,3,2,6,B3,320.0268990717409,integer optimal solution,0.75,1.6666666666666667,3,6262,2.3556223999999872,0.14849920000000338,5
0.1,20,3,2,6,HEUR,320.0268990717409,integer optimal solution,0.75,1.6666666666666667,3,101,0.0,0.01063270000000216,5
0.1,20,3,2,13,B1,322.50564031132853,integer optimal solution,0.95,1.0,1,63,0.0,0.004183600000004617,5
0.1,20,3,2,13,B2,321.64640650265517,integer optimal solution,0.85,1.5,2,896,0.0,0.03307040000001393,5
0.1,20,3,2,13,B3,318.64724797225443,integer optimal solution,0.8,2.0,2,7084,2.731410199999999,0.16620340000000056,5
0.1,20,3,2,13,HEUR,321.67837665744514,integer optimal solution,0.85,3.0,1,107,0.0,0.010919999999998709,5
0.1,20,3,2,20,B1,304.4370210775954,integer optimal solution,0.95,1.0,1,68,0.0,0.004405200000007881,6
0.1,20,3,2,20,B2,304.4370210775953,integer optimal solution,0.95,1.0,1,878,0.0,0.03591120000001524,6
0.1,20,3,2,20,B3,304.4370210775954,integer optimal solution,0.95,1.0,1,6575,2.7950203999999985,0.15665040000001795,6
0.1,20,3,2,20,HEUR,304.4370210775953,integer optimal solution,0.95,1.0,1,112,0.0,0.010445400000008931,6
0.1,20,2,3,2,B1,315.2629490079731,integer optimal solution,0.9,1.0,2,44,0.0,0.004109900000003108,6
0.1,20,2,3,2,B2,313.5683222552552,integer optimal solution,0.8,2.0,2,584,0.0,0.028556799999989835,6
0.1,20,2,3,2,B3,305.38542620070575,integer optimal solution,0.7,2.0,3,4295,2.3668993,0.09743120000001682,6
0.1,20,2,3,2,HEUR,313.95948218102103,integer optimal solution,0.85,1.5,2,73,0.0,0.009786100000013676,6
0.1,20,2,3,9,B1,321.6153954416528,integer optimal solution,1.0,0.0,0,43,0.0,0.004500199999995402,6
0.1,20,2,3,9,B2,321.6153954416528,integer optimal solution,1.0,0.0,0,563,0.0,0.026442300000013574,6
0.1,20,2,3,9,B3,321.6153954416528,integer optimal solution,1.0,0.0,0,4457,2.3708871000000045,0.09002419999998779,6
0.1,20,2,3,9,HEUR,321.6153954416528,integer optimal solution,1.0,0.0,0,81,0.0,0.008162400000003345,6
0.1,20,2,3,16,B1,308.9792997609202,integer optimal solution,0.95,1.0,1,44,0.0,0.003925900000012916,4
0.1,20,2,3,16,B2,308.9792997609202,integer optimal solution,0.95,1.0,1,585,0.0,0.027969600000005812,4
0.1,20,2,3,16,B3,308.2837655398072,integer optimal solution,0.85,3.0,1,4556,2.799603300000001,0.09713010000001532,4
0.1,20,2,3,16,HEUR,308.9792997609202,integer optimal solution,0.95,1.0,1,69,0.0,0.006286700000003975,4
0.1,20,2,3,23,B1,289.8982903077315,integer optimal solution,0.9,1.0,2,46,0.0,0.004635199999995621,6
0.1,20,2,3,23,B2,289.89829030773143,integer optimal solution,0.9,1.0,2,576,0.0,0.02986359999999877,6
0.1,20,2,3,23,B3,288.1175990497523,integer optimal solution,0.8,2.0,2,4330,2.567189400000018,0.0955569000000196,6
0.1,20,2,3,23,HEUR,288.1175990497523,integer optimal solution,0.8,2.0,2,74,0.0,0.009254300000009152,6
0.1,20,3,3,5,B1,300.907960951778,integer optimal solution,0.9,1.0,2,66,0.0,0.005369500000000471,4
0.1,20,3,3,5,B2,293.67951779229907,integer optimal solution,0.8,2.0,2,808,0.0,0.03477390000000469,4
0.1,20,3,3,5,B3,289.32654807543355,integer optimal solution,0.75,2.5,2,6000,2.6480419000000097,0.15369359999999688,4
0.1,20,3,3,5,HEUR,300.907960951778,integer optimal solution,0.9,1.0,2,99,0.0,0.009826300000014498,4
0.1,20,3,3,12,B1,383.4673517211866,integer optimal solution,1.0,0.0,0,62,0.0,0.0035479000000009364,6
0.1,20,3,3,12,B2,383.4673517211866,integer optimal solution,1.0,0.0,0,947,0.0,0.03403609999998025,6
0.1,20,3,3,12,B3,380.7721580706178,integer optimal solution,0.85,3.0,1,7038,3.209561100000002,0.1628264999999942,6
0.1,20,3,3,12,HEUR,383.4673517211866,integer optimal solution,1.0,0.0,0,108,0.0,0.012180900000004158,6
0.1,20,3,3,19,B1,296.0788967984159,integer optimal solution,0.95,1.0,1,63,0.0,0.003949799999986681,7
0.1,20,3,3,19,B2,291.26106548633015,integer optimal solution,0.85,1.5,2,814,0.0,0.03229829999997946,7
0.1,20,3,3,19,B3,280.4428819528797,integer optimal solution,0.8,2.0,2,6187,3.189728500000001,0.16257289999998648,7
0.1,20,3,3,19,HEUR,280.4428819528797,integer optimal solution,0.8,2.0,2,98,0.0,0.0076364000000239685,7
0.3,10,2,2,1,B1,170.17114656773418,integer optimal solution,1.0,0.0,0,21,0.0,0.0030045999999970263,1
0.3,10,2,2,1,B2,170.08437200787188,integer optimal solution,0.8,2.0,1,143,0.0,0.009670099999993909,1
0.3,10,2,2,1,B3,165.56553169733007,integer optimal solution,0.7,3.0,1,508,0.16920909999998912,0.03398019999997359,1
0.3,10,2,2,1,HEUR,165.56553169733007,integer optimal solution,0.7,3.0,1,26,0.0,0.005084099999976388,1
0.3,10,2,2,1,B4,165.56553169733007,integer optimal solution,0.7,3.0,1,1178,0.9349055999999791,0.04405819999999494,1
0.3,10,2,2,8,B1,169.65201389307356,integer optimal solution,0.9,1.0,1,22,0.0,0.0030408000000079483,1
0.3,10,2,2,8,B2,169.65201389307356,integer optimal solution,0.9,1.0,1,142,0.0,0.009556999999972504,1
0.3,10,2,2,8,B3,169.6520138930736,integer optimal solution,0.9,1.0,1,527,0.18487310000000434,0.030440600000019913,1
0.3,10,2,2,8,HEUR,169.65201389307356,integer optimal solution,0.9,1.0,1,26,0.0,0.004552300000000287,1
0.3,10,2,2,8,B4,169.65201389307356,integer optimal solution,0.9,1.0,1,1282,1.19875159999998,0.045487600000001294,1
0.3,10,2,2,15,B1,137.41950168324212,integer optimal solution,0.9,1.0,1,22,0.0,0.004271600000038234,2
0.3,10,2,2,15,B2,137.41950168324212,integer optimal solution,0.9,1.0,1,164,0.0,0.00942600000001903,2
0.3,10,2,2,15,B3,137.41950168324212,integer optimal solution,0.9,1.0,1,685,0.23385989999997037,0.029825800000025993,2
0.3,10,2,2,15,HEUR,137.41950168324212,integer optimal solution,0.9,1.0,1,32,0.0,0.004419299999995019,2
0.3,10,2,2,15,B4,137.41950168324212,integer optimal solution,0.9,1.0,1,1847,1.9005177999999887,0.052357099999994716,2
0.3,10,2,2,22,B1,169.9681915385875,integer optimal solution,1.0,0.0,0,20,0.0,0.003037300000016785,3
0.3,10,2,2,22,B2,169.9681915385875,integer optimal solution,1.0,0.0,0,141,0.0,0.007183699999984583,3
0.3,10,2,2,22,B3,169.96819153858752,integer optimal solution,1.0,0.0,0,518,0.16495429999997668,0.02897259999997459,3
0.3,10,2,2,22,HEUR,169.96819153858752,integer optimal solution,1.0,0.0,0,32,0.0,0.005616099999997459,3
0.3,10,2,2,22,B4,169.9681915385875,integer optimal solution,1.0,0.0,0,1267,0.984800000000007,0.041991099999961534,3
0.3,10,3,2,4,B1,176.4155290267017,integer optimal solution,1.0,0.0,0,31,0.0,0.00409100000001672,1
0.3,10,3,2,4,B2,176.4155290267017,integer optimal solution,1.0,0.0,0,206,0.0,0.00967409999998381,1
0.3,10,3,2,4,B3,172.17158524454496,integer optimal solution,0.7,3.0,1,738,0.19647659999998268,0.03235779999999977,1
0.3,10,3,2,4,HEUR,176.4155290267017,integer optimal solution,1.0,0.0,0,34,0.0,0.005131599999970149,1
0.3,10,3,2,4,B4,171.6610740317012,integer optimal solution,0.6,4.0,1,1783,1.1935042000000067,0.048281500000030064,1
0.3,10,3,2,11,B1,144.00209996874904,integer optimal solution,0.9,1.0,1,31,0.0,0.003477900000007139,3
0.3,10,3,2,11,B2,144.002099968749,integer optimal solution,0.9,1.0,1,217,0.0,0.011054199999989578,3
0.3,10,3,2,11,B3,144.002099968749,integer optimal solution,0.9,1.0,1,837,0.27892559999997957,0.03399359999997387,3
0.3,10,3,2,11,HEUR,144.002099968749,integer optimal solution,0.9,1.0,1,53,0.0,0.004129200000022593,3
0.3,10,3,2,11,B4,144.002099968749,integer optimal solution,0.9,1.0,1,2201,2.194179399999996,0.05197040000001607,3
0.3,10,3,2,18,B1,168.6357432273695,integer optimal solution,1.0,0.0,0,34,0.0,0.004090599999983624,2
0.3,10,3,2,18,B2,168.6357432273695,integer optimal solution,1.0,0.0,0,203,0.0,0.011694099999999708,2
0.3,10,3,2,18,B3,168.6357432273695,integer optimal solution,1.0,0.0,0,671,0.24656319999996867,0.032287200000041594,2
0.3,10,3,2,18,HEUR,168.6357432273695,integer optimal solution,1.0,0.0,0,45,0.0,0.0044584999999983665,2
0.3,10,3,2,18,B4,168.63574322736952,integer optimal solution,1.0,0.0,0,1542,1.4231656000000044,0.04805149999998548,2
0.3,10,2,3,0,B1,160.1344170140823,integer optimal solution,0.9,1.0,1,24,0.0,0.004173499999978958,2
0.3,10,2,3,0,B2,160.1344170140823,integer optimal solution,0.9,1.0,1,148,0.0,0.009621100000003935,2
0.3,10,2,3,0,B3,158.67247845462632,integer optimal solution,0.7,3.0,1,536,0.22243439999999737,0.025722999999970853,2
0.3,10,2,3,0,HEUR,160.1344170140823,integer optimal solution,0.9,1.0,1,31,0.0,0.004285600000002887,2
0.3,10,2,3,0,B4,158.67247845462632,integer optimal solution,0.7,3.0,1,1332,1.2915706999999657,0.042582100000004175,2
0.3,10,2,3,7,B1,144.5402170141969,integer optimal solution,0.9,1.0,1,23,0.0,0.003365699999960725,2
0.3,10,2,3,7,B2,144.5402170141969,integer optimal solution,0.9,1.0,1,135,0.0,0.012327299999981278,2
0.3,10,2,3,7,B3,144.5402170141969,integer optimal solution,0.9,1.0,1,458,0.22736100000003034,0.03318560000002435,2
0.3,10,2,3,7,HEUR,144.5402170141969,integer optimal solution,0.9,1.0,1,31,0.0,0.004760700000019824,2
0.3,10,2,3,7,B4,144.5402170141969,integer optimal solution,0.9,1.0,1,1138,1.300252099999966,0.043548900000018875,2
0.3,10,2,3,14,B1,156.77140212797642,integer optimal solution,1.0,0.0,0,23,0.0,0.003866500000015094,1
0.3,10,2,3,14,B2,156.77140212797642,integer optimal solution,1.0,0.0,0,147,0.0,0.007912300000043615,1
0.3,10,2,3,14,B3,156.77140212797642,integer optimal solution,1.0,0.0,0,544,0.25500570000002654,0.02976759999995693,1
0.3,10,2,3,14,HEUR,156.77140212797642,integer optimal solution,1.0,0.0,0,26,0.0,0.0041555000000244036,1
0.3,10,2,3,14,B4,156.77140212797642,integer optimal solution,1.0,0.0,0,1311,1.8362326000000166,0.045893699999965065,1
0.3,10,2,3,21,B1,143.28480718428892,integer optimal solution,0.8,1.0,2,22,0.0,0.003915900000038164,2
0.3,10,2,3,21,B2,143.28480718428892,integer optimal solution,0.8,1.0,2,166,0.0,0.010941800000011881,2
0.3,10,2,3,21,B3,143.2848071842889,integer optimal solution,0.8,1.0,2,642,0.31627429999997503,0.03156089999998812,2
0.3,10,2,3,21,HEUR,143.28480718428892,integer optimal solution,0.8,1.0,2,30,0.0,0.00443119999999908,2
0.3,10,2,3,21,B4,143.2848071842889,integer optimal solution,0.8,1.0,2,1554,2.6058042000000228,0.04299040000000787,2
0.3,10,3,3,3,B1,196.18442529765542,integer optimal solution,1.0,0.0,0,30,0.0,0.003377499999999145,4
0.3,10,3,3,3,B2,196.1844252976554,integer optimal solution,1.0,0.0,0,236,0.0,0.009930499999995845,4
0.3,10,3,3,3,B3,196.18442529765542,integer optimal solution,1.0,0.0,0,915,0.31976029999998445,0.029137999999989006,4
0.3,10,3,3,3,HEUR,196.1844252976554,integer optimal solution,1.0,0.0,0,58,0.0,0.004445700000019315,4
0.3,10,3,3,3,B4,196.18442529765542,integer optimal solution,1.0,0.0,0,2367,2.3605570000000284,0.055921699999998964,4
0.3,10,3,3,10,B1,171.22593275921034,integer optimal solution,0.9,1.0,1,33,0.0,0.003823800000020583,4
0.3,10,3,3,10,B2,171.22593275921034,integer optimal solution,0.9,1.0,1,249,0.0,0.011901100000045517,4
0.3,10,3,3,10,B3,171.2259327592103,integer optimal solution,0.9,1.0,1,1077,0.44359269999995377,0.03549240000000964,4
0.3,10,3,3,10,HEUR,171.2259327592103,integer optimal solution,0.9,1.0,1,53,0.0,0.003315900000018246,4
0.3,10,3,3,10,B4,171.2259327592103,integer optimal solution,0.9,1.0,1,3005,4.140591900000004,0.05937579999999798,4
0.3,10,3,3,17,B1,134.52496764990875,integer optimal solution,0.9,1.0,1,32,0.0,0.003522099999997863,3
0.3,10,3,3,17,B2,134.52496764990877,integer optimal solution,0.9,1.0,1,214,0.0,0.01153510000000324,3
0.3,10,3,3,17,B3,134.52496764990877,integer optimal solution,0.9,1.0,1,773,0.303788499999996,0.033146400000021004,3
0.3,10,3,3,17,HEUR,134.52496764990875,integer optimal solution,0.9,1.0,1,47,0.0,0.006131900000013957,3
0.3,10,3,3,17,B4,134.52496764990877,integer optimal solution,0.9,1.0,1,1806,2.165571,0.05551850000000513,3
0.3,10,3,3,24,B1,138.02318597136144,integer optimal solution,0.7,1.0,3,36,0.0,0.004728999999997541,3
0.3,10,3,3,24,B2,137.67315273316777,integer optimal solution,0.6,1.3333333333333333,3,209,0.0,0.010274999999978718,3
0.3,10,3,3,24,B3,137.67315273316777,integer optimal solution,0.6,1.3333333333333333,3,740,0.3101953999999978,0.032648100000017166,3
0.3,10,3,3,24,HEUR,138.02318597136144,integer optimal solution,0.7,1.0,3,55,0.0,0.006394900000032067,3
0.3,10,3,3,24,B4,137.67315273316777,integer optimal solution,0.6,1.3333333333333333,3,1741,2.0516527000000337,0.046572599999990416,3
0.3,15,2,2,6,B1,280.9046954511098,integer optimal solution,1.0,0.0,0,30,0.0,0.005084400000043843,5
0.3,15,2,2,6,B2,280.9046954511098,integer optimal solution,1.0,0.0,0,343,0.0,0.016657000000009248,5
0.3,15,2,2,6,B3,280.9046954511098,integer optimal solution,1.0,0.0,0,1921,0.8254436000000283,0.046923199999980625,5
0.3,15,2,2,6,HEUR,280.9046954511098,integer optimal solution,1.0,0.0,0,52,0.0,0.005970400000023801,5
0.3,15,2,2,6,B4,275.35702899719456,integer optimal solution,0.7333333333333333,4.0,1,7118,10.656423200000006,0.17260569999996278,5
0.3,15,2,2,13,B1,267.10586849888335,integer optimal solution,0.9333333333333333,1.0,1,32,0.0,0.0033761999999910586,5
0.3,15,2,2,13,B2,264.8303799615495,integer optimal solution,0.8666666666666667,2.0,1,323,0.0,0.01626269999997021,5
0.3,15,2,2,13,B3,262.7327659062194,integer optimal solution,0.8,3.0,1,1870,0.8233602000000246,0.04287800000003017,5
0.3,15,2,2,13,HEUR,267.10586849888335,integer optimal solution,0.9333333333333333,1.0,1,52,0.0,0.006465099999957147,5
0.3,15,2,2,13,B4,260.4756710339595,integer optimal solution,0.7333333333333333,4.0,1,6920,10.11741939999996,0.16952420000001212,5
0.3,15,2,2,20,B1,235.69003564011854,integer optimal solution,1.0,0.0,0,30,0.0,0.003723999999976968,5
0.3,15,2,2,20,B2,235.69003564011854,integer optimal solution,1.0,0.0,0,354,0.0,0.016333400000007714,5
0.3,15,2,2,20,B3,235.69003564011854,integer optimal solution,1.0,0.0,0,2173,0.9104469999999765,0.048813300000006166,5
0.3,15,2,2,20,HEUR,235.69003564011854,integer optimal solution,1.0,0.0,0,52,0.0,0.0065055000000029395,5
0.3,15,2,2,20,B4,235.69003564011854,integer optimal solution,1.0,0.0,0,8847,12.440144000000032,0.20076369999998178,5
0.3,15,3,2,2,B1,270.83742302701165,integer optimal solution,0.9333333333333333,1.0,1,48,0.0,0.004040899999949943,3
0.3,15,3,2,2,B2,270.00209436122736,integer optimal solution,0.8,1.5,2,518,0.0,0.022675699999979315,3
0.3,15,3,2,2,B3,268.1895456509343,integer optimal solution,0.8,3.0,1,3128,1.0924444999999992,0.07215980000000854,3
0.3,15,3,2,2,HEUR,268.18954565093424,integer optimal solution,0.8,3.0,1,76,0.0,0.009237900000016452,3
0.3,15,3,2,2,B4,268.18954565093424,integer optimal solution,0.8,3.0,1,12455,15.808240000000012,0.2600626000000261,3
0.3,15,3,2,9,B1,296.82622239314986,integer optimal solution,0.9333333333333333,1.0,1,49,0.0,0.0037133000000153515,3
0.3,15,3,2,9,B2,290.61819509641583,integer optimal solution,0.8,1.5,2,491,0.0,0.02385980000002519,3
0.3,15,3,2,9,B3,284.7091841359141,integer optimal solution,0.7333333333333333,2.0,2,2777,0.8617565999999783,0.06372399999997924,3
0.3,15,3,2,9,HEUR,284.7091841359141,integer optimal solution,0.7333333333333333,2.0,2,69,0.0,0.007069800000010673,3
0.3,15,3,2,9,B4,283.66036583993525,integer optimal solution,0.6666666666666666,2.5,2,10479,9.656748600000014,0.24296469999995907,3
0.3,15,3,2,16,B1,234.67651885159847,integer optimal solution,0.8,1.0,3,52,0.0,0.00497160000003305,4
0.3,15,3,2,16,B2,233.6875601961618,integer optimal solution,0.7333333333333333,1.3333333333333333,3,457,0.0,0.02312449999999444,4
0.3,15,3,2,16,B3,232.43749357882717,integer optimal solution,0.7333333333333333,2.0,2,2364,0.9768159000000196,0.06171929999999293,4
0.3,15,3,2,16,HEUR,232.82187592801324,integer optimal solution,0.7333333333333333,2.0,2,72,0.0,0.008187600000042039,4
0.3,15,3,2,16,B4,228.4303548797788,integer optimal solution,0.6666666666666666,2.5,2,8453,11.460839600000043,0.22422530000000052,4
0.3,15,3,2,23,B1,252.68366550311126,integer optimal solution,0.9333333333333333,1.0,1,48,0.0,0.00508180000002767,4
0.3,15,3,2,23,B2,247.15161411576892,integer optimal solution,0.7333333333333333,2.0,2,474,0.0,0.022597099999984493,4
0.3,15,3,2,23,B3,240.49428166528725,integer optimal solution,0.6666666666666666,2.5,2,2880,0.9993723000000045,0.10911049999998568,4
0.3,15,3,2,23,HEUR,250.72154627465574,integer optimal solution,0.8666666666666667,2.0,1,84,0.0,0.010181999999986147,4
0.3,15,3,2,23,B4,240.49428166528722,integer optimal solution,0.6666666666666666,2.5,2,11895,14.213705599999969,0.25788539999996374,4
0.3,15,2,3,5,B1,236.18785823788448,integer optimal solution,0.8666666666666667,1.0,2,31,0.0,0.004764899999997851,3
0.3,15,2,3,5,B2,236.18785823788448,integer optimal solution,0.8666666666666667,1.0,2,335,0.0,0.015304599999979018,3
0.3,15,2,3,5,B3,236.18785823788448,integer optimal solution,0.8666666666666667,1.0,2,1966,1.053274799999997,0.04343990000000986,3
0.3,15,2,3,5,HEUR,236.18785823788448,integer optimal solution,0.8666666666666667,1.0,2,45,0.0,0.004356400000006033,3
0.3,15,2,3,5,B4,236.18785823788448,integer optimal solution,0.8666666666666667,1.0,2,7891,13.350908600000025,0.1764340999999945,3
0.3,15,2,3,12,B1,256.90786284036744,integer optimal solution,0.9333333333333333,1.0,1,35,0.0,0.003708399999993617,4
0.3,15,2,3,12,B2,256.9078628403674,integer optimal solution,0.9333333333333333,1.0,1,319,0.0,0.01674159999998892,4
0.3,15,2,3,12,B3,256.90786284036744,integer optimal solution,0.9333333333333333,1.0,1,1699,0.8533175999999685,0.04415030000001252,4
0.3,15,2,3,12,HEUR,256.90786284036744,integer optimal solution,0.9333333333333333,1.0,1,51,0.0,0.004690499999981057,4
0.3,15,2,3,12,B4,256.90786284036744,integer optimal solution,0.9333333333333333,1.0,1,6091,9.304598800000008,0.16566690000001927,4
0.3,15,2,3,19,B1,203.3725136244355,integer optimal solution,0.8,1.0,3,39,0.0,0.005096400000013546,4
0.3,15,2,3,19,B2,203.3725136244355,integer optimal solution,0.8,1.0,3,307,0.0,0.01841919999998254,4
0.3,15,2,3,19,B3,201.74359959966415,integer optimal solution,0.6666666666666666,1.6666666666666667,3,1697,0.9641901999999618,0.053565999999989344,4
0.3,15,2,3,19,HEUR,203.3725136244355,integer optimal solution,0.8,1.0,3,54,0.0,0.01053090000004886,4
0.3,15,2,3,19,B4,194.06943194685908,integer optimal solution,0.6,2.0,3,6288,11.318312200000037,0.1766706999999883,4
0.3,15,3,3,1,B1,267.33014222566607,integer optimal solution,0.8666666666666667,1.0,2,52,0.0,0.004716599999994742,3
0.3,15,3,3,1,B2,267.33014222566607,integer optimal solution,0.8666666666666667,1.0,2,504,0.0,0.022970600000007835,3
0.3,15,3,3,1,B3,267.33014222566607,integer optimal solution,0.8666666666666667,1.0,2,3068,1.3382574999999974,0.062355799999977535,3
0.3,15,3,3,1,HEUR,267.33014222566607,integer optimal solution,0.8666666666666667,1.0,2,67,0.0,0.006995500000016364,3
0.3,15,3,3,1,B4,265.1915725229371,integer optimal solution,0.6666666666666666,2.5,2,12270,20.816392500000006,0.2676738000000114,3
0.3,15,3,3,8,B1,223.69903613127806,integer optimal solution,0.8666666666666667,1.0,2,51,0.0,0.004898700000012468,4
0.3,15,3,3,8,B2,218.95888357919347,integer optimal solution,0.6666666666666666,1.6666666666666667,3,478,0.0,0.024429099999963455,4
0.3,15,3,3,8,B3,218.95888357919347,integer optimal solution,0.6666666666666666,1.6666666666666667,3,2787,1.2258014999999887,0.06846469999999272,4
0.3,15,3,3,8,HEUR,223.69903613127806,integer optimal solution,0.8666666666666667,1.0,2,82,0.0,0.010396099999979924,4
0.3,15,3,3,8,B4,218.6534878181234,integer optimal solution,0.5333333333333333,2.3333333333333335,3,11506,15.941215,0.2561648999999875,4
0.3,15,3,3,15,B1,246.0829299551821,integer optimal solution,0.9333333333333333,1.0,1,48,0.0,0.004177499999968859,4
0.3,15,3,3,15,B2,246.08292995518212,integer optimal solution,0.9333333333333333,1.0,1,473,0.0,0.03152260000001661,4
0.3,15,3,3,15,B3,246.0829299551821,integer optimal solution,0.9333333333333333,1.0,1,2910,1.2061458000000016,0.06466289999997343,4
0.3,15,3,3,15,HEUR,246.0829299551821,integer optimal solution,0.9333333333333333,1.0,1,79,0.0,0.005589799999995648,4
0.3,15,3,3,15,B4,246.0829299551821,integer optimal solution,0.9333333333333333,1.0,1,12351,18.301414099999988,0.24932489999997642,4
0.3,15,3,3,22,B1,269.9055067418541,integer optimal solution,0.8,1.0,3,52,0.0,0.004145800000003419,4
0.3,15,3,3,22,B2,262.27115485748874,integer optimal solution,0.6,1.5,4,485,0.0,0.023976799999957166,4
0.3,15,3,3,22,B3,249.02241646420947,integer optimal solution,0.5333333333333333,2.3333333333333335,3,2635,1.1859544999999798,0.06546909999997297,4
0.3,15,3,3,22,HEUR,269.9055067418541,integer optimal solution,0.8,1.0,3,87,0.0,0.006404200000019955,4
0.3,15,3,3,22,B4,247.97644289090314,integer optimal solution,0.5333333333333333,2.3333333333333335,3,9974,14.087159600000007,0.24268670000003567,4
0.3,20,2,2,4,B1,313.3864902452948,integer optimal solution,0.9,1.0,2,51,0.0,0.00548190000000659,4
0.3,20,2,2,4,B2,307.0148008774702,integer optimal solution,0.7,1.5,4,603,0.0,0.029122700000016266,4
0.3,20,2,2,4,B3,292.32865891239044,integer optimal solution,0.6,2.0,4,4544,3.0859226000000035,0.09907590000000255,4
0.3,20,2,2,4,HEUR,304.2862725405586,integer optimal solution,0.75,1.6666666666666667,3,68,0.0,0.009773300000006202,4
0.3,20,2,2,11,B1,305.42308715896826,integer optimal solution,0.9,1.0,2,47,0.0,0.003945199999975557,6
0.3,20,2,2,11,B2,297.9897381168859,integer optimal solution,0.8,1.3333333333333333,3,573,0.0,0.026189799999997376,6
0.3,20,2,2,11,B3,296.19736318649524,integer optimal solution,0.75,1.6666666666666667,3,4379,1.9417978000000176,0.09982960000002095,6
0.3,20,2,2,11,HEUR,297.989738116886,integer optimal solution,0.8,1.3333333333333333,3,77,0.0,0.006369699999993372,6
0.3,20,2,2,18,B1,374.55030288829835,integer optimal solution,1.0,0.0,0,42,0.0,0.003517400000021098,6
0.3,20,2,2,18,B2,374.55030288829835,integer optimal solution,1.0,0.0,0,595,0.0,0.027980799999966166,6
0.3,20,2,2,18,B3,374.55030288829835,integer optimal solution,1.0,0.0,0,4803,2.037358700000027,0.10497540000000072,6
0.3,20,2,2,18,HEUR,374.5503028882984,integer optimal solution,1.0,0.0,0,69,0.0,0.006648500000039803,6
0.3,20,3,2,0,B1,273.60158889394296,integer optimal solution,0.85,1.0,3,67,0.0,0.005730799999980718,5
0.3,20,3,2,0,B2,264.98838247542284,integer optimal solution,0.75,1.6666666666666667,3,768,0.0,0.03162040000000843,5
0.3,20,3,2,0,B3,263.70465635204664,integer optimal solution,0.7,2.0,3,5938,2.071722599999987,0.14943759999999884,5
0.3,20,3,2,0,HEUR,267.99247969878974,integer optimal solution,0.75,1.6666666666666667,3,92,0.0,0.010132999999996173,5
0.3,20,3,2,7,B1,277.1370468488353,integer optimal solution,0.9,1.0,2,65,0.0,0.005867999999964013,6
0.3,20,3,2,7,B2,277.1370468488353,integer optimal solution,0.9,1.0,2,823,0.0,0.030217100000015762,6
0.3,20,3,2,7,B3,277.1370468488353,integer optimal solution,0.9,1.0,2,6208,2.36861540000001,0.13749100000001135,6
0.3,20,3,2,7,HEUR,277.1370468488353,integer optimal solution,0.9,1.0,2,93,0.0,0.01039140000000316,6
0.3,20,3,2,14,B1,343.1605590876029,integer optimal solution,0.95,1.0,1,65,0.0,0.004590499999949316,7
0.3,20,3,2,14,B2,341.0971217158229,integer optimal solution,0.9,2.0,1,846,0.0,0.03321219999997993,7
0.3,20,3,2,14,B3,333.17636152490803,integer optimal solution,0.85,3.0,1,6258,2.429243499999984,0.15482039999994868,7
0.3,20,3,2,14,HEUR,333.1763615249081,integer optimal solution,0.85,3.0,1,121,0.0,0.00983659999997144,7
0.3,20,3,2,21,B1,351.905978418495,integer optimal solution,0.95,1.0,1,62,0.0,0.004029599999967104,6
0.3,20,3,2,21,B2,350.2699514668639,integer optimal solution,0.85,1.5,2,856,0.0,0.03388849999998911,6
0.3,20,3,2,21,B3,350.2699514668639,integer optimal solution,0.85,1.5,2,6501,2.5711224000000357,0.14795139999989715,6
0.3,20,3,2,21,HEUR,351.905978418495,integer optimal solution,0.95,1.0,1,109,0.0,0.005269399999974667,6
0.3,20,2,3,3,B1,340.2418374566937,integer optimal solution,0.9,1.0,2,42,0.0,0.003692800000067109,8
0.3,20,2,3,3,B2,337.6791834642983,integer optimal solution,0.85,1.5,2,551,0.0,0.027087100000017017,8
0.3,20,2,3,3,B3,336.36572637597976,integer optimal solution,0.8,2.0,2,4246,2.2102687000000287,0.10460139999997864,8
0.3,20,2,3,3,HEUR,340.2418374566937,integer optimal solution,0.9,1.0,2,77,0.0,0.0076383000000532775,8
0.3,20,2,3,10,B1,404.9564546697425,integer optimal solution,0.9,1.0,2,44,0.0,0.0053398999999672014,6
0.3,20,2,3,10,B2,396.5634802544504,integer optimal solution,0.8,1.3333333333333333,3,572,0.0,0.02897999999993317,6
0.3,20,2,3,10,B3,390.33100566142286,integer optimal solution,0.75,1.6666666666666667,3,4639,2.9257171000000426,0.1022762000000057,6
0.3,20,2,3,10,HEUR,396.5634802544504,integer optimal solution,0.8,1.3333333333333333,3,66,0.0,0.007939299999975447,6
0.3,20,2,3,17,B1,335.9304643528325,integer optimal solution,0.85,1.0,3,50,0.0,0.0050472000000354456,4
0.3,20,2,3,17,B2,331.0969454000926,integer optimal solution,0.8,1.3333333333333333,3,557,0.0,0.02820129999997789,4
0.3,20,2,3,17,B3,331.0969454000926,integer optimal solution,0.8,1.3333333333333333,3,4290,2.4162919999999986,0.0988995000000159,4
0.3,20,2,3,17,HEUR,331.0969454000926,integer optimal solution,0.8,1.3333333333333333,3,63,0.0,0.012172099999929742,4
0.3,20,2,3,24,B1,334.96305407403946,integer optimal solution,0.9,1.0,2,44,0.0,0.004480600000078994,5
0.3,20,2,3,24,B2,334.2689150393545,integer optimal solution,0.9,2.0,1,587,0.0,0.02769669999997859,5
0.3,20,2,3,24,B3,334.2689150393545,integer optimal solution,0.9,2.0,1,4725,2.4312647000000425,0.1012658999999303,5
0.3,20,2,3,24,HEUR,334.2689150393545,integer optimal solution,0.9,2.0,1,63,0.0,0.006371000000058302,5
0.3,20,3,3,6,B1,339.70480269866766,integer optimal solution,0.95,1.0,1,65,0.0,0.006418999999937114,5
0.3,20,3,3,6,B2,335.3937070983254,integer optimal solution,0.85,1.5,2,839,0.0,0.03335739999999987,5
0.3,20,3,3,6,B3,330.8269682067504,integer optimal solution,0.8,2.0,2,6295,2.658439499999986,0.1565526999999065,5
0.3,20,3,3,6,HEUR,339.7048026986677,integer optimal solution,0.95,1.0,1,100,0.0,0.00852789999999004,5
0.3,20,3,3,13,B1,278.93811816333437,integer optimal solution,0.9,1.0,2,68,0.0,0.005631300000004558,6
0.3,20,3,3,13,B2,278.93811816333437,integer optimal solution,0.9,1.0,2,839,0.0,0.031249300000013136,6
0.3,20,3,3,13,B3,278.93811816333437,integer optimal solution,0.9,1.0,2,6232,3.0990050999999994,0.15246619999993527,6
0.3,20,3,3,13,HEUR,278.93811816333437,integer optimal solution,0.9,1.0,2,107,0.0,0.01124240000001464,6
0.3,20,3,3,20,B1,296.9200567065479,integer optimal solution,0.8,1.0,4,72,0.0,0.0068419000000403685,6
0.3,20,3,3,20,B2,291.6643601320247,integer optimal solution,0.75,1.25,4,849,0.0,0.036240599999928236,6
0.3,20,3,3,20,B3,290.09731070003716,integer optimal solution,0.75,1.6666666666666667,3,6144,3.064803500000039,0.1592715000000453,6
0.3,20,3,3,20,HEUR,293.45532658860463,integer optimal solution,0.8,1.3333333333333333,3,109,0.0,0.01114200000006349,6
0.5,10,2,2,2,B1,195.88369187715952,integer optimal solution,1.0,0.0,0,20,0.0,0.0033002999999780513,2
0.5,10,2,2,2,B2,195.88369187715952,integer optimal solution,1.0,0.0,0,142,0.0,0.007625300000086099,2
0.5,10,2,2,2,B3,195.88369187715952,integer optimal solution,1.0,0.0,0,535,0.1698082999999997,0.029662300000040887,2
0.5,10,2,2,2,HEUR,195.88369187715952,integer optimal solution,1.0,0.0,0,30,0.0,0.003761599999961618,2
0.5,10,2,2,2,B4,195.88369187715952,integer optimal solution,1.0,0.0,0,1316,1.2526944999999614,0.04362690000004932,2
0.5,10,2,2,9,B1,189.66337235188564,integer optimal solution,1.0,0.0,0,20,0.0,0.0031817000000273765,2
0.5,10,2,2,9,B2,189.66337235188564,integer optimal solution,1.0,0.0,0,164,0.0,0.013247800000044663,2
0.5,10,2,2,9,B3,189.66337235188564,integer optimal solution,1.0,0.0,0,613,0.22208890000001702,0.032592599999929917,2
0.5,10,2,2,9,HEUR,189.66337235188564,integer optimal solution,1.0,0.0,0,29,0.0,0.005386499999985972,2
0.5,10,2,2,9,B4,189.66337235188567,integer optimal solution,1.0,0.0,0,1426,1.4233829999999443,0.04752849999999853,2
0.5,10,2,2,16,B1,182.72724938649287,integer optimal solution,1.0,0.0,0,20,0.0,0.004038400000013098,2
0.5,10,2,2,16,B2,182.7272493864929,integer optimal solution,1.0,0.0,0,145,0.0,0.009825800000044183,2
0.5,10,2,2,16,B3,182.7272493864929,integer optimal solution,1.0,0.0,0,561,0.19503420000000915,0.03507189999993443,2
0.5,10,2,2,16,HEUR,182.7272493864929,integer optimal solution,1.0,0.0,0,33,0.0,0.00481379999996534,2
0.5,10,2,2,16,B4,182.72724938649287,integer optimal solution,1.0,0.0,0,1460,1.2423595000000205,0.04931699999997363,2
0.5,10,2,2,23,B1,150.2734699361726,integer optimal solution,0.9,1.0,1,22,0.0,0.0037517000000661938,2
0.5,10,2,2,23,B2,150.2734699361726,integer optimal solution,0.9,1.0,1,143,0.0,0.00871540000002824,2
0.5,10,2,2,23,B3,150.2734699361726,integer optimal solution,0.9,1.0,1,544,0.22444270000005417,0.03627050000000054,2
0.5,10,2,2,23,HEUR,150.27346993617263,integer optimal solution,0.9,1.0,1,26,0.0,0.004665600000066661,2
0.5,10,2,2,23,B4,150.27346993617263,integer optimal solution,0.9,1.0,1,1429,1.7414342999999235,0.0477586000000656,2
0.5,10,3,2,5,B1,170.5936133608642,integer optimal solution,1.0,0.0,0,30,0.0,0.004939799999988281,4
0.5,10,3,2,5,B2,170.5936133608642,integer optimal solution,1.0,0.0,0,226,0.0,0.01174109999999473,4
0.5,10,3,2,5,B3,170.5936133608642,integer optimal solution,1.0,0.0,0,874,0.2537417999999434,0.03605150000009871,4
0.5,10,3,2,5,HEUR,170.5936133608642,integer optimal solution,1.0,0.0,0,59,0.0,0.0076613999999608495,4
0.5,10,3,2,5,B4,170.5936133608642,integer optimal solution,1.0,0.0,0,2148,1.5370626999999786,0.0534675999999763,4
0.5,10,3,2,12,B1,181.75746377141618,integer optimal solution,1.0,0.0,0,30,0.0,0.003655500000036227,2
0.5,10,3,2,12,B2,181.7574637714162,integer optimal solution,1.0,0.0,0,245,0.0,0.016236400000025242,2
0.5,10,3,2,12,B3,181.7574637714162,integer optimal solution,1.0,0.0,0,940,0.37273819999995794,0.03727830000002541,2
0.5,10,3,2,12,HEUR,181.75746377141618,integer optimal solution,1.0,0.0,0,46,0.0,0.0044361999999864565,2
0.5,10,3,2,12,B4,181.7574637714162,integer optimal solution,1.0,0.0,0,2312,2.6450973999999405,0.06001149999997324,2
0.5,10,3,2,19,B1,219.66417880768986,integer optimal solution,1.0,0.0,0,30,0.0,0.0031808999999611842,3
0.5,10,3,2,19,B2,213.39506041330682,integer optimal solution,0.8,2.0,1,224,0.0,0.01184339999997519,3
0.5,10,3,2,19,B3,206.22731892554683,integer optimal solution,0.7,3.0,1,897,0.27052979999996296,0.03812639999989642,3
0.5,10,3,2,19,HEUR,213.39506041330685,integer optimal solution,0.8,2.0,1,51,0.0,0.007384999999999309,3
0.5,10,3,2,19,B4,206.22731892554683,integer optimal solution,0.7,3.0,1,2434,1.9544115999999576,0.05940399999997226,3
0.5,10,2,3,1,B1,168.2169407330844,integer optimal solution,1.0,0.0,0,20,0.0,0.003300000000081127,2
0.5,10,2,3,1,B2,168.2169407330844,integer optimal solution,1.0,0.0,0,150,0.0,0.006093599999985599,2
0.5,10,2,3,1,B3,168.2169407330844,integer optimal solution,1.0,0.0,0,592,0.24513200000001234,0.02722459999995408,2
0.5,10,2,3,1,HEUR,168.2169407330844,integer optimal solution,1.0,0.0,0,30,0.0,0.005022000000053595,2
0.5,10,2,3,1,B4,168.2169407330844,integer optimal solution,1.0,0.0,0,1467,1.6904901000000336,0.04826740000009977,2
0.5,10,2,3,8,B1,190.75941005613103,integer optimal solution,0.9,1.0,1,22,0.0,0.003319799999985662,2
0.5,10,2,3,8,B2,190.75941005613106,integer optimal solution,0.9,1.0,1,159,0.0,0.009105700000077377,2
0.5,10,2,3,8,B3,190.75941005613106,integer optimal solution,0.9,1.0,1,601,0.2303193000000192,0.028101499999934276,2
0.5,10,2,3,8,HEUR,190.75941005613106,integer optimal solution,0.9,1.0,1,33,0.0,0.00428799999997409,2
0.5,10,2,3,8,B4,190.75941005613106,integer optimal solution,0.9,1.0,1,1479,1.3403960000000552,0.0507694000000356,2
0.5,10,2,3,15,B1,155.4568939848616,integer optimal solution,0.9,1.0,1,22,0.0,0.00395370000001094,2
0.5,10,2,3,15,B2,155.45689398486158,integer optimal solution,0.9,1.0,1,152,0.0,0.009249399999930574,2
0.5,10,2,3,15,B3,155.45689398486158,integer optimal solution,0.9,1.0,1,593,0.25885809999999765,0.03168519999996988,2
0.5,10,2,3,15,HEUR,155.4568939848616,integer optimal solution,0.9,1.0,1,30,0.0,0.003620799999907831,2
0.5,10,2,3,15,B4,155.45689398486158,integer optimal solution,0.9,1.0,1,1543,1.9723222999999734,0.04857229999993251,2
0.5,10,2,3,22,B1,180.70721950804645,integer optimal solution,0.9,1.0,1,22,0.0,0.003432599999996455,2
0.5,10,2,3,22,B2,180.70721950804645,integer optimal solution,0.9,1.0,1,160,0.0,0.009181499999954212,2
0.5,10,2,3,22,B3,180.70721950804642,integer optimal solution,0.9,1.0,1,610,0.26759609999999157,0.027891600000089056,2
0.5,10,2,3,22,HEUR,180.70721950804645,integer optimal solution,0.9,1.0,1,31,0.0,0.00412529999994149,2
0.5,10,2,3,22,B4,180.70721950804645,integer optimal solution,0.9,1.0,1,1463,1.818426000000045,0.04736270000000786,2
0.5,10,3,3,4,B1,178.85708553138085,integer optimal solution,0.9,1.0,1,33,0.0,0.003412000000025728,1
0.5,10,3,3,4,B2,178.85708553138085,integer optimal solution,0.9,1.0,1,241,0.0,0.015382499999986976,1
0.5,10,3,3,4,B3,178.85708553138085,integer optimal solution,0.9,1.0,1,901,0.2882865999999922,0.03360219999990477,1
0.5,10,3,3,4,HEUR,178.85708553138085,integer optimal solution,0.9,1.0,1,38,0.0,0.004258400000026086,1
0.5,10,3,3,4,B4,178.85708553138085,integer optimal solution,0.9,1.0,1,2209,1.9285692000000836,0.05352319999997235,1
0.5,10,3,3,11,B1,168.93002911965027,integer optimal solution,1.0,0.0,0,30,0.0,0.003109399999971174,3
0.5,10,3,3,11,B2,168.9300291196503,integer optimal solution,1.0,0.0,0,224,0.0,0.011596700000040983,3
0.5,10,3,3,11,B3,168.93002911965027,integer optimal solution,1.0,0.0,0,789,0.2704594999999017,0.03692979999993895,3
0.5,10,3,3,11,HEUR,168.9300291196503,integer optimal solution,1.0,0.0,0,47,0.0,0.004131099999995058,3
0.5,10,3,3,11,B4,168.9300291196503,integer optimal solution,1.0,0.0,0,1780,1.531674599999974,0.05001449999997476,3
0.5,10,3,3,18,B1,192.00742822235222,integer optimal solution,1.0,0.0,0,30,0.0,0.003898199999980534,1
0.5,10,3,3,18,B2,192.00742822235222,integer optimal solution,1.0,0.0,0,233,0.0,0.010498500000039712,1
0.5,10,3,3,18,B3,192.00742822235222,integer optimal solution,1.0,0.0,0,828,0.3165855999999394,0.03318479999995816,1
0.5,10,3,3,18,HEUR,192.00742822235222,integer optimal solution,1.0,0.0,0,40,0.0,0.004128300000047602,1
0.5,10,3,3,18,B4,188.42916717287045,integer optimal solution,0.6,4.0,1,1942,1.9647152000000006,0.04658340000003136,1
0.5,15,2,2,0,B1,223.9766751159977,integer optimal solution,0.9333333333333333,1.0,1,31,0.0,0.0036415999999235282,4
0.5,15,2,2,0,B2,223.9766751159977,integer optimal solution,0.9333333333333333,1.0,1,327,0.0,0.017301900000006754,4
0.5,15,2,2,0,B3,223.9766751159977,integer optimal solution,0.9333333333333333,1.0,1,1891,0.861092400000075,0.048968100000024606,4
0.5,15,2,2,0,HEUR,223.9766751159977,integer optimal solution,0.9333333333333333,1.0,1,52,0.0,0.00761309999995774,4
0.5,15,2,2,0,B4,223.9766751159977,integer optimal solution,0.9333333333333333,1.0,1,7468,11.353197600000044,0.17332950000002256,4
0.5,15,2,2,7,B1,272.70787317425146,integer optimal solution,1.0,0.0,0,30,0.0,0.00377420000006623,3
0.5,15,2,2,7,B2,272.7078731742514,integer optimal solution,1.0,0.0,0,338,0.0,0.01509509999993952,3
0.5,15,2,2,7,B3,272.70787317425146,integer optimal solution,1.0,0.0,0,1996,0.7828946999999289,0.05344520000005559,3
0.5,15,2,2,7,HEUR,272.70787317425146,integer optimal solution,1.0,0.0,0,46,0.0,0.004096099999969738,3
0.5,15,2,2,7,B4,272.70787317425146,integer optimal solution,1.0,0.0,0,7495,10.525533800000062,0.176964699999985,3
0.5,15,2,2,14,B1,256.4461810791164,integer optimal solution,1.0,0.0,0,30,0.0,0.003357800000003408,5
0.5,15,2,2,14,B2,256.4461810791164,integer optimal solution,1.0,0.0,0,332,0.0,0.016014799999993556,5
0.5,15,2,2,14,B3,256.4461810791164,integer optimal solution,1.0,0.0,0,1852,0.7744348999999602,0.042238200000042525,5
0.5,15,2,2,14,HEUR,256.4461810791164,integer optimal solution,1.0,0.0,0,49,0.0,0.006645300000059251,5
0.5,15,2,2,14,B4,256.4461810791164,integer optimal solution,1.0,0.0,0,6925,9.664366000000086,0.1708826000000272,5
0.5,15,2,2,21,B1,253.27548854758766,integer optimal solution,1.0,0.0,0,34,0.0,0.004461499999933949,4
0.5,15,2,2,21,B2,253.27548854758766,integer optimal solution,1.0,0.0,0,317,0.0,0.016185199999995348,4
0.5,15,2,2,21,B3,253.27548854758766,integer optimal solution,1.0,0.0,0,1856,0.7017093000000614,0.04592039999999997,4
0.5,15,2,2,21,HEUR,253.27548854758766,integer optimal solution,1.0,0.0,0,50,0.0,0.00591610000003584,4
0.5,15,2,2,21,B4,253.27548854758766,integer optimal solution,1.0,0.0,0,7369,9.420389699999987,0.17389570000000276,4
0.5,15,3,2,3,B1,264.95026635571844,integer optimal solution,1.0,0.0,0,45,0.0,0.0035802999999532403,3
0.5,15,3,2,3,B2,264.9502663557184,integer optimal solution,1.0,0.0,0,582,0.0,0.0245354999999563,3
0.5,15,3,2,3,B3,264.9502663557184,integer optimal solution,1.0,0.0,0,3454,1.164795799999979,0.07139489999997295,3
0.5,15,3,2,3,HEUR,264.9502663557184,integer optimal solution,1.0,0.0,0,90,0.0,0.007984499999906802,3
0.5,15,3,2,3,B4,264.9502663557184,integer optimal solution,1.0,0.0,0,13574,16.330196900000033,0.2746854000000667,3
0.5,15,3,2,10,B1,292.6759775228646,integer optimal solution,1.0,0.0,0,45,0.0,0.0036499000000276283,5
0.5,15,3,2,10,B2,292.6759775228647,integer optimal solution,1.0,0.0,0,512,0.0,0.02583130000004985,5
0.5,15,3,2,10,B3,292.6675920667604,integer optimal solution,0.8,3.0,1,3055,0.9860943999999563,0.06978830000002745,5
0.5,15,3,2,10,HEUR,292.6759775228646,integer optimal solution,1.0,0.0,0,75,0.0,0.005414700000073935,5
0.5,15,3,2,10,B4,292.6675920667604,integer optimal solution,0.8,3.0,1,12044,12.724719699999923,0.25501119999989896,5
0.5,15,3,2,17,B1,276.22493608768406,integer optimal solution,1.0,0.0,0,45,0.0,0.0032228000000031898,5
0.5,15,3,2,17,B2,276.22493608768406,integer optimal solution,1.0,0.0,0,542,0.0,0.02310049999994135,5
0.5,15,3,2,17,B3,276.22493608768406,integer optimal solution,1.0,0.0,0,3235,1.0723185000000512,0.0719702999999754,5
0.5,15,3,2,17,HEUR,276.22493608768406,integer optimal solution,1.0,0.0,0,70,0.0,0.0061256999999841355,5
0.5,15,3,2,17,B4,276.22493608768406,integer optimal solution,1.0,0.0,0,12363,14.167677900000058,0.2630500000000211,5
0.5,15,3,2,24,B1,276.38789411349836,integer optimal solution,1.0,0.0,0,45,0.0,0.003523799999925359,3
0.5,15,3,2,24,B2,276.38789411349836,integer optimal solution,1.0,0.0,0,481,0.0,0.028228699999999662,3
0.5,15,3,2,24,B3,276.38789411349836,integer optimal solution,1.0,0.0,0,2740,0.878567500000031,0.06716189999997368,3
0.5,15,3,2,24,HEUR,276.38789411349836,integer optimal solution,1.0,0.0,0,73,0.0,0.005719099999964783,3
0.5,15,3,2,24,B4,276.38789411349836,integer optimal solution,1.0,0.0,0,10446,9.612515400000007,0.23731249999991633,3
0.5,15,2,3,6,B1,273.0174714265743,integer optimal solution,1.0,0.0,0,31,0.0,0.004489600000056271,4
0.5,15,2,3,6,B2,273.0174714265743,integer optimal solution,1.0,0.0,0,381,0.0,0.01748930000007931,4
0.5,15,2,3,6,B3,273.0174714265743,integer optimal solution,1.0,0.0,0,2405,1.2962821999999505,0.049141899999995076,4
0.5,15,2,3,6,HEUR,273.0174714265743,integer optimal solution,1.0,0.0,0,51,0.0,0.007430399999975634,4
0.5,15,2,3,6,B4,273.0174714265743,integer optimal solution,1.0,0.0,0,10022,22.69878230000006,0.19895120000001043,4
0.5,15,2,3,13,B1,250.970147123575,integer optimal solution,0.9333333333333333,1.0,1,32,0.0,0.00523200000009183,4
0.5,15,2,3,13,B2,250.970147123575,integer optimal solution,0.9333333333333333,1.0,1,326,0.0,0.016362400000048183,4
0.5,15,2,3,13,B3,250.970147123575,integer optimal solution,0.9333333333333333,1.0,1,1871,1.1072469000000638,0.06203860000005079,4
0.5,15,2,3,13,HEUR,250.97014712357495,integer optimal solution,0.9333333333333333,1.0,1,51,0.0,0.007697399999983645,4
0.5,15,2,3,13,B4,250.97014712357495,integer optimal solution,0.9333333333333333,1.0,1,7162,15.708396300000004,0.185929099999953,4
0.5,15,2,3,20,B1,270.5985813095252,integer optimal solution,1.0,0.0,0,33,0.0,0.005041199999936907,4
0.5,15,2,3,20,B2,270.5985813095252,integer optimal solution,1.0,0.0,0,371,0.0,0.018593799999962357,4
0.5,15,2,3,20,B3,270.5985813095252,integer optimal solution,1.0,0.0,0,2273,1.2203520999999,0.07234870000002047,4
0.5,15,2,3,20,HEUR,270.5985813095252,integer optimal solution,1.0,0.0,0,49,0.0,0.006268299999987903,4
0.5,15,2,3,20,B4,270.59858130952523,integer optimal solution,1.0,0.0,0,9077,18.688170499999956,0.2173549000000321,4
0.5,15,3,3,2,B1,238.7988076712835,integer optimal solution,1.0,0.0,0,45,0.0,0.0035071999999445325,5
0.5,15,3,3,2,B2,238.7988076712835,integer optimal solution,1.0,0.0,0,521,0.0,0.020918000000051507,5
0.5,15,3,3,2,B3,238.7988076712835,integer optimal solution,1.0,0.0,0,3029,1.2540248999999903,0.07325140000000374,5
0.5,15,3,3,2,HEUR,238.7988076712835,integer optimal solution,1.0,0.0,0,80,0.0,0.005468199999995704,5
0.5,15,3,3,2,B4,238.7988076712835,integer optimal solution,1.0,0.0,0,11518,16.198740300000054,0.23679909999998472,5
0.5,15,3,3,9,B1,268.44698601406674,integer optimal solution,1.0,0.0,0,45,0.0,0.0033157000000301196,6
0.5,15,3,3,9,B2,268.44698601406674,integer optimal solution,1.0,0.0,0,501,0.0,0.025663500000064232,6
0.5,15,3,3,9,B3,268.44698601406674,integer optimal solution,1.0,0.0,0,2850,1.2233964999999216,0.06620840000005046,6
0.5,15,3,3,9,HEUR,268.44698601406674,integer optimal solution,1.0,0.0,0,94,0.0,0.006580299999995987,6
0.5,15,3,3,9,B4,268.4469860140667,integer optimal solution,1.0,0.0,0,10812,16.74312340000006,0.22534029999997074,6
0.5,15,3,3,16,B1,265.7970065590131,integer optimal solution,1.0,0.0,0,45,0.0,0.00437720000002173,4
0.5,15,3,3,16,B2,265.7970065590131,integer optimal solution,1.0,0.0,0,536,0.0,0.02151990000004389,4
0.5,15,3,3,16,B3,265.79700655901314,integer optimal solution,1.0,0.0,0,3356,1.4354448000000275,0.06936910000001717,4
0.5,15,3,3,16,HEUR,265.7970065590131,integer optimal solution,1.0,0.0,0,72,0.0,0.006169100000079197,4
0.5,15,3,3,16,B4,265.7970065590131,integer optimal solution,1.0,0.0,0,13853,24.31831360000001,0.2965308999999934,4
0.5,15,3,3,23,B1,215.58851667346846,integer optimal solution,0.8666666666666667,1.0,2,48,0.0,0.00419879999992645,4
0.5,15,3,3,23,B2,215.58851667346846,integer optimal solution,0.8666666666666667,1.0,2,477,0.0,0.025797699999998258,4
0.5,15,3,3,23,B3,215.58851667346846,integer optimal solution,0.8666666666666667,1.0,2,2564,1.3736377999999831,0.060581400000046415,4
0.5,15,3,3,23,HEUR,215.58851667346846,integer optimal solution,0.8666666666666667,1.0,2,76,0.0,0.005594500000029257,4
0.5,15,3,3,23,B4,215.58851667346846,integer optimal solution,0.8666666666666667,1.0,2,9289,19.892239200000063,0.23229029999993145,4
0.5,20,2,2,5,B1,343.86431769988997,integer optimal solution,1.0,0.0,0,40,0.0,0.00349960000005467,5
0.5,20,2,2,5,B2,343.8643176998899,integer optimal solution,1.0,0.0,0,597,0.0,0.021861700000044948,5
0.5,20,2,2,5,B3,343.86431769988985,integer optimal solution,1.0,0.0,0,4764,2.237137300000086,0.08203399999990779,5
0.5,20,2,2,5,HEUR,343.86431769988997,integer optimal solution,1.0,0.0,0,72,0.0,0.004871100000059414,5
0.5,20,2,2,12,B1,375.84449941609915,integer optimal solution,1.0,0.0,0,40,0.0,0.00237189999995735,7
0.5,20,2,2,12,B2,375.84449941609915,integer optimal solution,1.0,0.0,0,594,0.0,0.0244454000001042,7
0.5,20,2,2,12,B3,375.84449941609915,integer optimal solution,1.0,0.0,0,5232,2.4741166999999678,0.10767940000005183,7
0.5,20,2,2,12,HEUR,375.84449941609915,integer optimal solution,1.0,0.0,0,70,0.0,0.0083402999999862,7
0.5,20,2,2,19,B1,327.68662502912076,integer optimal solution,1.0,0.0,0,40,0.0,0.003406600000062099,6
0.5,20,2,2,19,B2,327.6866250291208,integer optimal solution,1.0,0.0,0,570,0.0,0.033491099999992,6
0.5,20,2,2,19,B3,327.68662502912076,integer optimal solution,1.0,0.0,0,4582,2.1245353000000478,0.09532000000001517,6
0.5,20,2,2,19,HEUR,327.6866250291208,integer optimal solution,1.0,0.0,0,65,0.0,0.00691349999999602,6
0.5,20,3,2,1,B1,345.6686522874017,integer optimal solution,1.0,0.0,0,60,0.0,0.0038030000000617292,6
0.5,20,3,2,1,B2,345.6686522874017,integer optimal solution,1.0,0.0,0,959,0.0,0.03453840000008768,6
0.5,20,3,2,1,B3,345.6686522874017,integer optimal solution,1.0,0.0,0,7959,2.9973919999999907,0.15752649999990354,6
0.5,20,3,2,1,HEUR,345.6686522874017,integer optimal solution,1.0,0.0,0,108,0.0,0.010142500000029031,6
0.5,20,3,2,8,B1,391.02731106253214,integer optimal solution,1.0,0.0,0,61,0.0,0.003892800000016905,6
0.5,20,3,2,8,B2,391.02731106253214,integer optimal solution,1.0,0.0,0,920,0.0,0.032816599999932805,6
0.5,20,3,2,8,B3,389.42541626088916,integer optimal solution,0.85,3.0,1,8273,3.736137900000017,0.17661870000006274,6
0.5,20,3,2,8,HEUR,391.0273110625321,integer optimal solution,1.0,0.0,0,102,0.0,0.006433399999991707,6
0.5,20,3,2,15,B1,328.1156087960893,integer optimal solution,1.0,0.0,0,60,0.0,0.0036759000000756714,7
0.5,20,3,2,15,B2,328.1156087960893,integer optimal solution,1.0,0.0,0,856,0.0,0.03465670000002774,7
0.5,20,3,2,15,B3,327.96952957539327,integer optimal solution,0.85,3.0,1,6263,2.4707115999999587,0.15023619999999482,7
0.5,20,3,2,15,HEUR,328.1156087960893,integer optimal solution,1.0,0.0,0,108,0.0,0.009984499999973195,7
0.5,20,3,2,22,B1,333.32148673338304,integer optimal solution,1.0,0.0,0,60,0.0,0.002633599999967373,7
0.5,20,3,2,22,B2,333.321486733383,integer optimal solution,1.0,0.0,0,840,0.0,0.03218460000005052,7
0.5,20,3,2,22,B3,333.321486733383,integer optimal solution,1.0,0.0,0,6187,2.6005651999998918,0.1394238000000314,7
0.5,20,3,2,22,HEUR,333.32148673338304,integer optimal solution,1.0,0.0,0,110,0.0,0.009375200000022232,7
0.5,20,2,3,4,B1,327.3187504613944,integer optimal solution,0.9,1.0,2,43,0.0,0.004247899999995752,5
0.5,20,2,3,4,B2,327.3187504613944,integer optimal solution,0.9,1.0,2,594,0.0,0.02716669999995247,5
0.5,20,2,3,4,B3,324.3109057718549,integer optimal solution,0.8,2.0,2,4475,2.6780643999999256,0.10532560000001467,5
0.5,20,2,3,4,HEUR,324.310905771855,integer optimal solution,0.8,2.0,2,76,0.0,0.008632799999986673,5
0.5,20,2,3,11,B1,344.16352838688664,integer optimal solution,0.95,1.0,1,41,0.0,0.0029987000000346598,5
0.5,20,2,3,11,B2,344.16352838688664,integer optimal solution,0.95,1.0,1,578,0.0,0.01855539999996836,5
0.5,20,2,3,11,B3,339.8116019314273,integer optimal solution,0.8,2.0,2,4688,2.3788505999999643,0.08893240000008973,5
0.5,20,2,3,11,HEUR,344.16352838688664,integer optimal solution,0.95,1.0,1,65,0.0,0.008476599999994505,5
0.5,20,2,3,18,B1,375.97935828554876,integer optimal solution,1.0,0.0,0,40,0.0,0.003467499999942447,7
0.5,20,2,3,18,B2,373.2430448047937,integer optimal solution,0.9,2.0,1,580,0.0,0.025872800000001916,7
0.5,20,2,3,18,B3,373.24304480479367,integer optimal solution,0.9,2.0,1,4392,2.3479839999999967,0.09553349999998773,7
0.5,20,2,3,18,HEUR,375.97935828554876,integer optimal solution,1.0,0.0,0,69,0.0,0.0041214999999965585,7
0.5,20,3,3,0,B1,366.4757168525002,integer optimal solution,1.0,0.0,0,60,0.0,0.00427989999991496,6
0.5,20,3,3,0,B2,366.4757168525002,integer optimal solution,1.0,0.0,0,997,0.0,0.043788500000005115,6
0.5,20,3,3,0,B3,366.4757168525002,integer optimal solution,1.0,0.0,0,8504,4.394073599999956,0.1499512999999979,6
0.5,20,3,3,0,HEUR,366.47571685250017,integer optimal solution,1.0,0.0,0,106,0.0,0.011641499999996086,6
0.5,20,3,3,7,B1,357.96980692885256,integer optimal solution,1.0,0.0,0,60,0.0,0.00417169999991529,2
0.5,20,3,3,7,B2,357.96980692885256,integer optimal solution,1.0,0.0,0,887,0.0,0.043715300000030766,2
0.5,20,3,3,7,B3,357.96980692885256,integer optimal solution,1.0,0.0,0,7262,3.3673652999999604,0.14442489999998998,2
0.5,20,3,3,7,HEUR,357.96980692885256,integer optimal solution,1.0,0.0,0,77,0.0,0.010112700000036057,2
0.5,20,3,3,14,B1,303.5087400339304,integer optimal solution,1.0,0.0,0,60,0.0,0.004398299999934352,6
0.5,20,3,3,14,B2,303.5087400339304,integer optimal solution,1.0,0.0,0,847,0.0,0.03917400000000271,6
0.5,20,3,3,14,B3,303.50874003393034,integer optimal solution,1.0,0.0,0,6571,3.046173299999964,0.15159449999998742,6
0.5,20,3,3,14,HEUR,303.50874003393034,integer optimal solution,1.0,0.0,0,102,0.0,0.0073768999999401785,6
0.5,20,3,3,21,B1,381.6388426680719,integer optimal solution,1.0,0.0,0,60,0.0,0.00342919999991409,6
0.5,20,3,3,21,B2,381.63884266807185,integer optimal solution,1.0,0.0,0,925,0.0,0.03260790000001634,6
0.5,20,3,3,21,B3,381.6388426680719,integer optimal solution,1.0,0.0,0,7479,3.323706500000071,0.15759530000002542,6
0.5,20,3,3,21,HEUR,381.6388426680719,integer optimal solution,1.0,0.0,0,116,0.0,0.0051820999999563355,6
0.7,10,2,2,3,B1,116.0327942473881,integer optimal solution,0.8,1.0,2,26,0.0,0.00491280000005645,2
0.7,10,2,2,3,B2,112.01342462387828,integer optimal solution,0.7,1.5,2,143,0.0,0.007954499999982545,2
0.7,10,2,2,3,B3,112.01342462387828,integer optimal solution,0.7,1.5,2,466,0.15571550000004208,0.027841200000011668,2
0.7,10,2,2,3,HEUR,116.0327942473881,integer optimal solution,0.8,1.0,2,33,0.0,0.009014600000000428,2
0.7,10,2,2,3,B4,112.01342462387828,integer optimal solution,0.7,1.5,2,1068,0.9819786999998996,0.045321500000000015,2
0.7,10,2,2,10,B1,162.9294497693124,integer optimal solution,0.9,1.0,1,25,0.0,0.0034009999999398133,1
0.7,10,2,2,10,B2,159.68087991382998,integer optimal solution,0.7,1.5,2,144,0.0,0.007023599999911312,1
0.7,10,2,2,10,B3,157.03519482652288,integer optimal solution,0.7,3.0,1,498,0.16889789999993354,0.030005800000026284,1
0.7,10,2,2,10,HEUR,157.03519482652288,integer optimal solution,0.7,3.0,1,30,0.0,0.00519090000000233,1
0.7,10,2,2,10,B4,157.03519482652285,integer optimal solution,0.7,3.0,1,1223,0.9047758000000385,0.04419170000005579,1
0.7,10,2,2,17,B1,129.26044504986174,integer optimal solution,0.8,1.0,2,26,0.0,0.004219599999942147,2
0.7,10,2,2,17,B2,127.66953450281682,integer optimal solution,0.7,1.5,2,135,0.0,0.008332300000006398,2
0.7,10,2,2,17,B3,125.23825841685738,integer optimal solution,0.4,2.0,3,444,0.1966436000000158,0.027556699999990997,2
0.7,10,2,2,17,HEUR,129.26044504986174,integer optimal solution,0.8,1.0,2,31,0.0,0.006529000000000451,2
0.7,10,2,2,17,B4,122.64023541238608,integer optimal solution,0.4,3.0,2,1023,1.1891339000000016,0.04236839999998665,2
0.7,10,2,2,24,B1,154.86053925628002,integer optimal solution,1.0,0.0,0,23,0.0,0.004753399999913199,2
0.7,10,2,2,24,B2,154.86053925628002,integer optimal solution,1.0,0.0,0,144,0.0,0.006917499999985921,2
0.7,10,2,2,24,B3,154.86053925628002,integer optimal solution,1.0,0.0,0,515,0.19764250000002903,0.02906150000001162,2
0.7,10,2,2,24,HEUR,154.86053925628002,integer optimal solution,1.0,0.0,0,33,0.0,0.003654800000049363,2
0.7,10,2,2,24,B4,154.86053925628005,integer optimal solution,1.0,0.0,0,1254,1.235444799999982,0.04571090000001732,2
0.7,10,3,2,6,B1,166.1311541384228,integer optimal solution,0.9,1.0,1,36,0.0,0.003768499999978303,4
0.7,10,3,2,6,B2,162.28629848755023,integer optimal solution,0.8,2.0,1,210,0.0,0.01040499999999156,4
0.7,10,3,2,6,B3,158.9833556867431,integer optimal solution,0.5,2.5,2,724,0.24901680000004944,0.033000399999991714,4
0.7,10,3,2,6,HEUR,158.9833556867431,integer optimal solution,0.5,2.5,2,58,0.0,0.006851900000015121,4
0.7,10,3,2,6,B4,158.9833556867431,integer optimal solution,0.5,2.5,2,1695,1.5885727999999517,0.05486750000000029,4
0.7,10,3,2,13,B1,139.16245372375286,integer optimal solution,0.9,1.0,1,34,0.0,0.0036948000000620596,3
0.7,10,3,2,13,B2,139.16245372375286,integer optimal solution,0.9,1.0,1,218,0.0,0.009920599999986734,3
0.7,10,3,2,13,B3,139.1624537237529,integer optimal solution,0.9,1.0,1,820,0.2754096999999547,0.03241830000001755,3
0.7,10,3,2,13,HEUR,139.16245372375286,integer optimal solution,0.9,1.0,1,64,0.0,0.005106699999942066,3
0.7,10,3,2,13,B4,139.1624537237529,integer optimal solution,0.9,1.0,1,2038,1.9942293999999947,0.05163119999997434,3
0.7,10,3,2,20,B1,167.39945165729222,integer optimal solution,0.9,1.0,1,33,0.0,0.003688000000011016,2
0.7,10,3,2,20,B2,164.7792470747666,integer optimal solution,0.8,2.0,1,229,0.0,0.011198599999943326,2
0.7,10,3,2,20,B3,164.7792470747666,integer optimal solution,0.8,2.0,1,871,0.25654199999996763,0.0317026000000169,2
0.7,10,3,2,20,HEUR,167.3994516572922,integer optimal solution,0.9,1.0,1,46,0.0,0.0069428000000471,2
0.7,10,3,2,20,B4,164.7792470747666,integer optimal solution,0.8,2.0,1,2227,1.5999576999998908,0.04976959999999053,2
0.7,10,2,3,2,B1,179.54697175714898,integer optimal solution,0.9,1.0,1,23,0.0,0.004686600000013641,3
0.7,10,2,3,2,B2,179.54697175714898,integer optimal solution,0.9,1.0,1,146,0.0,0.00701779999997143,3
0.7,10,2,3,2,B3,179.54697175714898,integer optimal solution,0.9,1.0,1,555,0.19015630000001238,0.023720199999957003,3
0.7,10,2,3,2,HEUR,179.54697175714898,integer optimal solution,0.9,1.0,1,35,0.0,0.0029927000000498083,3
0.7,10,2,3,2,B4,179.54697175714895,integer optimal solution,0.9,1.0,1,1356,1.1812383000000182,0.033632699999998295,3
0.7,10,2,3,9,B1,140.615272590507,integer optimal solution,0.9,1.0,1,29,0.0,0.0031894999999622087,3
0.7,10,2,3,9,B2,140.615272590507,integer optimal solution,0.9,1.0,1,157,0.0,0.007727299999942261,3
0.7,10,2,3,9,B3,140.615272590507,integer optimal solution,0.9,1.0,1,549,0.22924509999995735,0.030829300000050353,3
0.7,10,2,3,9,HEUR,140.615272590507,integer optimal solution,0.9,1.0,1,45,0.0,0.004537299999924471,3
0.7,10,2,3,9,B4,140.615272590507,integer optimal solution,0.9,1.0,1,1397,1.687034199999971,0.05017580000003363,3
0.7,10,2,3,16,B1,165.53534502986327,integer optimal solution,1.0,0.0,0,22,0.0,0.003205700000080469,3
0.7,10,2,3,16,B2,165.53534502986327,integer optimal solution,1.0,0.0,0,132,0.0,0.00790740000002188,3
0.7,10,2,3,16,B3,163.93688910392083,integer optimal solution,0.7,3.0,1,465,0.19626909999999498,0.029361199999925702,3
0.7,10,2,3,16,HEUR,163.93688910392083,integer optimal solution,0.7,3.0,1,34,0.0,0.005000300000006064,3
0.7,10,2,3,16,B4,163.9368891039208,integer optimal solution,0.7,3.0,1,1151,1.1210198999999648,0.0445119999999406,3
0.7,10,2,3,23,B1,138.8982195110384,integer optimal solution,0.9,1.0,1,24,0.0,0.009692900000004556,3
0.7,10,2,3,23,B2,138.8982195110384,integer optimal solution,0.9,1.0,1,147,0.0,0.006670799999938026,3
0.7,10,2,3,23,B3,138.8982195110384,integer optimal solution,0.9,1.0,1,527,0.28279009999994287,0.026734799999985626,3
0.7,10,2,3,23,HEUR,138.8982195110384,integer optimal solution,0.9,1.0,1,35,0.0,0.0039873000000625325,3
0.7,10,2,3,23,B4,138.8982195110384,integer optimal solution,0.9,1.0,1,1313,1.3322259999999915,0.04240570000001753,3
0.7,10,3,3,5,B1,150.61480662597722,integer optimal solution,0.6,1.0,4,41,0.0,0.005475400000023001,2
0.7,10,3,3,5,B2,139.89766429207805,integer optimal solution,0.6,2.0,2,234,0.0,0.007811999999944419,2
0.7,10,3,3,5,B3,139.89766429207805,integer optimal solution,0.6,2.0,2,786,0.28175929999997607,0.02840369999989889,2
0.7,10,3,3,5,HEUR,141.24601422888375,integer optimal solution,0.6,1.3333333333333333,3,52,0.0,0.006076200000052268,2
0.7,10,3,3,5,B4,139.89766429207805,integer optimal solution,0.6,2.0,2,1831,1.8231031999999914,0.04263770000000022,2
0.7,10,3,3,12,B1,148.7369995671953,integer optimal solution,0.9,1.0,1,34,0.0,0.0038621999999577383,3
0.7,10,3,3,12,B2,148.73699956719534,integer optimal solution,0.9,1.0,1,212,0.0,0.014404700000000048,3
0.7,10,3,3,12,B3,148.73699956719534,integer optimal solution,0.9,1.0,1,825,0.2621943999999985,0.03311589999998432,3
0.7,10,3,3,12,HEUR,148.73699956719534,integer optimal solution,0.9,1.0,1,48,0.0,0.006421200000090721,3
0.7,10,3,3,12,B4,148.73699956719534,integer optimal solution,0.9,1.0,1,2241,1.5034299999999803,0.0525339000000713,3
0.7,10,3,3,19,B1,142.21176054405575,integer optimal solution,0.8,1.0,2,42,0.0,0.004844900000080088,2
0.7,10,3,3,19,B2,138.4551608007087,integer optimal solution,0.5,1.6666666666666667,3,269,0.0,0.01208760000008624,2
0.7,10,3,3,19,B3,135.29494666641773,integer optimal solution,0.4,2.0,3,981,0.5893409000000247,0.03769179999994776,2
0.7,10,3,3,19,HEUR,142.21176054405575,integer optimal solution,0.8,1.0,2,57,0.0,0.006757300000003852,2
0.7,10,3,3,19,B4,131.74035756151815,integer optimal solution,0.3,2.3333333333333335,3,2446,5.718384300000025,0.061714400000028036,2
0.7,15,2,2,1,B1,193.8234639091903,integer optimal solution,0.8666666666666667,1.0,2,35,0.0,0.006462300000066534,3
0.7,15,2,2,1,B2,193.8234639091903,integer optimal solution,0.8666666666666667,1.0,2,329,0.0,0.017260400000054688,3
0.7,15,2,2,1,B3,191.1146689892375,integer optimal solution,0.7333333333333333,2.0,2,1747,0.9238430999999991,0.044766499999923326,3
0.7,15,2,2,1,HEUR,193.8234639091903,integer optimal solution,0.8666666666666667,1.0,2,48,0.0,0.005456500000036613,3
0.7,15,2,2,1,B4,186.44352896081915,integer optimal solution,0.6666666666666666,2.5,2,6186,11.34040820000007,0.16215539999996054,3
0.7,15,2,2,8,B1,191.96028074547795,integer optimal solution,1.0,0.0,0,35,0.0,0.0035490000000208966,4
0.7,15,2,2,8,B2,191.96028074547795,integer optimal solution,1.0,0.0,0,291,0.0,0.011829000000034284,4
0.7,15,2,2,8,B3,187.87931464194853,integer optimal solution,0.6,3.0,2,1508,0.7767873000000236,0.042562599999996564,4
0.7,15,2,2,8,HEUR,188.03005802043148,integer optimal solution,0.6,3.0,2,50,0.0,0.005268200000045908,4
0.7,15,2,2,8,B4,182.2463840065333,integer optimal solution,0.4666666666666667,4.0,2,5461,8.93933370000002,0.14846139999997376,4
0.7,15,2,2,15,B1,180.6505702969829,integer optimal solution,0.8666666666666667,1.0,2,40,0.0,0.004877899999996771,4
0.7,15,2,2,15,B2,173.574674744403,integer optimal solution,0.7333333333333333,2.0,2,315,0.0,0.016531999999983782,4
0.7,15,2,2,15,B3,173.57467474440296,integer optimal solution,0.7333333333333333,2.0,2,1613,0.861724499999923,0.04378710000003139,4
0.7,15,2,2,15,HEUR,180.65057029698283,integer optimal solution,0.8666666666666667,1.0,2,58,0.0,0.0064844999999422726,4
0.7,15,2,2,15,B4,173.57467474440296,integer optimal solution,0.7333333333333333,2.0,2,5746,11.042850900000076,0.15977559999998903,4
0.7,15,2,2,22,B1,190.58064531659818,integer optimal solution,0.9333333333333333,1.0,1,36,0.0,0.0037243000000444226,4
0.7,15,2,2,22,B2,183.825450810851,integer optimal solution,0.7333333333333333,2.0,2,306,0.0,0.01630909999994401,4
0.7,15,2,2,22,B3,180.2734908895297,integer optimal solution,0.6,3.0,2,1578,0.9857792000000245,0.0388913000000457,4
0.7,15,2,2,22,HEUR,184.8950968990211,integer optimal solution,0.8,3.0,1,53,0.0,0.006364800000028481,4
0.7,15,2,2,22,B4,172.97135733684908,integer optimal solution,0.4666666666666667,4.0,2,5624,14.737918900000068,0.15414049999992585,4
0.7,15,3,2,4,B1,236.25949111231154,integer optimal solution,0.8666666666666667,1.0,2,50,0.0,0.004133000000024367,4
0.7,15,3,2,4,B2,235.8722924475089,integer optimal solution,0.8,1.5,2,465,0.0,0.022591300000044612,4
0.7,15,3,2,4,B3,234.99296206556483,integer optimal solution,0.6666666666666666,2.5,2,2558,0.8134207000000515,0.06579570000008061,4
0.7,15,3,2,4,HEUR,236.25949111231154,integer optimal solution,0.8666666666666667,1.0,2,69,0.0,0.007785900000044421,4
0.7,15,3,2,4,B4,234.99296206556483,integer optimal solution,0.6666666666666666,2.5,2,9630,10.444521699999996,0.24466770000003635,4
0.7,15,3,2,11,B1,211.63331521823545,integer optimal solution,1.0,0.0,0,50,0.0,0.0036917000001039924,3
0.7,15,3,2,11,B2,211.63331521823545,integer optimal solution,1.0,0.0,0,490,0.0,0.01947660000007545,3
0.7,15,3,2,11,B3,211.00436742126232,integer optimal solution,0.6,3.0,2,2803,1.034505500000023,0.04396129999997811,3
0.7,15,3,2,11,HEUR,211.00436742126232,integer optimal solution,0.6,3.0,2,71,0.0,0.00495479999995041,3
0.7,15,3,2,11,B4,207.15564011183847,integer optimal solution,0.7333333333333333,4.0,1,10418,13.341782700000067,0.2806185000000596,3
0.7,15,3,2,18,B1,205.26126360275845,integer optimal solution,0.8,1.0,3,54,0.0,0.018909300000018447,3
0.7,15,3,2,18,B2,192.12692123001386,integer optimal solution,0.5333333333333333,1.75,4,464,0.0,0.02438140000003841,3
0.7,15,3,2,18,B3,187.84974873594507,integer optimal solution,0.4666666666666667,2.6666666666666665,3,2371,1.0808766000000105,0.05799920000004022,3
0.7,15,3,2,18,HEUR,187.84974873594507,integer optimal solution,0.4666666666666667,2.6666666666666665,3,75,0.0,0.006497999999965032,3
0.7,15,3,2,18,B4,185.94904803685128,integer optimal solution,0.5333333333333333,2.3333333333333335,3,8260,11.046404699999925,0.2808747999999923,3
0.7,15,2,3,0,B1,250.7396277144013,integer optimal solution,0.8666666666666667,1.0,2,38,0.0,0.004814199999941593,3
0.7,15,2,3,0,B2,247.40564647508646,integer optimal solution,0.8,1.5,2,348,0.0,0.017048499999987143,3
0.7,15,2,3,0,B3,241.850287874103,integer optimal solution,0.6666666666666666,2.5,2,2002,1.3176759000000402,0.0511480999999776,3
0.7,15,2,3,0,HEUR,249.64716127015217,integer optimal solution,0.7333333333333333,2.0,2,55,0.0,0.006302600000026359,3
0.7,15,2,3,0,B4,238.84202614116077,integer optimal solution,0.6,3.0,2,7409,19.789105500000005,0.1746707999999444,3
0.7,15,2,3,7,B1,209.15566290114714,integer optimal solution,0.9333333333333333,1.0,1,38,0.0,0.0029980999998997504,5
0.7,15,2,3,7,B2,204.910104540779,integer optimal solution,0.7333333333333333,2.0,2,311,0.0,0.01526530000001003,5
0.7,15,2,3,7,B3,202.9971614546186,integer optimal solution,0.6666666666666666,2.5,2,1727,1.0893123999999261,0.042265400000019326,5
0.7,15,2,3,7,HEUR,205.16636750742748,integer optimal solution,0.7333333333333333,2.0,2,63,0.0,0.008808000000044558,5
0.7,15,2,3,7,B4,202.9971614546186,integer optimal solution,0.6666666666666666,2.5,2,6559,13.670301399999971,0.16766739999991387,5
0.7,15,2,3,14,B1,221.71522776325725,integer optimal solution,0.8,1.0,3,43,0.0,0.005008899999893401,3
0.7,15,2,3,14,B2,218.4521536284336,integer optimal solution,0.7333333333333333,1.3333333333333333,3,326,0.0,0.018439100000023245,3
0.7,15,2,3,14,B3,218.4521536284336,integer optimal solution,0.7333333333333333,1.3333333333333333,3,1783,0.9324718000000303,0.04345720000014808,3
0.7,15,2,3,14,HEUR,221.71522776325725,integer optimal solution,0.8,1.0,3,57,0.0,0.0065001000000393105,3
0.7,15,2,3,14,B4,218.4521536284336,integer optimal solution,0.7333333333333333,1.3333333333333333,3,7090,12.727330700000039,0.17000710000002073,3
0.7,15,2,3,21,B1,190.24443542278868,integer optimal solution,0.8666666666666667,1.0,2,38,0.0,0.005421200000000681,6
0.7,15,2,3,21,B2,187.35605054156906,integer optimal solution,0.8,1.5,2,309,0.0,0.01793350000002647,6
0.7,15,2,3,21,B3,187.35605054156906,integer optimal solution,0.8,1.5,2,1609,0.9605112000001554,0.04451769999991484,6
0.7,15,2,3,21,HEUR,190.24443542278868,integer optimal solution,0.8666666666666667,1.0,2,54,0.0,0.007406800000126168,6
0.7,15,2,3,21,B4,187.35605054156906,integer optimal solution,0.8,1.5,2,5936,11.518457699999999,0.16778659999999945,6
0.7,15,3,3,3,B1,193.60103995874923,integer optimal solution,0.7333333333333333,1.0,4,53,0.0,0.00613389999989522,4
0.7,15,3,3,3,B2,191.5926695512838,integer optimal solution,0.6666666666666666,1.6666666666666667,3,461,0.0,0.02445650000004207,4
0.7,15,3,3,3,B3,187.53993467221943,integer optimal solution,0.6,2.0,3,2641,1.0363530000001901,0.06451549999997042,4
0.7,15,3,3,3,HEUR,192.36890619501975,integer optimal solution,0.6,2.0,3,82,0.0,0.006407899999885558,4
0.7,15,3,3,3,B4,187.53993467221943,integer optimal solution,0.6,2.0,3,10552,11.498881499999925,0.2452794000000722,4
0.7,15,3,3,10,B1,184.08973167697093,integer optimal solution,0.8666666666666667,1.0,2,49,0.0,0.004357999999911044,4
0.7,15,3,3,10,B2,182.88633055851327,integer optimal solution,0.7333333333333333,1.3333333333333333,3,448,0.0,0.022735799999964,4
0.7,15,3,3,10,B3,179.60037241411234,integer optimal solution,0.7333333333333333,2.0,2,2416,1.2462221999999201,0.059854900000118505,4
0.7,15,3,3,10,HEUR,182.88633055851327,integer optimal solution,0.7333333333333333,1.3333333333333333,3,65,0.0,0.005756199999950695,4
0.7,15,3,3,10,B4,176.02228585899272,integer optimal solution,0.4,3.0,3,8570,16.25513590000014,0.21629630000006728,4
0.7,15,3,3,17,B1,213.4260109023725,integer optimal solution,0.8666666666666667,1.0,2,55,0.0,0.005215700000007928,3
0.7,15,3,3,17,B2,205.35201304301586,integer optimal solution,0.7333333333333333,2.0,2,483,0.0,0.018987000000151966,3
0.7,15,3,3,17,B3,205.35201304301586,integer optimal solution,0.7333333333333333,2.0,2,2626,1.2842553999998927,0.059982100000070204,3
0.7,15,3,3,17,HEUR,213.42601090237252,integer optimal solution,0.8666666666666667,1.0,2,69,0.0,0.006847399999969639,3
0.7,15,3,3,17,B4,205.35201304301586,integer optimal solution,0.7333333333333333,2.0,2,9662,15.903593300000011,0.23184179999998378,3
0.7,15,3,3,24,B1,223.31354989894433,integer optimal solution,0.8,1.0,3,60,0.0,0.005746499999986554,4
0.7,15,3,3,24,B2,217.63529190032455,integer optimal solution,0.6,1.5,4,440,0.0,0.02144640000005893,4
0.7,15,3,3,24,B3,213.14523165172787,integer optimal solution,0.6,2.0,3,2272,1.0218896999999743,0.05088100000011764,4
0.7,15,3,3,24,HEUR,218.06380930742841,integer optimal solution,0.6666666666666666,1.25,4,78,0.0,0.005831599999964965,4
0.7,15,3,3,24,B4,212.64040342230277,integer optimal solution,0.6,3.0,2,8192,11.69989059999989,0.21209149999981491,4
0.7,20,2,2,6,B1,262.73530806099416,integer optimal solution,0.95,1.0,1,44,0.0,0.004613399999925605,6
0.7,20,2,2,6,B2,258.9721318515306,integer optimal solution,0.9,2.0,1,512,0.0,0.02673859999981687,6
0.7,20,2,2,6,B3,258.97213185153066,integer optimal solution,0.9,2.0,1,3660,1.680572100000063,0.09585839999999735,6
0.7,20,2,2,6,HEUR,262.4507694924617,integer optimal solution,0.85,3.0,1,70,0.0,0.006531299999778639,6
0.7,20,2,2,13,B1,334.71484726477286,integer optimal solution,0.9,1.0,2,46,0.0,0.007385300000123607,5
0.7,20,2,2,13,B2,329.95519152076616,integer optimal solution,0.8,2.0,2,573,0.0,0.027527899999995498,5
0.7,20,2,2,13,B3,324.22627090482996,integer optimal solution,0.75,2.5,2,4151,2.146132699999953,0.09834599999999227,5
0.7,20,2,2,13,HEUR,328.01833877981335,integer optimal solution,0.8,2.0,2,69,0.0,0.00812539999992623,5
0.7,20,2,2,20,B1,260.0767777383841,integer optimal solution,0.85,1.0,3,50,0.0,0.004371400000081849,6
0.7,20,2,2,20,B2,253.1023807971391,integer optimal solution,0.8,1.3333333333333333,3,566,0.0,0.027705900000000838,6
0.7,20,2,2,20,B3,245.52868119584832,integer optimal solution,0.75,1.6666666666666667,3,4005,2.6120608000001084,0.09965349999993123,6
0.7,20,2,2,20,HEUR,255.1370749989834,integer optimal solution,0.8,1.3333333333333333,3,75,0.0,0.006440499999825988,6
0.7,20,3,2,2,B1,256.46470662083135,integer optimal solution,0.9,1.0,2,67,0.0,0.00579080000011345,5
0.7,20,3,2,2,B2,253.76851413314844,integer optimal solution,0.75,1.6666666666666667,3,780,0.0,0.032548900000165304,5
0.7,20,3,2,2,B3,248.25754691456274,integer optimal solution,0.7,2.0,3,5631,2.3109426999999414,0.1319800999999643,5
0.7,20,3,2,2,HEUR,249.65637060200544,integer optimal solution,0.75,1.6666666666666667,3,100,0.0,0.007413499999984197,5
0.7,20,3,2,9,B1,353.73726492574235,integer optimal solution,0.9,1.0,2,70,0.0,0.005600700000059078,5
0.7,20,3,2,9,B2,347.42840597678895,integer optimal solution,0.75,1.6666666666666667,3,859,0.0,0.03061759999991409,5
0.7,20,3,2,9,B3,341.0527309786446,integer optimal solution,0.65,2.3333333333333335,3,6480,2.455526799999916,0.1425411999998687,5
0.7,20,3,2,9,HEUR,341.0527309786446,integer optimal solution,0.65,2.3333333333333335,3,104,0.0,0.008825099999967279,5
0.7,20,3,2,16,B1,250.92914131643013,integer optimal solution,0.85,1.0,3,73,0.0,0.005546899999899324,4
0.7,20,3,2,16,B2,231.49314853397132,integer optimal solution,0.6,2.0,4,798,0.0,0.030529099999967002,4
0.7,20,3,2,16,B3,226.80462619551923,integer optimal solution,0.5,2.5,4,5445,2.9294067000000723,0.1489176000000043,4
0.7,20,3,2,16,HEUR,247.37004784849194,integer optimal solution,0.6,2.0,4,93,0.0,0.008978999999953885,4
0.7,20,3,2,23,B1,244.70398153411804,integer optimal solution,0.9,1.0,2,65,0.0,0.005689200000006167,6
0.7,20,3,2,23,B2,241.8787509750053,integer optimal solution,0.75,1.6666666666666667,3,797,0.0,0.02965319999998428,6
0.7,20,3,2,23,B3,238.8987999722151,integer optimal solution,0.65,2.3333333333333335,3,5827,2.4137849999999617,0.13974359999997432,6
0.7,20,3,2,23,HEUR,241.97243787324905,integer optimal solution,0.8,1.3333333333333333,3,101,0.0,0.012931400000070425,6
0.7,20,2,3,5,B1,296.5304266738263,integer optimal solution,0.85,1.0,3,54,0.0,0.006620099999963713,6
0.7,20,2,3,5,B2,288.82313642763046,integer optimal solution,0.75,1.25,4,571,0.0,0.025732699999934994,6
0.7,20,2,3,5,B3,279.28480347222825,integer optimal solution,0.7,1.5,4,4097,2.338706900000034,0.13762769999993907,6
0.7,20,2,3,5,HEUR,296.53042667382624,integer optimal solution,0.85,1.0,3,82,0.0,0.011218599999892831,6
0.7,20,2,3,12,B1,288.04455383663395,integer optimal solution,0.9,1.0,2,55,0.0,0.005170300000145289,5
0.7,20,2,3,12,B2,283.0521743568552,integer optimal solution,0.8,2.0,2,592,0.0,0.028671600000052422,5
0.7,20,2,3,12,B3,283.0521743568552,integer optimal solution,0.8,2.0,2,4244,2.3592968000000383,0.0907211000001098,5
0.7,20,2,3,12,HEUR,287.5049817890822,integer optimal solution,0.85,1.5,2,84,0.0,0.0060507000000598055,5
0.7,20,2,3,19,B1,274.03908831247935,integer optimal solution,0.85,1.0,3,54,0.0,0.00565110000002278,4
0.7,20,2,3,19,B2,270.69607983310635,integer optimal solution,0.8,1.3333333333333333,3,531,0.0,0.02770620000001145,4
0.7,20,2,3,19,B3,270.69607983310635,integer optimal solution,0.8,1.3333333333333333,3,3673,2.4924592999998367,0.08937319999995452,4
0.7,20,2,3,19,HEUR,272.1733172432442,integer optimal solution,0.75,1.6666666666666667,3,69,0.0,0.007250999999996566,4
0.7,20,3,3,1,B1,292.6322511064976,integer optimal solution,0.9,1.0,2,67,0.0,0.004191300000002229,5
0.7,20,3,3,1,B2,289.30376695565246,integer optimal solution,0.85,1.5,2,852,0.0,0.02499390000002677,5
0.7,20,3,3,1,B3,289.30376695565246,integer optimal solution,0.85,1.5,2,6108,3.102160700000013,0.13399860000004082,5
0.7,20,3,3,1,HEUR,292.6322511064976,integer optimal solution,0.9,1.0,2,101,0.0,0.007757099999935235,5
0.7,20,3,3,8,B1,308.7806741481499,integer optimal solution,0.9,1.0,2,74,0.0,0.005134700000098746,5
0.7,20,3,3,8,B2,305.45280324813416,integer optimal solution,0.8,2.0,2,833,0.0,0.04215750000003027,5
0.7,20,3,3,8,B3,303.9091281332951,integer optimal solution,0.75,2.5,2,6366,2.514086099999986,0.15772179999999025,5
0.7,20,3,3,8,HEUR,308.7806741481499,integer optimal solution,0.9,1.0,2,122,0.0,0.009894999999914944,5
0.7,20,3,3,15,B1,344.3714244972788,integer optimal solution,0.9,1.0,2,69,0.0,0.0046432999999979074,6
0.7,20,3,3,15,B2,336.0422910736754,integer optimal solution,0.75,1.6666666666666667,3,940,0.0,0.034724999999980355,6
0.7,20,3,3,15,B3,321.4415397315347,integer optimal solution,0.75,2.5,2,7347,3.574146400000018,0.16172710000000734,6
0.7,20,3,3,15,HEUR,344.3714244972788,integer optimal solution,0.9,1.0,2,106,0.0,0.011810100000047896,6
0.7,20,3,3,22,B1,349.95692945274374,integer optimal solution,0.9,1.0,2,64,0.0,0.005302499999970678,6
0.7,20,3,3,22,B2,349.95692945274374,integer optimal solution,0.9,1.0,2,877,0.0,0.02974169999993137,6
0.7,20,3,3,22,B3,348.1639254742593,integer optimal solution,0.75,1.6666666666666667,3,6596,2.9884254999999484,0.14409239999986312,6
0.7,20,3,3,22,HEUR,349.9569294527437,integer optimal solution,0.9,1.0,2,106,0.0,0.009002900000041336,6
0.9,10,2,2,4,B1,118.73625047900379,integer optimal solution,0.7,1.0,3,31,0.0,0.004480499999999665,4
0.9,10,2,2,4,B2,111.63928659439614,integer optimal solution,0.3,1.75,4,166,0.0,0.011058199999979479,4
0.9,10,2,2,4,B3,105.60802319024401,integer optimal solution,0.4,2.0,3,601,0.5904384999998911,0.042069800000035684,4
0.9,10,2,2,4,HEUR,118.73625047900379,integer optimal solution,0.7,1.0,3,45,0.0,0.008083599999963553,4
0.9,10,2,2,4,B4,100.48247931350133,integer optimal solution,0.3,2.3333333333333335,3,1490,7.221471399999928,0.05014249999999265,4
0.9,10,2,2,11,B1,109.87109242008725,integer optimal solution,0.7,1.0,3,34,0.0,0.005183100000067498,3
0.9,10,2,2,11,B2,92.78525022738162,integer optimal solution,0.4,2.0,3,151,0.0,0.009108199999900535,3
0.9,10,2,2,11,B3,89.8672267626272,integer optimal solution,0.3,2.3333333333333335,3,468,0.46750650000012683,0.031434199999921475,3
0.9,10,2,2,11,HEUR,105.99664091669943,integer optimal solution,0.4,1.5,4,41,0.0,0.005685099999936938,3
0.9,10,2,2,11,B4,86.74552808367883,integer optimal solution,0.3,2.3333333333333335,3,1062,4.964274500000101,0.047220100000004095,3
0.9,10,2,2,18,B1,102.90341446259124,integer optimal solution,0.8,1.0,2,35,0.0,0.00517760000002454,3
0.9,10,2,2,18,B2,98.43388511977403,integer optimal solution,0.6,2.0,2,179,0.0,0.010962800000015704,3
0.9,10,2,2,18,B3,95.04758422407104,integer optimal solution,0.3,2.3333333333333335,3,596,0.5894241999999394,0.026983200000131546,3
0.9,10,2,2,18,HEUR,102.26158171752306,integer optimal solution,0.6,1.3333333333333333,3,42,0.0,0.005371800000148141,3
0.9,10,2,2,18,B4,93.03930965592565,integer optimal solution,0.3,2.3333333333333335,3,1396,7.134346899999855,0.060279799999989336,3
0.9,10,3,2,0,B1,104.66655183985453,integer optimal solution,0.7,1.0,3,42,0.0,0.006437000000005355,4
0.9,10,3,2,0,B2,99.49169666895385,integer optimal solution,0.3,1.75,4,223,0.0,0.012118500000042332,4
0.9,10,3,2,0,B3,91.89547859697817,integer optimal solution,0.2,2.6666666666666665,3,770,0.8942930000000615,0.02262580000001435,4
0.9,10,3,2,0,HEUR,99.06417036171504,integer optimal solution,0.1,2.25,4,60,0.0,0.004274099999975078,4
0.9,10,3,2,0,B4,87.98693125181437,integer optimal solution,0.1,3.0,3,1861,7.403224200000068,0.04458339999996497,4
0.9,10,3,2,7,B1,127.57130728047996,integer optimal solution,0.9,1.0,1,32,0.0,0.004015900000013062,3
0.9,10,3,2,7,B2,122.86132758269301,integer optimal solution,0.7,1.5,2,222,0.0,0.009455300000126954,3
0.9,10,3,2,7,B3,116.8562649367061,integer optimal solution,0.3,2.3333333333333335,3,840,0.6998668000001089,0.0325698999999986,3
0.9,10,3,2,7,HEUR,127.57130728047996,integer optimal solution,0.9,1.0,1,49,0.0,0.006861600000092949,3
0.9,10,3,2,7,B4,107.01131360448235,integer optimal solution,0.2,4.0,2,2098,9.57449110000016,0.053884400000015376,3
0.9,10,3,2,14,B1,84.80049918219925,integer optimal solution,0.8,1.0,2,36,0.0,0.00412359999995715,4
0.9,10,3,2,14,B2,82.44874841994205,integer optimal solution,0.7,1.5,2,226,0.0,0.011469499999975596,4
0.9,10,3,2,14,B3,79.81988521508525,integer optimal solution,0.5,2.5,2,815,0.7094331000000693,0.045993799999905605,4
0.9,10,3,2,14,HEUR,82.44874841994205,integer optimal solution,0.7,1.5,2,65,0.0,0.008068899999898349,4
0.9,10,3,2,14,B4,77.86324555795017,integer optimal solution,0.4,3.0,2,1989,8.952974199999971,0.05582290000006651,4
0.9,10,3,2,21,B1,86.60096233079977,integer optimal solution,0.7,1.0,3,49,0.0,0.003562300000112373,3
0.9,10,3,2,21,B2,78.55582113580847,integer optimal solution,0.4,2.0,3,210,0.0,0.010133600000017395,3
0.9,10,3,2,21,B3,76.40556100584979,integer optimal solution,0.3,2.3333333333333335,3,646,0.6232425000000603,0.03216169999996055,3
0.9,10,3,2,21,HEUR,80.48524165366126,integer optimal solution,0.4,2.0,3,61,0.0,0.0070456999999350955,3
0.9,10,3,2,21,B4,74.90368254249177,integer optimal solution,0.2,2.6666666666666665,3,1408,7.178245800000013,0.033814399999982925,3
0.9,10,2,3,3,B1,86.67403863290698,integer optimal solution,0.7,1.0,3,43,0.0,0.0066155000001799635,3
0.9,10,2,3,3,B2,79.58459976718092,integer optimal solution,0.5,1.6666666666666667,3,192,0.0,0.009139900000036505,3
0.9,10,2,3,3,B3,76.20836916634104,integer optimal solution,0.2,2.0,4,593,0.6626848000000791,0.02984059999994315,3
0.9,10,2,3,3,HEUR,86.67403863290698,integer optimal solution,0.7,1.0,3,54,0.0,0.005929400000013629,3
0.9,10,2,3,3,B4,73.82782268950041,integer optimal solution,0.1,2.25,4,1352,8.102733499999886,0.032445399999915026,3
0.9,10,2,3,10,B1,91.11955881705917,integer optimal solution,0.7,1.0,3,47,0.0,0.0059986000001117645,3
0.9,10,2,3,10,B2,82.73746368220672,integer optimal solution,0.2,2.0,4,198,0.0,0.009312800000088828,3
0.9,10,2,3,10,B3,78.42143319676322,integer optimal solution,0.3,2.3333333333333335,3,662,0.6767279999999118,0.03175709999982246,3
0.9,10,2,3,10,HEUR,82.45416166270564,integer optimal solution,0.3,1.75,4,60,0.0,0.005933799999866096,3
0.9,10,2,3,10,B4,75.13491175127227,integer optimal solution,0.2,2.6666666666666665,3,1597,8.703527399999984,0.036709100000052786,3
0.9,10,2,3,17,B1,117.18510834780119,integer optimal solution,0.7,1.0,3,36,0.0,0.005701699999917764,3
0.9,10,2,3,17,B2,100.54305462680392,integer optimal solution,0.4,1.5,4,174,0.0,0.00861380000014833,3
0.9,10,2,3,17,B3,94.58472089780568,integer optimal solution,0.3,1.75,4,579,0.6297971000001326,0.03008089999980257,3
0.9,10,2,3,17,HEUR,111.20878967078139,integer optimal solution,0.3,1.75,4,45,0.0,0.005830199999991237,3
0.9,10,2,3,17,B4,90.99954800583967,integer optimal solution,0.2,2.0,4,1323,7.910430299999916,0.032282499999837455,3
0.9,10,2,3,24,B1,86.7971403155833,integer optimal solution,0.7,1.0,3,45,0.0,0.006543200000123761,3
0.9,10,2,3,24,B2,83.7949489532277,integer optimal solution,0.5,1.6666666666666667,3,198,0.0,0.009177200000067387,3
0.9,10,2,3,24,B3,80.41275918833188,integer optimal solution,0.0,2.0,5,684,0.6618378000000575,0.02624839999998585,3
0.9,10,2,3,24,HEUR,86.16911594646189,integer optimal solution,0.4,1.5,4,54,0.0,0.004762099999879865,3
0.9,10,2,3,24,B4,76.19378115369277,integer optimal solution,0.0,2.5,4,1634,8.866993399999956,0.04207429999996748,3
0.9,10,3,3,6,B1,102.14494460393188,integer optimal solution,0.7,1.0,3,42,0.0,0.004685799999833762,3
0.9,10,3,3,6,B2,98.49173222965968,integer optimal solution,0.5,1.6666666666666667,3,250,0.0,0.010521600000174658,3
0.9,10,3,3,6,B3,92.58288800264323,integer optimal solution,0.4,2.0,3,967,0.8252594000000499,0.034975400000121226,3
0.9,10,3,3,6,HEUR,101.35440807079593,integer optimal solution,0.6,1.3333333333333333,3,63,0.0,0.007299699999975928,3
0.9,10,3,3,6,B4,88.99865733028346,integer optimal solution,0.1,3.0,3,2508,10.848976399999856,0.05796850000001541,3
0.9,10,3,3,13,B1,98.52910738546825,integer optimal solution,0.8,1.0,2,50,0.0,0.0039003000001684995,3
0.9,10,3,3,13,B2,96.65147016558285,integer optimal solution,0.7,1.5,2,241,0.0,0.009604200000012497,3
0.9,10,3,3,13,B3,92.87322269962095,integer optimal solution,0.6,2.0,2,830,0.74153820000015,0.02954829999998765,3
0.9,10,3,3,13,HEUR,95.24068108352128,integer optimal solution,0.5,1.6666666666666667,3,64,0.0,0.007103200000074139,3
0.9,10,3,3,13,B4,89.36540633452736,integer optimal solution,0.5,2.5,2,1964,9.343674100000044,0.05273769999985234,3
0.9,10,3,3,20,B1,101.43176536660958,integer optimal solution,0.7,1.0,3,40,0.0,0.004533799999990151,3
0.9,10,3,3,20,B2,95.58779888411887,integer optimal solution,0.4,1.5,4,227,0.0,0.010910800000146992,3
0.9,10,3,3,20,B3,91.26113485141543,integer optimal solution,0.4,2.0,3,786,0.751352499999939,0.031118999999989683,3
0.9,10,3,3,20,HEUR,100.52271056527901,integer optimal solution,0.5,1.25,4,60,0.0,0.005267600000024686,3
0.9,10,3,3,20,B4,88.03229252104707,integer optimal solution,0.2,2.0,4,1848,8.56298250000009,0.03745539999999892,3
0.9,15,2,2,2,B1,174.46816883315813,integer optimal solution,0.8,1.0,3,49,0.0,0.0042332999998961895,6
0.9,15,2,2,2,B2,149.0403309754549,integer optimal solution,0.4666666666666667,2.0,4,363,0.0,0.01746539999999186,6
0.9,15,2,2,2,B3,134.5137730629242,integer optimal solution,0.3333333333333333,2.5,4,1896,2.102586500000143,0.05354699999998047,6
0.9,15,2,2,2,HEUR,140.96048902962409,integer optimal solution,0.4,2.25,4,69,0.0,0.0058844000000135566,6
0.9,15,2,2,2,B4,119.48880239856285,integer optimal solution,0.2,3.0,4,7045,46.23946969999997,0.15067120000003342,6
0.9,15,2,2,9,B1,159.44089510686788,integer optimal solution,0.8666666666666667,1.0,2,51,0.0,0.006096699999943667,5
0.9,15,2,2,9,B2,151.0599940915977,integer optimal solution,0.5333333333333333,1.75,4,342,0.0,0.018266900000071473,5
0.9,15,2,2,9,B3,143.58714415466497,integer optimal solution,0.4,2.25,4,1853,2.2013478999999734,0.042484999999942374,5
0.9,15,2,2,9,HEUR,150.24523778969848,integer optimal solution,0.4666666666666667,2.0,4,68,0.0,0.008036200000105964,5
0.9,15,2,2,9,B4,135.28886169090342,integer optimal solution,0.26666666666666666,2.75,4,7037,46.65792069999998,0.13627100000007886,5
0.9,15,2,2,16,B1,167.24360528674174,integer optimal solution,0.8,1.0,3,47,0.0,0.005295500000102038,6
0.9,15,2,2,16,B2,145.6013963088172,integer optimal solution,0.4666666666666667,2.0,4,361,0.0,0.017351899999994203,6
0.9,15,2,2,16,B3,134.8671121664698,integer optimal solution,0.3333333333333333,2.5,4,1900,1.9205692000000454,0.03076650000002701,6
0.9,15,2,2,16,HEUR,150.35988892456538,integer optimal solution,0.4666666666666667,2.0,4,70,0.0,0.005038699999886376,6
0.9,15,2,2,16,B4,127.79401571744386,integer optimal solution,0.2,3.0,4,7056,41.810535299999856,0.16324969999982386,6
0.9,15,2,2,23,B1,164.8361131775683,integer optimal solution,0.8666666666666667,1.0,2,43,0.0,0.0040274000000408705,5
0.9,15,2,2,23,B2,159.40195432719435,integer optimal solution,0.5333333333333333,1.75,4,384,0.0,0.016368800000009287,5
0.9,15,2,2,23,B3,143.49215021395202,integer optimal solution,0.4,2.25,4,2233,2.1515730999999505,0.04553430000009939,5
0.9,15,2,2,23,HEUR,155.21050222584353,integer optimal solution,0.4666666666666667,2.0,4,70,0.0,0.008990600000061022,5
0.9,15,2,2,23,B4,133.26075331553994,integer optimal solution,0.26666666666666666,2.75,4,8733,53.711561099999926,0.1671559999999772,5
0.9,15,3,2,5,B1,134.6293909525221,integer optimal solution,0.8666666666666667,1.0,2,60,0.0,0.005157900000085647,6
0.9,15,3,2,5,B2,130.44408306659665,integer optimal solution,0.7333333333333333,2.0,2,454,0.0,0.023644200000035198,6
0.9,15,3,2,5,B3,122.08569631735904,integer optimal solution,0.3333333333333333,2.5,4,2319,2.312646500000028,0.052188800000067204,6
0.9,15,3,2,5,HEUR,131.38378801792854,integer optimal solution,0.6,2.0,3,85,0.0,0.005974299999934374,6
0.9,15,3,2,5,B4,117.4621857540797,integer optimal solution,0.2,3.0,4,8490,47.92229099999986,0.17742100000009486,6
0.9,15,3,2,12,B1,150.3795117561704,integer optimal solution,0.8666666666666667,1.0,2,58,0.0,0.0032853999998678773,5
0.9,15,3,2,12,B2,141.05056456908525,integer optimal solution,0.5333333333333333,1.75,4,527,0.0,0.020635600000105114,5
0.9,15,3,2,12,B3,131.68765976521908,integer optimal solution,0.4,2.25,4,3106,2.7421200999999655,0.06551250000006803,5
0.9,15,3,2,12,HEUR,145.16999430930113,integer optimal solution,0.6,1.5,4,86,0.0,0.009281599999894752,5
0.9,15,3,2,12,B4,124.58298214163264,integer optimal solution,0.06666666666666667,2.8,5,12157,60.851581399999986,0.21842249999986052,5
0.9,15,3,2,19,B1,161.82654805752475,integer optimal solution,0.8666666666666667,1.0,2,60,0.0,0.004176800000095682,6
0.9,15,3,2,19,B2,152.83718250815517,integer optimal solution,0.5333333333333333,1.75,4,568,0.0,0.020411699999840494,6
0.9,15,3,2,19,B3,138.29656567350662,integer optimal solution,0.2,2.4,5,3373,2.9431851000001643,0.07277650000014546,6
0.9,15,3,2,19,HEUR,146.77020965378233,integer optimal solution,0.4666666666666667,2.0,4,91,0.0,0.004510099999833983,6
0.9,15,3,2,19,B4,126.82779839497536,integer optimal solution,0.06666666666666667,3.5,4,13332,69.77000620000013,0.26066869999999653,6
0.9,15,2,3,1,B1,168.9589634432162,integer optimal solution,0.8,1.0,3,64,0.0,0.006012399999917761,5
0.9,15,2,3,1,B2,157.88817110730747,integer optimal solution,0.4,1.8,5,355,0.0,0.017596399999774803,5
0.9,15,2,3,1,B3,147.11801548875593,integer optimal solution,0.26666666666666666,2.2,5,1642,2.3251227000000654,0.04128949999994802,5
0.9,15,2,3,1,HEUR,164.23950523774673,integer optimal solution,0.4666666666666667,2.0,4,80,0.0,0.006600200000093537,5
0.9,15,2,3,1,B4,139.02576871167136,integer optimal solution,0.13333333333333333,2.6,5,5628,46.31194930000015,0.14285210000002735,5
0.9,15,2,3,8,B1,153.0060026011207,integer optimal solution,0.8666666666666667,1.0,2,45,0.0,0.004853700000012395,5
0.9,15,2,3,8,B2,149.1105473412669,integer optimal solution,0.6666666666666666,1.6666666666666667,3,331,0.0,0.016166699999985212,5
0.9,15,2,3,8,B3,144.04325547483518,integer optimal solution,0.6,2.0,3,1756,2.5902730999998766,0.04448170000000573,5
0.9,15,2,3,8,HEUR,149.0303266507889,integer optimal solution,0.6666666666666666,1.6666666666666667,3,60,0.0,0.007469200000059573,5
0.9,15,2,3,8,B4,138.3976657258895,integer optimal solution,0.3333333333333333,2.5,4,6537,55.94324019999999,0.15443810000010672,5
0.9,15,2,3,15,B1,148.97714980657076,integer optimal solution,0.8,1.0,3,65,0.0,0.006056700000044657,4
0.9,15,2,3,15,B2,140.39930669859544,integer optimal solution,0.5333333333333333,1.75,4,400,0.0,0.019965999999840278,4
0.9,15,2,3,15,B3,134.35096455193946,integer optimal solution,0.26666666666666666,2.2,5,1945,2.452163599999949,0.06948890000012398,4
0.9,15,2,3,15,HEUR,143.51947831833047,integer optimal solution,0.6,1.5,4,76,0.0,0.006355600000006234,4
0.9,15,2,3,15,B4,127.60457664106622,integer optimal solution,0.13333333333333333,2.6,5,6939,49.63309389999995,0.1809309000000212,4
0.9,15,2,3,22,B1,148.5085358720751,integer optimal solution,0.8666666666666667,1.0,2,45,0.0,0.0048463999999057705,6
0.9,15,2,3,22,B2,144.03197642549284,integer optimal solution,0.7333333333333333,1.3333333333333333,3,339,0.0,0.016713400000071488,6
0.9,15,2,3,22,B3,132.94210853237928,integer optimal solution,0.5333333333333333,2.3333333333333335,3,1944,2.920079600000008,0.03882270000008248,6
0.9,15,2,3,22,HEUR,139.44017193594075,integer optimal solution,0.5333333333333333,2.3333333333333335,3,68,0.0,0.005254200000081255,6
0.9,15,2,3,22,B4,121.0042447367605,integer optimal solution,0.4,3.0,3,7513,60.287286100000074,0.15763099999981023,6
0.9,15,3,3,4,B1,139.1755646051083,integer optimal solution,0.6666666666666666,1.0,5,64,0.0,0.0052456000000802305,6
0.9,15,3,3,4,B2,131.18185634734044,integer optimal solution,0.4666666666666667,1.6,5,478,0.0,0.016554400000131864,6
0.9,15,3,3,4,B3,129.35416010192418,integer optimal solution,0.26666666666666666,2.2,5,2521,3.154531700000007,0.052887599999849044,6
0.9,15,3,3,4,HEUR,134.02461798717474,integer optimal solution,0.5333333333333333,1.4,5,92,0.0,0.007198000000016691,6
0.9,15,3,3,4,B4,124.25714078768188,integer optimal solution,0.2,2.4,5,9296,66.08306710000011,0.22519739999984267,6
0.9,15,3,3,11,B1,162.53215241368503,integer optimal solution,0.7333333333333333,1.0,4,72,0.0,0.005875699999933204,5
0.9,15,3,3,11,B2,143.73637213917922,integer optimal solution,0.4,1.8,5,564,0.0,0.02555480000000898,5
0.9,15,3,3,11,B3,131.52965264643856,integer optimal solution,0.2,2.4,5,3244,3.474373900000046,0.0665255999999772,5
0.9,15,3,3,11,HEUR,139.1445416993394,integer optimal solution,0.2,2.0,6,101,0.0,0.010105299999850104,5
0.9,15,3,3,11,B4,122.22652720647315,integer optimal solution,0.06666666666666667,3.5,4,12710,77.35202170000002,0.2471252000000277,5
0.9,15,3,3,18,B1,165.05387790614566,integer optimal solution,0.7333333333333333,1.0,4,63,0.0,0.0054685000000063155,6
0.9,15,3,3,18,B2,147.03169930994608,integer optimal solution,0.5333333333333333,1.75,4,539,0.0,0.018706899999870075,6
0.9,15,3,3,18,B3,140.77148591474452,integer optimal solution,0.3333333333333333,2.5,4,3083,3.1121517000001404,0.06972580000001471,6
0.9,15,3,3,18,HEUR,148.60400750164456,integer optimal solution,0.26666666666666666,2.2,5,96,0.0,0.008069299999988289,6
0.9,15,3,3,18,B4,130.71038932694597,integer optimal solution,0.2,3.0,4,11865,73.17192810000006,0.23991539999997258,6
0.9,20,2,2,0,B1,170.33353002096766,integer optimal solution,0.9,1.0,2,67,0.0,0.004446099999768194,7
0.9,20,2,2,0,B2,160.77380165409951,integer optimal solution,0.7,2.0,3,615,0.0,0.021766700000171113,7
0.9,20,2,2,0,B3,154.9798734023494,integer optimal solution,0.5,2.5,4,4283,6.393013500000052,0.09232520000023214,7
0.9,20,2,2,0,HEUR,161.69576619243674,integer optimal solution,0.7,2.0,3,88,0.0,0.01048129999981029,7
0.9,20,2,2,7,B1,196.7216349317638,integer optimal solution,0.85,1.0,3,60,0.0,0.005299699999795848,7
0.9,20,2,2,7,B2,185.97162933996756,integer optimal solution,0.6,2.0,4,577,0.0,0.028228600000147708,7
0.9,20,2,2,7,B3,177.8959753006583,integer optimal solution,0.5,2.5,4,4100,5.4898982999998225,0.09378290000040579,7
0.9,20,2,2,7,HEUR,186.396871900795,integer optimal solution,0.6,2.0,4,80,0.0,0.005859500000042317,7
0.9,20,2,2,14,B1,223.425475546491,integer optimal solution,0.8,1.0,4,62,0.0,0.00603000000000975,7
0.9,20,2,2,14,B2,208.51912214325807,integer optimal solution,0.6,2.0,4,639,0.0,0.025681900000108726,7
0.9,20,2,2,14,B3,195.28342999460597,integer optimal solution,0.5,2.5,4,4863,6.867195400000128,0.08760590000019874,7
0.9,20,2,2,14,HEUR,206.6389044928365,integer optimal solution,0.6,2.0,4,84,0.0,0.011216000000331405,7
0.9,20,2,2,21,B1,208.90207727257445,integer optimal solution,0.85,1.0,3,66,0.0,0.006189599999743223,6
0.9,20,2,2,21,B2,201.2784901674558,integer optimal solution,0.65,1.75,4,619,0.0,0.02102660000036849,6
0.9,20,2,2,21,B3,189.36461191841718,integer optimal solution,0.5,2.5,4,4399,5.706396300000051,0.0876327000000856,6
0.9,20,2,2,21,HEUR,202.17863654457204,integer optimal solution,0.65,1.75,4,90,0.0,0.006444199999805278,6
0.9,20,3,2,3,B1,192.0148463930085,integer optimal solution,0.85,1.0,3,83,0.0,0.005482200000187731,6
0.9,20,3,2,3,B2,182.82209620362505,integer optimal solution,0.7,2.0,3,803,0.0,0.028710300000057032,6
0.9,20,3,2,3,B3,173.27479972390006,integer optimal solution,0.5,2.5,4,5442,7.498692099999971,0.1039597999997568,6
0.9,20,3,2,3,HEUR,182.03761100627207,integer optimal solution,0.6,2.0,4,113,0.0,0.009059099999831233,6
0.9,20,3,2,10,B1,209.69132570699475,integer optimal solution,0.85,1.0,3,77,0.0,0.005102499999793508,6
0.9,20,3,2,10,B2,202.56697533902275,integer optimal solution,0.6,2.0,4,854,0.0,0.023199799999929382,6
0.9,20,3,2,10,B3,189.49946731562474,integer optimal solution,0.35,2.6,5,6304,7.2137471000000915,0.1277086000000054,6
0.9,20,3,2,10,HEUR,199.8815728561367,integer optimal solution,0.6,2.0,4,112,0.0,0.008700899999894318,6
0.9,20,3,2,17,B1,211.89130936236035,integer optimal solution,0.9,1.0,2,84,0.0,0.00538090000009106,6
0.9,20,3,2,17,B2,201.4097504944468,integer optimal solution,0.65,1.75,4,835,0.0,0.02701260000003458,6
0.9,20,3,2,17,B3,189.6311828022554,integer optimal solution,0.35,2.6,5,5995,7.898054800000409,0.1268246999998155,6
0.9,20,3,2,17,HEUR,196.923616255421,integer optimal solution,0.6,2.0,4,109,0.0,0.011052000000290718,6
0.9,20,3,2,24,B1,229.6647351064126,integer optimal solution,0.8,1.0,4,82,0.0,0.004390300000068237,6
0.9,20,3,2,24,B2,203.93945805261947,integer optimal solution,0.5,2.0,5,940,0.0,0.035799799999949755,6
0.9,20,3,2,24,B3,179.3690714484414,integer optimal solution,0.35,2.6,5,7113,7.77325269999983,0.14566730000024108,6
0.9,20,3,2,24,HEUR,197.35526366232043,integer optimal solution,0.45,2.2,5,114,0.0,0.008375400000204536,6
0.9,20,2,3,6,B1,191.54150229619313,integer optimal solution,0.85,1.0,3,68,0.0,0.007750200000373297,7
0.9,20,2,3,6,B2,179.92867962612598,integer optimal solution,0.55,1.8,5,618,0.0,0.02424120000023322,7
0.9,20,2,3,6,B3,169.43518923618103,integer optimal solution,0.5,2.5,4,4408,7.344158099999731,0.08136890000014319,7
0.9,20,2,3,6,HEUR,180.59955228869677,integer optimal solution,0.6,2.0,4,89,0.0,0.0062100999998619955,7
0.9,20,2,3,13,B1,216.41379553401197,integer optimal solution,0.75,1.0,5,70,0.0,0.004611700000168639,6
0.9,20,2,3,13,B2,192.04764055985314,integer optimal solution,0.5,2.0,5,656,0.0,0.020455600000332197,6
0.9,20,2,3,13,B3,180.42258842419537,integer optimal solution,0.4,2.4,5,4785,7.138572099999692,0.08808970000018235,6
0.9,20,2,3,13,HEUR,195.9252366404124,integer optimal solution,0.55,1.8,5,89,0.0,0.0132672999998249,6
0.9,20,2,3,20,B1,187.02983920974498,integer optimal solution,0.8,1.0,4,64,0.0,0.005245100000138336,8
0.9,20,2,3,20,B2,175.3503282790307,integer optimal solution,0.55,1.8,5,540,0.0,0.02716310000005251,8
0.9,20,2,3,20,B3,165.62354081892232,integer optimal solution,0.45,2.2,5,3712,6.254167399999915,0.08778699999993478,8
0.9,20,2,3,20,HEUR,177.87555879947138,integer optimal solution,0.55,1.8,5,91,0.0,0.004585399999996298,8
0.9,20,3,3,2,B1,182.61276415522258,integer optimal solution,0.8,1.0,4,84,0.0,0.00732430000016393,5
0.9,20,3,3,2,B2,178.82433777763924,integer optimal solution,0.7,1.5,4,906,0.0,0.025317900000118243,5
0.9,20,3,3,2,B3,175.84758817201177,integer optimal solution,0.5,2.0,5,6489,8.633852399999796,0.12691020000011122,5
0.9,20,3,3,2,HEUR,179.3053547647303,integer optimal solution,0.65,1.4,5,110,0.0,0.007697099999859347,5
0.9,20,3,3,9,B1,217.4775453444388,integer optimal solution,0.8,1.0,4,90,0.0,0.00629979999985153,7
0.9,20,3,3,9,B2,198.77551419629438,integer optimal solution,0.45,1.8333333333333333,6,816,0.0,0.0290221999998721,7
0.9,20,3,3,9,B3,181.33665996899146,integer optimal solution,0.3,2.3333333333333335,6,5762,7.670112199999949,0.136598700000377,7
0.9,20,3,3,9,HEUR,201.29042635661233,integer optimal solution,0.45,1.8333333333333333,6,130,0.0,0.009917700000187324,7
0.9,20,3,3,16,B1,212.07477342092358,integer optimal solution,0.8,1.0,4,97,0.0,0.0064628000000084285,5
0.9,20,3,3,16,B2,196.0764640076692,integer optimal solution,0.65,1.75,4,938,0.0,0.04261589999987336,5
0.9,20,3,3,16,B3,183.69975769353695,integer optimal solution,0.3,2.3333333333333335,6,7056,9.02596820000008,0.1400354999996125,5
0.9,20,3,3,16,HEUR,199.79609885863817,integer optimal solution,0.35,2.1666666666666665,6,128,0.0,0.01116649999994479,5
0.9,20,3,3,23,B1,185.21139202347106,integer optimal solution,0.85,1.0,3,96,0.0,0.0063666000000921485,7
0.9,20,3,3,23,B2,170.99677201818824,integer optimal solution,0.55,1.8,5,942,0.0,0.025108499999987544,7
0.9,20,3,3,23,B3,164.2096421412777,integer optimal solution,0.5,2.5,4,6463,8.30633510000007,0.16859810000005382,7
0.9,20,3,3,23,HEUR,174.6415970696253,integer optimal solution,0.55,1.8,5,127,0.0,0.006317699999726756,7
