alignment,n,n_gw,n_od,rep,menu,true_cost,status,fd_rate,mean_bundle,n_routes,pool_size,t_A,t_B,n_heur_blocks
0.1,10,2,2,1,B1,153.29302165332348,integer optimal solution,1.0,0.0,0,20,0.0,0.007202799999999954,4
0.1,10,2,2,1,B2,153.29302165332348,integer optimal solution,1.0,0.0,0,134,0.0,0.01164569999999987,4
0.1,10,2,2,1,B3,153.29302165332348,integer optimal solution,1.0,0.0,0,467,0.24446320000000002,0.03229090000000001,4
0.1,10,2,2,1,HEUR,153.29302165332348,integer optimal solution,1.0,0.0,0,37,0.0,0.006360300000000096,4
0.1,10,2,2,1,B4,153.29302165332348,integer optimal solution,1.0,0.0,0,1077,0.9909484,0.048248599999999975,4
0.1,10,2,2,8,B1,178.32703142350408,integer optimal solution,0.9,1.0,1,21,0.0,0.004323100000000135,2
0.1,10,2,2,8,B2,178.32703142350414,integer optimal solution,0.9,1.0,1,144,0.0,0.011394000000000126,2
0.1,10,2,2,8,B3,178.32703142350408,integer optimal solution,0.9,1.0,1,538,0.16231419999999996,0.03663790000000011,2
0.1,10,2,2,8,HEUR,178.32703142350408,integer optimal solution,0.9,1.0,1,27,0.0,0.005853000000000108,2
0.1,10,2,2,8,B4,178.32703142350414,integer optimal solution,0.9,1.0,1,1385,1.1421552000000001,0.05340329999999982,2
0.1,10,2,2,15,B1,199.80274184283363,integer optimal solution,1.0,0.0,0,20,0.0,0.0034874000000000294,2
0.1,10,2,2,15,B2,199.80274184283363,integer optimal solution,1.0,0.0,0,149,0.0,0.010520900000000388,2
0.1,10,2,2,15,B3,193.38732723916837,integer optimal solution,0.7,3.0,1,553,0.18801230000000002,0.03386699999999987,2
0.1,10,2,2,15,HEUR,199.80274184283363,integer optimal solution,1.0,0.0,0,28,0.0,0.005994000000000277,2
0.1,10,2,2,15,B4,193.3873272391684,integer optimal solution,0.7,3.0,1,1290,1.1374725999999997,0.047634600000000304,2
0.1,10,2,2,22,B1,179.40116438527056,integer optimal solution,1.0,0.0,0,20,0.0,0.004030699999999499,3
0.1,10,2,2,22,B2,179.40116438527056,integer optimal solution,1.0,0.0,0,156,0.0,0.01096509999999995,3
0.1,10,2,2,22,B3,179.40116438527053,integer optimal solution,1.0,0.0,0,598,0.2241289000000002,0.035292400000000335,3
0.1,10,2,2,22,HEUR,179.40116438527056,integer optimal solution,1.0,0.0,0,36,0.0,0.00648610000000005,3
0.1,10,2,2,22,B4,179.40116438527056,integer optimal solution,1.0,0.0,0,1544,1.6111221000000002,0.05150699999999997,3
0.1,10,3,2,4,B1,149.67884146787756,integer optimal solution,1.0,0.0,0,30,0.0,0.004807400000000683,3
0.1,10,3,2,4,B2,149.6788414678776,integer optimal solution,1.0,0.0,0,211,0.0,0.016699299999999084,3
0.1,10,3,2,4,B3,149.6788414678776,integer optimal solution,1.0,0.0,0,781,0.23211389999999987,0.032594100000000736,3
0.1,10,3,2,4,HEUR,149.6788414678776,integer optimal solution,1.0,0.0,0,51,0.0,0.005351200000001555,3
0.1,10,3,2,4,B4,149.6788414678776,integer optimal solution,1.0,0.0,0,1874,1.6315893,0.0712066999999994,3
0.1,10,3,2,11,B1,186.63996154906954,integer optimal solution,1.0,0.0,0,30,0.0,0.003877400000000364,2
0.1,10,3,2,11,B2,186.63996154906957,integer optimal solution,1.0,0.0,0,221,0.0,0.013888399999999024,2
0.1,10,3,2,11,B3,184.28774085302558,integer optimal solution,0.7,3.0,1,818,0.23908849999999937,0.040406400000000176,2
0.1,10,3,2,11,HEUR,186.63996154906954,integer optimal solution,1.0,0.0,0,42,0.0,0.006028699999999887,2
0.1,10,3,2,11,B4,181.77425886024406,integer optimal solution,0.6,4.0,1,2091,1.3452628999999998,0.06195029999999946,2
0.1,10,3,2,18,B1,212.6862872273977,integer optimal solution,0.9,1.0,1,31,0.0,0.003747100000000003,3
0.1,10,3,2,18,B2,212.6862872273977,integer optimal solution,0.9,1.0,1,252,0.0,0.02196889999999918,3
0.1,10,3,2,18,B3,212.6862872273977,integer optimal solution,0.9,1.0,1,1003,0.30092040000000075,0.04003930000000011,3
0.1,10,3,2,18,HEUR,212.6862872273977,integer optimal solution,0.9,1.0,1,48,0.0,0.00741889999999934,3
0.1,10,3,2,18,B4,212.6862872273977,integer optimal solution,0.9,1.0,1,2556,1.8436133999999988,0.06229530000000061,3
0.1,10,2,3,0,B1,116.31375412108694,integer optimal solution,0.8,1.0,2,32,0.0,0.008218600000001075,3
0.1,10,2,3,0,B2,112.12657030008666,integer optimal solution,0.6,2.0,2,155,0.0,0.011734900000000437,3
0.1,10,2,3,0,B3,112.12657030008666,integer optimal solution,0.6,2.0,2,518,0.22285120000000092,0.03239489999999989,3
0.1,10,2,3,0,HEUR,116.31375412108696,integer optimal solution,0.8,1.0,2,46,0.0,0.010296300000000258,3
0.1,10,2,3,0,B4,112.12657030008666,integer optimal solution,0.6,2.0,2,1221,1.4384420999999996,0.04865550000000063,3
0.1,10,2,3,7,B1,129.47333777607196,integer optimal solution,0.9,1.0,1,26,0.0,0.005188200000002752,3
0.1,10,2,3,7,B2,129.47333777607196,integer optimal solution,0.9,1.0,1,147,0.0,0.009777400000000824,3
0.1,10,2,3,7,B3,126.6492570284986,integer optimal solution,0.7,3.0,1,495,0.3043782000000004,0.03276340000000033,3
0.1,10,2,3,7,HEUR,126.6492570284986,integer optimal solution,0.7,3.0,1,37,0.0,0.008921100000002014,3
0.1,10,2,3,7,B4,126.59614994664784,integer optimal solution,0.6,4.0,1,1126,2.0247669000000013,0.05053129999999939,3
0.1,10,2,3,14,B1,180.77315221075855,integer optimal solution,0.8,1.0,2,21,0.0,0.005419999999997316,3
0.1,10,2,3,14,B2,172.61809119349945,integer optimal solution,0.8,2.0,1,139,0.0,0.010263500000000647,3
0.1,10,2,3,14,B3,165.58431088961035,integer optimal solution,0.7,3.0,1,477,0.2700882,0.03342149999999933,3
0.1,10,2,3,14,HEUR,168.72619046886692,integer optimal solution,0.7,3.0,1,38,0.0,0.008871800000001429,3
0.1,10,2,3,14,B4,160.33110556548627,integer optimal solution,0.6,4.0,1,1091,1.5988252000000003,0.047502500000000225,3
0.1,10,2,3,21,B1,148.27949238105325,integer optimal solution,0.7,1.0,3,27,0.0,0.0068885999999999115,3
0.1,10,2,3,21,B2,148.27949238105325,integer optimal solution,0.7,1.0,3,149,0.0,0.01333320000000171,3
0.1,10,2,3,21,B3,148.27949238105325,integer optimal solution,0.7,1.0,3,553,0.3610548999999992,0.0321750999999999,3
0.1,10,2,3,21,HEUR,148.27949238105325,integer optimal solution,0.7,1.0,3,35,0.0,0.007225299999998214,3
0.1,10,2,3,21,B4,147.51792761088655,integer optimal solution,0.5,2.5,2,1373,2.6409132,0.04975430000000003,3
0.1,10,3,3,3,B1,184.85332768195872,integer optimal solution,0.9,1.0,1,33,0.0,0.004688999999999055,3
0.1,10,3,3,3,B2,184.85332768195872,integer optimal solution,0.9,1.0,1,250,0.0,0.012121900000000352,3
0.1,10,3,3,3,B3,184.85332768195866,integer optimal solution,0.9,1.0,1,997,0.4095455000000001,0.037876499999999425,3
0.1,10,3,3,3,HEUR,184.8533276819587,integer optimal solution,0.9,1.0,1,54,0.0,0.007686599999999544,3
0.1,10,3,3,3,B4,184.8533276819587,integer optimal solution,0.9,1.0,1,2550,3.024701499999999,0.06107699999999738,3
0.1,10,3,3,10,B1,180.9035473540862,integer optimal solution,0.9,1.0,1,31,0.0,0.0053430999999974915,4
0.1,10,3,3,10,B2,180.9035473540862,integer optimal solution,0.9,1.0,1,225,0.0,0.011704999999999188,4
0.1,10,3,3,10,B3,180.9035473540862,integer optimal solution,0.9,1.0,1,826,0.28214849999999814,0.041266499999998985,4
0.1,10,3,3,10,HEUR,180.9035473540862,integer optimal solution,0.9,1.0,1,55,0.0,0.00685980000000086,4
0.1,10,3,3,10,B4,180.9035473540862,integer optimal solution,0.9,1.0,1,2004,1.7535567000000007,0.05565370000000058,4
0.1,10,3,3,17,B1,127.17593391028025,integer optimal solution,0.9,1.0,1,31,0.0,0.003794099999996803,4
0.1,10,3,3,17,B2,127.17593391028025,integer optimal solution,0.9,1.0,1,211,0.0,0.01979040000000154,4
0.1,10,3,3,17,B3,127.17593391028025,integer optimal solution,0.9,1.0,1,782,0.3004446999999999,0.04298560000000151,4
0.1,10,3,3,17,HEUR,127.17593391028025,integer optimal solution,0.9,1.0,1,53,0.0,0.006759100000000018,4
0.1,10,3,3,17,B4,127.17593391028025,integer optimal solution,0.9,1.0,1,1877,1.8535421999999997,0.05843919999999869,4
0.1,10,3,3,24,B1,180.20359599295998,integer optimal solution,0.9,1.0,1,30,0.0,0.005272300000001451,3
0.1,10,3,3,24,B2,171.8242229593417,integer optimal solution,0.6,2.0,2,231,0.0,0.013836699999998814,3
0.1,10,3,3,24,B3,160.76079125944057,integer optimal solution,0.7,3.0,1,924,0.3587579000000005,0.056601799999995706,3
0.1,10,3,3,24,HEUR,176.4460029283482,integer optimal solution,0.8,2.0,1,52,0.0,0.009905799999998521,3
0.1,10,3,3,24,B4,155.32266140565682,integer optimal solution,0.6,4.0,1,2334,2.575804299999998,0.07461520000000377,3
0.1,15,2,2,6,B1,233.02808967889075,integer optimal solution,1.0,0.0,0,32,0.0,0.003734800000003702,4
0.1,15,2,2,6,B2,233.02808967889075,integer optimal solution,1.0,0.0,0,335,0.0,0.015626399999995044,4
0.1,15,2,2,6,B3,233.02808967889075,integer optimal solution,1.0,0.0,0,1951,0.8668355000000005,0.04644210000000015,4
0.1,15,2,2,6,HEUR,233.02808967889078,integer optimal solution,1.0,0.0,0,57,0.0,0.003343900000004396,4
0.1,15,2,2,6,B4,233.02808967889075,integer optimal solution,1.0,0.0,0,7855,11.2263169,0.17935379999999412,4
0.1,15,2,2,13,B1,214.9861325246614,integer optimal solution,0.9333333333333333,1.0,1,34,0.0,0.004111399999999321,4
0.1,15,2,2,13,B2,211.5973528460409,integer optimal solution,0.8666666666666667,2.0,1,310,0.0,0.017491700000000776,4
0.1,15,2,2,13,B3,208.5244468268386,integer optimal solution,0.8,3.0,1,1823,0.734747800000001,0.04391499999999837,4
0.1,15,2,2,13,HEUR,209.882454581848,integer optimal solution,0.8,3.0,1,54,0.0,0.006931600000001481,4
0.1,15,2,2,13,B4,206.58423877734938,integer optimal solution,0.7333333333333333,4.0,1,7303,8.3018645,0.17699819999999988,4
0.1,15,2,2,20,B1,249.20323051930237,integer optimal solution,0.8666666666666667,1.0,2,36,0.0,0.005301500000001624,5
0.1,15,2,2,20,B2,249.20323051930237,integer optimal solution,0.8666666666666667,1.0,2,319,0.0,0.01937159999999949,5
0.1,15,2,2,20,B3,247.56972067412946,integer optimal solution,0.8,3.0,1,1693,0.7901505999999969,0.041276800000005665,5
0.1,15,2,2,20,HEUR,247.56972067412946,integer optimal solution,0.8,3.0,1,59,0.0,0.006818999999993025,5
0.1,15,2,2,20,B4,247.56972067412946,integer optimal solution,0.8,3.0,1,5899,8.451130800000001,0.1552625000000063,5
0.1,15,3,2,2,B1,261.24961372106486,integer optimal solution,1.0,0.0,0,46,0.0,0.0035636000000067725,2
0.1,15,3,2,2,B2,261.24961372106486,integer optimal solution,1.0,0.0,0,486,0.0,0.034302299999993124,2
0.1,15,3,2,2,B3,261.24961372106486,integer optimal solution,1.0,0.0,0,2944,0.942621800000012,0.08234360000000152,2
0.1,15,3,2,2,HEUR,261.24961372106486,integer optimal solution,1.0,0.0,0,73,0.0,0.007077600000002349,2
0.1,15,3,2,2,B4,261.24961372106486,integer optimal solution,1.0,0.0,0,12188,11.906943499999997,0.29415020000000425,2
0.1,15,3,2,9,B1,245.66384561249995,integer optimal solution,0.9333333333333333,1.0,1,47,0.0,0.004270900000008737,4
0.1,15,3,2,9,B2,245.6638456125,integer optimal solution,0.9333333333333333,1.0,1,467,0.0,0.029639700000004154,4
0.1,15,3,2,9,B3,245.66384561249998,integer optimal solution,0.9333333333333333,1.0,1,2714,1.0654072999999897,0.07390239999999437,4
0.1,15,3,2,9,HEUR,245.66384561249995,integer optimal solution,0.9333333333333333,1.0,1,71,0.0,0.006234599999999091,4
0.1,15,3,2,9,B4,245.66384561249998,integer optimal solution,0.9333333333333333,1.0,1,10970,12.024690300000003,0.253146000000001,4
0.1,15,3,2,16,B1,260.41823499113474,integer optimal solution,0.9333333333333333,1.0,1,47,0.0,0.004196000000007416,4
0.1,15,3,2,16,B2,260.4182349911348,integer optimal solution,0.9333333333333333,1.0,1,508,0.0,0.023556299999995645,4
0.1,15,3,2,16,B3,260.4182349911348,integer optimal solution,0.9333333333333333,1.0,1,2984,0.9919703000000055,0.06769099999999639,4
0.1,15,3,2,16,HEUR,260.4182349911348,integer optimal solution,0.9333333333333333,1.0,1,67,0.0,0.005687199999997006,4
0.1,15,3,2,16,B4,260.4182349911348,integer optimal solution,0.9333333333333333,1.0,1,11242,12.801250800000005,0.25456020000000024,4
0.1,15,3,2,23,B1,239.3111198904563,integer optimal solution,0.9333333333333333,1.0,1,47,0.0,0.0038246999999955733,4
0.1,15,3,2,23,B2,239.3111198904563,integer optimal solution,0.9333333333333333,1.0,1,467,0.0,0.032336499999999546,4
0.1,15,3,2,23,B3,239.3111198904563,integer optimal solution,0.9333333333333333,1.0,1,2670,1.0217325999999929,0.06414769999999237,4
0.1,15,3,2,23,HEUR,239.31111989045624,integer optimal solution,0.9333333333333333,1.0,1,68,0.0,0.005638899999993896,4
0.1,15,3,2,23,B4,239.3111198904563,integer optimal solution,0.9333333333333333,1.0,1,10098,13.537934500000006,0.24821539999999231,4
0.1,15,2,3,5,B1,243.54198549300855,integer optimal solution,1.0,0.0,0,30,0.0,0.003552299999995512,4
0.1,15,2,3,5,B2,243.54198549300858,integer optimal solution,1.0,0.0,0,339,0.0,0.025997999999987087,4
0.1,15,2,3,5,B3,243.5419854930086,integer optimal solution,1.0,0.0,0,2127,1.0486136000000101,0.05784589999998957,4
0.1,15,2,3,5,HEUR,243.54198549300858,integer optimal solution,1.0,0.0,0,49,0.0,0.005576499999989437,4
0.1,15,2,3,5,B4,243.5419854930086,integer optimal solution,1.0,0.0,0,8911,14.756266100000019,0.18590000000000373,4
0.1,15,2,3,12,B1,235.40651026915555,integer optimal solution,1.0,0.0,0,32,0.0,0.003543600000000424,5
0.1,15,2,3,12,B2,235.4065102691556,integer optimal solution,1.0,0.0,0,309,0.0,0.013377900000023146,5
0.1,15,2,3,12,B3,235.4065102691556,integer optimal solution,1.0,0.0,0,1798,0.96115420000001,0.04084750000001236,5
0.1,15,2,3,12,HEUR,235.4065102691556,integer optimal solution,1.0,0.0,0,53,0.0,0.004692700000020977,5
0.1,15,2,3,12,B4,235.4065102691556,integer optimal solution,1.0,0.0,0,7116,11.493903399999994,0.17920449999999732,5
0.1,15,2,3,19,B1,286.97583767801035,integer optimal solution,0.9333333333333333,1.0,1,36,0.0,0.004614199999991797,5
0.1,15,2,3,19,B2,286.0889505421124,integer optimal solution,0.8,1.5,2,345,0.0,0.018463200000013558,5
0.1,15,2,3,19,B3,286.0889505421124,integer optimal solution,0.8,1.5,2,2015,0.8138717999999869,0.05120820000001913,5
0.1,15,2,3,19,HEUR,286.97583767801035,integer optimal solution,0.9333333333333333,1.0,1,62,0.0,0.006807199999997238,5
0.1,15,2,3,19,B4,286.0889505421124,integer optimal solution,0.8,1.5,2,7920,10.363102199999986,0.16777199999998516,5
0.1,15,3,3,1,B1,272.7666154920499,integer optimal solution,1.0,0.0,0,48,0.0,0.004072600000000648,4
0.1,15,3,3,1,B2,272.76661549204994,integer optimal solution,1.0,0.0,0,478,0.0,0.02422290000001226,4
0.1,15,3,3,1,B3,272.76661549204994,integer optimal solution,1.0,0.0,0,2719,1.1439697000000137,0.05707290000000853,4
0.1,15,3,3,1,HEUR,272.76661549204994,integer optimal solution,1.0,0.0,0,74,0.0,0.006937500000020691,4
0.1,15,3,3,1,B4,272.76661549204994,integer optimal solution,1.0,0.0,0,10507,14.32916929999999,0.24380620000002295,4
0.1,15,3,3,8,B1,222.06180625847935,integer optimal solution,0.7333333333333333,1.0,4,51,0.0,0.007767099999995253,3
0.1,15,3,3,8,B2,218.69144841813682,integer optimal solution,0.6666666666666666,1.6666666666666667,3,483,0.0,0.025201100000003862,3
0.1,15,3,3,8,B3,213.17983876302011,integer optimal solution,0.6666666666666666,1.6666666666666667,3,2693,1.2088305999999989,0.0662796999999955,3
0.1,15,3,3,8,HEUR,222.06180625847935,integer optimal solution,0.7333333333333333,1.0,4,76,0.0,0.006620099999992135,3
0.1,15,3,3,8,B4,203.94476334784048,integer optimal solution,0.6,2.0,3,9902,14.90374540000002,0.23994319999999902,3
0.1,15,3,3,15,B1,238.60053464281944,integer optimal solution,1.0,0.0,0,46,0.0,0.003666600000002518,2
0.1,15,3,3,15,B2,234.23104012696422,integer optimal solution,0.8666666666666667,2.0,1,473,0.0,0.02439330000001405,2
0.1,15,3,3,15,B3,231.02400434211748,integer optimal solution,0.8,3.0,1,2765,1.0767084000000011,0.06305299999999647,2
0.1,15,3,3,15,HEUR,231.0240043421175,integer optimal solution,0.8,3.0,1,57,0.0,0.007321499999989101,2
0.1,15,3,3,15,B4,231.02400434211748,integer optimal solution,0.8,3.0,1,11212,13.945011499999993,0.23855009999999766,2
0.1,15,3,3,22,B1,238.35864327578096,integer optimal solution,1.0,0.0,0,48,0.0,0.003065200000008872,4
0.1,15,3,3,22,B2,237.08455473321817,integer optimal solution,0.8666666666666667,2.0,1,495,0.0,0.020481499999988273,4
0.1,15,3,3,22,B3,235.15645380048386,integer optimal solution,0.8,3.0,1,3005,1.0338423999999975,0.06392370000000369,4
0.1,15,3,3,22,HEUR,238.35864327578093,integer optimal solution,1.0,0.0,0,77,0.0,0.005100100000021257,4
0.1,15,3,3,22,B4,235.15645380048386,integer optimal solution,0.8,3.0,1,12310,13.444560899999999,0.25111119999999687,4
0.1,20,2,2,4,B1,317.5233121355301,integer optimal solution,0.95,1.0,1,41,0.0,0.0034311000000002423,5
0.1,20,2,2,4,B2,317.5233121355301,integer optimal solution,0.95,1.0,1,544,0.0,0.026562200000000757,5
0.1,20,2,2,4,B3,312.6114009866868,integer optimal solution,0.85,3.0,1,4170,1.7836975999999822,0.10286460000000375,5
0.1,20,2,2,4,HEUR,317.5233121355301,integer optimal solution,0.95,1.0,1,67,0.0,0.007273799999978792,5
0.1,20,2,2,11,B1,330.3723266228101,integer optimal solution,0.9,1.0,2,43,0.0,0.0043534000000136075,5
0.1,20,2,2,11,B2,324.33632630552967,integer optimal solution,0.75,1.6666666666666667,3,546,0.0,0.029182000000020025,5
0.1,20,2,2,11,B3,312.811549962266,integer optimal solution,0.65,2.3333333333333335,3,4027,1.7351507000000197,0.09020340000000715,5
0.1,20,2,2,11,HEUR,314.73208918547414,integer optimal solution,0.65,2.3333333333333335,3,67,0.0,0.007048199999985627,5
0.1,20,2,2,18,B1,287.23281599702847,integer optimal solution,0.9,1.0,2,49,0.0,0.006352200000009134,5
0.1,20,2,2,18,B2,287.23281599702847,integer optimal solution,0.9,1.0,2,582,0.0,0.030174799999997504,5
0.1,20,2,2,18,B3,287.23281599702847,integer optimal solution,0.9,1.0,2,4593,2.1464142000000095,0.10385969999998679,5
0.1,20,2,2,18,HEUR,287.23281599702847,integer optimal solution,0.9,1.0,2,77,0.0,0.007672299999995857,5
0.1,20,3,2,0,B1,313.64706436432937,integer optimal solution,1.0,0.0,0,60,0.0,0.0038437000000044463,5
0.1,20,3,2,0,B2,306.74244606435707,integer optimal solution,0.9,2.0,1,875,0.0,0.03357270000000767,5
0.1,20,3,2,0,B3,304.5086247181405,integer optimal solution,0.85,3.0,1,6837,2.5234445000000107,0.1443981999999835,5
0.1,20,3,2,0,HEUR,304.5086247181405,integer optimal solution,0.85,3.0,1,116,0.0,0.007324500000009948,5
0.1,20,3,2,7,B1,288.1352262642922,integer optimal solution,0.85,1.0,3,73,0.0,0.005638200000021243,4
0.1,20,3,2,7,B2,284.0497547443636,integer optimal solution,0.8,1.3333333333333333,3,794,0.0,0.030826999999987947,4
0.1,20,3,2,7,B3,280.7030555821225,integer optimal solution,0.65,1.75,4,5880,2.3260932000000025,0.1504951999999946,4
0.1,20,3,2,7,HEUR,282.88616118250525,integer optimal solution,0.75,1.6666666666666667,3,97,0.0,0.008810199999999213,4
0.1,20,3,2,14,B1,324.5977275500971,integer optimal solution,0.95,1.0,1,67,0.0,0.006205899999997655,5
0.1,20,3,2,14,B2,314.355433430086,integer optimal solution,0.75,1.6666666666666667,3,832,0.0,0.03569539999998028,5
0.1,20,3,2,14,B3,303.46226696305047,integer optimal solution,0.7,3.0,2,6216,2.3925417000000095,0.15306349999997337,5
0.1,20,3,2,14,HEUR,303.46226696305047,integer optimal solution,0.7,3.0,2,102,0.0,0.010617999999993799,5
0.1,20,3,2,21,B1,336.05064157223103,integer optimal solution,0.95,1.0,1,61,0.0,0.003622500000005857,5
0.1,20,3,2,21,B2,336.05064157223103,integer optimal solution,0.95,1.0,1,868,0.0,0.03156810000001542,5
0.1,20,3,2,21,B3,332.7124409954207,integer optimal solution,0.85,3.0,1,6380,2.6156483000000037,0.15137139999998794,5
0.1,20,3,2,21,HEUR,335.0110703054751,integer optimal solution,0.7,3.0,2,94,0.0,0.008544199999988678,5
0.1,20,2,3,3,B1,274.22278135307783,integer optimal solution,0.95,1.0,1,47,0.0,0.004014300000022786,8
0.1,20,2,3,3,B2,274.22278135307783,integer optimal solution,0.95,1.0,1,566,0.0,0.022694400000006,8
0.1,20,2,3,3,B3,272.732804612599,integer optimal solution,0.8,2.0,2,4276,2.6113532999999904,0.09234789999999293,8
0.1,20,2,3,3,HEUR,274.22278135307783,integer optimal solution,0.95,1.0,1,79,0.0,0.010226000000017166,8
0.1,20,2,3,10,B1,356.2423570081211,integer optimal solution,0.85,1.0,3,46,0.0,0.004911899999996194,6
0.1,20,2,3,10,B2,345.49586962126205,integer optimal solution,0.8,1.3333333333333333,3,600,0.0,0.036336799999986624,6
0.1,20,2,3,10,B3,334.26712753942275,integer optimal solution,0.6,2.0,4,4597,3.18817709999999,0.09386670000000663,6
0.1,20,2,3,10,HEUR,352.4838546533964,integer optimal solution,0.75,1.6666666666666667,3,80,0.0,0.009621900000013284,6
0.1,20,2,3,17,B1,308.36699290957085,integer optimal solution,0.95,1.0,1,41,0.0,0.004203400000022839,5
0.1,20,2,3,17,B2,295.1402883415052,integer optimal solution,0.9,2.0,1,557,0.0,0.026272000000005846,5
0.1,20,2,3,17,B3,294.45750807332365,integer optimal solution,0.85,3.0,1,4363,2.3136044000000027,0.09416049999998677,5
0.1,20,2,3,17,HEUR,308.36699290957074,integer optimal solution,0.95,1.0,1,68,0.0,0.0072342999999932545,5
0.1,20,2,3,24,B1,317.48585425680926,integer optimal solution,0.85,1.0,3,51,0.0,0.005455200000000104,6
0.1,20,2,3,24,B2,312.7283025610549,integer optimal solution,0.8,1.3333333333333333,3,552,0.0,0.027527899999995498,6
0.1,20,2,3,24,B3,304.89715529474535,integer optimal solution,0.7,2.0,3,3989,2.2564076999999827,0.09778310000001511,6
0.1,20,2,3,24,HEUR,314.96513574695007,integer optimal solution,0.75,1.6666666666666667,3,74,0.0,0.010337100000015198,6
0.1,20,3,3,6,B1,301.61719478513015,integer optimal solution,1.0,0.0,0,63,0.0,0.004080799999996998,5
0.1,20,3,3,6,B2,300.09765250233534,integer optimal solution,0.9,2.0,1,881,0.0,0.03562840000000733,5
0.1,20,3,3,6,B3,296.34802810787653,integer optimal solution,0.85,3.0,1,6418,3.0430072999999993,0.15155889999999772,5
0.1,20,3,3,6,HEUR,300.09765250233534,integer optimal solution,0.9,2.0,1,96,0.0,0.005462399999998979,5
0.1,20,3,3,13,B1,335.52752202066137,integer optimal solution,1.0,0.0,0,66,0.0,0.0037513000000330976,4
0.1,20,3,3,13,B2,335.52752202066137,integer optimal solution,1.0,0.0,0,823,0.0,0.03367359999998598,4
0.1,20,3,3,13,B3,331.380309362454,integer optimal solution,0.85,3.0,1,6014,3.079354300000034,0.17951360000000705,4
0.1,20,3,3,13,HEUR,335.5275220206613,integer optimal solution,1.0,0.0,0,100,0.0,0.010582899999974416,4
0.1,20,3,3,20,B1,319.22728606129886,integer optimal solution,0.95,1.0,1,61,0.0,0.00600969999999279,7
0.1,20,3,3,20,B2,316.838389397328,integer optimal solution,0.9,2.0,1,903,0.0,0.03204249999998865,7
0.1,20,3,3,20,B3,316.838389397328,integer optimal solution,0.9,2.0,1,7233,3.9649171000000365,0.15879960000000892,7
0.1,20,3,3,20,HEUR,319.22728606129886,integer optimal solution,0.95,1.0,1,109,0.0,0.006666100000018105,7
0.3,10,2,2,2,B1,135.5026414020639,integer optimal solution,0.8,1.0,2,25,0.0,0.004021799999975428,4
0.3,10,2,2,2,B2,132.2116582248829,integer optimal solution,0.8,2.0,1,148,0.0,0.008835299999987,4
0.3,10,2,2,2,B3,130.07808633541458,integer optimal solution,0.7,3.0,1,587,0.3053558000000294,0.030714200000033998,4
0.3,10,2,2,2,HEUR,130.07808633541458,integer optimal solution,0.7,3.0,1,37,0.0,0.004924599999981183,4
0.3,10,2,2,2,B4,130.07808633541455,integer optimal solution,0.7,3.0,1,1574,2.024172999999962,0.04809690000001865,4
0.3,10,2,2,9,B1,135.3093474294809,integer optimal solution,0.7,1.0,3,25,0.0,0.005782400000043708,2
0.3,10,2,2,9,B2,132.92354605586888,integer optimal solution,0.5,1.6666666666666667,3,126,0.0,0.008703300000036052,2
0.3,10,2,2,9,B3,126.61154033698712,integer optimal solution,0.4,2.0,3,427,0.2548716000000013,0.028832400000055713,2
0.3,10,2,2,9,HEUR,126.6115403369871,integer optimal solution,0.4,2.0,3,30,0.0,0.0059995000000299115,2
0.3,10,2,2,9,B4,126.6115403369871,integer optimal solution,0.4,2.0,3,992,1.7082326999999964,0.044305299999962244,2
0.3,10,2,2,16,B1,152.34870918180178,integer optimal solution,1.0,0.0,0,20,0.0,0.012417200000015782,2
0.3,10,2,2,16,B2,152.34870918180178,integer optimal solution,1.0,0.0,0,131,0.0,0.00831620000002431,2
0.3,10,2,2,16,B3,152.34870918180178,integer optimal solution,1.0,0.0,0,454,0.19104110000000674,0.02662460000004785,2
0.3,10,2,2,16,HEUR,152.34870918180178,integer optimal solution,1.0,0.0,0,36,0.0,0.004548199999987901,2
0.3,10,2,2,16,B4,152.34870918180178,integer optimal solution,1.0,0.0,0,1025,1.2583415999999943,0.03870289999997567,2
0.3,10,2,2,23,B1,142.40507955207056,integer optimal solution,0.9,1.0,1,24,0.0,0.003812799999991512,2
0.3,10,2,2,23,B2,141.26743837999734,integer optimal solution,0.8,2.0,1,153,0.0,0.008173699999986184,2
0.3,10,2,2,23,B3,141.26743837999734,integer optimal solution,0.8,2.0,1,594,0.2319482999999991,0.030936899999971956,2
0.3,10,2,2,23,HEUR,141.26743837999734,integer optimal solution,0.8,2.0,1,36,0.0,0.004698599999983344,2
0.3,10,2,2,23,B4,141.26743837999734,integer optimal solution,0.8,2.0,1,1464,1.3544999000000075,0.034312299999953666,2
0.3,10,3,2,5,B1,169.1146152796216,integer optimal solution,0.9,1.0,1,31,0.0,0.0033543000000122447,2
0.3,10,3,2,5,B2,168.4659588780954,integer optimal solution,0.8,2.0,1,222,0.0,0.010487699999998767,2
0.3,10,3,2,5,B3,165.06681479166468,integer optimal solution,0.7,3.0,1,779,0.24574430000001257,0.028868999999986045,2
0.3,10,3,2,5,HEUR,169.11461527962166,integer optimal solution,0.9,1.0,1,43,0.0,0.003916699999990669,2
0.3,10,3,2,5,B4,156.51837068533302,integer optimal solution,0.6,4.0,1,1771,1.460559499999988,0.04773180000000821,2
0.3,10,3,2,12,B1,157.24123033179,integer optimal solution,0.8,1.0,2,34,0.0,0.003803899999979876,3
0.3,10,3,2,12,B2,154.61479592857603,integer optimal solution,0.7,1.5,2,250,0.0,0.01122090000001208,3
0.3,10,3,2,12,B3,149.80944980561324,integer optimal solution,0.6,2.0,2,958,0.3196565999999734,0.027253400000006422,3
0.3,10,3,2,12,HEUR,154.61479592857603,integer optimal solution,0.7,1.5,2,53,0.0,0.00541699999996581,3
0.3,10,3,2,12,B4,145.82231557916913,integer optimal solution,0.5,2.5,2,2355,2.1177514000000315,0.054022899999949914,3
0.3,10,3,2,19,B1,199.40451621084176,integer optimal solution,1.0,0.0,0,31,0.0,0.00401449999998249,2
0.3,10,3,2,19,B2,199.24256962464287,integer optimal solution,0.8,2.0,1,239,0.0,0.011086099999999988,2
0.3,10,3,2,19,B3,193.43612963616405,integer optimal solution,0.7,3.0,1,892,0.21790329999998903,0.03436510000000226,2
0.3,10,3,2,19,HEUR,199.24256962464287,integer optimal solution,0.8,2.0,1,41,0.0,0.007054600000003575,2
0.3,10,3,2,19,B4,193.43612963616405,integer optimal solution,0.7,3.0,1,2124,1.2852378000000044,0.049963199999979224,2
0.3,10,2,3,1,B1,141.83366345232582,integer optimal solution,1.0,0.0,0,24,0.0,0.003551000000015847,1
0.3,10,2,3,1,B2,141.8336634523258,integer optimal solution,1.0,0.0,0,132,0.0,0.008452900000008867,1
0.3,10,2,3,1,B3,141.8336634523258,integer optimal solution,1.0,0.0,0,460,0.1925580999999852,0.02292099999999664,1
0.3,10,2,3,1,HEUR,141.83366345232582,integer optimal solution,1.0,0.0,0,26,0.0,0.004157399999996869,1
0.3,10,2,3,1,B4,141.4377106239079,integer optimal solution,0.6,4.0,1,1116,1.0989165999999955,0.04126200000001745,1
0.3,10,2,3,8,B1,174.33634300147887,integer optimal solution,0.7,1.0,3,28,0.0,0.003452400000014677,3
0.3,10,2,3,8,B2,174.33634300147887,integer optimal solution,0.7,1.0,3,149,0.0,0.008661899999992784,3
0.3,10,2,3,8,B3,171.0984063336705,integer optimal solution,0.6,2.0,2,528,0.29372359999996434,0.027017000000000735,3
0.3,10,2,3,8,HEUR,174.33634300147887,integer optimal solution,0.7,1.0,3,38,0.0,0.006092500000022483,3
0.3,10,2,3,8,B4,168.52014995011822,integer optimal solution,0.6,4.0,1,1212,1.9975484000000279,0.04710860000000139,3
0.3,10,2,3,15,B1,152.1103587474944,integer optimal solution,0.9,1.0,1,23,0.0,0.0033842999999933454,3
0.3,10,2,3,15,B2,152.1103587474944,integer optimal solution,0.9,1.0,1,144,0.0,0.008416699999997945,3
0.3,10,2,3,15,B3,152.1103587474944,integer optimal solution,0.9,1.0,1,534,0.22792829999997366,0.029036899999994148,3
0.3,10,2,3,15,HEUR,152.1103587474944,integer optimal solution,0.9,1.0,1,32,0.0,0.0036079000000199812,3
0.3,10,2,3,15,B4,152.1103587474944,integer optimal solution,0.9,1.0,1,1310,1.4059630000000425,0.045194000000037704,3
0.3,10,2,3,22,B1,148.53864605401805,integer optimal solution,0.9,1.0,1,22,0.0,0.00349829999998974,1
0.3,10,2,3,22,B2,148.53864605401805,integer optimal solution,0.9,1.0,1,149,0.0,0.007193299999983083,1
0.3,10,2,3,22,B3,148.53864605401805,integer optimal solution,0.9,1.0,1,534,0.26025659999999107,0.028856200000006993,1
0.3,10,2,3,22,HEUR,148.53864605401805,integer optimal solution,0.9,1.0,1,28,0.0,0.0036407000000053813,1
0.3,10,2,3,22,B4,148.53864605401805,integer optimal solution,0.9,1.0,1,1277,1.7475011000000222,0.04347280000001774,1
0.3,10,3,3,4,B1,149.54985074045013,integer optimal solution,1.0,0.0,0,32,0.0,0.0033935000000155924,2
0.3,10,3,3,4,B2,149.54985074045013,integer optimal solution,1.0,0.0,0,224,0.0,0.010938399999986359,2
0.3,10,3,3,4,B3,149.54985074045013,integer optimal solution,1.0,0.0,0,919,0.3050823000000378,0.03160230000003139,2
0.3,10,3,3,4,HEUR,149.54985074045013,integer optimal solution,1.0,0.0,0,44,0.0,0.004372899999964375,2
0.3,10,3,3,4,B4,149.54985074045013,integer optimal solution,1.0,0.0,0,2504,2.1481944000000226,0.055470500000012635,2
0.3,10,3,3,11,B1,147.09870355613276,integer optimal solution,1.0,0.0,0,32,0.0,0.005564899999967565,1
0.3,10,3,3,11,B2,147.09870355613276,integer optimal solution,1.0,0.0,0,238,0.0,0.013109600000007049,1
0.3,10,3,3,11,B3,147.09870355613273,integer optimal solution,1.0,0.0,0,938,0.32938960000001316,0.037713800000005904,1
0.3,10,3,3,11,HEUR,147.09870355613273,integer optimal solution,1.0,0.0,0,35,0.0,0.004744600000037735,1
0.3,10,3,3,11,B4,147.09870355613273,integer optimal solution,1.0,0.0,0,2503,2.1346573999999805,0.05660169999998743,1
0.3,10,3,3,18,B1,176.78043907645628,integer optimal solution,0.9,1.0,1,35,0.0,0.004324800000006235,2
0.3,10,3,3,18,B2,174.15486322982758,integer optimal solution,0.7,1.5,2,220,0.0,0.010943999999994958,2
0.3,10,3,3,18,B3,170.34292514845941,integer optimal solution,0.7,3.0,1,796,0.24177750000001197,0.03377840000001697,2
0.3,10,3,3,18,HEUR,176.78043907645628,integer optimal solution,0.9,1.0,1,43,0.0,0.005448300000011841,2
0.3,10,3,3,18,B4,168.05352794064163,integer optimal solution,0.6,4.0,1,1914,1.4559454000000187,0.054534700000033354,2
0.3,15,2,2,0,B1,234.54924863983277,integer optimal solution,0.9333333333333333,1.0,1,33,0.0,0.0037988999999925,3
0.3,15,2,2,0,B2,234.2587470702845,integer optimal solution,0.8666666666666667,2.0,1,320,0.0,0.016758600000002843,3
0.3,15,2,2,0,B3,234.25874707028447,integer optimal solution,0.8666666666666667,2.0,1,1797,0.6758411999999794,0.048899199999993925,3
0.3,15,2,2,0,HEUR,234.5492486398328,integer optimal solution,0.9333333333333333,1.0,1,47,0.0,0.007436800000050425,3
0.3,15,2,2,0,B4,234.25874707028447,integer optimal solution,0.8666666666666667,2.0,1,6702,7.834739899999988,0.1769418000000087,3
0.3,15,2,2,7,B1,194.0692119826982,integer optimal solution,0.8666666666666667,1.0,2,37,0.0,0.006513600000005226,3
0.3,15,2,2,7,B2,186.7777731454771,integer optimal solution,0.8,1.5,2,337,0.0,0.01703149999997322,3
0.3,15,2,2,7,B3,186.77777314547708,integer optimal solution,0.8,1.5,2,1774,0.7566247999999973,0.045528000000047086,3
0.3,15,2,2,7,HEUR,194.06921198269816,integer optimal solution,0.8666666666666667,1.0,2,54,0.0,0.0073696999999697255,3
0.3,15,2,2,7,B4,186.7777731454771,integer optimal solution,0.8,1.5,2,6408,8.646314200000006,0.18515019999995275,3
0.3,15,2,2,14,B1,285.22060320093794,integer optimal solution,0.8666666666666667,1.0,2,34,0.0,0.004205399999989368,3
0.3,15,2,2,14,B2,282.31592373209884,integer optimal solution,0.7333333333333333,1.3333333333333333,3,327,0.0,0.01501869999998462,3
0.3,15,2,2,14,B3,274.2602918205803,integer optimal solution,0.6666666666666666,1.6666666666666667,3,1817,0.7539134999999533,0.03887090000000626,3
0.3,15,2,2,14,HEUR,282.31592373209884,integer optimal solution,0.7333333333333333,1.3333333333333333,3,46,0.0,0.005912599999987833,3
0.3,15,2,2,14,B4,269.09402317169133,integer optimal solution,0.6666666666666666,2.5,2,6818,8.61634429999998,0.1549822000000063,3
0.3,15,2,2,21,B1,195.80133021014967,integer optimal solution,0.8666666666666667,1.0,2,34,0.0,0.005026799999996001,6
0.3,15,2,2,21,B2,192.12558513757443,integer optimal solution,0.8,1.5,2,296,0.0,0.01541399999996429,6
0.3,15,2,2,21,B3,189.67331157247585,integer optimal solution,0.7333333333333333,2.0,2,1614,0.6811797999999953,0.045423799999980474,6
0.3,15,2,2,21,HEUR,193.7107791272324,integer optimal solution,0.8,3.0,1,57,0.0,0.008219799999949373,6
0.3,15,2,2,21,B4,185.9135759743493,integer optimal solution,0.6666666666666666,2.5,2,6034,7.370108200000004,0.15802750000000287,6
0.3,15,3,2,3,B1,228.75578017621575,integer optimal solution,0.8666666666666667,1.0,2,49,0.0,0.004648300000042127,5
0.3,15,3,2,3,B2,220.57692838840345,integer optimal solution,0.7333333333333333,2.0,2,438,0.0,0.02388279999996712,5
0.3,15,3,2,3,B3,220.57692838840345,integer optimal solution,0.7333333333333333,2.0,2,2485,0.8847660000000133,0.05553170000001728,5
0.3,15,3,2,3,HEUR,220.57692838840342,integer optimal solution,0.7333333333333333,2.0,2,84,0.0,0.005636500000036904,5
0.3,15,3,2,3,B4,220.57692838840345,integer optimal solution,0.7333333333333333,2.0,2,10229,12.59859160000002,0.2461410000000228,5
0.3,15,3,2,10,B1,255.651484755274,integer optimal solution,1.0,0.0,0,45,0.0,0.003344000000026881,3
0.3,15,3,2,10,B2,255.651484755274,integer optimal solution,1.0,0.0,0,488,0.0,0.021285999999975047,3
0.3,15,3,2,10,B3,255.651484755274,integer optimal solution,1.0,0.0,0,2824,0.9382286999999678,0.0650721999999746,3
0.3,15,3,2,10,HEUR,255.651484755274,integer optimal solution,1.0,0.0,0,63,0.0,0.0057214999999928295,3
0.3,15,3,2,10,B4,255.651484755274,integer optimal solution,1.0,0.0,0,11099,12.60724300000004,0.23444129999995766,3
0.3,15,3,2,17,B1,280.9017057503294,integer optimal solution,0.9333333333333333,1.0,1,47,0.0,0.004241699999965931,4
0.3,15,3,2,17,B2,280.9017057503294,integer optimal solution,0.9333333333333333,1.0,1,517,0.0,0.024355300000024727,4
0.3,15,3,2,17,B3,280.9017057503294,integer optimal solution,0.9333333333333333,1.0,1,3227,1.0629574000000162,0.06749740000003612,4
0.3,15,3,2,17,HEUR,280.90170575032937,integer optimal solution,0.9333333333333333,1.0,1,80,0.0,0.008574300000020685,4
0.3,15,3,2,17,B4,280.9017057503294,integer optimal solution,0.9333333333333333,1.0,1,13639,16.78745329999998,0.3743344000000093,4
0.3,15,3,2,24,B1,257.16322423727155,integer optimal solution,0.9333333333333333,1.0,1,47,0.0,0.0038061000000197964,2
0.3,15,3,2,24,B2,254.18341050731607,integer optimal solution,0.8666666666666667,2.0,1,502,0.0,0.021921099999985927,2
0.3,15,3,2,24,B3,251.89355051827786,integer optimal solution,0.8,3.0,1,2837,0.9526883999999995,0.05845830000004071,2
0.3,15,3,2,24,HEUR,251.89355051827786,integer optimal solution,0.8,3.0,1,71,0.0,0.005873600000029455,2
0.3,15,3,2,24,B4,250.91504080457793,integer optimal solution,0.7333333333333333,4.0,1,10761,12.185595500000034,0.23171239999999216,2
0.3,15,2,3,6,B1,230.9456168932836,integer optimal solution,1.0,0.0,0,32,0.0,0.0037257000000181506,3
0.3,15,2,3,6,B2,226.9665942477701,integer optimal solution,0.8666666666666667,2.0,1,303,0.0,0.017055999999968208,3
0.3,15,2,3,6,B3,223.5963622706322,integer optimal solution,0.8,3.0,1,1653,0.8564873999999918,0.04227420000000848,3
0.3,15,2,3,6,HEUR,230.9456168932836,integer optimal solution,1.0,0.0,0,43,0.0,0.005848000000014508,3
0.3,15,2,3,6,B4,222.01409903860207,integer optimal solution,0.7333333333333333,4.0,1,6495,9.9329927,0.1644119000000046,3
0.3,15,2,3,13,B1,260.3073910998522,integer optimal solution,1.0,0.0,0,30,0.0,0.0035124999999993634,4
0.3,15,2,3,13,B2,252.46633123101265,integer optimal solution,0.8666666666666667,2.0,1,378,0.0,0.011677599999984523,4
0.3,15,2,3,13,B3,252.0936611999998,integer optimal solution,0.8,3.0,1,2450,1.4770553999999834,0.04526499999997213,4
0.3,15,2,3,13,HEUR,260.3073910998522,integer optimal solution,1.0,0.0,0,50,0.0,0.0055690000000367945,4
0.3,15,2,3,13,B4,243.5371213945711,integer optimal solution,0.7333333333333333,4.0,1,10266,24.581239900000014,0.21768380000003162,4
0.3,15,2,3,20,B1,239.25371454685757,integer optimal solution,0.9333333333333333,1.0,1,34,0.0,0.004174700000021403,3
0.3,15,2,3,20,B2,239.25371454685757,integer optimal solution,0.9333333333333333,1.0,1,330,0.0,0.01606459999999288,3
0.3,15,2,3,20,B3,239.25371454685754,integer optimal solution,0.9333333333333333,1.0,1,2021,1.0776453000000288,0.04701540000002069,3
0.3,15,2,3,20,HEUR,239.25371454685757,integer optimal solution,0.9333333333333333,1.0,1,51,0.0,0.004554700000028333,3
0.3,15,2,3,20,B4,239.25371454685757,integer optimal solution,0.9333333333333333,1.0,1,8750,17.068257200000005,0.19648940000001858,3
0.3,15,3,3,2,B1,217.9466601229114,integer optimal solution,0.8666666666666667,1.0,2,55,0.0,0.004051899999979014,4
0.3,15,3,3,2,B2,217.9466601229114,integer optimal solution,0.8666666666666667,1.0,2,501,0.0,0.024010299999986273,4
0.3,15,3,3,2,B3,217.9466601229114,integer optimal solution,0.8666666666666667,1.0,2,2818,1.1733375000000024,0.06264120000003004,4
0.3,15,3,3,2,HEUR,217.9466601229114,integer optimal solution,0.8666666666666667,1.0,2,78,0.0,0.006648200000029192,4
0.3,15,3,3,2,B4,217.9466601229114,integer optimal solution,0.8666666666666667,1.0,2,10677,14.009016099999997,0.25399150000004056,4
0.3,15,3,3,9,B1,238.75813216755162,integer optimal solution,0.8666666666666667,1.0,2,51,0.0,0.005020999999999276,3
0.3,15,3,3,9,B2,235.53653291960205,integer optimal solution,0.8,1.5,2,479,0.0,0.022236599999985174,3
0.3,15,3,3,9,B3,230.07625267372123,integer optimal solution,0.8,3.0,1,2634,1.2098399999999856,0.06420940000003839,3
0.3,15,3,3,9,HEUR,235.53653291960205,integer optimal solution,0.8,1.5,2,76,0.0,0.006316599999991013,3
0.3,15,3,3,9,B4,227.4395617530987,integer optimal solution,0.6666666666666666,2.5,2,9672,15.694853800000033,0.24208340000001272,3
0.3,15,3,3,16,B1,233.14885241272117,integer optimal solution,0.9333333333333333,1.0,1,47,0.0,0.004266900000004625,4
0.3,15,3,3,16,B2,233.14885241272117,integer optimal solution,0.9333333333333333,1.0,1,506,0.0,0.022881899999958932,4
0.3,15,3,3,16,B3,233.14885241272117,integer optimal solution,0.9333333333333333,1.0,1,2852,1.1181506999999442,0.06514759999998887,4
0.3,15,3,3,16,HEUR,233.14885241272117,integer optimal solution,0.9333333333333333,1.0,1,76,0.0,0.008457499999963147,4
0.3,15,3,3,16,B4,233.14885241272117,integer optimal solution,0.9333333333333333,1.0,1,10534,13.732395800000006,0.23897859999999582,4
0.3,15,3,3,23,B1,198.4263642359972,integer optimal solution,0.9333333333333333,1.0,1,52,0.0,0.003991000000041822,4
0.3,15,3,3,23,B2,197.8666316609674,integer optimal solution,0.8,1.5,2,499,0.0,0.02343150000001515,4
0.3,15,3,3,23,B3,195.80145101227714,integer optimal solution,0.7333333333333333,2.0,2,2731,1.4356948000000216,0.06416879999994762,4
0.3,15,3,3,23,HEUR,198.4263642359972,integer optimal solution,0.9333333333333333,1.0,1,84,0.0,0.010127199999942604,4
0.3,15,3,3,23,B4,191.72203340630523,integer optimal solution,0.6666666666666666,2.5,2,9954,19.808998599999995,0.2494245000000319,4
0.3,20,2,2,5,B1,298.5776898014222,integer optimal solution,0.9,1.0,2,49,0.0,0.00513540000008561,5
0.3,20,2,2,5,B2,296.0276939433253,integer optimal solution,0.8,1.3333333333333333,3,569,0.0,0.027790600000002996,5
0.3,20,2,2,5,B3,296.0276939433253,integer optimal solution,0.8,1.3333333333333333,3,4232,2.28256429999999,0.10479989999998907,5
0.3,20,2,2,5,HEUR,298.5776898014222,integer optimal solution,0.9,1.0,2,73,0.0,0.009866200000033132,5
0.3,20,2,2,12,B1,340.1690044301875,integer optimal solution,0.9,1.0,2,45,0.0,0.003979100000037761,4
0.3,20,2,2,12,B2,338.5139289774503,integer optimal solution,0.85,1.5,2,553,0.0,0.025642900000093505,4
0.3,20,2,2,12,B3,337.20135168421723,integer optimal solution,0.75,1.6666666666666667,3,4145,1.9057896000000483,0.10041820000003554,4
0.3,20,2,2,12,HEUR,338.5139289774503,integer optimal solution,0.85,1.5,2,64,0.0,0.01108169999997699,4
0.3,20,2,2,19,B1,328.58840048682765,integer optimal solution,0.9,1.0,2,49,0.0,0.0048679000000220185,4
0.3,20,2,2,19,B2,328.58840048682765,integer optimal solution,0.9,1.0,2,616,0.0,0.028847299999938514,4
0.3,20,2,2,19,B3,328.2256462989909,integer optimal solution,0.75,1.6666666666666667,3,4889,2.3265221999999994,0.10816360000001168,4
0.3,20,2,2,19,HEUR,328.58840048682765,integer optimal solution,0.9,1.0,2,79,0.0,0.00932829999999285,4
0.3,20,3,2,1,B1,311.5824774241622,integer optimal solution,0.95,1.0,1,65,0.0,0.005155800000011368,4
0.3,20,3,2,1,B2,302.3598640793148,integer optimal solution,0.75,1.6666666666666667,3,854,0.0,0.0416374999999789,4
0.3,20,3,2,1,B3,291.9008737630716,integer optimal solution,0.8,2.0,2,6491,2.593129900000008,0.15980430000001888,4
0.3,20,3,2,1,HEUR,311.19893693278146,integer optimal solution,0.85,1.5,2,92,0.0,0.013388500000019121,4
0.3,20,3,2,8,B1,297.40725914308786,integer optimal solution,0.9,1.0,2,63,0.0,0.002969899999925474,6
0.3,20,3,2,8,B2,292.2684858438449,integer optimal solution,0.85,1.5,2,844,0.0,0.03114149999998972,6
0.3,20,3,2,8,B3,286.21713524568474,integer optimal solution,0.8,2.0,2,6214,2.3955316999999923,0.15641010000001643,6
0.3,20,3,2,8,HEUR,286.21713524568474,integer optimal solution,0.8,2.0,2,110,0.0,0.010384899999962727,6
0.3,20,3,2,15,B1,314.84356838532074,integer optimal solution,0.95,1.0,1,64,0.0,0.0043396999999458785,6
0.3,20,3,2,15,B2,314.84356838532074,integer optimal solution,0.95,1.0,1,842,0.0,0.032145799999966584,6
0.3,20,3,2,15,B3,314.84356838532074,integer optimal solution,0.95,1.0,1,6702,2.669818599999985,0.1562859999999091,6
0.3,20,3,2,15,HEUR,314.84356838532074,integer optimal solution,0.95,1.0,1,107,0.0,0.007768700000042372,6
0.3,20,3,2,22,B1,343.6642568181616,integer optimal solution,0.95,1.0,1,61,0.0,0.003729499999963082,6
0.3,20,3,2,22,B2,343.6642568181616,integer optimal solution,0.95,1.0,1,876,0.0,0.04364050000003772,6
0.3,20,3,2,22,B3,341.6818092407214,integer optimal solution,0.8,2.0,2,6486,2.884891899999957,0.15532089999999243,6
0.3,20,3,2,22,HEUR,343.6642568181617,integer optimal solution,0.95,1.0,1,105,0.0,0.007764299999962532,6
0.3,20,2,3,4,B1,322.31159666676893,integer optimal solution,0.9,1.0,2,53,0.0,0.004540599999927508,5
0.3,20,2,3,4,B2,316.36773365653704,integer optimal solution,0.8,1.3333333333333333,3,545,0.0,0.022495299999945928,5
0.3,20,2,3,4,B3,316.04868355066947,integer optimal solution,0.75,1.6666666666666667,3,4106,2.3790857000000187,0.09493509999992966,5
0.3,20,2,3,4,HEUR,316.36773365653704,integer optimal solution,0.8,1.3333333333333333,3,74,0.0,0.012803399999938847,5
0.3,20,2,3,11,B1,267.93332445372675,integer optimal solution,0.8,1.0,4,53,0.0,0.007251100000075894,4
0.3,20,2,3,11,B2,261.80378064031186,integer optimal solution,0.75,1.25,4,563,0.0,0.029287100000033206,4
0.3,20,2,3,11,B3,258.89782292498643,integer optimal solution,0.7,1.5,4,4222,2.997501599999964,0.09320389999993495,4
0.3,20,2,3,11,HEUR,267.93332445372675,integer optimal solution,0.8,1.0,4,65,0.0,0.007867500000088512,4
0.3,20,2,3,18,B1,324.0389345095926,integer optimal solution,0.9,1.0,2,49,0.0,0.006265399999961119,5
0.3,20,2,3,18,B2,324.0389345095926,integer optimal solution,0.9,1.0,2,545,0.0,0.030835000000024593,5
0.3,20,2,3,18,B3,323.152195492848,integer optimal solution,0.8,2.0,2,4147,2.46210080000003,0.10220110000000204,5
0.3,20,2,3,18,HEUR,323.1521954928481,integer optimal solution,0.8,2.0,2,70,0.0,0.007802799999922172,5
0.3,20,3,3,0,B1,320.70388490765043,integer optimal solution,1.0,0.0,0,61,0.0,0.003759300000069743,5
0.3,20,3,3,0,B2,320.70388490765043,integer optimal solution,1.0,0.0,0,881,0.0,0.045009899999968184,5
0.3,20,3,3,0,B3,319.518273224056,integer optimal solution,0.85,3.0,1,6574,3.678481500000089,0.16412410000009459,5
0.3,20,3,3,0,HEUR,320.70388490765043,integer optimal solution,1.0,0.0,0,93,0.0,0.008818399999995563,5
0.3,20,3,3,7,B1,361.9526209668104,integer optimal solution,0.85,1.0,3,70,0.0,0.00787060000004658,7
0.3,20,3,3,7,B2,359.56901373326104,integer optimal solution,0.8,1.3333333333333333,3,913,0.0,0.03552039999999579,7
0.3,20,3,3,7,B3,355.24089255164347,integer optimal solution,0.65,1.75,4,7214,3.825240699999995,0.1527382999998963,7
0.3,20,3,3,7,HEUR,361.95262096681034,integer optimal solution,0.85,1.0,3,120,0.0,0.01072199999998702,7
0.3,20,3,3,14,B1,321.06223610868926,integer optimal solution,0.9,1.0,2,65,0.0,0.004143599999906655,8
0.3,20,3,3,14,B2,318.48203845301356,integer optimal solution,0.85,1.5,2,833,0.0,0.035657099999980346,8
0.3,20,3,3,14,B3,313.94921891897167,integer optimal solution,0.8,2.0,2,6583,3.153266799999983,0.1495769000000564,8
0.3,20,3,3,14,HEUR,320.554673761168,integer optimal solution,0.85,1.5,2,119,0.0,0.012856400000032409,8
0.3,20,3,3,21,B1,325.34688288076103,integer optimal solution,0.85,1.0,3,65,0.0,0.005732200000011289,7
0.3,20,3,3,21,B2,318.4544053774433,integer optimal solution,0.8,1.3333333333333333,3,852,0.0,0.032326300000022457,7
0.3,20,3,3,21,B3,317.2804595514585,integer optimal solution,0.8,2.0,2,6698,3.2380907000000434,0.1404146000000992,7
0.3,20,3,3,21,HEUR,317.2804595514585,integer optimal solution,0.8,2.0,2,114,0.0,0.008669599999961974,7
0.5,10,2,2,3,B1,173.3538113638014,integer optimal solution,1.0,0.0,0,20,0.0,0.003230200000075456,3
0.5,10,2,2,3,B2,173.3538113638014,integer optimal solution,1.0,0.0,0,159,0.0,0.008799500000009175,3
0.5,10,2,2,3,B3,173.3538113638014,integer optimal solution,1.0,0.0,0,633,0.2823621000000003,0.0308149999999614,3
0.5,10,2,2,3,HEUR,173.3538113638014,integer optimal solution,1.0,0.0,0,33,0.0,0.0042567000000417465,3
0.5,10,2,2,3,B4,173.3538113638014,integer optimal solution,1.0,0.0,0,1716,2.461501999999996,0.05055800000002364,3
0.5,10,2,2,10,B1,179.06662697513272,integer optimal solution,1.0,0.0,0,20,0.0,0.004318400000101974,2
0.5,10,2,2,10,B2,179.0666269751327,integer optimal solution,1.0,0.0,0,152,0.0,0.010064100000022336,2
0.5,10,2,2,10,B3,179.0666269751327,integer optimal solution,1.0,0.0,0,535,0.1804300000000012,0.030763399999955254,2
0.5,10,2,2,10,HEUR,179.06662697513272,integer optimal solution,1.0,0.0,0,27,0.0,0.00434440000003633,2
0.5,10,2,2,10,B4,179.06662697513272,integer optimal solution,1.0,0.0,0,1265,1.1029047000000674,0.04361689999996088,2
0.5,10,2,2,17,B1,170.0442711143703,integer optimal solution,1.0,0.0,0,20,0.0,0.003638500000079148,2
0.5,10,2,2,17,B2,170.0442711143703,integer optimal solution,1.0,0.0,0,148,0.0,0.008091999999919608,2
0.5,10,2,2,17,B3,170.0442711143703,integer optimal solution,1.0,0.0,0,576,0.2127871000000141,0.026901099999918188,2
0.5,10,2,2,17,HEUR,170.04427111437036,integer optimal solution,1.0,0.0,0,31,0.0,0.0036908999999241132,2
0.5,10,2,2,17,B4,170.04427111437033,integer optimal solution,1.0,0.0,0,1470,1.561012499999947,0.04005769999992026,2
0.5,10,2,2,24,B1,144.87374866352084,integer optimal solution,1.0,0.0,0,20,0.0,0.0035953999999946973,1
0.5,10,2,2,24,B2,144.87374866352084,integer optimal solution,1.0,0.0,0,146,0.0,0.007708800000045812,1
0.5,10,2,2,24,B3,144.87374866352084,integer optimal solution,1.0,0.0,0,537,0.2183565999999928,0.031646699999896555,1
0.5,10,2,2,24,HEUR,144.87374866352084,integer optimal solution,1.0,0.0,0,26,0.0,0.0038945999999668857,1
0.5,10,2,2,24,B4,144.87374866352084,integer optimal solution,1.0,0.0,0,1338,1.670399800000041,0.050860400000033223,1
0.5,10,3,2,6,B1,188.87192409864372,integer optimal solution,1.0,0.0,0,30,0.0,0.0030225000000427826,3
0.5,10,3,2,6,B2,188.87192409864372,integer optimal solution,1.0,0.0,0,243,0.0,0.00996429999997872,3
0.5,10,3,2,6,B3,188.87192409864372,integer optimal solution,1.0,0.0,0,1002,0.30632470000000467,0.04091229999994539,3
0.5,10,3,2,6,HEUR,188.87192409864372,integer optimal solution,1.0,0.0,0,51,0.0,0.005398399999990033,3
0.5,10,3,2,6,B4,188.87192409864372,integer optimal solution,1.0,0.0,0,2704,2.2396633000000747,0.05817590000003747,3
0.5,10,3,2,13,B1,167.1920985663283,integer optimal solution,1.0,0.0,0,30,0.0,0.003554500000063854,3
0.5,10,3,2,13,B2,167.1920985663283,integer optimal solution,1.0,0.0,0,217,0.0,0.010411499999918306,3
0.5,10,3,2,13,B3,167.1920985663283,integer optimal solution,1.0,0.0,0,745,0.24153999999998632,0.032442000000060034,3
0.5,10,3,2,13,HEUR,167.19209856632827,integer optimal solution,1.0,0.0,0,52,0.0,0.004660900000089896,3
0.5,10,3,2,13,B4,167.1920985663283,integer optimal solution,1.0,0.0,0,1686,1.5612520000000814,0.042910399999982474,3
0.5,10,3,2,20,B1,175.91891732955497,integer optimal solution,1.0,0.0,0,30,0.0,0.0036564000000680608,2
0.5,10,3,2,20,B2,175.91891732955497,integer optimal solution,1.0,0.0,0,230,0.0,0.007983200000012403,2
0.5,10,3,2,20,B3,175.91891732955497,integer optimal solution,1.0,0.0,0,845,0.25037669999994705,0.03211950000002162,2
0.5,10,3,2,20,HEUR,175.91891732955497,integer optimal solution,1.0,0.0,0,50,0.0,0.004290900000000875,2
0.5,10,3,2,20,B4,175.91891732955497,integer optimal solution,1.0,0.0,0,1956,1.417321099999981,0.04913629999998648,2
0.5,10,2,3,2,B1,190.9065766326371,integer optimal solution,1.0,0.0,0,20,0.0,0.0031860999999935302,3
0.5,10,2,3,2,B2,190.9065766326371,integer optimal solution,1.0,0.0,0,165,0.0,0.00890110000000277,3
0.5,10,2,3,2,B3,184.11855706364588,integer optimal solution,0.7,3.0,1,622,0.2796382999999878,0.02971730000001571,3
0.5,10,2,3,2,HEUR,190.9065766326371,integer optimal solution,1.0,0.0,0,35,0.0,0.00437520000002678,3
0.5,10,2,3,2,B4,181.05038447370805,integer optimal solution,0.6,4.0,1,1460,2.027058000000011,0.04728730000010728,3
0.5,10,2,3,9,B1,194.66006139552348,integer optimal solution,1.0,0.0,0,20,0.0,0.0034231000000772838,2
0.5,10,2,3,9,B2,194.66006139552348,integer optimal solution,1.0,0.0,0,169,0.0,0.009528199999977005,2
0.5,10,2,3,9,B3,194.66006139552348,integer optimal solution,1.0,0.0,0,711,0.2963832000000366,0.0327710000000252,2
0.5,10,2,3,9,HEUR,194.66006139552348,integer optimal solution,1.0,0.0,0,29,0.0,0.004714500000090993,2
0.5,10,2,3,9,B4,194.66006139552348,integer optimal solution,1.0,0.0,0,1997,2.4757984999999962,0.05197290000000976,2
0.5,10,2,3,16,B1,166.74711233953522,integer optimal solution,1.0,0.0,0,20,0.0,0.0036765999999488486,2
0.5,10,2,3,16,B2,166.74711233953522,integer optimal solution,1.0,0.0,0,139,0.0,0.00795400000004065,2
0.5,10,2,3,16,B3,166.74711233953522,integer optimal solution,1.0,0.0,0,553,0.22823029999995015,0.029905699999972057,2
0.5,10,2,3,16,HEUR,166.74711233953522,integer optimal solution,1.0,0.0,0,28,0.0,0.004472800000030475,2
0.5,10,2,3,16,B4,166.74711233953522,integer optimal solution,1.0,0.0,0,1440,1.570513099999971,0.052694799999926545,2
0.5,10,2,3,23,B1,157.9203203841646,integer optimal solution,1.0,0.0,0,20,0.0,0.0031758000000081665,3
0.5,10,2,3,23,B2,157.92032038416463,integer optimal solution,1.0,0.0,0,142,0.0,0.01433400000007623,3
0.5,10,2,3,23,B3,157.9203203841646,integer optimal solution,1.0,0.0,0,492,0.24087190000000192,0.036260500000025786,3
0.5,10,2,3,23,HEUR,157.92032038416465,integer optimal solution,1.0,0.0,0,34,0.0,0.004403199999956087,3
0.5,10,2,3,23,B4,157.92032038416465,integer optimal solution,1.0,0.0,0,1138,1.4847792999999,0.042243600000006154,3
0.5,10,3,3,5,B1,163.08904513662893,integer optimal solution,1.0,0.0,0,30,0.0,0.0032322000000704065,2
0.5,10,3,3,5,B2,163.08904513662893,integer optimal solution,1.0,0.0,0,214,0.0,0.009953699999982746,2
0.5,10,3,3,5,B3,163.08904513662895,integer optimal solution,1.0,0.0,0,810,0.30274710000003324,0.03493299999990995,2
0.5,10,3,3,5,HEUR,163.0890451366289,integer optimal solution,1.0,0.0,0,45,0.0,0.005866599999990285,2
0.5,10,3,3,5,B4,163.0890451366289,integer optimal solution,1.0,0.0,0,1988,2.1152451000000383,0.053255599999943115,2
0.5,10,3,3,12,B1,181.67413752531152,integer optimal solution,1.0,0.0,0,30,0.0,0.0036174000000528395,3
0.5,10,3,3,12,B2,181.67413752531155,integer optimal solution,1.0,0.0,0,264,0.0,0.010616999999911059,3
0.5,10,3,3,12,B3,181.67413752531155,integer optimal solution,1.0,0.0,0,1163,0.41845710000006875,0.038860500000055254,3
0.5,10,3,3,12,HEUR,181.67413752531152,integer optimal solution,1.0,0.0,0,54,0.0,0.005007200000022749,3
0.5,10,3,3,12,B4,181.67413752531152,integer optimal solution,1.0,0.0,0,3166,3.3127210000000105,0.0659362000000101,3
0.5,10,3,3,19,B1,202.75273609916732,integer optimal solution,1.0,0.0,0,30,0.0,0.003489400000034948,2
0.5,10,3,3,19,B2,202.7527360991673,integer optimal solution,1.0,0.0,0,225,0.0,0.014583700000002864,2
0.5,10,3,3,19,B3,202.7527360991673,integer optimal solution,1.0,0.0,0,821,0.3044230999998945,0.03549169999996593,2
0.5,10,3,3,19,HEUR,202.75273609916735,integer optimal solution,1.0,0.0,0,36,0.0,0.004027099999916572,2
0.5,10,3,3,19,B4,202.7527360991673,integer optimal solution,1.0,0.0,0,1979,2.3640891999999667,0.04983310000000074,2
0.5,15,2,2,1,B1,253.82989951592788,integer optimal solution,1.0,0.0,0,30,0.0,0.006696999999917352,5
0.5,15,2,2,1,B2,253.82989951592782,integer optimal solution,1.0,0.0,0,333,0.0,0.043026700000041274,5
0.5,15,2,2,1,B3,253.82989951592782,integer optimal solution,1.0,0.0,0,1875,0.8871815999999626,0.05430830000000242,5
0.5,15,2,2,1,HEUR,253.82989951592782,integer optimal solution,1.0,0.0,0,59,0.0,0.005056999999965228,5
0.5,15,2,2,1,B4,253.82989951592788,integer optimal solution,1.0,0.0,0,7014,11.030482499999948,0.17218930000001365,5
0.5,15,2,2,8,B1,235.43981627082815,integer optimal solution,1.0,0.0,0,30,0.0,0.003924200000028577,5
0.5,15,2,2,8,B2,235.43981627082815,integer optimal solution,1.0,0.0,0,330,0.0,0.016897800000037932,5
0.5,15,2,2,8,B3,235.43981627082812,integer optimal solution,1.0,0.0,0,2009,0.8302221999999801,0.04359379999993962,5
0.5,15,2,2,8,HEUR,235.43981627082815,integer optimal solution,1.0,0.0,0,58,0.0,0.004388199999993958,5
0.5,15,2,2,8,B4,235.43981627082812,integer optimal solution,1.0,0.0,0,8161,11.950147900000047,0.17039909999994052,5
0.5,15,2,2,15,B1,233.73572925298694,integer optimal solution,0.8666666666666667,1.0,2,32,0.0,0.0037495000000262735,2
0.5,15,2,2,15,B2,231.23366659960888,integer optimal solution,0.8666666666666667,2.0,1,321,0.0,0.015095999999971355,2
0.5,15,2,2,15,B3,229.17821304945284,integer optimal solution,0.8,3.0,1,1868,0.7451866999999766,0.043387899999970614,2
0.5,15,2,2,15,HEUR,233.73572925298689,integer optimal solution,0.8666666666666667,1.0,2,50,0.0,0.004419699999971272,2
0.5,15,2,2,15,B4,229.17821304945286,integer optimal solution,0.8,3.0,1,7167,9.743622399999936,0.16799800000001142,2
0.5,15,2,2,22,B1,240.5210704117514,integer optimal solution,1.0,0.0,0,30,0.0,0.005361399999969763,6
0.5,15,2,2,22,B2,240.5210704117514,integer optimal solution,1.0,0.0,0,342,0.0,0.02244159999997919,6
0.5,15,2,2,22,B3,240.52107041175145,integer optimal solution,1.0,0.0,0,2061,0.9303145999999742,0.0452436000000489,6
0.5,15,2,2,22,HEUR,240.52107041175145,integer optimal solution,1.0,0.0,0,67,0.0,0.005491300000016963,6
0.5,15,2,2,22,B4,240.5210704117514,integer optimal solution,1.0,0.0,0,8391,14.576533500000096,0.20047429999999622,6
0.5,15,3,2,4,B1,287.53232849680694,integer optimal solution,1.0,0.0,0,45,0.0,0.00370379999992565,4
0.5,15,3,2,4,B2,287.53232849680694,integer optimal solution,1.0,0.0,0,518,0.0,0.02134169999999358,4
0.5,15,3,2,4,B3,287.53232849680694,integer optimal solution,1.0,0.0,0,2998,1.0052204000000984,0.06896790000007513,4
0.5,15,3,2,4,HEUR,287.53232849680694,integer optimal solution,1.0,0.0,0,80,0.0,0.0068269999999301945,4
0.5,15,3,2,4,B4,287.53232849680694,integer optimal solution,1.0,0.0,0,11297,13.919986400000084,0.2272109000000455,4
0.5,15,3,2,11,B1,260.3421596326562,integer optimal solution,0.9333333333333333,1.0,1,45,0.0,0.0040032999999084495,3
0.5,15,3,2,11,B2,258.2562296518279,integer optimal solution,0.8666666666666667,2.0,1,503,0.0,0.023846500000104243,3
0.5,15,3,2,11,B3,258.20882079408625,integer optimal solution,0.8,3.0,1,2920,0.9923641999999973,0.0636143000000402,3
0.5,15,3,2,11,HEUR,260.34215963265615,integer optimal solution,0.9333333333333333,1.0,1,72,0.0,0.005565799999999399,3
0.5,15,3,2,11,B4,258.20882079408625,integer optimal solution,0.8,3.0,1,11189,11.87416559999997,0.24195610000003853,3
0.5,15,3,2,18,B1,249.79374662143783,integer optimal solution,1.0,0.0,0,45,0.0,0.003495799999996052,5
0.5,15,3,2,18,B2,249.79374662143783,integer optimal solution,1.0,0.0,0,496,0.0,0.027817499999969186,5
0.5,15,3,2,18,B3,249.79374662143783,integer optimal solution,1.0,0.0,0,3054,0.9841816000000563,0.06631930000003194,5
0.5,15,3,2,18,HEUR,249.79374662143783,integer optimal solution,1.0,0.0,0,85,0.0,0.008407699999906981,5
0.5,15,3,2,18,B4,249.79374662143783,integer optimal solution,1.0,0.0,0,13002,14.880181200000038,0.250443300000029,5
0.5,15,2,3,0,B1,259.15971609345394,integer optimal solution,1.0,0.0,0,32,0.0,0.0036411999999472755,4
0.5,15,2,3,0,B2,259.15971609345394,integer optimal solution,1.0,0.0,0,348,0.0,0.016703200000051766,4
0.5,15,2,3,0,B3,259.15971609345394,integer optimal solution,1.0,0.0,0,2185,1.0885673000000224,0.050583999999957996,4
0.5,15,2,3,0,HEUR,259.15971609345394,integer optimal solution,1.0,0.0,0,52,0.0,0.005169099999989157,4
0.5,15,2,3,0,B4,259.15971609345394,integer optimal solution,1.0,0.0,0,9002,16.918659400000024,0.18876829999999245,4
0.5,15,2,3,7,B1,293.5081669812024,integer optimal solution,0.9333333333333333,1.0,1,31,0.0,0.002987400000051821,4
0.5,15,2,3,7,B2,293.5081669812024,integer optimal solution,0.9333333333333333,1.0,1,337,0.0,0.013104999999995925,4
0.5,15,2,3,7,B3,292.5578034596826,integer optimal solution,0.8,3.0,1,1956,0.9931252999999742,0.04406249999999545,4
0.5,15,2,3,7,HEUR,293.5081669812024,integer optimal solution,0.9333333333333333,1.0,1,55,0.0,0.005541600000015023,4
0.5,15,2,3,7,B4,292.5578034596826,integer optimal solution,0.8,3.0,1,7491,14.133207800000037,0.18718549999994138,4
0.5,15,2,3,14,B1,206.69662265685173,integer optimal solution,0.9333333333333333,1.0,1,31,0.0,0.0034764000000677697,5
0.5,15,2,3,14,B2,206.69662265685173,integer optimal solution,0.9333333333333333,1.0,1,316,0.0,0.015417099999922357,5
0.5,15,2,3,14,B3,206.69662265685167,integer optimal solution,0.9333333333333333,1.0,1,1792,0.9427329999999756,0.041891800000030344,5
0.5,15,2,3,14,HEUR,206.69662265685173,integer optimal solution,0.9333333333333333,1.0,1,59,0.0,0.005795400000010886,5
0.5,15,2,3,14,B4,206.6966226568517,integer optimal solution,0.9333333333333333,1.0,1,6969,13.33358290000001,0.1659565999999586,5
0.5,15,2,3,21,B1,253.78753189211292,integer optimal solution,1.0,0.0,0,30,0.0,0.003540100000009261,5
0.5,15,2,3,21,B2,253.78753189211292,integer optimal solution,1.0,0.0,0,366,0.0,0.017631400000027497,5
0.5,15,2,3,21,B3,253.78753189211292,integer optimal solution,1.0,0.0,0,2126,0.9911278000000721,0.047083100000008926,5
0.5,15,2,3,21,HEUR,253.78753189211292,integer optimal solution,1.0,0.0,0,62,0.0,0.005044800000064242,5
0.5,15,2,3,21,B4,253.78753189211292,integer optimal solution,1.0,0.0,0,8208,13.555059400000005,0.18397670000001654,5
0.5,15,3,3,3,B1,248.21503100847374,integer optimal solution,1.0,0.0,0,45,0.0,0.004242799999929048,5
0.5,15,3,3,3,B2,248.21503100847374,integer optimal solution,1.0,0.0,0,514,0.0,0.03581410000003871,5
0.5,15,3,3,3,B3,246.7185016574832,integer optimal solution,0.8,3.0,1,3035,1.3434169000000793,0.07016769999995631,5
0.5,15,3,3,3,HEUR,248.21503100847374,integer optimal solution,1.0,0.0,0,82,0.0,0.006454599999983657,5
0.5,15,3,3,3,B4,246.7185016574832,integer optimal solution,0.8,3.0,1,11863,20.020854600000007,0.2595618000000286,5
0.5,15,3,3,10,B1,261.12149302552723,integer optimal solution,1.0,0.0,0,45,0.0,0.0035302999999657914,5
0.5,15,3,3,10,B2,261.1214930255272,integer optimal solution,1.0,0.0,0,468,0.0,0.02426869999999326,5
0.5,15,3,3,10,B3,258.65841287666535,integer optimal solution,0.8,3.0,1,2520,1.0773342999999613,0.06228329999999005,5
0.5,15,3,3,10,HEUR,261.12149302552723,integer optimal solution,1.0,0.0,0,75,0.0,0.007442100000048413,5
0.5,15,3,3,10,B4,249.3876556596093,integer optimal solution,0.7333333333333333,4.0,1,9396,15.193191299999967,0.2569794000000911,5
0.5,15,3,3,17,B1,248.26797588380447,integer optimal solution,0.8666666666666667,1.0,2,46,0.0,0.004010000000107539,4
0.5,15,3,3,17,B2,248.26797588380447,integer optimal solution,0.8666666666666667,1.0,2,508,0.0,0.016304600000012215,4
0.5,15,3,3,17,B3,248.26797588380447,integer optimal solution,0.8666666666666667,1.0,2,3246,1.454170700000077,0.06289250000008906,4
0.5,15,3,3,17,HEUR,248.26797588380447,integer optimal solution,0.8666666666666667,1.0,2,75,0.0,0.006794399999989764,4
0.5,15,3,3,17,B4,248.26797588380447,integer optimal solution,0.8666666666666667,1.0,2,14025,23.434449200000017,0.2827611999999817,4
0.5,15,3,3,24,B1,276.8306429869441,integer optimal solution,0.9333333333333333,1.0,1,46,0.0,0.004063800000039919,3
0.5,15,3,3,24,B2,276.8306429869441,integer optimal solution,0.9333333333333333,1.0,1,500,0.0,0.027041000000053828,3
0.5,15,3,3,24,B3,276.8306429869441,integer optimal solution,0.9333333333333333,1.0,1,2847,0.9712759000000233,0.07023529999992206,3
0.5,15,3,3,24,HEUR,276.8306429869441,integer optimal solution,0.9333333333333333,1.0,1,72,0.0,0.005894000000012056,3
0.5,15,3,3,24,B4,276.8306429869441,integer optimal solution,0.9333333333333333,1.0,1,10931,12.346292699999935,0.247624500000029,3
0.5,20,2,2,6,B1,360.0065262180469,integer optimal solution,1.0,0.0,0,40,0.0,0.0039683999999624575,6
0.5,20,2,2,6,B2,360.0065262180468,integer optimal solution,1.0,0.0,0,587,0.0,0.03917379999995774,6
0.5,20,2,2,6,B3,360.0065262180468,integer optimal solution,1.0,0.0,0,4519,2.085953800000084,0.10480889999996634,6
0.5,20,2,2,6,HEUR,360.0065262180468,integer optimal solution,1.0,0.0,0,73,0.0,0.009216799999990144,6
0.5,20,2,2,13,B1,335.45446989634604,integer optimal solution,1.0,0.0,0,40,0.0,0.003853199999980461,6
0.5,20,2,2,13,B2,335.45446989634604,integer optimal solution,1.0,0.0,0,557,0.0,0.0379861000000119,6
0.5,20,2,2,13,B3,335.45446989634604,integer optimal solution,1.0,0.0,0,4319,2.149092699999983,0.11185710000006566,6
0.5,20,2,2,13,HEUR,335.45446989634604,integer optimal solution,1.0,0.0,0,66,0.0,0.009436199999981909,6
0.5,20,2,2,20,B1,327.40126505439997,integer optimal solution,1.0,0.0,0,40,0.0,0.0024690000000191503,5
0.5,20,2,2,20,B2,327.4012650544,integer optimal solution,1.0,0.0,0,605,0.0,0.024969400000031783,5
0.5,20,2,2,20,B3,327.40126505439997,integer optimal solution,1.0,0.0,0,4931,2.157917600000019,0.10340280000002622,5
0.5,20,2,2,20,HEUR,327.4012650544,integer optimal solution,1.0,0.0,0,68,0.0,0.007644000000027518,5
0.5,20,3,2,2,B1,369.049996103785,integer optimal solution,1.0,0.0,0,60,0.0,0.004399600000056125,8
0.5,20,3,2,2,B2,369.04999610378496,integer optimal solution,1.0,0.0,0,895,0.0,0.03255699999999706,8
0.5,20,3,2,2,B3,369.049996103785,integer optimal solution,1.0,0.0,0,7117,2.7437353000000257,0.16704119999997147,8
0.5,20,3,2,2,HEUR,369.0499961037851,integer optimal solution,1.0,0.0,0,113,0.0,0.009260400000016489,8
0.5,20,3,2,9,B1,321.71505339586895,integer optimal solution,0.95,1.0,1,61,0.0,0.004095300000017232,7
0.5,20,3,2,9,B2,321.71505339586895,integer optimal solution,0.95,1.0,1,821,0.0,0.031953000000044085,7
0.5,20,3,2,9,B3,321.715053395869,integer optimal solution,0.95,1.0,1,6214,2.74905990000002,0.1382310999999845,7
0.5,20,3,2,9,HEUR,321.715053395869,integer optimal solution,0.95,1.0,1,107,0.0,0.011352100000067367,7
0.5,20,3,2,16,B1,375.2302176870842,integer optimal solution,1.0,0.0,0,60,0.0,0.003688000000011016,5
0.5,20,3,2,16,B2,375.2302176870842,integer optimal solution,1.0,0.0,0,957,0.0,0.03519909999999982,5
0.5,20,3,2,16,B3,375.2302176870842,integer optimal solution,1.0,0.0,0,7677,3.406632400000035,0.14975700000002234,5
0.5,20,3,2,16,HEUR,375.2302176870842,integer optimal solution,1.0,0.0,0,107,0.0,0.00851850000003651,5
0.5,20,3,2,23,B1,351.04688326609687,integer optimal solution,1.0,0.0,0,60,0.0,0.003620599999976548,7
0.5,20,3,2,23,B2,351.04688326609687,integer optimal solution,1.0,0.0,0,948,0.0,0.03491909999991094,7
0.5,20,3,2,23,B3,351.04688326609687,integer optimal solution,1.0,0.0,0,8125,3.355875400000059,0.19645920000004935,7
0.5,20,3,2,23,HEUR,351.04688326609687,integer optimal solution,1.0,0.0,0,106,0.0,0.013640800000075615,7
0.5,20,2,3,5,B1,315.59650189091775,integer optimal solution,1.0,0.0,0,40,0.0,0.004015999999978703,5
0.5,20,2,3,5,B2,315.5965018909177,integer optimal solution,1.0,0.0,0,613,0.0,0.026967800000079478,5
0.5,20,2,3,5,B3,315.59650189091775,integer optimal solution,1.0,0.0,0,5104,3.236480699999902,0.09946960000002036,5
0.5,20,2,3,5,HEUR,315.59650189091775,integer optimal solution,1.0,0.0,0,65,0.0,0.004515700000069955,5
0.5,20,2,3,12,B1,310.7728137117295,integer optimal solution,0.95,1.0,1,42,0.0,0.003202299999998104,7
0.5,20,2,3,12,B2,308.6331752939993,integer optimal solution,0.9,2.0,1,556,0.0,0.023923800000034134,7
0.5,20,2,3,12,B3,293.41056031532787,integer optimal solution,0.85,3.0,1,4104,2.3220949999999903,0.09279030000004695,7
0.5,20,2,3,12,HEUR,293.41056031532787,integer optimal solution,0.85,3.0,1,72,0.0,0.008376900000030219,7
0.5,20,2,3,19,B1,337.3558634108321,integer optimal solution,0.95,1.0,1,41,0.0,0.003425300000003517,6
0.5,20,2,3,19,B2,332.88704152248204,integer optimal solution,0.9,2.0,1,609,0.0,0.026716699999951743,6
0.5,20,2,3,19,B3,326.1824746637776,integer optimal solution,0.85,3.0,1,4820,2.525513500000102,0.08417030000009618,6
0.5,20,2,3,19,HEUR,326.1824746637776,integer optimal solution,0.85,3.0,1,76,0.0,0.005018499999891901,6
0.5,20,3,3,1,B1,367.7952688656345,integer optimal solution,0.95,1.0,1,61,0.0,0.0042081000000280255,6
0.5,20,3,3,1,B2,367.79526886563457,integer optimal solution,0.95,1.0,1,906,0.0,0.043480899999963185,6
0.5,20,3,3,1,B3,367.79526886563457,integer optimal solution,0.95,1.0,1,7102,3.513535100000013,0.15323350000005576,6
0.5,20,3,3,1,HEUR,367.7952688656345,integer optimal solution,0.95,1.0,1,100,0.0,0.0111491999999771,6
0.5,20,3,3,8,B1,369.55109174436205,integer optimal solution,1.0,0.0,0,60,0.0,0.003622500000005857,5
0.5,20,3,3,8,B2,369.55109174436205,integer optimal solution,1.0,0.0,0,934,0.0,0.033431599999971695,5
0.5,20,3,3,8,B3,369.55109174436205,integer optimal solution,1.0,0.0,0,7517,3.4158588999999893,0.14976209999997536,5
0.5,20,3,3,8,HEUR,369.551091744362,integer optimal solution,1.0,0.0,0,120,0.0,0.008833900000013273,5
0.5,20,3,3,15,B1,355.11693817799386,integer optimal solution,1.0,0.0,0,60,0.0,0.003624400000035166,6
0.5,20,3,3,15,B2,355.11693817799386,integer optimal solution,1.0,0.0,0,903,0.0,0.028229499999952168,6
0.5,20,3,3,15,B3,355.11693817799386,integer optimal solution,1.0,0.0,0,7111,3.217260900000042,0.14942650000000413,6
0.5,20,3,3,15,HEUR,355.11693817799386,integer optimal solution,1.0,0.0,0,99,0.0,0.008955499999956373,6
0.5,20,3,3,22,B1,320.864263209986,integer optimal solution,1.0,0.0,0,60,0.0,0.0033502999999655003,5
0.5,20,3,3,22,B2,320.864263209986,integer optimal solution,1.0,0.0,0,886,0.0,0.03391399999998157,5
0.5,20,3,3,22,B3,320.864263209986,integer optimal solution,1.0,0.0,0,7119,3.2001352000000907,0.1271768000000293,5
0.5,20,3,3,22,HEUR,320.864263209986,integer optimal solution,1.0,0.0,0,102,0.0,0.006674299999986033,5
0.7,10,2,2,4,B1,173.38822159637212,integer optimal solution,0.9,1.0,1,20,0.0,0.004173300000047675,2
0.7,10,2,2,4,B2,162.7680009659064,integer optimal solution,0.8,2.0,1,131,0.0,0.007579599999985476,2
0.7,10,2,2,4,B3,156.0569884839861,integer optimal solution,0.7,3.0,1,509,0.15665489999992133,0.027621899999985544,2
0.7,10,2,2,4,HEUR,162.7680009659064,integer optimal solution,0.8,2.0,1,26,0.0,0.005764099999964856,2
0.7,10,2,2,4,B4,148.33309254569866,integer optimal solution,0.6,4.0,1,1319,0.9761453000000984,0.0447746999999481,2
0.7,10,2,2,11,B1,146.38685213190922,integer optimal solution,1.0,0.0,0,23,0.0,0.0032388000000764805,2
0.7,10,2,2,11,B2,146.2962948409546,integer optimal solution,0.8,2.0,1,156,0.0,0.008649400000081187,2
0.7,10,2,2,11,B3,143.73599861953846,integer optimal solution,0.7,3.0,1,555,0.19079809999993813,0.025529900000037742,2
0.7,10,2,2,11,HEUR,143.7359986195385,integer optimal solution,0.7,3.0,1,36,0.0,0.006183700000065073,2
0.7,10,2,2,11,B4,143.7359986195385,integer optimal solution,0.7,3.0,1,1291,1.236216900000045,0.045638900000085414,2
0.7,10,2,2,18,B1,153.59206416229046,integer optimal solution,0.9,1.0,1,21,0.0,0.003614700000071025,1
0.7,10,2,2,18,B2,153.59206416229046,integer optimal solution,0.9,1.0,1,134,0.0,0.014895000000024083,1
0.7,10,2,2,18,B3,153.59206416229048,integer optimal solution,0.9,1.0,1,504,0.17215319999991152,0.03153569999994943,1
0.7,10,2,2,18,HEUR,153.59206416229046,integer optimal solution,0.9,1.0,1,26,0.0,0.004502399999978479,1
0.7,10,2,2,18,B4,153.59206416229046,integer optimal solution,0.9,1.0,1,1273,0.8857540999999856,0.05126910000001317,1
0.7,10,3,2,0,B1,148.95943307077815,integer optimal solution,0.7,1.0,3,35,0.0,0.005957200000011653,2
0.7,10,3,2,0,B2,143.8856008705269,integer optimal solution,0.6,1.3333333333333333,3,200,0.0,0.01181270000006407,2
0.7,10,3,2,0,B3,141.56762200406808,integer optimal solution,0.6,2.0,2,716,0.21132829999999103,0.033278699999982564,2
0.7,10,3,2,0,HEUR,143.8856008705269,integer optimal solution,0.6,1.3333333333333333,3,41,0.0,0.0055244000000129745,2
0.7,10,3,2,0,B4,140.3926309823595,integer optimal solution,0.5,2.5,2,1808,1.1067754999999124,0.04805599999997412,2
0.7,10,3,2,7,B1,146.30330529609387,integer optimal solution,0.8,1.0,2,34,0.0,0.005006100000059632,2
0.7,10,3,2,7,B2,131.43358695699783,integer optimal solution,0.5,1.6666666666666667,3,194,0.0,0.012089800000012474,2
0.7,10,3,2,7,B3,123.00857756573352,integer optimal solution,0.5,1.6666666666666667,3,671,0.293927100000019,0.0321976000000177,2
0.7,10,3,2,7,HEUR,123.00857756573352,integer optimal solution,0.5,1.6666666666666667,3,45,0.0,0.006878600000050028,2
0.7,10,3,2,7,B4,120.29631609748604,integer optimal solution,0.5,2.5,2,1570,2.012619099999938,0.04337709999992967,2
0.7,10,3,2,14,B1,132.58334261416704,integer optimal solution,0.8,1.0,2,42,0.0,0.004154799999923853,3
0.7,10,3,2,14,B2,125.76044819457692,integer optimal solution,0.5,1.6666666666666667,3,208,0.0,0.010190499999907843,3
0.7,10,3,2,14,B3,125.76044819457692,integer optimal solution,0.5,1.6666666666666667,3,663,0.3337805999999546,0.030961000000047534,3
0.7,10,3,2,14,HEUR,125.76044819457692,integer optimal solution,0.5,1.6666666666666667,3,59,0.0,0.010150400000043192,3
0.7,10,3,2,14,B4,124.32194007569805,integer optimal solution,0.3,2.3333333333333335,3,1476,2.166716899999983,0.05046470000002046,3
0.7,10,3,2,21,B1,165.52232514884386,integer optimal solution,0.8,1.0,2,32,0.0,0.003278500000078566,2
0.7,10,3,2,21,B2,161.0552972423529,integer optimal solution,0.6,1.3333333333333333,3,211,0.0,0.010947900000019217,2
0.7,10,3,2,21,B3,161.0552972423529,integer optimal solution,0.6,1.3333333333333333,3,756,0.23800440000002254,0.031170500000030188,2
0.7,10,3,2,21,HEUR,162.49704778574352,integer optimal solution,0.6,2.0,2,42,0.0,0.006655799999975898,2
0.7,10,3,2,21,B4,161.0552972423529,integer optimal solution,0.6,1.3333333333333333,3,1863,1.5087475999999924,0.04859569999996438,2
0.7,10,2,3,3,B1,152.24712544862737,integer optimal solution,0.9,1.0,1,23,0.0,0.003608999999983098,2
0.7,10,2,3,3,B2,152.24712544862737,integer optimal solution,0.9,1.0,1,148,0.0,0.008108800000059091,2
0.7,10,2,3,3,B3,152.24712544862737,integer optimal solution,0.9,1.0,1,511,0.1848266000000649,0.027202900000020236,2
0.7,10,2,3,3,HEUR,152.24712544862737,integer optimal solution,0.9,1.0,1,33,0.0,0.005986699999994016,2
0.7,10,2,3,3,B4,152.24712544862734,integer optimal solution,0.9,1.0,1,1206,1.0617932999999766,0.043388900000081776,2
0.7,10,2,3,10,B1,159.5964132293626,integer optimal solution,0.8,1.0,2,25,0.0,0.004461099999957696,2
0.7,10,2,3,10,B2,157.4400284183082,integer optimal solution,0.7,1.5,2,145,0.0,0.008250900000007277,2
0.7,10,2,3,10,B3,157.4400284183082,integer optimal solution,0.7,1.5,2,538,0.19044559999997546,0.028945599999929073,2
0.7,10,2,3,10,HEUR,157.4400284183082,integer optimal solution,0.7,1.5,2,34,0.0,0.005057399999941481,2
0.7,10,2,3,10,B4,157.4400284183082,integer optimal solution,0.7,1.5,2,1323,1.1029186000000664,0.04321949999996377,2
0.7,10,2,3,17,B1,150.65632268145976,integer optimal solution,1.0,0.0,0,22,0.0,0.0040255000000115615,2
0.7,10,2,3,17,B2,149.35699927233526,integer optimal solution,0.8,2.0,1,139,0.0,0.008422300000006544,2
0.7,10,2,3,17,B3,145.92540628355982,integer optimal solution,0.7,3.0,1,501,0.23944879999999102,0.02904870000008941,2
0.7,10,2,3,17,HEUR,146.88944916017627,integer optimal solution,0.7,3.0,1,29,0.0,0.0041169999999510765,2
0.7,10,2,3,17,B4,143.47525123523204,integer optimal solution,0.6,4.0,1,1212,1.3628731000000016,0.0432768999999098,2
0.7,10,2,3,24,B1,142.8661777215722,integer optimal solution,0.8,1.0,2,26,0.0,0.0037854999999353822,3
0.7,10,2,3,24,B2,142.8661777215722,integer optimal solution,0.8,1.0,2,145,0.0,0.00790370000004259,3
0.7,10,2,3,24,B3,142.8661777215722,integer optimal solution,0.8,1.0,2,547,0.20919530000003306,0.028328200000032666,3
0.7,10,2,3,24,HEUR,142.86617772157217,integer optimal solution,0.8,1.0,2,40,0.0,0.006139099999927566,3
0.7,10,2,3,24,B4,142.86617772157217,integer optimal solution,0.8,1.0,2,1418,1.3500708999999915,0.04681000000005042,3
0.7,10,3,3,6,B1,129.57516831657287,integer optimal solution,0.8,1.0,2,38,0.0,0.004474400000049172,2
0.7,10,3,3,6,B2,129.5751683165729,integer optimal solution,0.8,1.0,2,244,0.0,0.011802299999999377,2
0.7,10,3,3,6,B3,128.57012782698467,integer optimal solution,0.6,2.0,2,966,0.6252058000000034,0.03398200000003726,2
0.7,10,3,3,6,HEUR,128.57012782698467,integer optimal solution,0.6,2.0,2,47,0.0,0.005531599999926584,2
0.7,10,3,3,6,B4,128.57012782698467,integer optimal solution,0.6,2.0,2,2567,6.043420900000001,0.05892899999992096,2
0.7,10,3,3,13,B1,109.79306437778311,integer optimal solution,0.7,1.0,3,41,0.0,0.006043299999987539,3
0.7,10,3,3,13,B2,102.98940864153369,integer optimal solution,0.5,1.6666666666666667,3,229,0.0,0.00969359999999142,3
0.7,10,3,3,13,B3,102.98940864153369,integer optimal solution,0.5,1.6666666666666667,3,785,0.2866609000000153,0.03064849999998387,3
0.7,10,3,3,13,HEUR,109.72097063386539,integer optimal solution,0.6,2.0,2,58,0.0,0.005348500000081913,3
0.7,10,3,3,13,B4,102.98940864153369,integer optimal solution,0.5,1.6666666666666667,3,1856,1.7449205000000347,0.0523628999999346,3
0.7,10,3,3,20,B1,135.74761766335257,integer optimal solution,1.0,0.0,0,31,0.0,0.002440099999944323,2
0.7,10,3,3,20,B2,135.74761766335257,integer optimal solution,1.0,0.0,0,220,0.0,0.007233499999983906,2
0.7,10,3,3,20,B3,135.74761766335257,integer optimal solution,1.0,0.0,0,831,0.37326359999997294,0.027713400000038746,2
0.7,10,3,3,20,HEUR,135.74761766335257,integer optimal solution,1.0,0.0,0,41,0.0,0.004344500000001972,2
0.7,10,3,3,20,B4,135.74761766335257,integer optimal solution,1.0,0.0,0,2045,2.594124500000021,0.049850899999910325,2
0.7,15,2,2,2,B1,226.3291274704495,integer optimal solution,1.0,0.0,0,31,0.0,0.0034112000000732223,4
0.7,15,2,2,2,B2,226.3291274704495,integer optimal solution,1.0,0.0,0,301,0.0,0.016534200000023702,4
0.7,15,2,2,2,B3,226.3291274704495,integer optimal solution,1.0,0.0,0,1751,0.766452500000014,0.048041599999919526,4
0.7,15,2,2,2,HEUR,226.3291274704495,integer optimal solution,1.0,0.0,0,44,0.0,0.005208599999946273,4
0.7,15,2,2,2,B4,226.32912747044946,integer optimal solution,1.0,0.0,0,6882,10.347566700000016,0.17030589999990298,4
0.7,15,2,2,9,B1,185.50578111950085,integer optimal solution,0.9333333333333333,1.0,1,39,0.0,0.004037900000071204,3
0.7,15,2,2,9,B2,182.96539357664562,integer optimal solution,0.8666666666666667,2.0,1,315,0.0,0.015581999999994878,3
0.7,15,2,2,9,B3,182.96539357664562,integer optimal solution,0.8666666666666667,2.0,1,1740,0.7699276000000737,0.04272670000000289,3
0.7,15,2,2,9,HEUR,185.50578111950082,integer optimal solution,0.9333333333333333,1.0,1,50,0.0,0.009747000000061234,3
0.7,15,2,2,9,B4,182.96539357664562,integer optimal solution,0.8666666666666667,2.0,1,6971,10.421291199999928,0.15320599999995466,3
0.7,15,2,2,16,B1,225.9053302699351,integer optimal solution,0.9333333333333333,1.0,1,38,0.0,0.0040373000000499815,3
0.7,15,2,2,16,B2,223.12762420925472,integer optimal solution,0.8666666666666667,2.0,1,313,0.0,0.016044400000055248,3
0.7,15,2,2,16,B3,220.9780238122232,integer optimal solution,0.6666666666666666,2.5,2,1646,0.6204725000000053,0.04323409999994965,3
0.7,15,2,2,16,HEUR,225.90533026993506,integer optimal solution,0.9333333333333333,1.0,1,48,0.0,0.00438900000006015,3
0.7,15,2,2,16,B4,220.97802381222323,integer optimal solution,0.6666666666666666,2.5,2,6123,7.600224300000036,0.1618381999999201,3
0.7,15,2,2,23,B1,198.6313962262869,integer optimal solution,0.8666666666666667,1.0,2,38,0.0,0.005303299999923183,6
0.7,15,2,2,23,B2,190.43481878827492,integer optimal solution,0.7333333333333333,2.0,2,296,0.0,0.015184999999974025,6
0.7,15,2,2,23,B3,186.94916629528447,integer optimal solution,0.6666666666666666,2.5,2,1585,0.6438781000000517,0.04373600000008082,6
0.7,15,2,2,23,HEUR,197.3119677039024,integer optimal solution,0.8,1.5,2,61,0.0,0.009393499999987398,6
0.7,15,2,2,23,B4,185.37954161382132,integer optimal solution,0.6,3.0,2,6076,7.871227200000021,0.1364065999999866,6
0.7,15,3,2,5,B1,220.14065136679613,integer optimal solution,0.8666666666666667,1.0,2,55,0.0,0.004580199999963952,2
0.7,15,3,2,5,B2,211.93194455644345,integer optimal solution,0.6,2.0,3,469,0.0,0.022338600000011866,2
0.7,15,3,2,5,B3,209.05838586860887,integer optimal solution,0.6,2.0,3,2515,1.0473154000000022,0.07673299999999017,2
0.7,15,3,2,5,HEUR,219.02337014810993,integer optimal solution,0.7333333333333333,2.0,2,71,0.0,0.008687900000040827,2
0.7,15,3,2,5,B4,207.60431482422499,integer optimal solution,0.4666666666666667,2.6666666666666665,3,9407,14.209652400000095,0.27298340000004373,2
0.7,15,3,2,12,B1,196.73143277709084,integer optimal solution,0.7333333333333333,1.0,4,55,0.0,0.005725999999981468,5
0.7,15,3,2,12,B2,187.65838197834645,integer optimal solution,0.5333333333333333,1.75,4,459,0.0,0.02643030000001545,5
0.7,15,3,2,12,B3,182.77318918875685,integer optimal solution,0.5333333333333333,2.3333333333333335,3,2458,0.9449875000000247,0.10325320000004012,5
0.7,15,3,2,12,HEUR,192.16936614714865,integer optimal solution,0.6666666666666666,2.5,2,82,0.0,0.007391399999960413,5
0.7,15,3,2,12,B4,178.98352885415113,integer optimal solution,0.4666666666666667,2.6666666666666665,3,9013,10.155879599999935,0.21084429999996246,5
0.7,15,3,2,19,B1,223.0658636056305,integer optimal solution,0.9333333333333333,1.0,1,49,0.0,0.003937199999995755,3
0.7,15,3,2,19,B2,223.0658636056305,integer optimal solution,0.9333333333333333,1.0,1,433,0.0,0.02183669999999438,3
0.7,15,3,2,19,B3,222.17262816629972,integer optimal solution,0.7333333333333333,2.0,2,2336,0.8626654999999346,0.06031990000008136,3
0.7,15,3,2,19,HEUR,223.0658636056305,integer optimal solution,0.9333333333333333,1.0,1,63,0.0,0.0057085999999344494,3
0.7,15,3,2,19,B4,222.17262816629972,integer optimal solution,0.7333333333333333,2.0,2,8784,8.661350299999981,0.22058820000006563,3
0.7,15,2,3,1,B1,231.8911105409076,integer optimal solution,0.9333333333333333,1.0,1,35,0.0,0.003624900000090747,2
0.7,15,2,3,1,B2,227.09901327857835,integer optimal solution,0.8666666666666667,2.0,1,327,0.0,0.01519189999999071,2
0.7,15,2,3,1,B3,226.37269377171089,integer optimal solution,0.8,3.0,1,1844,0.8661958999999797,0.042885800000021845,2
0.7,15,2,3,1,HEUR,231.89111054090756,integer optimal solution,0.9333333333333333,1.0,1,41,0.0,0.005535200000053919,2
0.7,15,2,3,1,B4,226.37269377171089,integer optimal solution,0.8,3.0,1,6947,10.37501450000002,0.17332899999996698,2
0.7,15,2,3,8,B1,225.27029190212136,integer optimal solution,0.8666666666666667,1.0,2,39,0.0,0.004701899999986381,3
0.7,15,2,3,8,B2,225.27029190212136,integer optimal solution,0.8666666666666667,1.0,2,320,0.0,0.014684999999985848,3
0.7,15,2,3,8,B3,224.55476582596356,integer optimal solution,0.7333333333333333,2.0,2,1792,0.9556069999999863,0.040092200000003686,3
0.7,15,2,3,8,HEUR,224.55476582596356,integer optimal solution,0.7333333333333333,2.0,2,50,0.0,0.006752200000050834,3
0.7,15,2,3,8,B4,221.57603466609447,integer optimal solution,0.7333333333333333,4.0,1,6931,12.241667000000007,0.16126550000001316,3
0.7,15,2,3,15,B1,193.98030230874053,integer optimal solution,0.8,1.0,3,46,0.0,0.004876099999933103,5
0.7,15,2,3,15,B2,191.43795234807442,integer optimal solution,0.7333333333333333,1.3333333333333333,3,314,0.0,0.020626599999900463,5
0.7,15,2,3,15,B3,190.18490511783142,integer optimal solution,0.5333333333333333,1.75,4,1562,1.1644231000000218,0.04247029999999086,5
0.7,15,2,3,15,HEUR,191.06299292631417,integer optimal solution,0.5333333333333333,1.75,4,64,0.0,0.005494699999985642,5
0.7,15,2,3,15,B4,187.98752922120462,integer optimal solution,0.4666666666666667,2.0,4,5628,15.099260300000083,0.1588406999999279,5
0.7,15,2,3,22,B1,240.43186050034123,integer optimal solution,0.8666666666666667,1.0,2,38,0.0,0.006252099999983329,4
0.7,15,2,3,22,B2,237.1918344376575,integer optimal solution,0.8,1.5,2,309,0.0,0.02024519999986296,4
0.7,15,2,3,22,B3,237.1918344376575,integer optimal solution,0.8,1.5,2,1690,0.7755384000000731,0.039117199999964214,4
0.7,15,2,3,22,HEUR,240.43186050034117,integer optimal solution,0.8666666666666667,1.0,2,52,0.0,0.007010800000216477,4
0.7,15,2,3,22,B4,237.19183443765746,integer optimal solution,0.8,1.5,2,6486,8.566977899999983,0.17132959999980812,4
0.7,15,3,3,4,B1,239.4122281638862,integer optimal solution,0.8,1.0,3,53,0.0,0.005320900000015172,3
0.7,15,3,3,4,B2,237.89152797517926,integer optimal solution,0.6666666666666666,1.25,4,490,0.0,0.02240710000000945,3
0.7,15,3,3,4,B3,234.7241858386787,integer optimal solution,0.6,1.5,4,2735,1.0653197000001455,0.06326609999996435,3
0.7,15,3,3,4,HEUR,239.4122281638862,integer optimal solution,0.8,1.0,3,73,0.0,0.00844080000001668,3
0.7,15,3,3,4,B4,232.51454026269124,integer optimal solution,0.6,2.0,3,10591,12.950924800000166,0.27610399999980473,3
0.7,15,3,3,11,B1,255.07099790707724,integer optimal solution,0.8666666666666667,1.0,2,53,0.0,0.006285299999944982,3
0.7,15,3,3,11,B2,255.07099790707724,integer optimal solution,0.8666666666666667,1.0,2,508,0.0,0.020966000000044005,3
0.7,15,3,3,11,B3,253.2066402458068,integer optimal solution,0.7333333333333333,2.0,2,2798,1.137647399999878,0.06261380000000827,3
0.7,15,3,3,11,HEUR,255.07099790707724,integer optimal solution,0.8666666666666667,1.0,2,72,0.0,0.005648800000017218,3
0.7,15,3,3,11,B4,248.01906995152348,integer optimal solution,0.6666666666666666,2.5,2,10498,12.611171499999955,0.24349549999988085,3
0.7,15,3,3,18,B1,197.33390317606518,integer optimal solution,0.8666666666666667,1.0,2,58,0.0,0.005159300000059375,3
0.7,15,3,3,18,B2,192.52493453335325,integer optimal solution,0.7333333333333333,2.0,2,480,0.0,0.024493399999983012,3
0.7,15,3,3,18,B3,192.52493453335325,integer optimal solution,0.7333333333333333,2.0,2,2479,1.1545935000001464,0.0678838999999698,3
0.7,15,3,3,18,HEUR,194.18807611440226,integer optimal solution,0.8,1.5,2,79,0.0,0.008845099999916783,3
0.7,15,3,3,18,B4,192.52493453335325,integer optimal solution,0.7333333333333333,2.0,2,8750,15.37839629999985,0.24401890000012827,3
0.7,20,2,2,0,B1,278.43396964431355,integer optimal solution,0.85,1.0,3,52,0.0,0.0055514999999104475,4
0.7,20,2,2,0,B2,266.9335567010727,integer optimal solution,0.65,1.75,4,530,0.0,0.024547399999846675,4
0.7,20,2,2,0,B3,254.25444924723712,integer optimal solution,0.55,2.25,4,3641,2.2318559999998797,0.09085470000013629,4
0.7,20,2,2,0,HEUR,265.18558239696847,integer optimal solution,0.75,1.6666666666666667,3,68,0.0,0.00958760000003167,4
0.7,20,2,2,7,B1,285.34160317403155,integer optimal solution,0.85,1.0,3,56,0.0,0.006311800000048606,6
0.7,20,2,2,7,B2,248.9455198637356,integer optimal solution,0.6,2.0,4,578,0.0,0.022836999999981344,6
0.7,20,2,2,7,B3,237.54074073569194,integer optimal solution,0.5,2.5,4,4157,2.6590424000000894,0.14398929999993015,6
0.7,20,2,2,7,HEUR,255.79205037459423,integer optimal solution,0.7,1.5,4,80,0.0,0.009517699999832985,6
0.7,20,2,2,14,B1,278.8723175401499,integer optimal solution,0.9,1.0,2,52,0.0,0.0055037000001902925,6
0.7,20,2,2,14,B2,276.1140623159632,integer optimal solution,0.75,1.6666666666666667,3,552,0.0,0.025950799999918672,6
0.7,20,2,2,14,B3,271.41987120881447,integer optimal solution,0.7,2.0,3,4072,2.3909682999999404,0.08919930000001841,6
0.7,20,2,2,14,HEUR,278.8723175401499,integer optimal solution,0.9,1.0,2,76,0.0,0.007480099999838785,6
0.7,20,2,2,21,B1,277.93238003559884,integer optimal solution,0.9,1.0,2,48,0.0,0.0045032000000446715,5
0.7,20,2,2,21,B2,275.52864867143694,integer optimal solution,0.75,1.6666666666666667,3,571,0.0,0.02438790000019253,5
0.7,20,2,2,21,B3,271.8309548787956,integer optimal solution,0.8,2.0,2,4343,1.8862345000000005,0.09900770000012926,5
0.7,20,2,2,21,HEUR,277.02833295421414,integer optimal solution,0.8,1.3333333333333333,3,72,0.0,0.008022700000083205,5
0.7,20,3,2,3,B1,300.2888821911379,integer optimal solution,1.0,0.0,0,64,0.0,0.003673899999967034,8
0.7,20,3,2,3,B2,293.7135164154088,integer optimal solution,0.8,2.0,2,828,0.0,0.030803599999899234,8
0.7,20,3,2,3,B3,287.629614568587,integer optimal solution,0.7,3.0,2,6116,2.9298535999998876,0.14140259999999216,8
0.7,20,3,2,3,HEUR,297.98873766118663,integer optimal solution,0.75,2.5,2,117,0.0,0.006568300000026284,8
0.7,20,3,2,10,B1,292.97921638786556,integer optimal solution,0.8,1.0,4,71,0.0,0.0074666000000434,6
0.7,20,3,2,10,B2,276.3394620384469,integer optimal solution,0.7,2.0,3,829,0.0,0.03629650000016227,6
0.7,20,3,2,10,B3,274.29722220631544,integer optimal solution,0.65,2.3333333333333335,3,5986,2.3226523999999245,0.1469660999998723,6
0.7,20,3,2,10,HEUR,291.5044038633033,integer optimal solution,0.75,1.6666666666666667,3,123,0.0,0.013359700000137309,6
0.7,20,3,2,17,B1,282.35522264126206,integer optimal solution,0.9,1.0,2,72,0.0,0.005956599999990431,4
0.7,20,3,2,17,B2,276.3570759298721,integer optimal solution,0.7,2.0,3,808,0.0,0.026747199999817894,4
0.7,20,3,2,17,B3,273.36425334150096,integer optimal solution,0.65,2.3333333333333335,3,5583,2.6861017000001084,0.1317421999999624,4
0.7,20,3,2,17,HEUR,275.89365420397746,integer optimal solution,0.75,1.6666666666666667,3,95,0.0,0.00855960000012601,4
0.7,20,3,2,24,B1,279.5230892050095,integer optimal solution,0.9,1.0,2,65,0.0,0.0040274000000408705,7
0.7,20,3,2,24,B2,274.1456537388947,integer optimal solution,0.85,1.5,2,821,0.0,0.02570989999981066,7
0.7,20,3,2,24,B3,274.1456537388947,integer optimal solution,0.85,1.5,2,6356,2.262794900000017,0.14791239999999561,7
0.7,20,3,2,24,HEUR,279.5230892050095,integer optimal solution,0.9,1.0,2,111,0.0,0.010834899999963454,7
0.7,20,2,3,6,B1,270.11846561899563,integer optimal solution,0.9,1.0,2,55,0.0,0.005474000000049273,3
0.7,20,2,3,6,B2,263.61401339410895,integer optimal solution,0.8,2.0,2,551,0.0,0.027821800000083385,3
0.7,20,2,3,6,B3,263.61401339410895,integer optimal solution,0.8,2.0,2,3805,2.7516017000000375,0.08613420000006045,3
0.7,20,2,3,6,HEUR,269.9362097755442,integer optimal solution,0.85,1.5,2,66,0.0,0.008689199999935227,3
0.7,20,2,3,13,B1,280.71650359354595,integer optimal solution,0.85,1.0,3,56,0.0,0.005492000000003827,7
0.7,20,2,3,13,B2,275.38725091544416,integer optimal solution,0.7,1.5,4,548,0.0,0.024568999999928565,7
0.7,20,2,3,13,B3,275.3872509154442,integer optimal solution,0.7,1.5,4,3931,2.373465600000145,0.0976887000001625,7
0.7,20,2,3,13,HEUR,277.5217470455086,integer optimal solution,0.75,1.25,4,80,0.0,0.009856299999910334,7
0.7,20,2,3,20,B1,243.88525346368857,integer optimal solution,0.8,1.0,4,69,0.0,0.005588800000168703,6
0.7,20,2,3,20,B2,231.74570362680046,integer optimal solution,0.6,2.0,4,621,0.0,0.028732699999864053,6
0.7,20,2,3,20,B3,229.30755682260187,integer optimal solution,0.55,2.25,4,4276,2.8160393000000568,0.10683109999990847,6
0.7,20,2,3,20,HEUR,236.57043895513226,integer optimal solution,0.65,1.75,4,98,0.0,0.0094658000000436,6
0.7,20,3,3,2,B1,255.03796082006193,integer optimal solution,0.9,1.0,2,69,0.0,0.005048199999919234,4
0.7,20,3,3,2,B2,250.1896060340477,integer optimal solution,0.8,2.0,2,782,0.0,0.03294919999984813,4
0.7,20,3,3,2,B3,248.61877210525068,integer optimal solution,0.75,2.5,2,5703,2.613845999999967,0.13110229999983858,4
0.7,20,3,3,2,HEUR,251.44280045060594,integer optimal solution,0.8,2.0,2,91,0.0,0.008508299999903102,4
0.7,20,3,3,9,B1,314.304719140941,integer optimal solution,0.85,1.0,3,75,0.0,0.008308400000032634,5
0.7,20,3,3,9,B2,306.5739522281055,integer optimal solution,0.75,1.6666666666666667,3,846,0.0,0.04242629999998826,5
0.7,20,3,3,9,B3,300.61160457753334,integer optimal solution,0.6,2.0,4,6151,3.0317948000001707,0.12401309999995647,5
0.7,20,3,3,9,HEUR,314.3047191409411,integer optimal solution,0.85,1.0,3,122,0.0,0.005684200000132478,5
0.7,20,3,3,16,B1,260.9111926233028,integer optimal solution,0.85,1.0,3,77,0.0,0.0056217999999716994,5
0.7,20,3,3,16,B2,255.28944288998025,integer optimal solution,0.7,1.5,4,758,0.0,0.03280470000004243,5
0.7,20,3,3,16,B3,248.699754706021,integer optimal solution,0.65,1.75,4,5232,2.6108828999999787,0.12286390000008396,5
0.7,20,3,3,16,HEUR,256.1356250544917,integer optimal solution,0.7,1.5,4,107,0.0,0.009811800000079529,5
0.7,20,3,3,23,B1,249.23251380134107,integer optimal solution,0.8,1.0,4,76,0.0,0.004389400000036403,6
0.7,20,3,3,23,B2,235.17179944670295,integer optimal solution,0.6,2.0,4,883,0.0,0.03293170000006285,6
0.7,20,3,3,23,B3,228.29416379060012,integer optimal solution,0.55,2.25,4,6420,4.45619899999997,0.17352979999986928,6
0.7,20,3,3,23,HEUR,237.3976666103734,integer optimal solution,0.6,2.0,4,116,0.0,0.007109899999932168,6
0.9,10,2,2,5,B1,99.58335337022879,integer optimal solution,0.7,1.0,3,34,0.0,0.005308000000013635,3
0.9,10,2,2,5,B2,90.08395066702849,integer optimal solution,0.3,1.75,4,150,0.0,0.009192699999857723,3
0.9,10,2,2,5,B3,87.02457742308594,integer optimal solution,0.4,2.0,3,479,0.4796645000001263,0.030001399999946443,3
0.9,10,2,2,5,HEUR,96.1543518858659,integer optimal solution,0.6,2.0,2,43,0.0,0.005839899999955378,3
0.9,10,2,2,5,B4,81.07980271916762,integer optimal solution,0.0,2.5,4,1117,5.252316800000017,0.04405259999998634,3
0.9,10,2,2,12,B1,118.79915221005453,integer optimal solution,0.8,1.0,2,35,0.0,0.005105299999968338,3
0.9,10,2,2,12,B2,114.04176201442706,integer optimal solution,0.5,1.6666666666666667,3,164,0.0,0.00805850000006103,3
0.9,10,2,2,12,B3,107.45947173596241,integer optimal solution,0.1,2.25,4,550,0.5495978999999807,0.028577400000131092,3
0.9,10,2,2,12,HEUR,117.62814556664482,integer optimal solution,0.6,1.3333333333333333,3,44,0.0,0.006703100000095219,3
0.9,10,2,2,12,B4,105.64432338068539,integer optimal solution,0.0,2.5,4,1282,6.964504599999827,0.04841600000008839,3
0.9,10,2,2,19,B1,106.97597588505634,integer optimal solution,0.8,1.0,2,33,0.0,0.0052043000000594475,4
0.9,10,2,2,19,B2,91.69101753710825,integer optimal solution,0.5,1.6666666666666667,3,155,0.0,0.009721399999989444,4
0.9,10,2,2,19,B3,87.1589614067416,integer optimal solution,0.1,2.25,4,507,0.528684500000054,0.029673700000103054,4
0.9,10,2,2,19,HEUR,99.03853356848465,integer optimal solution,0.3,1.75,4,44,0.0,0.005712099999982456,4
0.9,10,2,2,19,B4,82.83977114725778,integer optimal solution,0.3,2.3333333333333335,3,1162,5.559253899999931,0.04376490000004196,4
0.9,10,3,2,1,B1,90.4996077395075,integer optimal solution,0.6,1.0,4,38,0.0,0.005072799999879862,3
0.9,10,3,2,1,B2,88.69804931632342,integer optimal solution,0.5,1.6666666666666667,3,234,0.0,0.012522300000000541,3
0.9,10,3,2,1,B3,83.15265968472167,integer optimal solution,0.2,2.6666666666666665,3,860,0.6670153000000028,0.03573319999986779,3
0.9,10,3,2,1,HEUR,85.24500738810124,integer optimal solution,0.4,1.5,4,53,0.0,0.0056615000000874716,3
0.9,10,3,2,1,B4,79.35447661322739,integer optimal solution,0.3,2.3333333333333335,3,2102,8.824944499999901,0.057508000000098036,3
0.9,10,3,2,8,B1,90.38297382497151,integer optimal solution,0.8,1.0,2,43,0.0,0.005256400000007488,4
0.9,10,3,2,8,B2,85.50248299401747,integer optimal solution,0.4,2.0,3,215,0.0,0.010732599999982995,4
0.9,10,3,2,8,B3,84.15732416279698,integer optimal solution,0.2,2.0,4,692,0.6514071000001422,0.03369610000004286,4
0.9,10,3,2,8,HEUR,85.12017467360752,integer optimal solution,0.2,2.0,4,66,0.0,0.007434099999954924,4
0.9,10,3,2,8,B4,80.47553524518489,integer optimal solution,0.1,3.0,3,1572,7.175601200000074,0.05384030000004714,4
0.9,10,3,2,15,B1,97.19993779415209,integer optimal solution,0.7,1.0,3,43,0.0,0.005028199999969729,2
0.9,10,3,2,15,B2,86.37290569764733,integer optimal solution,0.4,2.0,3,251,0.0,0.0186513000001014,2
0.9,10,3,2,15,B3,79.63000281658634,integer optimal solution,0.2,2.6666666666666665,3,898,0.6990783999999621,0.03508190000002287,2
0.9,10,3,2,15,HEUR,92.20180338936683,integer optimal solution,0.6,2.0,2,54,0.0,0.006408900000224094,2
0.9,10,3,2,15,B4,76.74793748708609,integer optimal solution,0.1,3.0,3,2172,9.789824700000054,0.061397400000032576,2
0.9,10,3,2,22,B1,97.42560705460114,integer optimal solution,0.9,1.0,1,41,0.0,0.0038690999999744236,3
0.9,10,3,2,22,B2,96.37740198413657,integer optimal solution,0.8,2.0,1,231,0.0,0.010691899999983434,3
0.9,10,3,2,22,B3,92.74670014321285,integer optimal solution,0.2,2.6666666666666665,3,780,0.6999327999999423,0.032460599999922124,3
0.9,10,3,2,22,HEUR,96.47563365686074,integer optimal solution,0.6,2.0,2,52,0.0,0.0057721000000583444,3
0.9,10,3,2,22,B4,89.61006497982461,integer optimal solution,0.1,3.0,3,1846,8.132454099999904,0.04749690000016926,3
0.9,10,2,3,4,B1,80.76827160908888,integer optimal solution,0.7,1.0,3,41,0.0,0.004947099999981219,3
0.9,10,2,3,4,B2,74.08146795143432,integer optimal solution,0.3,1.75,4,187,0.0,0.008850100000017846,3
0.9,10,2,3,4,B3,73.52708673848426,integer optimal solution,0.3,1.75,4,673,0.7228838000000906,0.03354939999985618,3
0.9,10,2,3,4,HEUR,79.81846981102609,integer optimal solution,0.4,1.5,4,54,0.0,0.0057833999999274965,3
0.9,10,2,3,4,B4,71.99719971519337,integer optimal solution,0.2,2.0,4,1645,10.588334799999984,0.046932100000049104,3
0.9,10,2,3,11,B1,110.31953927691342,integer optimal solution,0.7,1.0,3,34,0.0,0.003797899999881338,4
0.9,10,2,3,11,B2,98.44225806174828,integer optimal solution,0.5,1.6666666666666667,3,179,0.0,0.008700299999873096,4
0.9,10,2,3,11,B3,94.97062672950665,integer optimal solution,0.4,2.0,3,672,0.7624686000001475,0.030961100000013175,4
0.9,10,2,3,11,HEUR,100.10278824897055,integer optimal solution,0.5,1.6666666666666667,3,45,0.0,0.0058340999999018095,4
0.9,10,2,3,11,B4,90.24196017392242,integer optimal solution,0.1,3.0,3,1728,10.249617599999965,0.04923010000015893,4
0.9,10,2,3,18,B1,105.86712370123388,integer optimal solution,0.8,1.0,2,34,0.0,0.002935299999990093,3
0.9,10,2,3,18,B2,104.21538525266605,integer optimal solution,0.5,1.6666666666666667,3,153,0.0,0.008008399999880567,3
0.9,10,2,3,18,B3,98.19258543960113,integer optimal solution,0.4,2.0,3,511,0.6459148999999798,0.02699280000001636,3
0.9,10,2,3,18,HEUR,105.86712370123388,integer optimal solution,0.8,1.0,2,40,0.0,0.004958400000077745,3
0.9,10,2,3,18,B4,95.80100839794004,integer optimal solution,0.3,2.3333333333333335,3,1189,6.802547600000025,0.04200240000000122,3
0.9,10,3,3,0,B1,111.05464905950882,integer optimal solution,0.7,1.0,3,43,0.0,0.0048246999999719264,3
0.9,10,3,3,0,B2,99.96946429044041,integer optimal solution,0.4,2.0,3,230,0.0,0.01091469999983019,3
0.9,10,3,3,0,B3,95.49829695197758,integer optimal solution,0.3,2.3333333333333335,3,799,0.7793420000000424,0.0354496999998446,3
0.9,10,3,3,0,HEUR,105.51944352054133,integer optimal solution,0.5,1.6666666666666667,3,59,0.0,0.0066894999999931315,3
0.9,10,3,3,0,B4,91.67949962442606,integer optimal solution,0.2,2.6666666666666665,3,1919,9.50916529999995,0.05397790000006353,3
0.9,10,3,3,7,B1,85.85396061019166,integer optimal solution,0.8,1.0,2,41,0.0,0.006279299999960131,4
0.9,10,3,3,7,B2,78.15426825195729,integer optimal solution,0.6,2.0,2,236,0.0,0.013858199999958742,4
0.9,10,3,3,7,B3,74.35276693504152,integer optimal solution,0.3,2.3333333333333335,3,740,0.7398987999999918,0.03298470000004272,4
0.9,10,3,3,7,HEUR,78.16660895576453,integer optimal solution,0.4,2.0,3,63,0.0,0.006143800000018018,4
0.9,10,3,3,7,B4,71.97217262009042,integer optimal solution,0.3,2.3333333333333335,3,1632,8.25028640000005,0.051230700000132856,4
0.9,10,3,3,14,B1,102.44253792946012,integer optimal solution,0.8,1.0,2,50,0.0,0.004771599999912723,3
0.9,10,3,3,14,B2,97.68180181843847,integer optimal solution,0.5,1.6666666666666667,3,257,0.0,0.008907700000008845,3
0.9,10,3,3,14,B3,88.4988845392035,integer optimal solution,0.4,3.0,2,852,0.7870978999999352,0.024904000000105952,3
0.9,10,3,3,14,HEUR,96.30874557979003,integer optimal solution,0.4,2.0,3,71,0.0,0.005790599999954793,3
0.9,10,3,3,14,B4,81.81703383566895,integer optimal solution,0.1,3.0,3,1993,9.89241119999997,0.04829549999999472,3
0.9,10,3,3,21,B1,97.05361159171225,integer optimal solution,0.8,1.0,2,48,0.0,0.0038924000000406522,3
0.9,10,3,3,21,B2,89.43530425326692,integer optimal solution,0.4,2.0,3,264,0.0,0.008054399999991801,3
0.9,10,3,3,21,B3,83.86415852345073,integer optimal solution,0.2,2.6666666666666665,3,1030,0.974307700000054,0.03318849999982376,3
0.9,10,3,3,21,HEUR,89.11207865384849,integer optimal solution,0.3,2.3333333333333335,3,69,0.0,0.005337099999906059,3
0.9,10,3,3,21,B4,81.58784964687912,integer optimal solution,0.0,3.3333333333333335,3,2634,12.167579500000102,0.04889509999998154,3
0.9,15,2,2,3,B1,150.44264922769838,integer optimal solution,0.8,1.0,3,47,0.0,0.006961100000125953,6
0.9,15,2,2,3,B2,144.9248014219409,integer optimal solution,0.6,1.5,4,339,0.0,0.017276799999990544,6
0.9,15,2,2,3,B3,135.35751927123698,integer optimal solution,0.5333333333333333,2.3333333333333335,3,1817,2.2149581999999555,0.039824399999815796,6
0.9,15,2,2,3,HEUR,142.04022544671355,integer optimal solution,0.5333333333333333,1.75,4,64,0.0,0.006724099999928512,6
0.9,15,2,2,3,B4,127.51598287069336,integer optimal solution,0.4,3.0,3,6760,48.79970639999988,0.14085399999999026,6
0.9,15,2,2,10,B1,135.43865429733768,integer optimal solution,0.8666666666666667,1.0,2,47,0.0,0.00498450000009143,6
0.9,15,2,2,10,B2,128.17956544666987,integer optimal solution,0.6,2.0,3,335,0.0,0.01587629999994533,6
0.9,15,2,2,10,B3,124.48999268233872,integer optimal solution,0.5333333333333333,2.3333333333333335,3,1631,1.8378646999999546,0.043784199999890916,6
0.9,15,2,2,10,HEUR,131.52221188165936,integer optimal solution,0.6666666666666666,1.6666666666666667,3,60,0.0,0.00698869999996532,6
0.9,15,2,2,10,B4,121.022806811869,integer optimal solution,0.2,3.0,4,5698,41.81327810000016,0.1435202999998637,6
0.9,15,2,2,17,B1,144.38286354364217,integer optimal solution,0.7333333333333333,1.0,4,45,0.0,0.00604139999995823,5
0.9,15,2,2,17,B2,135.27191338463274,integer optimal solution,0.6666666666666666,1.6666666666666667,3,358,0.0,0.01680409999994481,5
0.9,15,2,2,17,B3,128.9557971634534,integer optimal solution,0.5333333333333333,2.3333333333333335,3,2081,2.0572888000001512,0.04603580000002694,5
0.9,15,2,2,17,HEUR,132.28510546152827,integer optimal solution,0.6,3.0,2,66,0.0,0.0069967000001724955,5
0.9,15,2,2,17,B4,119.73474950270989,integer optimal solution,0.4,3.0,3,8060,49.13602930000002,0.1564914000000499,5
0.9,15,2,2,24,B1,164.64235222390064,integer optimal solution,0.8,1.0,3,41,0.0,0.0057629000000360975,6
0.9,15,2,2,24,B2,151.46848518940763,integer optimal solution,0.5333333333333333,1.75,4,347,0.0,0.016733299999941664,6
0.9,15,2,2,24,B3,140.04359379851195,integer optimal solution,0.4,2.25,4,1934,1.8891578000000209,0.042882699999836404,6
0.9,15,2,2,24,HEUR,147.53529061056577,integer optimal solution,0.4666666666666667,2.0,4,63,0.0,0.00652389999982006,6
0.9,15,2,2,24,B4,130.83893041366423,integer optimal solution,0.26666666666666666,2.75,4,7317,43.824787199999946,0.17858910000018113,6
0.9,15,3,2,6,B1,137.75830362095817,integer optimal solution,0.8666666666666667,1.0,2,59,0.0,0.004607999999961976,4
0.9,15,3,2,6,B2,133.1033742057703,integer optimal solution,0.6666666666666666,1.6666666666666667,3,491,0.0,0.019515299999966373,4
0.9,15,3,2,6,B3,127.83662937612185,integer optimal solution,0.4666666666666667,2.6666666666666665,3,2628,2.56684180000002,0.045987500000137516,4
0.9,15,3,2,6,HEUR,131.96146076460047,integer optimal solution,0.6666666666666666,1.6666666666666667,3,80,0.0,0.0058753999999225925,4
0.9,15,3,2,6,B4,122.77375023309762,integer optimal solution,0.3333333333333333,3.3333333333333335,3,9755,56.60970550000002,0.21467729999994845,4
0.9,15,3,2,13,B1,147.03210751738595,integer optimal solution,0.7333333333333333,1.0,4,65,0.0,0.004681200000050012,6
0.9,15,3,2,13,B2,133.72722048579703,integer optimal solution,0.4,1.8,5,517,0.0,0.022602799999958734,6
0.9,15,3,2,13,B3,122.71413664622268,integer optimal solution,0.2,2.4,5,2896,2.6157243000000108,0.055725699999811695,6
0.9,15,3,2,13,HEUR,134.88253896272604,integer optimal solution,0.3333333333333333,2.0,5,94,0.0,0.00829699999985678,6
0.9,15,3,2,13,B4,114.04354215773583,integer optimal solution,0.06666666666666667,3.5,4,10857,59.789694300000065,0.23141519999990123,6
0.9,15,3,2,20,B1,140.74534048612702,integer optimal solution,0.8666666666666667,1.0,2,55,0.0,0.004549399999859816,4
0.9,15,3,2,20,B2,135.09380072210405,integer optimal solution,0.6666666666666666,1.6666666666666667,3,493,0.0,0.023337400000173147,4
0.9,15,3,2,20,B3,130.27146845878042,integer optimal solution,0.4,2.25,4,2600,2.098090200000115,0.047187500000063665,4
0.9,15,3,2,20,HEUR,138.4780615229977,integer optimal solution,0.4666666666666667,2.0,4,75,0.0,0.00632299999983843,4
0.9,15,3,2,20,B4,125.4287265885679,integer optimal solution,0.26666666666666666,2.75,4,9474,45.17726270000003,0.2080981999999949,4
0.9,15,2,3,2,B1,153.34237014984603,integer optimal solution,0.8,1.0,3,51,0.0,0.004804599999943093,6
0.9,15,2,3,2,B2,148.23933881581544,integer optimal solution,0.6,1.5,4,334,0.0,0.014073899999857531,6
0.9,15,2,3,2,B3,144.08736585844923,integer optimal solution,0.5333333333333333,1.75,4,1623,2.402629000000161,0.0367578999998841,6
0.9,15,2,3,2,HEUR,150.1939587312696,integer optimal solution,0.6666666666666666,1.25,4,69,0.0,0.02307210000003579,6
0.9,15,2,3,2,B4,140.70448642424307,integer optimal solution,0.4666666666666667,2.0,4,5874,51.20407339999997,0.13679159999992407,6
0.9,15,2,3,9,B1,163.74700597938192,integer optimal solution,0.6666666666666666,1.0,5,55,0.0,0.004060700000081852,5
0.9,15,2,3,9,B2,151.89968222847807,integer optimal solution,0.5333333333333333,1.75,4,311,0.0,0.011132500000030632,5
0.9,15,2,3,9,B3,144.40208094503419,integer optimal solution,0.26666666666666666,2.2,5,1531,2.3123606000001473,0.04099990000008802,5
0.9,15,2,3,9,HEUR,152.19857023356113,integer optimal solution,0.4,1.8,5,69,0.0,0.00531619999992472,5
0.9,15,2,3,9,B4,138.8778951936212,integer optimal solution,0.2,2.4,5,5548,48.79485040000009,0.11807679999992615,5
0.9,15,2,3,16,B1,173.1526648368978,integer optimal solution,0.8,1.0,3,55,0.0,0.0038590000001477165,6
0.9,15,2,3,16,B2,163.94762223925287,integer optimal solution,0.4666666666666667,1.6,5,338,0.0,0.016366600000083054,6
0.9,15,2,3,16,B3,151.49346209998964,integer optimal solution,0.4,2.25,4,1753,2.3640704000001733,0.030908700000054523,6
0.9,15,2,3,16,HEUR,160.4536367847566,integer optimal solution,0.6,1.5,4,73,0.0,0.004950799999960509,6
0.9,15,2,3,16,B4,139.9121574584385,integer optimal solution,0.26666666666666666,2.75,4,6403,51.709260300000096,0.14126579999992828,6
0.9,15,2,3,23,B1,143.9737749675138,integer optimal solution,0.8,1.0,3,55,0.0,0.00522699999987708,5
0.9,15,2,3,23,B2,135.45858128352742,integer optimal solution,0.5333333333333333,1.75,4,435,0.0,0.017853900000091016,5
0.9,15,2,3,23,B3,128.7523909454398,integer optimal solution,0.26666666666666666,2.2,5,2435,3.0604809999999816,0.04247720000012123,5
0.9,15,2,3,23,HEUR,138.65211338089856,integer optimal solution,0.4,1.8,5,78,0.0,0.007107700000005934,5
0.9,15,2,3,23,B4,120.85372356497075,integer optimal solution,0.2,2.4,5,9469,71.45926870000017,0.17354790000013054,5
0.9,15,3,3,5,B1,134.87798075691296,integer optimal solution,0.8,1.0,3,73,0.0,0.004386900000099558,5
0.9,15,3,3,5,B2,118.9831870997164,integer optimal solution,0.4666666666666667,1.6,5,489,0.0,0.01602469999988898,5
0.9,15,3,3,5,B3,111.95967911945802,integer optimal solution,0.3333333333333333,2.0,5,2516,3.099580900000092,0.05607129999998506,5
0.9,15,3,3,5,HEUR,115.82224351031343,integer optimal solution,0.4,1.8,5,98,0.0,0.008138200000075813,5
0.9,15,3,3,5,B4,106.01410573749116,integer optimal solution,0.2,2.4,5,9044,63.57703619999984,0.20398670000008678,5
0.9,15,3,3,12,B1,125.0376161439342,integer optimal solution,0.7333333333333333,1.0,4,66,0.0,0.0042837999999392196,5
0.9,15,3,3,12,B2,118.65907526482329,integer optimal solution,0.4666666666666667,1.6,5,515,0.0,0.021865499999876192,5
0.9,15,3,3,12,B3,114.56291710296247,integer optimal solution,0.3333333333333333,2.0,5,2727,3.264073999999937,0.0565508999998201,5
0.9,15,3,3,12,HEUR,117.71035667515542,integer optimal solution,0.4,1.8,5,95,0.0,0.008601699999871926,5
0.9,15,3,3,12,B4,109.93839107805277,integer optimal solution,0.26666666666666666,2.75,4,10296,62.44433079999999,0.18832189999989168,5
0.9,15,3,3,19,B1,164.09573370140302,integer optimal solution,0.6666666666666666,1.0,5,70,0.0,0.005357399999866175,5
0.9,15,3,3,19,B2,149.83647236002997,integer optimal solution,0.4,1.8,5,464,0.0,0.019727999999986423,5
0.9,15,3,3,19,B3,138.64421446920642,integer optimal solution,0.26666666666666666,2.2,5,2284,2.8381914999999935,0.06184809999990648,5
0.9,15,3,3,19,HEUR,144.55468923166214,integer optimal solution,0.3333333333333333,2.0,5,93,0.0,0.006102499999997235,5
0.9,15,3,3,19,B4,127.60008787248658,integer optimal solution,0.13333333333333333,2.6,5,8034,56.118222999999944,0.17685679999999593,5
0.9,20,2,2,1,B1,180.4538214449222,integer optimal solution,0.9,1.0,2,68,0.0,0.0036133999999492517,7
0.9,20,2,2,1,B2,173.26496921340208,integer optimal solution,0.7,2.0,3,594,0.0,0.02916570000002139,7
0.9,20,2,2,1,B3,166.27507476846458,integer optimal solution,0.5,2.5,4,3845,5.973249300000134,0.08264340000005177,7
0.9,20,2,2,1,HEUR,170.84648562852038,integer optimal solution,0.7,2.0,3,87,0.0,0.011919099999886384,7
0.9,20,2,2,8,B1,213.25408949140882,integer optimal solution,0.85,1.0,3,60,0.0,0.003261299999849143,6
0.9,20,2,2,8,B2,204.62632525202156,integer optimal solution,0.75,1.6666666666666667,3,566,0.0,0.023785400000178925,6
0.9,20,2,2,8,B3,198.4550272347669,integer optimal solution,0.55,2.25,4,4017,5.5047082000000955,0.07258580000006987,6
0.9,20,2,2,8,HEUR,207.32531021280707,integer optimal solution,0.6,2.0,4,82,0.0,0.005367899999782821,6
0.9,20,2,2,15,B1,220.88374268114845,integer optimal solution,0.8,1.0,4,61,0.0,0.00412770000002638,6
0.9,20,2,2,15,B2,199.09706957444382,integer optimal solution,0.6,2.0,4,654,0.0,0.021520499999951426,6
0.9,20,2,2,15,B3,181.41117829984037,integer optimal solution,0.5,2.5,4,4863,6.085070100000394,0.10041309999996884,6
0.9,20,2,2,15,HEUR,201.6623433590263,integer optimal solution,0.65,1.75,4,91,0.0,0.010983200000282523,6
0.9,20,2,2,22,B1,221.88971198797026,integer optimal solution,0.85,1.0,3,60,0.0,0.005478999999922962,6
0.9,20,2,2,22,B2,201.05402175651074,integer optimal solution,0.6,2.0,4,632,0.0,0.021464400000240857,6
0.9,20,2,2,22,B3,186.79046699016985,integer optimal solution,0.5,2.5,4,5126,6.344023399999969,0.12596389999998792,6
0.9,20,2,2,22,HEUR,205.4133554925771,integer optimal solution,0.65,1.75,4,82,0.0,0.009502700000211917,6
0.9,20,3,2,4,B1,193.46431820175795,integer optimal solution,0.9,1.0,2,85,0.0,0.004606899999998859,4
0.9,20,3,2,4,B2,172.50355677428115,integer optimal solution,0.6,2.0,4,904,0.0,0.023814600000150676,4
0.9,20,3,2,4,B3,163.19504740064752,integer optimal solution,0.35,2.6,5,6500,7.306539499999872,0.1293390000000727,4
0.9,20,3,2,4,HEUR,184.28183952754796,integer optimal solution,0.6,2.0,4,106,0.0,0.0067882000003010035,4
0.9,20,3,2,11,B1,204.7665492113356,integer optimal solution,0.9,1.0,2,89,0.0,0.005644400000164751,8
0.9,20,3,2,11,B2,191.34438853589302,integer optimal solution,0.7,2.0,3,868,0.0,0.024411899999904563,8
0.9,20,3,2,11,B3,184.75150665595487,integer optimal solution,0.35,2.6,5,6131,7.490144200000032,0.13456089999999676,8
0.9,20,3,2,11,HEUR,202.35460719625087,integer optimal solution,0.75,1.6666666666666667,3,123,0.0,0.007701100000303995,8
0.9,20,3,2,18,B1,220.5653703221211,integer optimal solution,0.85,1.0,3,90,0.0,0.004841899999973975,6
0.9,20,3,2,18,B2,202.20808697364538,integer optimal solution,0.6,2.0,4,860,0.0,0.03190850000009959,6
0.9,20,3,2,18,B3,186.93095304685608,integer optimal solution,0.5,2.5,4,5715,7.383780999999999,0.14684989999977915,6
0.9,20,3,2,18,HEUR,197.80307272447953,integer optimal solution,0.6,2.0,4,112,0.0,0.004929900000206544,6
0.9,20,2,3,0,B1,184.94344990323174,integer optimal solution,0.8,1.0,4,70,0.0,0.0074763000002349145,6
0.9,20,2,3,0,B2,172.2052095361144,integer optimal solution,0.55,1.8,5,620,0.0,0.0227058999998917,6
0.9,20,2,3,0,B3,165.5725551337966,integer optimal solution,0.45,2.2,5,4303,7.167291199999909,0.09844100000009348,6
0.9,20,2,3,0,HEUR,177.14553565457467,integer optimal solution,0.6,2.0,4,87,0.0,0.008163700000295648,6
0.9,20,2,3,7,B1,187.05124654528518,integer optimal solution,0.85,1.0,3,70,0.0,0.004068600000209699,7
0.9,20,2,3,7,B2,182.81548221110313,integer optimal solution,0.8,1.3333333333333333,3,660,0.0,0.029363000000103057,7
0.9,20,2,3,7,B3,175.9985156436648,integer optimal solution,0.5,2.0,5,4734,7.128169800000251,0.07021459999987201,7
0.9,20,2,3,7,HEUR,178.34419481325554,integer optimal solution,0.5,2.0,5,102,0.0,0.005741699999816774,7
0.9,20,2,3,14,B1,205.2173670980253,integer optimal solution,0.85,1.0,3,78,0.0,0.0059403000000202155,7
0.9,20,2,3,14,B2,194.9428328192202,integer optimal solution,0.5,2.0,5,650,0.0,0.028967499999907886,7
0.9,20,2,3,14,B3,185.64370851906276,integer optimal solution,0.4,2.4,5,4584,7.79824009999993,0.09085790000017369,7
0.9,20,2,3,14,HEUR,199.03658976493406,integer optimal solution,0.5,2.0,5,105,0.0,0.008222599999953673,7
0.9,20,2,3,21,B1,187.3667240584846,integer optimal solution,0.9,1.0,2,57,0.0,0.004382699999951001,6
0.9,20,2,3,21,B2,182.76952284590857,integer optimal solution,0.85,1.5,2,597,0.0,0.027079200000116543,6
0.9,20,2,3,21,B3,178.75832216623436,integer optimal solution,0.55,2.25,4,4550,8.008435199999894,0.08414290000018809,6
0.9,20,2,3,21,HEUR,181.1874451503591,integer optimal solution,0.7,2.0,3,77,0.0,0.007803599999988364,6
0.9,20,3,3,3,B1,198.0830557569311,integer optimal solution,0.85,1.0,3,96,0.0,0.0054737000000386615,6
0.9,20,3,3,3,B2,187.63198822440987,integer optimal solution,0.75,1.6666666666666667,3,914,0.0,0.03065340000011929,6
0.9,20,3,3,3,B3,184.82995729290454,integer optimal solution,0.6,2.0,4,6338,9.693654700000025,0.12529350000022532,6
0.9,20,3,3,3,HEUR,193.69774376700357,integer optimal solution,0.7,1.5,4,125,0.0,0.008099200000287965,6
0.9,20,3,3,10,B1,214.9456683511624,integer optimal solution,0.85,1.0,3,86,0.0,0.005273899999792775,7
0.9,20,3,3,10,B2,200.8643880042537,integer optimal solution,0.65,1.75,4,861,0.0,0.03446540000004461,7
0.9,20,3,3,10,B3,187.79308351254127,integer optimal solution,0.55,2.25,4,6105,8.339672600000085,0.14897889999974723,7
0.9,20,3,3,10,HEUR,194.0354254954235,integer optimal solution,0.45,2.2,5,115,0.0,0.007734399999662855,7
0.9,20,3,3,17,B1,208.28235582990558,integer optimal solution,0.85,1.0,3,83,0.0,0.007477600000129314,7
0.9,20,3,3,17,B2,192.78185232129533,integer optimal solution,0.6,2.0,4,916,0.0,0.03401080000003276,7
0.9,20,3,3,17,B3,176.87022111973576,integer optimal solution,0.35,2.6,5,7037,10.02692900000011,0.1473468000003777,7
0.9,20,3,3,17,HEUR,195.7808127832501,integer optimal solution,0.55,1.8,5,124,0.0,0.011501799999678042,7
0.9,20,3,3,24,B1,196.47903059423462,integer optimal solution,0.85,1.0,3,91,0.0,0.008037800000238349,5
0.9,20,3,3,24,B2,176.92435023721433,integer optimal solution,0.5,2.0,5,982,0.0,0.02384219999976267,5
0.9,20,3,3,24,B3,167.0257715410701,integer optimal solution,0.4,2.4,5,7095,9.476513799999793,0.1422090000000935,5
0.9,20,3,3,24,HEUR,181.17774706517557,integer optimal solution,0.55,1.8,5,133,0.0,0.006724200000007841,5
